month,stn_id,n_hours,pres,slp,t_air,td_obs,rh,wind,wind_dir,gust,gust_dir,precip,precip_dur,sunshine,solar,vis_manual,vis_auto,uv,cloud_manual,cloud_sat,td_magnus,dpd,rain_3h,rain_6h,rh_stuck,sky_obscured,cloud_manual_eff
2008-01,467550,743,1.0,1.0,1.0,1.0,1.0,1.0,1.0,1.0,1.0,1.0,1.0,0.584,1.0,0.334,0.0,1.0,0.334,0.0,1.0,1.0,0.997,0.993,1.0,1.0,0.334
2008-02,467550,696,1.0,1.0,1.0,1.0,1.0,1.0,1.0,1.0,1.0,1.0,1.0,0.583,1.0,0.332,0.0,1.0,0.332,0.0,1.0,1.0,1.0,1.0,1.0,1.0,0.332
2008-03,467550,744,1.0,1.0,1.0,1.0,1.0,1.0,1.0,1.0,1.0,1.0,1.0,0.583,1.0,0.333,0.0,1.0,0.241,0.0,1.0,1.0,1.0,1.0,1.0,1.0,0.333
2008-04,467550,720,1.0,1.0,1.0,1.0,1.0,1.0,1.0,1.0,1.0,1.0,1.0,0.583,1.0,0.332,0.0,1.0,0.258,0.0,1.0,1.0,1.0,1.0,1.0,1.0,0.332
2008-05,467550,744,1.0,1.0,1.0,1.0,1.0,1.0,1.0,1.0,1.0,1.0,1.0,0.583,1.0,0.333,0.0,1.0,0.254,0.0,1.0,1.0,1.0,1.0,1.0,1.0,0.333
2008-06,467550,720,1.0,1.0,1.0,1.0,1.0,1.0,1.0,1.0,1.0,1.0,1.0,0.583,1.0,0.333,0.0,0.999,0.188,0.0,1.0,1.0,1.0,1.0,1.0,1.0,0.333
2008-07,467550,744,1.0,1.0,1.0,1.0,1.0,1.0,1.0,1.0,1.0,1.0,1.0,0.583,1.0,0.333,0.0,1.0,0.222,0.0,1.0,1.0,1.0,1.0,1.0,1.0,0.333
2008-08,467550,744,1.0,1.0,1.0,1.0,1.0,1.0,1.0,1.0,1.0,1.0,1.0,0.583,1.0,0.333,0.0,0.876,0.234,0.0,1.0,1.0,1.0,1.0,1.0,1.0,0.333
2008-09,467550,720,1.0,1.0,1.0,1.0,1.0,1.0,1.0,1.0,1.0,1.0,1.0,0.583,1.0,0.333,0.0,0.994,0.161,0.0,1.0,1.0,1.0,1.0,1.0,1.0,0.333
2008-10,467550,744,1.0,1.0,1.0,1.0,1.0,1.0,1.0,1.0,1.0,1.0,1.0,0.583,1.0,0.332,0.0,1.0,0.294,0.0,1.0,1.0,1.0,1.0,1.0,1.0,0.332
2008-11,467550,720,1.0,1.0,1.0,1.0,1.0,1.0,1.0,1.0,1.0,1.0,1.0,0.583,1.0,0.332,0.0,0.983,0.243,0.0,1.0,1.0,1.0,1.0,1.0,1.0,0.332
2008-12,467550,744,1.0,1.0,1.0,1.0,1.0,1.0,1.0,1.0,1.0,1.0,1.0,0.583,1.0,0.332,0.0,0.999,0.263,0.0,1.0,1.0,1.0,1.0,1.0,1.0,0.332
2009-01,467550,744,1.0,1.0,1.0,1.0,1.0,1.0,1.0,1.0,1.0,1.0,1.0,0.583,1.0,0.333,0.0,1.0,0.305,0.0,1.0,1.0,1.0,1.0,1.0,1.0,0.333
2009-02,467550,672,1.0,1.0,1.0,1.0,1.0,1.0,1.0,1.0,1.0,1.0,1.0,0.583,1.0,0.333,0.0,1.0,0.26,0.0,1.0,1.0,1.0,1.0,1.0,1.0,0.333
2009-03,467550,744,1.0,1.0,1.0,1.0,1.0,1.0,1.0,1.0,1.0,1.0,1.0,0.583,1.0,0.333,0.0,0.976,0.203,0.0,1.0,1.0,1.0,1.0,1.0,1.0,0.333
2009-04,467550,720,1.0,1.0,1.0,1.0,1.0,1.0,1.0,1.0,1.0,1.0,1.0,0.583,1.0,0.333,0.0,1.0,0.132,0.0,1.0,1.0,1.0,1.0,1.0,1.0,0.333
2009-05,467550,744,1.0,1.0,1.0,1.0,1.0,1.0,1.0,1.0,1.0,1.0,1.0,0.583,1.0,0.333,0.0,1.0,0.272,0.0,1.0,1.0,1.0,1.0,1.0,1.0,0.333
2009-06,467550,720,1.0,1.0,1.0,1.0,1.0,1.0,1.0,1.0,1.0,1.0,1.0,0.583,1.0,0.333,0.0,1.0,0.236,0.0,1.0,1.0,1.0,1.0,1.0,1.0,0.333
2009-07,467550,744,1.0,1.0,1.0,1.0,1.0,1.0,1.0,1.0,1.0,1.0,1.0,0.583,1.0,0.333,0.0,0.988,0.23,0.0,1.0,1.0,1.0,1.0,1.0,1.0,0.333
2009-08,467550,744,1.0,1.0,1.0,1.0,1.0,1.0,1.0,1.0,1.0,1.0,1.0,0.583,1.0,0.333,0.0,1.0,0.228,0.0,1.0,1.0,1.0,1.0,1.0,1.0,0.333
2009-09,467550,720,1.0,1.0,1.0,1.0,1.0,1.0,1.0,1.0,1.0,1.0,1.0,0.583,1.0,0.333,0.0,1.0,0.222,0.0,1.0,1.0,1.0,1.0,1.0,1.0,0.332
2009-10,467550,744,1.0,1.0,1.0,1.0,1.0,1.0,1.0,1.0,1.0,1.0,1.0,0.583,1.0,0.333,0.0,1.0,0.25,0.0,1.0,1.0,1.0,1.0,1.0,1.0,0.333
2009-11,467550,720,1.0,1.0,1.0,1.0,1.0,1.0,1.0,1.0,1.0,1.0,1.0,0.583,1.0,0.333,0.0,0.996,0.289,0.0,1.0,1.0,1.0,1.0,1.0,1.0,0.333
2009-12,467550,744,1.0,1.0,1.0,1.0,1.0,1.0,1.0,1.0,1.0,1.0,1.0,0.583,1.0,0.333,0.0,0.991,0.216,0.0,1.0,1.0,1.0,1.0,1.0,1.0,0.333
2010-01,467550,744,1.0,1.0,1.0,1.0,1.0,1.0,1.0,1.0,1.0,1.0,1.0,0.583,1.0,0.333,0.0,1.0,0.224,0.0,1.0,1.0,1.0,1.0,1.0,1.0,0.333
2010-02,467550,672,1.0,1.0,1.0,1.0,1.0,1.0,1.0,1.0,1.0,1.0,1.0,0.583,1.0,0.333,0.0,0.996,0.171,0.0,1.0,1.0,1.0,1.0,1.0,1.0,0.333
2010-03,467550,744,1.0,1.0,1.0,1.0,1.0,1.0,1.0,1.0,1.0,1.0,1.0,0.583,1.0,0.333,0.0,1.0,0.241,0.0,1.0,1.0,1.0,1.0,1.0,1.0,0.333
2010-04,467550,720,1.0,1.0,1.0,1.0,1.0,1.0,1.0,1.0,1.0,1.0,1.0,0.583,1.0,0.333,0.0,1.0,0.176,0.0,1.0,1.0,1.0,1.0,1.0,1.0,0.333
2010-05,467550,744,1.0,1.0,1.0,1.0,1.0,1.0,1.0,1.0,1.0,1.0,1.0,0.583,1.0,0.333,0.0,1.0,0.173,0.0,1.0,1.0,1.0,1.0,1.0,1.0,0.333
2010-06,467550,720,1.0,1.0,1.0,1.0,1.0,1.0,1.0,1.0,1.0,1.0,1.0,0.583,1.0,0.333,0.0,0.999,0.171,0.0,1.0,1.0,1.0,1.0,1.0,1.0,0.333
2010-07,467550,744,1.0,1.0,1.0,1.0,1.0,1.0,1.0,1.0,1.0,1.0,1.0,0.583,1.0,0.333,0.0,1.0,0.254,0.0,1.0,1.0,1.0,1.0,1.0,1.0,0.333
2010-08,467550,744,1.0,1.0,1.0,1.0,1.0,1.0,1.0,1.0,1.0,1.0,1.0,0.583,1.0,0.333,0.0,0.999,0.257,0.0,1.0,1.0,1.0,1.0,1.0,1.0,0.333
2010-09,467550,720,1.0,1.0,1.0,1.0,1.0,1.0,1.0,1.0,1.0,1.0,1.0,0.583,1.0,0.333,0.0,1.0,0.224,0.0,1.0,1.0,1.0,1.0,1.0,1.0,0.333
2010-10,467550,744,1.0,1.0,1.0,1.0,1.0,1.0,1.0,1.0,1.0,1.0,1.0,0.583,1.0,0.333,0.0,1.0,0.255,0.0,1.0,1.0,1.0,1.0,1.0,1.0,0.333
2010-11,467550,720,1.0,1.0,1.0,1.0,1.0,1.0,1.0,1.0,1.0,1.0,1.0,0.583,1.0,0.333,0.0,1.0,0.246,0.0,1.0,1.0,1.0,1.0,1.0,1.0,0.333
2010-12,467550,744,1.0,1.0,1.0,1.0,1.0,1.0,1.0,1.0,1.0,1.0,1.0,0.583,1.0,0.333,0.0,1.0,0.265,0.0,1.0,1.0,1.0,1.0,1.0,1.0,0.333
2011-01,467550,744,1.0,1.0,1.0,1.0,1.0,1.0,1.0,1.0,1.0,1.0,1.0,0.583,1.0,0.333,0.0,1.0,0.173,0.0,1.0,1.0,1.0,1.0,1.0,1.0,0.333
2011-02,467550,672,1.0,1.0,1.0,1.0,1.0,1.0,1.0,1.0,1.0,1.0,1.0,0.583,1.0,0.333,0.0,0.997,0.198,0.0,1.0,1.0,1.0,1.0,1.0,1.0,0.333
2011-03,467550,744,1.0,1.0,1.0,1.0,1.0,1.0,1.0,1.0,1.0,1.0,1.0,0.583,1.0,0.333,0.0,1.0,0.169,0.0,1.0,1.0,1.0,1.0,1.0,1.0,0.333
2011-04,467550,720,1.0,1.0,1.0,1.0,1.0,1.0,1.0,1.0,1.0,1.0,1.0,0.583,1.0,0.333,0.0,1.0,0.229,0.0,1.0,1.0,1.0,1.0,1.0,1.0,0.333
2011-05,467550,744,1.0,1.0,1.0,1.0,1.0,1.0,1.0,1.0,1.0,1.0,1.0,0.583,1.0,0.333,0.0,1.0,0.147,0.0,1.0,1.0,1.0,1.0,1.0,1.0,0.333
2011-06,467550,720,1.0,1.0,1.0,1.0,1.0,1.0,1.0,1.0,1.0,1.0,1.0,0.583,1.0,0.333,0.0,1.0,0.215,0.0,1.0,1.0,1.0,1.0,1.0,1.0,0.333
2011-07,467550,744,1.0,1.0,1.0,1.0,1.0,1.0,1.0,1.0,1.0,1.0,1.0,0.583,1.0,0.333,0.0,1.0,0.23,0.0,1.0,1.0,1.0,1.0,1.0,1.0,0.333
2011-08,467550,744,1.0,1.0,1.0,1.0,1.0,1.0,1.0,1.0,1.0,1.0,1.0,0.583,1.0,0.335,0.0,1.0,0.219,0.0,1.0,1.0,1.0,1.0,1.0,1.0,0.335
2011-09,467550,720,1.0,1.0,1.0,1.0,1.0,1.0,1.0,1.0,1.0,1.0,1.0,0.583,1.0,0.333,0.0,1.0,0.276,0.0,1.0,1.0,1.0,1.0,1.0,1.0,0.333
2011-10,467550,744,1.0,1.0,1.0,1.0,1.0,1.0,1.0,1.0,1.0,1.0,1.0,0.583,1.0,0.333,0.0,1.0,0.227,0.0,1.0,1.0,1.0,1.0,1.0,1.0,0.333
2011-11,467550,720,1.0,1.0,1.0,1.0,1.0,1.0,1.0,1.0,1.0,1.0,1.0,0.583,1.0,0.333,0.0,1.0,0.212,0.0,1.0,1.0,1.0,1.0,1.0,1.0,0.331
2011-12,467550,744,1.0,1.0,1.0,1.0,1.0,1.0,1.0,1.0,1.0,1.0,1.0,0.583,1.0,0.333,0.0,1.0,0.191,0.0,1.0,1.0,1.0,1.0,1.0,1.0,0.333
2012-01,467550,744,1.0,0.942,1.0,1.0,1.0,1.0,1.0,0.954,0.954,1.0,1.0,0.583,1.0,0.333,0.0,1.0,0.173,0.0,1.0,1.0,1.0,1.0,1.0,1.0,0.332
2012-02,467550,696,1.0,1.0,1.0,1.0,1.0,1.0,1.0,1.0,1.0,1.0,1.0,0.583,1.0,0.333,0.0,0.997,0.154,0.0,1.0,1.0,1.0,1.0,1.0,1.0,0.333
2012-03,467550,744,1.0,1.0,1.0,1.0,1.0,1.0,1.0,1.0,1.0,1.0,1.0,0.583,1.0,0.333,0.0,1.0,0.241,0.0,1.0,1.0,1.0,1.0,1.0,1.0,0.333
2012-04,467550,720,1.0,1.0,1.0,1.0,1.0,1.0,1.0,1.0,1.0,1.0,1.0,0.583,1.0,0.333,0.0,0.919,0.089,0.0,1.0,1.0,1.0,1.0,1.0,1.0,0.333
2012-05,467550,744,1.0,1.0,1.0,1.0,1.0,1.0,1.0,1.0,1.0,1.0,1.0,0.583,1.0,0.333,0.0,0.235,0.155,0.0,1.0,1.0,1.0,1.0,1.0,1.0,0.333
2012-06,467550,720,1.0,1.0,1.0,1.0,1.0,1.0,1.0,1.0,1.0,1.0,1.0,0.583,1.0,0.333,0.0,0.964,0.157,0.0,1.0,1.0,1.0,1.0,1.0,1.0,0.333
2012-07,467550,744,1.0,1.0,1.0,1.0,1.0,1.0,1.0,1.0,1.0,1.0,1.0,0.583,1.0,0.332,0.0,1.0,0.234,0.0,1.0,1.0,1.0,1.0,1.0,1.0,0.332
2012-08,467550,744,1.0,1.0,1.0,1.0,1.0,1.0,1.0,1.0,1.0,1.0,1.0,0.583,1.0,0.333,0.0,0.833,0.18,0.0,1.0,1.0,1.0,1.0,1.0,1.0,0.333
2012-09,467550,720,1.0,1.0,1.0,1.0,1.0,1.0,1.0,1.0,1.0,1.0,1.0,0.583,1.0,0.333,0.0,0.971,0.288,0.0,1.0,1.0,1.0,1.0,1.0,1.0,0.333
2012-10,467550,744,1.0,1.0,1.0,1.0,1.0,1.0,1.0,1.0,1.0,1.0,1.0,0.583,1.0,0.333,0.0,1.0,0.319,0.0,1.0,1.0,1.0,1.0,1.0,1.0,0.333
2012-11,467550,720,1.0,1.0,1.0,1.0,1.0,1.0,1.0,1.0,1.0,1.0,1.0,0.583,1.0,0.333,0.0,0.99,0.19,0.0,1.0,1.0,1.0,1.0,1.0,1.0,0.333
2012-12,467550,744,1.0,1.0,1.0,1.0,1.0,1.0,1.0,1.0,1.0,1.0,1.0,0.583,1.0,0.333,0.0,1.0,0.18,0.0,1.0,1.0,1.0,1.0,1.0,1.0,0.333
2013-01,467550,744,1.0,1.0,1.0,1.0,1.0,1.0,1.0,1.0,1.0,1.0,1.0,0.583,1.0,0.333,0.0,1.0,0.281,0.0,1.0,1.0,1.0,1.0,1.0,1.0,0.333
2013-02,467550,672,1.0,1.0,1.0,1.0,1.0,1.0,1.0,1.0,1.0,1.0,1.0,0.583,1.0,0.333,0.0,1.0,0.307,0.0,1.0,1.0,1.0,1.0,1.0,1.0,0.333
2013-03,467550,744,1.0,1.0,1.0,1.0,1.0,1.0,1.0,1.0,1.0,1.0,1.0,0.583,1.0,0.333,0.0,1.0,0.206,0.0,1.0,1.0,1.0,1.0,1.0,1.0,0.332
2013-04,467550,720,1.0,1.0,1.0,1.0,1.0,1.0,1.0,0.915,0.915,1.0,1.0,0.583,1.0,0.332,0.0,1.0,0.11,0.0,1.0,1.0,1.0,1.0,1.0,1.0,0.332
2013-05,467550,744,1.0,1.0,1.0,1.0,1.0,1.0,1.0,0.995,0.995,1.0,1.0,0.583,1.0,0.333,0.0,0.999,0.12,0.0,1.0,1.0,1.0,1.0,1.0,1.0,0.333
2013-06,467550,720,1.0,1.0,1.0,1.0,1.0,1.0,1.0,1.0,1.0,1.0,1.0,0.583,1.0,0.333,0.0,0.992,0.206,0.0,1.0,1.0,1.0,1.0,1.0,1.0,0.333
2013-07,467550,744,1.0,1.0,1.0,1.0,1.0,1.0,1.0,1.0,1.0,1.0,1.0,0.583,1.0,0.333,0.0,1.0,0.286,0.0,1.0,1.0,1.0,1.0,1.0,1.0,0.333
2013-08,467550,744,1.0,1.0,1.0,1.0,1.0,1.0,1.0,1.0,1.0,1.0,1.0,0.583,1.0,0.333,0.0,0.802,0.194,0.0,1.0,1.0,1.0,1.0,1.0,1.0,0.333
2013-09,467550,720,1.0,1.0,1.0,1.0,1.0,1.0,1.0,1.0,1.0,1.0,1.0,0.583,1.0,0.333,0.0,0.332,0.238,0.0,1.0,1.0,1.0,1.0,1.0,1.0,0.332
2013-10,467550,744,1.0,1.0,1.0,1.0,1.0,1.0,1.0,1.0,1.0,1.0,1.0,0.583,1.0,0.333,0.0,1.0,0.313,0.0,1.0,1.0,1.0,1.0,1.0,1.0,0.333
2013-11,467550,720,1.0,1.0,1.0,1.0,1.0,1.0,1.0,1.0,1.0,1.0,1.0,0.583,1.0,0.333,0.0,0.75,0.271,0.0,1.0,1.0,1.0,1.0,1.0,1.0,0.333
2013-12,467550,744,1.0,1.0,1.0,1.0,1.0,1.0,1.0,1.0,1.0,1.0,1.0,0.583,1.0,0.333,0.0,0.849,0.199,0.0,1.0,1.0,1.0,1.0,1.0,1.0,0.333
2014-01,467550,744,1.0,1.0,1.0,1.0,1.0,1.0,1.0,1.0,1.0,1.0,1.0,0.583,1.0,0.333,0.0,0.995,0.308,0.0,1.0,1.0,1.0,1.0,1.0,1.0,0.333
2014-02,467550,672,1.0,1.0,1.0,1.0,1.0,1.0,1.0,1.0,1.0,1.0,1.0,0.583,1.0,0.333,0.0,0.994,0.226,0.0,1.0,1.0,1.0,1.0,1.0,1.0,0.333
2014-03,467550,744,1.0,1.0,1.0,1.0,1.0,1.0,1.0,1.0,1.0,1.0,1.0,0.583,1.0,0.333,0.0,1.0,0.278,0.0,1.0,1.0,1.0,1.0,1.0,1.0,0.333
2014-04,467550,720,1.0,1.0,1.0,1.0,1.0,1.0,1.0,1.0,1.0,1.0,1.0,0.583,1.0,0.333,0.0,1.0,0.256,0.0,1.0,1.0,1.0,1.0,1.0,1.0,0.333
2014-05,467550,744,1.0,1.0,1.0,1.0,1.0,1.0,1.0,1.0,1.0,1.0,1.0,0.583,1.0,0.333,0.0,1.0,0.167,0.0,1.0,1.0,1.0,1.0,1.0,1.0,0.333
2014-06,467550,720,1.0,1.0,1.0,1.0,1.0,1.0,1.0,1.0,1.0,1.0,1.0,0.583,1.0,0.332,0.0,1.0,0.167,0.0,1.0,1.0,1.0,1.0,1.0,1.0,0.331
2014-07,467550,744,1.0,1.0,1.0,1.0,1.0,1.0,1.0,1.0,1.0,1.0,1.0,0.583,1.0,0.333,0.0,1.0,0.267,0.0,1.0,1.0,1.0,1.0,1.0,1.0,0.333
2014-08,467550,744,1.0,1.0,1.0,1.0,1.0,1.0,1.0,1.0,1.0,1.0,1.0,0.583,1.0,0.333,0.0,1.0,0.227,0.0,1.0,1.0,1.0,1.0,1.0,1.0,0.332
2014-09,467550,720,1.0,1.0,1.0,1.0,1.0,1.0,1.0,1.0,1.0,1.0,1.0,0.583,1.0,0.333,0.0,1.0,0.231,0.0,1.0,1.0,1.0,1.0,1.0,1.0,0.333
2014-10,467550,744,1.0,1.0,1.0,1.0,1.0,1.0,1.0,1.0,1.0,1.0,1.0,0.583,1.0,0.333,0.0,0.985,0.316,0.0,1.0,1.0,1.0,1.0,1.0,1.0,0.333
2014-11,467550,720,1.0,1.0,1.0,1.0,1.0,1.0,1.0,1.0,1.0,1.0,1.0,0.583,1.0,0.335,0.0,1.0,0.226,0.0,1.0,1.0,1.0,1.0,1.0,1.0,0.335
2014-12,467550,744,1.0,1.0,1.0,1.0,1.0,1.0,1.0,1.0,1.0,1.0,1.0,0.583,1.0,0.333,0.0,1.0,0.185,0.0,1.0,1.0,1.0,1.0,1.0,1.0,0.333
2015-01,467550,744,1.0,1.0,1.0,1.0,1.0,1.0,1.0,1.0,1.0,1.0,1.0,0.583,1.0,0.333,0.0,0.355,0.278,0.0,1.0,1.0,1.0,1.0,1.0,1.0,0.333
2015-02,467550,672,1.0,1.0,1.0,1.0,1.0,1.0,1.0,1.0,1.0,1.0,1.0,0.583,1.0,0.333,0.0,1.0,0.167,0.0,1.0,1.0,1.0,1.0,1.0,1.0,0.333
2015-03,467550,744,1.0,1.0,1.0,1.0,1.0,1.0,1.0,1.0,1.0,1.0,1.0,0.583,1.0,0.333,0.0,1.0,0.152,0.0,1.0,1.0,1.0,1.0,1.0,1.0,0.333
2015-04,467550,720,1.0,1.0,1.0,1.0,1.0,1.0,1.0,1.0,1.0,1.0,1.0,0.583,1.0,0.333,0.0,1.0,0.207,0.0,1.0,1.0,1.0,1.0,1.0,1.0,0.333
2015-05,467550,744,1.0,1.0,1.0,1.0,1.0,1.0,1.0,1.0,1.0,1.0,1.0,0.583,1.0,0.333,0.0,1.0,0.132,0.0,1.0,1.0,1.0,1.0,1.0,1.0,0.333
2015-06,467550,720,1.0,1.0,1.0,1.0,1.0,1.0,1.0,1.0,1.0,1.0,1.0,0.583,1.0,0.333,0.0,1.0,0.271,0.0,1.0,1.0,1.0,1.0,1.0,1.0,0.333
2015-07,467550,744,1.0,1.0,1.0,1.0,1.0,1.0,1.0,1.0,1.0,1.0,1.0,0.583,1.0,0.333,0.0,1.0,0.19,0.0,1.0,1.0,1.0,1.0,1.0,1.0,0.333
2015-08,467550,744,1.0,1.0,1.0,1.0,1.0,1.0,1.0,1.0,1.0,1.0,1.0,0.583,1.0,0.333,0.0,1.0,0.128,0.0,1.0,1.0,1.0,1.0,1.0,1.0,0.333
2015-09,467550,720,1.0,1.0,1.0,1.0,1.0,1.0,1.0,1.0,1.0,1.0,1.0,0.583,1.0,0.333,0.0,1.0,0.222,0.0,1.0,1.0,1.0,1.0,1.0,1.0,0.333
2015-10,467550,744,1.0,1.0,1.0,1.0,1.0,1.0,1.0,1.0,1.0,1.0,1.0,0.583,1.0,0.333,0.0,1.0,0.239,0.0,1.0,1.0,1.0,1.0,1.0,1.0,0.333
2015-11,467550,720,1.0,1.0,1.0,1.0,1.0,1.0,1.0,1.0,1.0,1.0,1.0,0.583,1.0,0.333,0.0,1.0,0.282,0.0,1.0,1.0,1.0,1.0,1.0,1.0,0.333
2015-12,467550,744,1.0,1.0,1.0,1.0,1.0,1.0,1.0,1.0,1.0,1.0,1.0,0.583,1.0,0.332,0.0,1.0,0.228,0.0,1.0,1.0,1.0,1.0,1.0,1.0,0.333
2016-01,467550,744,1.0,1.0,1.0,1.0,1.0,1.0,1.0,1.0,1.0,1.0,1.0,0.583,1.0,0.333,0.0,0.034,0.138,0.0,1.0,1.0,1.0,1.0,1.0,1.0,0.333
2016-02,467550,696,1.0,1.0,1.0,1.0,1.0,1.0,1.0,1.0,1.0,1.0,1.0,0.583,1.0,0.333,0.0,0.0,0.136,0.0,1.0,1.0,1.0,1.0,1.0,1.0,0.333
2016-03,467550,744,1.0,1.0,1.0,1.0,1.0,1.0,1.0,1.0,1.0,1.0,1.0,0.583,1.0,0.333,0.0,0.0,0.117,0.0,1.0,1.0,1.0,1.0,1.0,1.0,0.333
2016-04,467550,720,1.0,1.0,1.0,1.0,1.0,1.0,1.0,1.0,1.0,1.0,1.0,0.583,1.0,0.333,0.0,0.0,0.154,0.0,1.0,1.0,1.0,1.0,1.0,1.0,0.333
2016-05,467550,744,1.0,1.0,1.0,1.0,1.0,1.0,1.0,1.0,1.0,1.0,1.0,0.583,1.0,0.333,0.0,0.0,0.203,0.0,1.0,1.0,1.0,1.0,1.0,1.0,0.333
2016-06,467550,720,1.0,1.0,1.0,1.0,1.0,1.0,1.0,1.0,1.0,1.0,1.0,0.583,1.0,0.333,0.0,0.0,0.199,0.0,1.0,1.0,1.0,1.0,1.0,1.0,0.333
2016-07,467550,744,1.0,1.0,1.0,1.0,1.0,1.0,1.0,1.0,1.0,1.0,1.0,0.583,1.0,0.333,0.0,0.0,0.228,0.0,1.0,1.0,1.0,1.0,1.0,1.0,0.333
2016-08,467550,744,1.0,1.0,1.0,1.0,1.0,1.0,1.0,1.0,1.0,1.0,1.0,0.583,1.0,0.333,0.0,0.0,0.184,0.0,1.0,1.0,1.0,1.0,1.0,1.0,0.333
2016-09,467550,720,1.0,1.0,1.0,1.0,1.0,1.0,1.0,1.0,1.0,1.0,1.0,0.583,1.0,0.333,0.0,0.033,0.153,0.0,1.0,1.0,1.0,1.0,1.0,1.0,0.333
2016-10,467550,744,1.0,1.0,1.0,1.0,1.0,1.0,1.0,1.0,1.0,1.0,1.0,0.583,1.0,0.333,0.0,0.0,0.253,0.0,1.0,1.0,1.0,1.0,1.0,1.0,0.333
2016-11,467550,720,1.0,1.0,1.0,1.0,1.0,1.0,1.0,1.0,1.0,1.0,1.0,0.583,1.0,0.333,0.0,0.0,0.239,0.0,1.0,1.0,1.0,1.0,1.0,1.0,0.333
2016-12,467550,744,1.0,1.0,1.0,1.0,1.0,1.0,1.0,1.0,1.0,1.0,1.0,0.583,1.0,0.333,0.0,0.0,0.257,0.0,1.0,1.0,1.0,1.0,1.0,1.0,0.333
2017-01,467550,744,1.0,1.0,1.0,1.0,1.0,1.0,1.0,1.0,1.0,1.0,1.0,0.583,1.0,0.333,0.0,0.999,0.241,0.0,1.0,1.0,1.0,1.0,1.0,1.0,0.333
2017-02,467550,672,1.0,1.0,1.0,1.0,1.0,1.0,1.0,1.0,1.0,1.0,1.0,0.583,1.0,0.333,0.0,1.0,0.195,0.0,1.0,1.0,1.0,1.0,1.0,1.0,0.333
2017-03,467550,744,1.0,1.0,1.0,1.0,1.0,1.0,1.0,1.0,1.0,1.0,1.0,0.583,1.0,0.333,0.0,1.0,0.14,0.0,1.0,1.0,1.0,1.0,1.0,1.0,0.333
2017-04,467550,720,1.0,1.0,1.0,1.0,1.0,1.0,1.0,1.0,1.0,1.0,1.0,0.583,1.0,0.332,0.0,1.0,0.172,0.0,1.0,1.0,1.0,1.0,1.0,1.0,0.332
2017-05,467550,744,1.0,1.0,1.0,1.0,1.0,1.0,1.0,1.0,1.0,1.0,1.0,0.583,1.0,0.333,0.0,1.0,0.151,0.0,1.0,1.0,1.0,1.0,1.0,1.0,0.333
2017-06,467550,720,0.833,0.833,0.833,0.833,0.833,0.833,0.833,0.833,0.833,0.833,1.0,0.583,1.0,0.278,0.0,0.833,0.151,0.0,0.833,0.833,0.831,0.826,1.0,1.0,0.278
2017-07,467550,744,1.0,1.0,1.0,1.0,1.0,1.0,1.0,1.0,1.0,1.0,1.0,0.583,1.0,0.333,0.0,1.0,0.224,0.0,1.0,1.0,1.0,1.0,1.0,1.0,0.333
2017-08,467550,744,1.0,1.0,1.0,1.0,1.0,1.0,1.0,1.0,1.0,1.0,1.0,0.583,1.0,0.333,0.0,1.0,0.242,0.0,1.0,1.0,1.0,1.0,1.0,1.0,0.333
2017-09,467550,720,1.0,1.0,1.0,1.0,1.0,1.0,1.0,1.0,1.0,1.0,1.0,0.583,1.0,0.333,0.0,1.0,0.275,0.0,1.0,1.0,1.0,1.0,1.0,1.0,0.333
2017-10,467550,744,1.0,0.997,1.0,1.0,1.0,1.0,1.0,1.0,1.0,1.0,1.0,0.583,1.0,0.333,0.0,1.0,0.258,0.0,1.0,1.0,1.0,1.0,1.0,1.0,0.333
2017-11,467550,720,1.0,1.0,1.0,1.0,1.0,1.0,1.0,1.0,1.0,1.0,1.0,0.583,1.0,0.333,0.0,1.0,0.183,0.0,1.0,1.0,1.0,1.0,1.0,1.0,0.333
2017-12,467550,744,1.0,1.0,1.0,1.0,1.0,1.0,1.0,1.0,1.0,1.0,1.0,0.583,1.0,0.333,0.0,0.905,0.241,0.0,1.0,1.0,1.0,1.0,1.0,1.0,0.333
2018-01,467550,744,1.0,1.0,1.0,1.0,1.0,1.0,1.0,1.0,1.0,1.0,1.0,0.583,1.0,0.333,0.0,0.966,0.196,0.0,1.0,1.0,1.0,1.0,1.0,1.0,0.333
2018-02,467550,672,1.0,1.0,1.0,1.0,1.0,1.0,1.0,1.0,1.0,1.0,1.0,0.583,1.0,0.333,0.0,0.929,0.179,0.0,1.0,1.0,1.0,1.0,1.0,1.0,0.333
2018-03,467550,744,1.0,1.0,1.0,1.0,1.0,0.984,0.984,0.984,0.984,1.0,1.0,0.583,1.0,0.333,0.0,0.968,0.246,0.0,1.0,1.0,1.0,1.0,1.0,1.0,0.333
2018-04,467550,720,1.0,1.0,1.0,1.0,1.0,1.0,1.0,1.0,1.0,1.0,1.0,0.583,1.0,0.333,0.0,1.0,0.258,0.0,1.0,1.0,1.0,1.0,1.0,1.0,0.332
2018-05,467550,744,1.0,1.0,1.0,1.0,1.0,1.0,1.0,1.0,1.0,1.0,1.0,0.583,1.0,0.333,0.0,1.0,0.269,0.0,1.0,1.0,1.0,1.0,1.0,1.0,0.333
2018-06,467550,720,1.0,1.0,1.0,1.0,1.0,1.0,1.0,1.0,1.0,1.0,1.0,0.583,1.0,0.333,0.0,1.0,0.192,0.0,1.0,1.0,1.0,1.0,1.0,1.0,0.333
2018-07,467550,744,1.0,1.0,1.0,1.0,1.0,1.0,1.0,1.0,1.0,1.0,1.0,0.583,1.0,0.333,0.0,1.0,0.196,0.0,1.0,1.0,1.0,1.0,1.0,1.0,0.333
2018-08,467550,744,1.0,1.0,1.0,1.0,1.0,1.0,1.0,1.0,1.0,1.0,1.0,0.583,1.0,0.333,0.0,1.0,0.153,0.0,1.0,1.0,1.0,1.0,1.0,1.0,0.333
2018-09,467550,720,1.0,1.0,1.0,1.0,1.0,1.0,1.0,1.0,1.0,1.0,1.0,0.583,1.0,0.333,0.0,0.999,0.26,0.0,1.0,1.0,1.0,1.0,1.0,1.0,0.333
2018-10,467550,744,1.0,1.0,1.0,1.0,1.0,1.0,1.0,1.0,1.0,1.0,1.0,0.583,1.0,0.333,0.0,1.0,0.228,0.0,1.0,1.0,1.0,1.0,1.0,1.0,0.333
2018-11,467550,720,1.0,1.0,1.0,1.0,1.0,1.0,1.0,1.0,1.0,1.0,1.0,0.583,1.0,0.333,0.0,1.0,0.26,0.0,1.0,1.0,1.0,1.0,1.0,1.0,0.333
2018-12,467550,744,1.0,1.0,1.0,1.0,1.0,1.0,1.0,1.0,1.0,1.0,1.0,0.583,1.0,0.333,0.0,1.0,0.32,0.0,1.0,1.0,1.0,1.0,1.0,1.0,0.333
2019-01,467550,744,1.0,1.0,1.0,1.0,1.0,1.0,1.0,1.0,1.0,1.0,1.0,0.583,1.0,0.333,0.0,1.0,0.278,0.0,1.0,1.0,1.0,1.0,1.0,1.0,0.333
2019-02,467550,672,1.0,1.0,1.0,1.0,1.0,1.0,1.0,1.0,1.0,1.0,1.0,0.583,1.0,0.333,0.0,1.0,0.283,0.0,1.0,1.0,1.0,1.0,1.0,1.0,0.333
2019-03,467550,744,1.0,1.0,1.0,1.0,1.0,0.987,0.987,0.987,0.987,1.0,1.0,0.583,1.0,0.333,0.0,1.0,0.196,0.0,1.0,1.0,1.0,1.0,1.0,1.0,0.333
2019-04,467550,720,1.0,1.0,1.0,1.0,1.0,1.0,1.0,1.0,1.0,1.0,1.0,0.583,1.0,0.333,0.0,1.0,0.271,0.0,1.0,1.0,1.0,1.0,1.0,1.0,0.333
2019-05,467550,744,1.0,1.0,1.0,1.0,1.0,1.0,1.0,1.0,1.0,1.0,1.0,0.583,1.0,0.333,0.0,1.0,0.081,0.0,1.0,1.0,1.0,1.0,1.0,1.0,0.333
2019-06,467550,720,1.0,1.0,1.0,1.0,1.0,1.0,1.0,1.0,1.0,1.0,1.0,0.583,1.0,0.333,0.0,1.0,0.221,0.0,1.0,1.0,1.0,1.0,1.0,1.0,0.333
2019-07,467550,744,1.0,1.0,1.0,1.0,1.0,1.0,1.0,1.0,1.0,1.0,1.0,0.583,1.0,0.333,0.0,1.0,0.281,0.0,1.0,1.0,1.0,1.0,1.0,1.0,0.333
2019-08,467550,744,1.0,1.0,1.0,1.0,1.0,1.0,1.0,1.0,1.0,1.0,1.0,0.583,1.0,0.333,0.0,1.0,0.142,0.0,1.0,1.0,1.0,1.0,1.0,1.0,0.333
2019-09,467550,720,1.0,1.0,1.0,1.0,1.0,1.0,1.0,1.0,1.0,1.0,1.0,0.583,1.0,0.333,0.0,1.0,0.236,0.0,1.0,1.0,1.0,1.0,1.0,1.0,0.333
2019-10,467550,744,1.0,1.0,1.0,1.0,1.0,1.0,1.0,1.0,1.0,1.0,1.0,0.583,1.0,0.333,0.0,1.0,0.285,0.0,1.0,1.0,1.0,1.0,1.0,1.0,0.333
2019-11,467550,720,1.0,1.0,1.0,1.0,1.0,1.0,1.0,1.0,1.0,1.0,1.0,0.583,1.0,0.333,0.0,1.0,0.329,0.0,1.0,1.0,1.0,1.0,1.0,1.0,0.333
2019-12,467550,744,1.0,1.0,1.0,1.0,1.0,1.0,1.0,1.0,1.0,1.0,1.0,0.583,1.0,0.333,0.0,1.0,0.286,0.0,1.0,1.0,1.0,1.0,1.0,1.0,0.333
2020-01,467550,744,1.0,1.0,1.0,1.0,1.0,1.0,1.0,1.0,1.0,1.0,1.0,0.583,1.0,0.333,0.0,1.0,0.328,0.0,1.0,1.0,1.0,1.0,1.0,1.0,0.333
2020-02,467550,696,1.0,1.0,1.0,1.0,1.0,1.0,1.0,1.0,1.0,1.0,1.0,0.583,1.0,0.333,0.0,1.0,0.33,0.0,1.0,1.0,1.0,1.0,1.0,1.0,0.333
2020-03,467550,744,1.0,1.0,1.0,1.0,1.0,0.992,0.992,0.992,0.992,1.0,1.0,0.583,1.0,0.333,0.0,0.882,0.159,0.0,1.0,1.0,1.0,1.0,1.0,1.0,0.333
2020-04,467550,720,1.0,1.0,1.0,1.0,1.0,0.986,0.986,0.986,0.986,1.0,1.0,0.583,1.0,0.333,0.0,0.91,0.144,0.0,1.0,1.0,1.0,1.0,1.0,1.0,0.333
2020-05,467550,744,1.0,1.0,1.0,1.0,1.0,1.0,1.0,1.0,1.0,1.0,1.0,0.583,1.0,0.333,0.0,1.0,0.118,0.0,1.0,1.0,1.0,1.0,1.0,1.0,0.333
2020-06,467550,720,1.0,1.0,1.0,1.0,1.0,1.0,1.0,1.0,1.0,1.0,1.0,0.583,1.0,0.333,0.0,1.0,0.274,0.0,1.0,1.0,1.0,1.0,1.0,1.0,0.333
2020-07,467550,744,1.0,1.0,1.0,1.0,1.0,1.0,1.0,1.0,1.0,1.0,1.0,0.583,1.0,0.333,0.0,1.0,0.284,0.0,1.0,1.0,1.0,1.0,1.0,1.0,0.333
2020-08,467550,744,1.0,1.0,1.0,1.0,1.0,1.0,1.0,1.0,1.0,1.0,1.0,0.583,1.0,0.333,0.0,1.0,0.263,0.0,1.0,1.0,1.0,1.0,1.0,1.0,0.333
2020-09,467550,720,1.0,1.0,1.0,1.0,1.0,1.0,1.0,1.0,1.0,1.0,1.0,0.583,1.0,0.333,0.0,1.0,0.253,0.0,1.0,1.0,1.0,1.0,1.0,1.0,0.333
2020-10,467550,744,1.0,1.0,1.0,1.0,1.0,1.0,1.0,1.0,1.0,1.0,1.0,0.583,1.0,0.333,0.0,1.0,0.332,0.0,1.0,1.0,1.0,1.0,1.0,1.0,0.333
2020-11,467550,720,1.0,1.0,1.0,1.0,1.0,1.0,1.0,1.0,1.0,1.0,1.0,0.583,1.0,0.333,0.0,1.0,0.325,0.0,1.0,1.0,1.0,1.0,1.0,1.0,0.333
2020-12,467550,744,1.0,1.0,1.0,1.0,1.0,1.0,1.0,1.0,1.0,1.0,1.0,0.583,1.0,0.333,0.0,1.0,0.261,0.0,1.0,1.0,1.0,1.0,1.0,1.0,0.333
2021-01,467550,744,1.0,1.0,1.0,1.0,1.0,1.0,1.0,1.0,1.0,1.0,1.0,0.583,1.0,0.333,0.0,1.0,0.308,0.0,1.0,1.0,1.0,1.0,1.0,1.0,0.333
2021-02,467550,672,1.0,1.0,1.0,1.0,1.0,1.0,1.0,1.0,1.0,1.0,1.0,0.583,1.0,0.333,0.0,1.0,0.274,0.0,1.0,1.0,1.0,1.0,1.0,1.0,0.333
2021-03,467550,744,0.903,0.903,0.903,0.903,0.903,0.903,0.903,0.903,0.903,0.903,0.903,0.527,0.903,0.301,0.0,0.903,0.21,0.0,0.903,0.903,0.901,0.897,1.0,0.903,0.301
2021-04,467550,720,1.0,1.0,1.0,1.0,1.0,1.0,1.0,1.0,1.0,1.0,1.0,0.583,1.0,0.333,0.0,1.0,0.24,0.0,1.0,1.0,1.0,1.0,1.0,1.0,0.333
2021-05,467550,744,0.937,0.937,0.937,0.937,0.937,0.937,0.937,0.937,0.937,0.937,0.937,0.546,0.937,0.312,0.0,0.937,0.262,0.0,0.937,0.937,0.937,0.937,1.0,0.937,0.312
2021-06,467550,720,0.799,0.799,0.799,0.799,0.799,0.799,0.799,0.799,0.799,0.799,0.799,0.467,0.799,0.267,0.0,0.799,0.221,0.0,0.799,0.799,0.796,0.792,1.0,0.799,0.267
2021-07,467550,744,1.0,1.0,1.0,1.0,1.0,1.0,1.0,1.0,1.0,1.0,1.0,0.583,1.0,0.312,0.0,1.0,0.289,0.0,1.0,1.0,1.0,1.0,1.0,1.0,0.312
2021-08,467550,744,1.0,1.0,1.0,1.0,1.0,1.0,1.0,1.0,1.0,1.0,1.0,0.583,1.0,0.333,0.0,1.0,0.199,0.0,1.0,1.0,1.0,1.0,1.0,1.0,0.333
2021-09,467550,720,1.0,1.0,1.0,1.0,1.0,1.0,1.0,1.0,1.0,1.0,1.0,0.583,1.0,0.333,0.0,1.0,0.265,0.0,1.0,1.0,1.0,1.0,1.0,1.0,0.333
2021-10,467550,744,1.0,1.0,1.0,1.0,1.0,1.0,1.0,1.0,1.0,1.0,1.0,0.583,1.0,0.293,0.0,0.978,0.277,0.0,1.0,1.0,1.0,1.0,1.0,1.0,0.293
2021-11,467550,720,1.0,1.0,1.0,1.0,1.0,1.0,1.0,1.0,1.0,1.0,1.0,0.583,1.0,0.292,0.0,1.0,0.221,0.0,1.0,1.0,1.0,1.0,1.0,1.0,0.292
2021-12,467550,744,1.0,1.0,1.0,1.0,1.0,1.0,1.0,1.0,1.0,1.0,1.0,0.583,1.0,0.292,0.0,1.0,0.234,0.0,1.0,1.0,1.0,1.0,1.0,1.0,0.292
2022-01,467550,744,1.0,1.0,1.0,1.0,1.0,1.0,1.0,1.0,1.0,1.0,1.0,0.583,1.0,0.208,0.0,1.0,0.122,0.0,1.0,1.0,1.0,1.0,1.0,1.0,0.208
2022-02,467550,672,1.0,1.0,1.0,1.0,1.0,1.0,1.0,1.0,1.0,1.0,1.0,0.583,1.0,0.208,0.0,1.0,0.11,0.0,1.0,1.0,1.0,1.0,1.0,1.0,0.208
2022-03,467550,744,1.0,1.0,1.0,1.0,1.0,1.0,1.0,1.0,1.0,1.0,1.0,0.583,1.0,0.208,0.0,1.0,0.144,0.0,1.0,1.0,1.0,1.0,1.0,1.0,0.208
2022-04,467550,720,1.0,1.0,1.0,1.0,1.0,1.0,1.0,1.0,1.0,1.0,1.0,0.583,1.0,0.208,0.0,1.0,0.154,0.0,1.0,1.0,1.0,1.0,1.0,1.0,0.208
2022-05,467550,744,1.0,1.0,1.0,1.0,1.0,1.0,1.0,1.0,1.0,1.0,1.0,0.583,1.0,0.208,0.0,1.0,0.05,0.0,1.0,1.0,1.0,1.0,1.0,1.0,0.208
2022-06,467550,720,1.0,1.0,1.0,1.0,1.0,1.0,1.0,1.0,1.0,1.0,1.0,0.583,1.0,0.208,0.0,1.0,0.129,0.0,1.0,1.0,1.0,1.0,1.0,1.0,0.208
2022-07,467550,744,1.0,1.0,1.0,1.0,1.0,1.0,1.0,1.0,1.0,1.0,1.0,0.583,1.0,0.208,0.0,1.0,0.169,0.0,1.0,1.0,1.0,1.0,1.0,1.0,0.208
2022-08,467550,744,1.0,1.0,1.0,1.0,1.0,1.0,1.0,1.0,1.0,1.0,1.0,0.583,1.0,0.208,0.0,1.0,0.179,0.0,1.0,1.0,1.0,1.0,1.0,1.0,0.208
2022-09,467550,720,1.0,1.0,1.0,1.0,1.0,1.0,1.0,1.0,1.0,1.0,1.0,0.583,1.0,0.208,0.0,1.0,0.136,0.0,1.0,1.0,1.0,1.0,1.0,1.0,0.208
2022-10,467550,744,1.0,1.0,1.0,1.0,1.0,1.0,1.0,1.0,1.0,1.0,1.0,0.583,1.0,0.208,0.0,1.0,0.194,0.0,1.0,1.0,1.0,1.0,1.0,1.0,0.208
2022-11,467550,720,1.0,1.0,1.0,1.0,1.0,1.0,1.0,1.0,1.0,1.0,1.0,0.583,1.0,0.208,0.0,1.0,0.15,0.0,1.0,1.0,1.0,1.0,1.0,1.0,0.208
2022-12,467550,744,1.0,1.0,1.0,1.0,1.0,1.0,1.0,1.0,1.0,1.0,1.0,0.583,1.0,0.208,0.0,1.0,0.152,0.0,1.0,1.0,1.0,1.0,1.0,1.0,0.208
2023-01,467550,744,1.0,1.0,1.0,1.0,1.0,1.0,1.0,1.0,1.0,1.0,1.0,0.583,1.0,0.208,0.0,1.0,0.185,0.96,1.0,1.0,1.0,1.0,1.0,1.0,0.208
2023-02,467550,672,1.0,1.0,1.0,1.0,1.0,1.0,1.0,1.0,1.0,1.0,1.0,0.583,1.0,0.208,0.0,1.0,0.177,0.167,1.0,1.0,1.0,1.0,1.0,1.0,0.208
2023-03,467550,744,1.0,1.0,1.0,1.0,1.0,1.0,1.0,1.0,1.0,1.0,1.0,0.583,1.0,0.208,0.0,1.0,0.147,0.993,1.0,1.0,1.0,1.0,1.0,1.0,0.208
2023-04,467550,720,1.0,1.0,1.0,1.0,1.0,1.0,1.0,1.0,1.0,1.0,1.0,0.583,1.0,0.208,0.0,1.0,0.124,0.982,1.0,1.0,1.0,1.0,1.0,1.0,0.208
2023-05,467550,744,1.0,1.0,1.0,1.0,1.0,1.0,1.0,1.0,1.0,1.0,1.0,0.583,1.0,0.208,0.0,1.0,0.099,0.992,1.0,1.0,1.0,1.0,1.0,1.0,0.208
2023-06,467550,720,1.0,1.0,1.0,1.0,1.0,1.0,1.0,1.0,1.0,1.0,1.0,0.583,1.0,0.208,0.0,1.0,0.178,0.972,1.0,1.0,1.0,1.0,1.0,1.0,0.208
2023-07,467550,744,1.0,1.0,1.0,1.0,1.0,1.0,1.0,1.0,1.0,1.0,1.0,0.583,1.0,0.208,0.0,1.0,0.141,0.977,1.0,1.0,1.0,1.0,1.0,1.0,0.208
2023-08,467550,744,0.925,0.925,1.0,1.0,1.0,1.0,1.0,1.0,1.0,1.0,1.0,0.583,1.0,0.208,0.0,0.999,0.125,0.993,1.0,1.0,1.0,1.0,1.0,1.0,0.208
2023-09,467550,720,1.0,1.0,1.0,1.0,1.0,1.0,1.0,1.0,1.0,1.0,1.0,0.583,1.0,0.208,0.0,1.0,0.186,0.967,1.0,1.0,1.0,1.0,1.0,1.0,0.208
2023-10,467550,744,1.0,1.0,1.0,1.0,1.0,1.0,1.0,1.0,1.0,1.0,1.0,0.583,1.0,0.208,0.0,1.0,0.147,0.981,1.0,1.0,1.0,1.0,1.0,1.0,0.208
2023-11,467550,720,1.0,1.0,1.0,1.0,1.0,1.0,1.0,1.0,1.0,1.0,1.0,0.583,1.0,0.208,0.0,1.0,0.189,0.988,1.0,1.0,1.0,1.0,1.0,1.0,0.208
2023-12,467550,744,1.0,1.0,1.0,1.0,1.0,0.96,0.96,0.96,0.96,1.0,1.0,0.583,1.0,0.208,0.0,1.0,0.118,0.97,1.0,1.0,1.0,1.0,1.0,1.0,0.208
2024-01,467550,744,1.0,1.0,1.0,1.0,1.0,1.0,1.0,1.0,1.0,1.0,1.0,0.583,1.0,0.208,0.0,1.0,0.175,0.976,1.0,1.0,1.0,1.0,1.0,1.0,0.208
2024-02,467550,696,1.0,1.0,1.0,1.0,1.0,1.0,1.0,1.0,1.0,1.0,1.0,0.583,1.0,0.208,0.0,1.0,0.172,0.989,1.0,1.0,1.0,1.0,1.0,1.0,0.208
2024-03,467550,744,1.0,1.0,1.0,1.0,1.0,0.997,0.997,0.997,0.997,1.0,1.0,0.583,1.0,0.208,0.0,1.0,0.098,0.985,1.0,1.0,1.0,1.0,1.0,1.0,0.208
2024-04,467550,720,1.0,1.0,1.0,1.0,1.0,1.0,1.0,1.0,1.0,1.0,1.0,0.583,1.0,0.208,0.0,1.0,0.119,0.976,1.0,1.0,1.0,1.0,1.0,1.0,0.208
2024-05,467550,744,0.886,0.886,0.886,0.884,0.884,0.886,0.886,0.886,0.886,0.886,1.0,0.583,1.0,0.208,0.0,0.886,0.099,0.989,0.884,0.884,0.886,0.886,1.0,1.0,0.208
2024-06,467550,720,0.928,0.899,0.928,0.928,0.928,0.928,0.928,0.928,0.928,0.928,1.0,0.583,1.0,0.208,0.0,0.928,0.096,0.996,0.928,0.928,0.925,0.921,1.0,1.0,0.208
2024-07,467550,744,1.0,1.0,1.0,1.0,1.0,1.0,1.0,1.0,1.0,1.0,1.0,0.583,1.0,0.208,0.0,1.0,0.181,0.981,1.0,1.0,1.0,1.0,1.0,1.0,0.208
2024-08,467550,744,1.0,1.0,1.0,1.0,1.0,1.0,1.0,1.0,1.0,1.0,1.0,0.583,1.0,0.208,0.0,1.0,0.208,0.973,1.0,1.0,1.0,1.0,1.0,1.0,0.208
2024-09,467550,720,1.0,1.0,1.0,1.0,1.0,1.0,1.0,1.0,1.0,1.0,1.0,0.583,1.0,0.208,0.0,1.0,0.139,0.974,1.0,1.0,1.0,1.0,1.0,1.0,0.208
2024-10,467550,744,1.0,1.0,1.0,1.0,1.0,1.0,1.0,1.0,1.0,1.0,1.0,0.583,1.0,0.208,0.0,1.0,0.129,0.985,1.0,1.0,1.0,1.0,1.0,1.0,0.208
2024-11,467550,720,1.0,1.0,1.0,1.0,1.0,1.0,1.0,1.0,1.0,1.0,1.0,0.583,1.0,0.208,0.0,1.0,0.19,0.985,1.0,1.0,1.0,1.0,1.0,1.0,0.208
2024-12,467550,744,0.968,0.968,0.968,0.954,0.954,0.953,0.953,0.953,0.953,0.968,0.968,0.565,0.968,0.202,0.0,0.968,0.14,0.964,0.954,0.954,0.965,0.961,1.0,1.0,0.202
2025-01,467550,744,1.0,1.0,1.0,0.997,0.997,1.0,1.0,1.0,1.0,1.0,1.0,0.583,1.0,0.208,0.0,1.0,0.124,0.935,0.997,0.997,1.0,1.0,1.0,1.0,0.208
2025-02,467550,672,1.0,1.0,1.0,1.0,1.0,1.0,1.0,1.0,1.0,1.0,1.0,0.583,1.0,0.208,0.0,1.0,0.14,0.957,1.0,1.0,1.0,1.0,1.0,1.0,0.208
2025-03,467550,744,1.0,1.0,1.0,1.0,1.0,1.0,1.0,1.0,1.0,1.0,1.0,0.583,1.0,0.208,0.0,1.0,0.128,0.977,1.0,1.0,1.0,1.0,1.0,1.0,0.208
2025-04,467550,720,1.0,1.0,1.0,1.0,1.0,1.0,1.0,1.0,1.0,1.0,1.0,0.583,1.0,0.208,0.0,1.0,0.125,0.958,1.0,1.0,1.0,1.0,1.0,1.0,0.208
2025-05,467550,744,1.0,1.0,1.0,1.0,1.0,1.0,1.0,1.0,1.0,1.0,1.0,0.583,1.0,0.208,0.0,1.0,0.133,0.973,1.0,1.0,1.0,1.0,1.0,1.0,0.208
2025-06,467550,720,1.0,1.0,1.0,1.0,1.0,1.0,1.0,1.0,1.0,1.0,1.0,0.583,1.0,0.208,0.0,1.0,0.136,0.947,1.0,1.0,1.0,1.0,1.0,1.0,0.208
2025-07,467550,744,1.0,1.0,1.0,1.0,1.0,1.0,1.0,1.0,1.0,1.0,1.0,0.583,1.0,0.208,0.0,1.0,0.075,0.987,1.0,1.0,1.0,1.0,1.0,1.0,0.208
2025-08,467550,744,1.0,1.0,1.0,1.0,1.0,1.0,1.0,1.0,1.0,1.0,1.0,0.583,1.0,0.208,0.0,1.0,0.161,0.972,1.0,1.0,1.0,1.0,1.0,1.0,0.208
2025-09,467550,720,1.0,1.0,1.0,1.0,1.0,1.0,1.0,1.0,1.0,1.0,1.0,0.583,1.0,0.208,0.0,1.0,0.16,0.976,1.0,1.0,1.0,1.0,1.0,1.0,0.208
2025-10,467550,744,1.0,0.984,1.0,0.993,0.993,1.0,1.0,1.0,1.0,1.0,1.0,0.583,1.0,0.208,0.0,1.0,0.148,0.973,0.993,0.993,1.0,1.0,1.0,1.0,0.208
2025-11,467550,720,1.0,1.0,1.0,1.0,1.0,1.0,1.0,1.0,1.0,1.0,1.0,0.583,1.0,0.208,0.0,1.0,0.135,0.724,1.0,1.0,1.0,1.0,1.0,1.0,0.208
2025-12,467550,744,1.0,1.0,1.0,1.0,1.0,1.0,1.0,1.0,1.0,1.0,1.0,0.583,1.0,0.208,0.0,1.0,0.141,0.993,1.0,1.0,1.0,1.0,1.0,1.0,0.208
2026-01,467550,744,1.0,1.0,1.0,1.0,1.0,1.0,1.0,1.0,1.0,1.0,1.0,0.583,1.0,0.208,0.0,1.0,0.151,0.989,1.0,1.0,1.0,1.0,1.0,1.0,0.208
2026-02,467550,672,1.0,1.0,1.0,1.0,1.0,1.0,1.0,1.0,1.0,1.0,1.0,0.583,1.0,0.208,0.0,1.0,0.162,0.99,1.0,1.0,1.0,1.0,1.0,1.0,0.208
2026-03,467550,744,1.0,1.0,1.0,1.0,1.0,1.0,1.0,1.0,1.0,1.0,1.0,0.583,1.0,0.208,0.0,1.0,0.128,0.985,1.0,1.0,1.0,1.0,1.0,1.0,0.208
2026-04,467550,720,1.0,1.0,1.0,1.0,1.0,1.0,1.0,1.0,1.0,1.0,1.0,0.583,1.0,0.208,0.0,1.0,0.108,0.99,1.0,1.0,1.0,1.0,1.0,1.0,0.208
2026-05,467550,744,0.421,0.421,0.421,0.421,0.421,0.421,0.421,0.421,0.421,0.421,0.421,0.245,0.421,0.089,0.0,0.421,0.031,0.995,0.421,0.421,0.421,0.421,1.0,0.999,0.089
2026-06,467550,720,0.992,0.992,0.988,0.988,0.988,0.988,0.988,0.988,0.988,0.989,0.999,0.583,0.999,0.208,0.0,0.775,0.101,0.981,0.988,0.988,0.983,0.975,1.0,1.0,0.208
2026-07,467550,744,1.0,0.997,0.997,0.997,0.997,0.992,0.992,0.992,0.992,1.0,1.0,0.583,1.0,0.208,0.0,0.997,0.124,0.964,0.997,0.997,1.0,1.0,1.0,1.0,0.208
2026-08,467550,744,1.0,0.993,0.996,0.996,0.996,0.991,0.991,0.991,0.991,1.0,1.0,0.583,1.0,0.208,0.0,1.0,0.063,0.997,0.996,0.996,1.0,1.0,1.0,1.0,0.208
2026-09,467550,1,1.0,1.0,1.0,1.0,1.0,1.0,1.0,1.0,1.0,1.0,1.0,0.0,1.0,0.0,0.0,1.0,0.0,1.0,1.0,1.0,1.0,1.0,1.0,1.0,0.0
2008-02,C0H9C0,695,0.0,,0.869,,0.0,0.875,0.866,0.0,0.0,1.0,,1.0,0.0,,,,,,0.0,0.0,0.997,0.993,1.0,,
2008-03,C0H9C0,744,0.0,,0.978,,0.0,0.988,0.984,0.0,0.0,1.0,,1.0,0.0,,,,,,0.0,0.0,1.0,1.0,1.0,,
2008-04,C0H9C0,720,0.0,,0.992,,0.0,0.985,0.988,0.0,0.0,1.0,,1.0,0.0,,,,,,0.0,0.0,1.0,1.0,1.0,,
2008-05,C0H9C0,744,0.0,,0.981,,0.0,0.974,0.976,0.0,0.0,1.0,,1.0,0.0,,,,,,0.0,0.0,1.0,1.0,1.0,,
2008-06,C0H9C0,720,0.0,,0.96,,0.0,0.96,0.96,0.0,0.0,1.0,,1.0,0.0,,,,,,0.0,0.0,1.0,1.0,1.0,,
2008-07,C0H9C0,744,0.0,,0.988,,0.0,0.987,0.989,0.0,0.0,1.0,,1.0,0.0,,,,,,0.0,0.0,1.0,1.0,1.0,,
2008-08,C0H9C0,744,0.0,,0.984,,0.0,0.989,0.988,0.0,0.0,1.0,,1.0,0.0,,,,,,0.0,0.0,1.0,1.0,1.0,,
2008-09,C0H9C0,720,0.0,,0.978,,0.0,0.964,0.95,0.0,0.0,1.0,,1.0,0.0,,,,,,0.0,0.0,1.0,1.0,1.0,,
2008-10,C0H9C0,744,0.0,,0.993,,0.0,0.989,0.997,0.0,0.0,1.0,,1.0,0.0,,,,,,0.0,0.0,1.0,1.0,1.0,,
2008-11,C0H9C0,720,0.0,,0.983,,0.0,0.988,0.996,0.0,0.0,1.0,,1.0,0.0,,,,,,0.0,0.0,1.0,1.0,1.0,,
2008-12,C0H9C0,744,0.0,,0.973,,0.0,0.985,0.991,0.0,0.0,1.0,,1.0,0.0,,,,,,0.0,0.0,1.0,1.0,1.0,,
2009-01,C0H9C0,744,0.0,,0.97,,0.0,0.991,0.987,0.0,0.0,1.0,,1.0,0.0,,,,,,0.0,0.0,1.0,1.0,1.0,,
2009-02,C0H9C0,672,0.0,,0.988,,0.0,0.991,0.996,0.0,0.0,1.0,,1.0,0.0,,,,,,0.0,0.0,1.0,1.0,1.0,,
2009-03,C0H9C0,744,0.0,,0.945,,0.0,0.952,0.948,0.0,0.0,1.0,,1.0,0.0,,,,,,0.0,0.0,1.0,1.0,1.0,,
2009-04,C0H9C0,720,0.0,,0.992,,0.0,0.669,0.669,0.0,0.0,1.0,,1.0,0.0,,,,,,0.0,0.0,1.0,1.0,1.0,,
2009-05,C0H9C0,744,0.0,,0.983,,0.0,0.0,0.0,0.0,0.0,1.0,,1.0,0.0,,,,,,0.0,0.0,1.0,1.0,1.0,,
2009-06,C0H9C0,720,0.0,,0.988,,0.0,0.439,0.44,0.0,0.0,1.0,,1.0,0.0,,,,,,0.0,0.0,1.0,1.0,1.0,,
2009-07,C0H9C0,744,0.0,,0.984,,0.0,0.991,0.992,0.0,0.0,1.0,,1.0,0.0,,,,,,0.0,0.0,1.0,1.0,1.0,,
2009-08,C0H9C0,744,0.0,,0.958,,0.0,0.96,0.961,0.0,0.0,1.0,,1.0,0.0,,,,,,0.0,0.0,1.0,1.0,1.0,,
2009-09,C0H9C0,720,0.0,,0.544,,0.0,0.55,0.547,0.0,0.0,1.0,,1.0,0.0,,,,,,0.0,0.0,1.0,1.0,1.0,,
2009-10,C0H9C0,744,0.0,,0.831,,0.0,0.832,0.819,0.0,0.0,1.0,,1.0,0.0,,,,,,0.0,0.0,1.0,1.0,1.0,,
2009-11,C0H9C0,720,0.0,,0.924,,0.0,0.986,0.988,0.0,0.0,1.0,,1.0,0.0,,,,,,0.0,0.0,1.0,1.0,1.0,,
2009-12,C0H9C0,744,0.0,,0.966,,0.0,0.985,0.991,0.0,0.0,1.0,,1.0,0.0,,,,,,0.0,0.0,1.0,1.0,1.0,,
2010-01,C0H9C0,744,0.0,,0.953,,0.0,0.969,0.968,0.0,0.0,1.0,,1.0,0.0,,,,,,0.0,0.0,1.0,1.0,1.0,,
2010-02,C0H9C0,672,0.0,,0.972,,0.0,0.967,0.973,0.0,0.0,1.0,,1.0,0.0,,,,,,0.0,0.0,1.0,1.0,1.0,,
2010-03,C0H9C0,744,0.0,,0.98,,0.0,0.969,0.978,0.0,0.0,1.0,,1.0,0.0,,,,,,0.0,0.0,1.0,1.0,1.0,,
2010-04,C0H9C0,720,0.0,,0.988,,0.0,0.99,0.99,0.0,0.0,1.0,,1.0,0.0,,,,,,0.0,0.0,1.0,1.0,1.0,,
2010-05,C0H9C0,744,0.0,,0.988,,0.0,0.991,0.987,0.0,0.0,1.0,,1.0,0.0,,,,,,0.0,0.0,1.0,1.0,1.0,,
2010-06,C0H9C0,720,0.0,,0.994,,0.0,0.981,0.989,0.0,0.0,1.0,,1.0,0.0,,,,,,0.0,0.0,1.0,1.0,1.0,,
2010-07,C0H9C0,744,0.0,,0.977,,0.0,0.976,0.978,0.0,0.0,1.0,,1.0,0.0,,,,,,0.0,0.0,1.0,1.0,1.0,,
2010-08,C0H9C0,744,0.0,,0.993,,0.0,0.989,0.992,0.0,0.0,1.0,,1.0,0.0,,,,,,0.0,0.0,1.0,1.0,1.0,,
2010-09,C0H9C0,720,0.0,,0.994,,0.0,0.996,0.997,0.0,0.0,1.0,,1.0,0.0,,,,,,0.0,0.0,1.0,1.0,1.0,,
2010-10,C0H9C0,744,0.0,,0.989,,0.0,0.988,0.992,0.0,0.0,1.0,,1.0,0.0,,,,,,0.0,0.0,1.0,1.0,1.0,,
2010-11,C0H9C0,720,0.0,,0.989,,0.0,0.985,0.978,0.0,0.0,1.0,,1.0,0.0,,,,,,0.0,0.0,1.0,1.0,1.0,,
2010-12,C0H9C0,744,0.0,,0.973,,0.0,0.98,0.976,0.0,0.0,1.0,,1.0,0.0,,,,,,0.0,0.0,1.0,1.0,1.0,,
2011-01,C0H9C0,744,0.0,,0.968,,0.0,0.962,0.953,0.0,0.0,1.0,,1.0,0.0,,,,,,0.0,0.0,1.0,1.0,1.0,,
2011-02,C0H9C0,672,0.0,,0.951,,0.0,0.957,0.954,0.0,0.0,1.0,,1.0,0.0,,,,,,0.0,0.0,1.0,1.0,1.0,,
2011-03,C0H9C0,744,0.0,,0.973,,0.0,0.965,0.954,0.0,0.0,1.0,,1.0,0.0,,,,,,0.0,0.0,1.0,1.0,1.0,,
2011-04,C0H9C0,720,0.0,,0.99,,0.0,0.993,0.989,0.0,0.0,1.0,,1.0,0.0,,,,,,0.0,0.0,1.0,1.0,1.0,,
2011-05,C0H9C0,744,0.0,,0.98,,0.0,0.97,0.965,0.0,0.0,1.0,,1.0,0.0,,,,,,0.0,0.0,1.0,1.0,1.0,,
2011-06,C0H9C0,720,0.0,,0.965,,0.0,0.969,0.964,0.0,0.0,1.0,,1.0,0.0,,,,,,0.0,0.0,1.0,1.0,1.0,,
2011-07,C0H9C0,744,0.0,,0.078,,0.0,0.079,0.079,0.0,0.0,0.13,,0.13,0.0,,,,,,0.0,0.0,0.13,0.13,1.0,,
2011-08,C0H9C0,744,0.0,,0.0,,0.0,0.0,0.0,0.0,0.0,0.0,,0.0,0.0,,,,,,0.0,0.0,0.0,0.0,1.0,,
2011-09,C0H9C0,720,0.0,,0.0,,0.0,0.0,0.0,0.0,0.0,0.0,,0.0,0.0,,,,,,0.0,0.0,0.0,0.0,1.0,,
2011-10,C0H9C0,744,0.0,,0.0,,0.0,0.0,0.0,0.0,0.0,0.0,,0.0,0.0,,,,,,0.0,0.0,0.0,0.0,1.0,,
2011-11,C0H9C0,720,0.999,,0.999,,0.999,0.999,0.999,0.0,0.0,0.999,,0.0,0.0,,,,,,0.999,0.999,0.996,0.992,1.0,,
2011-12,C0H9C0,744,1.0,,0.997,,1.0,1.0,1.0,0.0,0.0,1.0,,0.0,0.0,,,,,,0.997,0.997,1.0,1.0,1.0,,
2012-01,C0H9C0,744,1.0,,0.985,,1.0,1.0,1.0,0.0,0.0,1.0,,0.0,0.0,,,,,,0.985,0.985,1.0,1.0,1.0,,
2012-02,C0H9C0,696,1.0,,0.987,,1.0,1.0,1.0,0.0,0.0,1.0,,0.0,0.0,,,,,,0.987,0.987,1.0,1.0,1.0,,
2012-03,C0H9C0,744,0.997,,0.993,,0.997,0.997,0.997,0.0,0.0,0.996,,0.0,0.0,,,,,,0.993,0.993,0.988,0.976,1.0,,
2012-04,C0H9C0,720,0.775,,0.775,,0.775,0.776,0.775,0.0,0.0,0.581,,0.0,0.0,,,,,,0.775,0.775,0.572,0.56,1.0,,
2012-05,C0H9C0,744,0.918,,0.918,,0.918,0.917,0.918,0.0,0.0,0.917,,0.0,0.0,,,,,,0.918,0.918,0.914,0.91,1.0,,
2012-06,C0H9C0,720,1.0,,1.0,,1.0,1.0,1.0,0.0,0.0,1.0,,0.0,0.0,,,,,,1.0,1.0,1.0,1.0,1.0,,
2012-07,C0H9C0,744,1.0,,1.0,,1.0,1.0,1.0,0.0,0.0,1.0,,0.0,0.0,,,,,,1.0,1.0,1.0,1.0,1.0,,
2012-08,C0H9C0,744,1.0,,0.898,,1.0,1.0,1.0,0.0,0.0,0.997,,0.0,0.0,,,,,,0.898,0.898,0.995,0.991,1.0,,
2012-09,C0H9C0,720,1.0,,1.0,,1.0,1.0,1.0,0.0,0.0,1.0,,0.0,0.0,,,,,,1.0,1.0,1.0,1.0,1.0,,
2012-10,C0H9C0,744,0.996,,0.996,,0.996,0.996,0.996,0.0,0.0,0.988,,0.0,0.0,,,,,,0.996,0.996,0.964,0.933,1.0,,
2012-11,C0H9C0,720,0.972,,0.972,,0.972,0.972,0.972,0.0,0.0,1.0,,0.0,0.0,,,,,,0.972,0.972,1.0,1.0,1.0,,
2012-12,C0H9C0,744,0.95,,0.94,,0.95,0.926,0.926,0.0,0.0,1.0,,0.0,0.0,,,,,,0.94,0.94,1.0,1.0,1.0,,
2013-01,C0H9C0,744,0.883,,0.874,,0.883,0.813,0.812,0.0,0.0,1.0,,0.0,0.0,,,,,,0.874,0.874,1.0,1.0,1.0,,
2013-02,C0H9C0,672,0.979,,0.979,,0.979,0.979,0.979,0.0,0.0,1.0,,0.0,0.0,,,,,,0.979,0.979,1.0,1.0,1.0,,
2013-03,C0H9C0,744,0.984,,0.981,,0.984,0.984,0.984,0.0,0.0,1.0,,0.0,0.0,,,,,,0.981,0.981,1.0,1.0,1.0,,
2013-04,C0H9C0,720,0.982,,0.982,,0.982,0.982,0.982,0.0,0.0,0.983,,0.0,0.0,,,,,,0.982,0.982,0.951,0.91,1.0,,
2013-05,C0H9C0,744,0.976,,0.976,,0.976,0.976,0.976,0.0,0.0,0.988,,0.0,0.0,,,,,,0.976,0.976,0.964,0.927,1.0,,
2013-06,C0H9C0,720,0.971,,0.971,,0.971,0.971,0.971,0.0,0.0,0.979,,0.0,0.0,,,,,,0.971,0.971,0.938,0.879,1.0,,
2013-07,C0H9C0,744,0.983,,0.983,,0.983,0.983,0.983,0.0,0.0,0.985,,0.0,0.0,,,,,,0.983,0.983,0.956,0.913,1.0,,
2013-08,C0H9C0,744,1.0,,1.0,,1.0,1.0,1.0,0.0,0.0,0.988,,0.0,0.0,,,,,,1.0,1.0,0.964,0.927,1.0,,
2013-09,C0H9C0,720,1.0,,1.0,,1.0,1.0,1.0,0.0,0.0,0.986,,0.0,0.0,,,,,,1.0,1.0,0.96,0.922,1.0,,
2013-10,C0H9C0,744,1.0,,1.0,,1.0,1.0,1.0,0.0,0.0,0.984,,0.0,0.0,,,,,,1.0,1.0,0.954,0.914,1.0,,
2013-11,C0H9C0,720,1.0,,0.993,,1.0,1.0,1.0,0.0,0.0,0.969,,0.0,0.0,,,,,,0.993,0.993,0.931,0.876,1.0,,
2013-12,C0H9C0,744,1.0,,0.985,,1.0,1.0,1.0,0.0,0.0,0.96,,0.0,0.0,,,,,,0.985,0.985,0.913,0.852,1.0,,
2014-01,C0H9C0,744,1.0,,0.993,,1.0,1.0,1.0,0.0,0.0,0.978,,0.0,0.0,,,,,,0.993,0.993,0.937,0.882,1.0,,
2014-02,C0H9C0,672,0.999,,0.991,,0.999,0.768,0.768,0.0,0.0,0.833,,0.0,0.0,,,,,,0.991,0.991,0.775,0.731,1.0,,
2014-03,C0H9C0,744,1.0,,0.997,,1.0,1.0,1.0,0.0,0.0,0.974,,0.0,0.0,,,,,,0.997,0.997,0.926,0.856,1.0,,
2014-04,C0H9C0,720,1.0,,1.0,,1.0,1.0,1.0,0.0,0.0,0.974,,0.0,0.0,,,,,,1.0,1.0,0.935,0.879,1.0,,
2014-05,C0H9C0,744,1.0,,1.0,,1.0,1.0,1.0,0.0,0.0,0.992,,0.0,0.0,,,,,,1.0,1.0,0.976,0.952,1.0,,
2014-06,C0H9C0,720,1.0,,1.0,,1.0,1.0,1.0,0.0,0.0,0.989,,0.0,0.0,,,,,,1.0,1.0,0.967,0.933,1.0,,
2014-07,C0H9C0,744,1.0,,1.0,,1.0,1.0,1.0,0.0,0.0,0.977,,0.0,0.0,,,,,,1.0,1.0,0.931,0.866,1.0,,
2014-08,C0H9C0,744,1.0,,1.0,,1.0,1.0,1.0,0.0,0.0,0.976,,0.0,0.0,,,,,,1.0,1.0,0.933,0.874,1.0,,
2014-09,C0H9C0,720,1.0,,1.0,,1.0,1.0,1.0,0.0,0.0,0.978,,0.0,0.0,,,,,,1.0,1.0,0.936,0.878,1.0,,
2014-10,C0H9C0,744,1.0,,1.0,,1.0,1.0,1.0,0.0,0.0,0.987,,0.0,0.0,,,,,,1.0,1.0,0.96,0.925,1.0,,
2014-11,C0H9C0,720,0.985,,0.983,,0.985,0.985,0.985,0.0,0.0,0.986,,0.0,0.0,,,,,,0.983,0.983,0.958,0.919,1.0,,
2014-12,C0H9C0,744,0.972,,0.964,,0.972,0.972,0.972,0.0,0.0,0.97,,0.0,0.0,,,,,,0.964,0.964,0.922,0.853,1.0,,
2015-01,C0H9C0,744,1.0,,1.0,,1.0,1.0,1.0,0.0,0.0,0.937,,0.0,0.0,,,,,,1.0,1.0,0.855,0.743,1.0,,
2015-02,C0H9C0,672,0.902,,0.893,,0.902,0.902,0.902,0.0,0.0,0.932,,0.0,0.0,,,,,,0.893,0.893,0.878,0.81,1.0,,
2015-03,C0H9C0,744,0.985,,0.984,,0.985,0.985,0.985,0.0,0.0,0.977,,0.0,0.0,,,,,,0.984,0.984,0.935,0.884,1.0,,
2015-04,C0H9C0,720,0.999,,0.999,,0.999,0.999,0.999,0.0,0.0,0.985,,0.0,0.0,,,,,,0.999,0.999,0.954,0.904,1.0,,
2015-05,C0H9C0,744,1.0,,1.0,,1.0,1.0,1.0,0.0,0.0,1.0,,0.0,0.0,,,,,,1.0,1.0,1.0,1.0,1.0,,
2015-06,C0H9C0,720,1.0,,1.0,,1.0,1.0,1.0,0.0,0.0,1.0,,0.0,0.0,,,,,,1.0,1.0,1.0,1.0,1.0,,
2015-07,C0H9C0,744,0.999,,0.999,,0.999,0.999,0.999,0.0,0.0,1.0,,0.0,0.0,,,,,,0.999,0.999,1.0,1.0,1.0,,
2015-08,C0H9C0,744,0.999,,0.999,,0.491,0.999,0.999,0.0,0.0,1.0,,0.0,0.0,,,,,,0.491,0.491,1.0,1.0,1.0,,
2015-09,C0H9C0,720,1.0,,1.0,,1.0,1.0,1.0,0.0,0.0,1.0,,0.0,0.0,,,,,,1.0,1.0,1.0,1.0,1.0,,
2015-10,C0H9C0,744,1.0,,1.0,,1.0,1.0,1.0,0.0,0.0,1.0,,0.0,0.0,,,,,,1.0,1.0,1.0,1.0,1.0,,
2015-11,C0H9C0,720,1.0,,0.999,,1.0,1.0,1.0,0.0,0.0,1.0,,0.0,0.0,,,,,,0.999,0.999,1.0,1.0,1.0,,
2015-12,C0H9C0,744,1.0,,0.993,,1.0,1.0,1.0,0.0,0.0,1.0,,0.0,0.0,,,,,,0.993,0.993,1.0,1.0,1.0,,
2016-01,C0H9C0,744,1.0,,0.989,,1.0,1.0,1.0,0.999,0.999,1.0,,0.0,0.0,,,,,,0.989,0.989,1.0,1.0,1.0,,
2016-02,C0H9C0,696,1.0,,1.0,,1.0,1.0,1.0,1.0,1.0,1.0,,0.0,0.0,,,,,,1.0,1.0,1.0,1.0,1.0,,
2016-03,C0H9C0,744,1.0,,1.0,,1.0,1.0,1.0,1.0,1.0,0.968,,0.0,0.0,,,,,,1.0,1.0,0.965,0.961,1.0,,
2016-04,C0H9C0,720,0.999,,0.999,,0.999,0.999,0.999,1.0,1.0,1.0,,0.0,0.0,,,,,,0.999,0.999,1.0,1.0,1.0,,
2016-05,C0H9C0,744,1.0,,1.0,,1.0,1.0,1.0,1.0,1.0,1.0,,0.0,0.0,,,,,,1.0,1.0,1.0,1.0,1.0,,
2016-06,C0H9C0,720,1.0,,1.0,,1.0,1.0,1.0,1.0,1.0,1.0,,0.0,0.0,,,,,,1.0,1.0,1.0,1.0,1.0,,
2016-07,C0H9C0,744,1.0,,1.0,,1.0,1.0,1.0,1.0,1.0,1.0,,0.0,0.0,,,,,,1.0,1.0,1.0,1.0,1.0,,
2016-08,C0H9C0,744,1.0,,1.0,,1.0,1.0,1.0,1.0,1.0,1.0,,0.0,0.0,,,,,,1.0,1.0,1.0,1.0,1.0,,
2016-09,C0H9C0,720,1.0,,1.0,,1.0,1.0,1.0,1.0,1.0,1.0,,0.0,0.0,,,,,,1.0,1.0,1.0,1.0,1.0,,
2016-10,C0H9C0,744,0.999,,0.999,,0.999,0.999,0.999,0.937,0.937,1.0,,0.0,0.0,,,,,,0.999,0.999,1.0,1.0,1.0,,
2016-11,C0H9C0,720,1.0,,1.0,,1.0,1.0,1.0,0.0,0.0,1.0,,0.0,0.0,,,,,,1.0,1.0,1.0,1.0,1.0,,
2016-12,C0H9C0,744,1.0,,0.999,,1.0,1.0,1.0,0.0,0.0,1.0,,0.0,0.0,,,,,,0.999,0.999,1.0,1.0,1.0,,
2017-01,C0H9C0,744,1.0,,0.995,,1.0,0.813,0.813,0.999,0.999,1.0,,0.0,0.0,,,,,,0.995,0.995,1.0,1.0,1.0,,
2017-02,C0H9C0,672,1.0,,0.99,,1.0,1.0,1.0,1.0,1.0,1.0,,0.0,0.0,,,,,,0.99,0.99,1.0,1.0,1.0,,
2017-03,C0H9C0,744,1.0,,0.999,,1.0,1.0,1.0,1.0,1.0,1.0,,0.0,0.0,,,,,,0.999,0.999,1.0,1.0,1.0,,
2017-04,C0H9C0,720,0.808,,0.808,,0.808,0.808,0.808,0.815,0.815,0.982,,0.0,0.0,,,,,,0.808,0.808,0.974,0.962,1.0,,
2017-05,C0H9C0,744,0.97,,0.97,,0.97,0.97,0.97,0.999,0.999,0.984,,0.0,0.0,,,,,,0.97,0.97,0.952,0.906,1.0,,
2017-06,C0H9C0,720,0.662,,0.662,,0.662,0.662,0.662,0.667,0.667,0.662,,0.0,0.0,,,,,,0.662,0.662,0.643,0.618,1.0,,
2017-07,C0H9C0,744,1.0,,1.0,,1.0,1.0,1.0,1.0,1.0,0.969,,0.0,0.0,,,,,,1.0,1.0,0.969,0.969,1.0,,
2017-08,C0H9C0,744,0.999,,0.999,,0.999,0.999,0.999,1.0,1.0,0.948,,0.0,0.0,,,,,,0.999,0.999,0.945,0.941,1.0,,
2017-09,C0H9C0,720,1.0,,1.0,,1.0,1.0,1.0,1.0,1.0,1.0,,0.0,0.0,,,,,,1.0,1.0,1.0,1.0,1.0,,
2017-10,C0H9C0,744,1.0,,1.0,,1.0,1.0,1.0,1.0,1.0,1.0,,0.0,0.0,,,,,,1.0,1.0,1.0,1.0,1.0,,
2017-11,C0H9C0,720,1.0,,1.0,,1.0,1.0,1.0,1.0,1.0,0.429,,0.0,0.0,,,,,,1.0,1.0,0.424,0.415,1.0,,
2017-12,C0H9C0,744,1.0,,1.0,,1.0,1.0,1.0,1.0,1.0,1.0,,0.0,0.0,,,,,,1.0,1.0,1.0,1.0,1.0,,
2018-01,C0H9C0,744,1.0,,1.0,,1.0,1.0,1.0,1.0,1.0,0.922,,0.0,0.0,,,,,,1.0,1.0,0.919,0.915,1.0,,
2018-02,C0H9C0,672,0.999,,0.999,,0.999,0.999,0.999,1.0,1.0,1.0,,0.0,0.0,,,,,,0.999,0.999,1.0,1.0,1.0,,
2018-03,C0H9C0,744,1.0,,1.0,,1.0,1.0,1.0,1.0,1.0,0.984,,0.0,0.0,,,,,,1.0,1.0,0.96,0.931,1.0,,
2018-04,C0H9C0,720,0.997,,0.997,,0.997,0.997,0.997,1.0,1.0,0.504,,0.0,0.0,,,,,,0.997,0.997,0.483,0.458,1.0,,
2018-05,C0H9C0,744,1.0,,1.0,,1.0,1.0,1.0,1.0,1.0,0.984,,0.0,0.0,,,,,,1.0,1.0,0.952,0.903,1.0,,
2018-06,C0H9C0,720,0.999,,0.999,,0.999,0.999,0.999,1.0,1.0,0.979,,0.0,0.0,,,,,,0.999,0.999,0.939,0.885,1.0,,
2018-07,C0H9C0,744,1.0,,1.0,,1.0,1.0,1.0,1.0,1.0,0.988,,0.0,0.0,,,,,,1.0,1.0,0.964,0.929,1.0,,
2018-08,C0H9C0,744,1.0,,1.0,,1.0,1.0,1.0,1.0,1.0,0.991,,0.0,0.0,,,,,,1.0,1.0,0.972,0.948,1.0,,
2018-09,C0H9C0,720,0.999,,0.999,,0.999,0.999,0.999,1.0,1.0,0.992,,0.0,0.0,,,,,,0.999,0.999,0.975,0.95,1.0,,
2018-10,C0H9C0,744,1.0,,1.0,,1.0,1.0,1.0,1.0,1.0,0.992,,0.0,0.0,,,,,,1.0,1.0,0.976,0.952,1.0,,
2018-11,C0H9C0,720,1.0,,1.0,,1.0,1.0,1.0,1.0,1.0,0.975,,0.0,0.0,,,,,,1.0,1.0,0.928,0.874,1.0,,
2018-12,C0H9C0,744,1.0,,1.0,,0.706,1.0,1.0,1.0,1.0,0.987,,0.0,0.0,,,,,,0.706,0.706,0.96,0.923,1.0,,
2019-01,C0H9C0,744,1.0,,1.0,,0.0,1.0,1.0,1.0,1.0,0.985,,0.0,0.0,,,,,,0.0,0.0,0.956,0.914,1.0,,
2019-02,C0H9C0,672,1.0,,1.0,,0.188,1.0,1.0,1.0,1.0,0.99,,0.0,0.0,,,,,,0.188,0.188,0.969,0.938,1.0,,
2019-03,C0H9C0,744,1.0,,1.0,,1.0,1.0,1.0,1.0,1.0,1.0,,0.0,0.0,,,,,,1.0,1.0,1.0,1.0,1.0,,
2019-04,C0H9C0,720,1.0,,1.0,,0.871,1.0,1.0,1.0,1.0,1.0,,0.0,0.0,,,,,,0.871,0.871,1.0,1.0,1.0,,
2019-05,C0H9C0,744,1.0,,0.774,,0.2,1.0,1.0,1.0,1.0,0.996,,0.0,0.0,,,,,,0.2,0.2,0.988,0.976,1.0,,
2019-06,C0H9C0,720,1.0,,1.0,,0.326,1.0,1.0,1.0,1.0,0.985,,0.0,0.0,,,,,,0.326,0.326,0.957,0.919,1.0,,
2019-07,C0H9C0,744,1.0,,1.0,,0.437,1.0,1.0,1.0,1.0,0.985,,0.0,0.0,,,,,,0.437,0.437,0.956,0.914,1.0,,
2019-08,C0H9C0,744,1.0,,0.911,,0.339,1.0,1.0,1.0,1.0,0.989,,0.0,0.0,,,,,,0.339,0.339,0.969,0.941,1.0,,
2019-09,C0H9C0,720,1.0,,0.0,,0.0,1.0,1.0,1.0,1.0,0.957,,0.0,0.0,,,,,,0.0,0.0,0.918,0.869,1.0,,
2019-10,C0H9C0,744,1.0,,0.0,,0.0,1.0,1.0,1.0,1.0,0.95,,0.0,0.0,,,,,,0.0,0.0,0.871,0.79,1.0,,
2019-11,C0H9C0,720,0.999,,0.849,,0.642,0.999,0.999,1.0,1.0,0.994,,0.0,0.0,,,,,,0.642,0.642,0.983,0.967,1.0,,
2019-12,C0H9C0,744,1.0,,1.0,,1.0,1.0,1.0,1.0,1.0,1.0,,0.0,0.0,,,,,,1.0,1.0,1.0,1.0,1.0,,
2020-01,C0H9C0,744,1.0,,1.0,,1.0,1.0,1.0,1.0,1.0,1.0,,0.0,0.0,,,,,,1.0,1.0,1.0,1.0,1.0,,
2020-02,C0H9C0,696,1.0,,1.0,,1.0,1.0,1.0,1.0,1.0,1.0,,0.0,0.0,,,,,,1.0,1.0,1.0,1.0,1.0,,
2020-03,C0H9C0,744,1.0,,1.0,,1.0,1.0,1.0,1.0,1.0,0.996,,0.0,0.0,,,,,,1.0,1.0,0.988,0.976,1.0,,
2020-04,C0H9C0,720,1.0,,1.0,,1.0,1.0,1.0,1.0,1.0,0.982,,0.0,0.0,,,,,,1.0,1.0,0.946,0.892,1.0,,
2020-05,C0H9C0,744,0.856,,0.856,,0.856,0.856,0.856,0.856,0.856,0.843,,0.0,0.0,,,,,,0.856,0.856,0.813,0.772,1.0,,
2020-06,C0H9C0,720,0.946,,0.946,,0.946,0.946,0.946,0.947,0.947,0.933,,0.0,0.0,,,,,,0.946,0.946,0.894,0.836,1.0,,
2020-07,C0H9C0,744,0.922,,0.922,,0.922,0.922,0.922,1.0,1.0,0.902,,0.0,0.0,,,,,,0.922,0.922,0.849,0.781,1.0,,
2020-08,C0H9C0,744,0.969,,0.969,,0.969,0.969,0.969,1.0,1.0,0.954,,0.0,0.0,,,,,,0.969,0.969,0.925,0.88,1.0,,
2020-09,C0H9C0,720,0.915,,0.915,,0.915,0.915,0.915,0.999,0.999,0.907,,0.0,0.0,,,,,,0.915,0.915,0.879,0.842,1.0,,
2020-10,C0H9C0,744,0.823,,0.823,,0.823,0.823,0.823,1.0,1.0,0.819,,0.0,0.0,,,,,,0.823,0.823,0.786,0.746,1.0,,
2020-11,C0H9C0,720,1.0,,1.0,,1.0,1.0,1.0,1.0,1.0,0.981,,0.0,0.0,,,,,,1.0,1.0,0.944,0.896,1.0,,
2020-12,C0H9C0,744,1.0,,1.0,,1.0,1.0,1.0,1.0,1.0,0.985,,0.0,0.0,,,,,,1.0,1.0,0.954,0.91,1.0,,
2021-01,C0H9C0,744,1.0,,1.0,,1.0,1.0,1.0,1.0,1.0,0.966,,0.0,0.0,,,,,,1.0,1.0,0.907,0.831,1.0,,
2021-02,C0H9C0,672,1.0,,1.0,,1.0,1.0,1.0,1.0,1.0,1.0,,0.0,0.0,,,,,,1.0,1.0,1.0,1.0,1.0,,
2021-03,C0H9C0,744,1.0,,1.0,,1.0,1.0,1.0,1.0,1.0,1.0,,0.0,0.0,,,,,,1.0,1.0,1.0,1.0,1.0,,
2021-04,C0H9C0,720,1.0,,1.0,,1.0,1.0,1.0,1.0,1.0,1.0,,0.0,0.0,,,,,,1.0,1.0,1.0,1.0,1.0,,
2021-05,C0H9C0,744,1.0,,1.0,,1.0,1.0,1.0,1.0,1.0,1.0,,0.0,0.0,,,,,,1.0,1.0,1.0,1.0,1.0,,
2021-06,C0H9C0,720,1.0,,1.0,,1.0,1.0,1.0,1.0,1.0,1.0,,0.0,0.0,,,,,,1.0,1.0,1.0,1.0,1.0,,
2021-07,C0H9C0,744,0.98,,0.98,,0.98,0.98,0.98,0.992,0.992,0.987,,0.0,0.0,,,,,,0.98,0.98,0.966,0.945,1.0,,
2021-08,C0H9C0,744,0.972,,0.972,,0.972,0.972,0.972,0.999,0.999,0.98,,0.0,0.0,,,,,,0.972,0.972,0.945,0.892,1.0,,
2021-09,C0H9C0,720,0.976,,0.976,,0.976,0.976,0.976,0.996,0.996,0.981,,0.0,0.0,,,,,,0.976,0.976,0.953,0.912,1.0,,
2021-10,C0H9C0,744,0.987,,0.987,,0.987,0.987,0.987,1.0,1.0,0.987,,0.0,0.0,,,,,,0.987,0.987,0.96,0.919,1.0,,
2021-11,C0H9C0,720,0.982,,0.982,,0.982,0.982,0.982,1.0,1.0,0.986,,0.0,0.0,,,,,,0.982,0.982,0.961,0.924,1.0,,
2021-12,C0H9C0,744,0.984,,0.984,,0.984,0.984,0.984,0.999,0.999,0.987,,0.0,0.0,,,,,,0.984,0.984,0.96,0.919,1.0,,
2022-01,C0H9C0,744,0.942,,0.942,,0.942,0.942,0.942,0.991,0.991,0.97,,0.0,0.0,,,,,,0.942,0.942,0.934,0.888,1.0,,
2022-02,C0H9C0,672,0.966,,0.966,,0.966,0.966,0.966,0.997,0.997,0.987,,0.0,0.0,,,,,,0.966,0.966,0.963,0.927,1.0,,
2022-03,C0H9C0,744,0.977,,0.977,,0.977,0.977,0.977,1.0,1.0,0.983,,0.0,0.0,,,,,,0.977,0.977,0.948,0.902,1.0,,
2022-04,C0H9C0,720,0.972,,0.972,,0.972,0.972,0.972,1.0,1.0,0.962,,0.0,0.0,,,,,,0.972,0.972,0.888,0.785,1.0,,
2022-05,C0H9C0,744,0.962,,0.962,,0.962,0.962,0.962,1.0,1.0,0.983,,0.0,0.0,,,,,,0.962,0.962,0.948,0.895,1.0,,
2022-06,C0H9C0,720,0.968,,0.968,,0.968,0.968,0.968,1.0,1.0,0.978,,0.0,0.0,,,,,,0.968,0.968,0.942,0.896,1.0,,
2022-07,C0H9C0,744,0.98,,0.98,,0.98,0.98,0.98,1.0,1.0,0.987,,0.0,0.0,,,,,,0.98,0.98,0.96,0.923,1.0,,
2022-08,C0H9C0,744,0.966,,0.745,,0.745,0.966,0.966,1.0,1.0,0.976,,0.0,0.0,,,,,,0.745,0.745,0.927,0.859,1.0,,
2022-09,C0H9C0,720,1.0,,1.0,,1.0,1.0,1.0,1.0,1.0,0.972,,0.0,0.0,,,,,,1.0,1.0,0.918,0.85,1.0,,
2022-10,C0H9C0,744,0.858,,1.0,,1.0,1.0,1.0,1.0,1.0,0.985,,0.0,0.0,,,,,,1.0,1.0,0.956,0.911,1.0,,
2022-11,C0H9C0,720,0.879,,1.0,,1.0,1.0,1.0,1.0,1.0,0.974,,0.0,0.0,,,,,,1.0,1.0,0.924,0.851,1.0,,
2022-12,C0H9C0,744,0.53,,0.999,,0.999,0.999,0.999,1.0,1.0,0.948,,0.0,0.0,,,,,,0.999,0.999,0.859,0.734,1.0,,
2023-01,C0H9C0,744,1.0,,1.0,,1.0,1.0,1.0,1.0,1.0,0.94,,0.0,0.0,,,,,,1.0,1.0,0.858,0.77,1.0,,
2023-02,C0H9C0,672,0.555,,1.0,,1.0,1.0,1.0,1.0,1.0,0.966,,0.0,0.0,,,,,,1.0,1.0,0.909,0.833,1.0,,
2023-03,C0H9C0,744,0.531,,1.0,,1.0,1.0,1.0,1.0,1.0,0.958,,0.0,0.0,,,,,,1.0,1.0,0.895,0.823,1.0,,
2023-04,C0H9C0,720,1.0,,1.0,,1.0,1.0,1.0,1.0,1.0,0.901,,0.0,0.0,,,,,,1.0,1.0,0.783,0.653,1.0,,
2023-05,C0H9C0,744,0.999,,0.999,,0.999,0.999,0.999,1.0,1.0,0.978,,0.0,0.0,,,,,,0.999,0.999,0.941,0.888,1.0,,
2023-06,C0H9C0,720,0.971,,0.946,,0.946,0.983,0.983,1.0,1.0,0.972,,0.0,0.0,,,,,,0.946,0.946,0.917,0.84,1.0,,
2023-07,C0H9C0,744,0.778,,0.778,,0.778,0.778,0.778,0.78,0.78,0.776,,0.0,0.0,,,,,,0.778,0.778,0.739,0.692,1.0,,
2023-08,C0H9C0,744,1.0,,1.0,,1.0,1.0,1.0,1.0,1.0,0.989,,0.0,0.0,,,,,,1.0,1.0,0.968,0.935,1.0,,
2023-09,C0H9C0,720,1.0,,1.0,,1.0,1.0,1.0,1.0,1.0,0.985,,0.0,0.0,,,,,,1.0,1.0,0.954,0.908,1.0,,
2023-10,C0H9C0,744,1.0,,1.0,,1.0,1.0,1.0,1.0,1.0,0.989,,0.0,0.0,,,,,,1.0,1.0,0.968,0.937,1.0,,
2023-11,C0H9C0,720,0.999,,0.999,,0.999,0.999,0.999,1.0,1.0,0.981,,0.0,0.0,,,,,,0.999,0.999,0.944,0.894,1.0,,
2023-12,C0H9C0,744,1.0,,1.0,,1.0,1.0,1.0,1.0,1.0,0.978,,0.0,0.0,,,,,,1.0,1.0,0.94,0.894,1.0,,
2024-01,C0H9C0,744,1.0,,1.0,,1.0,0.739,0.739,1.0,1.0,0.909,,0.0,0.0,,,,,,1.0,1.0,0.808,0.684,1.0,,
2024-02,C0H9C0,696,1.0,,1.0,,1.0,0.911,0.911,1.0,1.0,0.974,,0.0,0.0,,,,,,1.0,1.0,0.937,0.886,1.0,,
2024-03,C0H9C0,744,1.0,,1.0,,1.0,1.0,1.0,1.0,1.0,0.978,,0.0,0.0,,,,,,1.0,1.0,0.941,0.894,1.0,,
2024-04,C0H9C0,720,1.0,,1.0,,1.0,1.0,1.0,1.0,1.0,0.989,,0.0,0.0,,,,,,1.0,1.0,0.969,0.944,1.0,,
2024-05,C0H9C0,744,1.0,,1.0,,1.0,1.0,1.0,1.0,1.0,0.981,,0.0,0.0,,,,,,1.0,1.0,0.948,0.899,1.0,,
2024-06,C0H9C0,720,1.0,,1.0,,1.0,1.0,1.0,1.0,1.0,0.989,,0.0,0.0,,,,,,1.0,1.0,0.965,0.928,1.0,,
2024-07,C0H9C0,744,0.999,,0.999,,0.999,0.999,0.999,1.0,1.0,0.976,,0.0,0.0,,,,,,0.999,0.999,0.93,0.863,1.0,,
2024-08,C0H9C0,744,1.0,,1.0,,1.0,1.0,1.0,1.0,1.0,0.949,,0.0,0.0,,,,,,1.0,1.0,0.888,0.812,1.0,,
2024-09,C0H9C0,720,0.997,,0.997,,0.997,0.997,0.997,1.0,1.0,0.992,,0.0,0.0,,,,,,0.997,0.997,0.975,0.953,1.0,,
2024-10,C0H9C0,744,0.978,,0.978,,0.978,0.978,0.978,1.0,1.0,0.987,,0.0,0.0,,,,,,0.978,0.978,0.96,0.926,1.0,,
2024-11,C0H9C0,720,0.947,,0.947,,0.947,0.947,0.947,0.978,0.978,0.965,,0.0,0.0,,,,,,0.947,0.947,0.947,0.926,1.0,,
2024-12,C0H9C0,744,0.968,,0.968,,0.968,0.891,0.891,0.915,0.915,0.949,,0.0,0.0,,,,,,0.968,0.968,0.874,0.785,1.0,,
2025-01,C0H9C0,744,0.938,,0.938,,0.938,0.938,0.938,1.0,1.0,0.931,,0.0,0.0,,,,,,0.938,0.938,0.832,0.727,1.0,,
2025-02,C0H9C0,672,0.93,,0.93,,0.93,0.765,0.765,0.836,0.836,0.949,,0.0,0.0,,,,,,0.93,0.93,0.884,0.818,1.0,,
2025-03,C0H9C0,744,0.95,,0.95,,0.95,0.95,0.95,0.999,0.999,0.966,,0.0,0.0,,,,,,0.95,0.95,0.917,0.849,1.0,,
2025-04,C0H9C0,720,0.962,,0.962,,0.962,0.962,0.962,0.986,0.986,0.807,,0.0,0.0,,,,,,0.962,0.962,0.774,0.724,1.0,,
2025-05,C0H9C0,744,0.974,,0.974,,0.974,0.974,0.974,0.999,0.999,0.983,,0.0,0.0,,,,,,0.974,0.974,0.95,0.902,1.0,,
2025-06,C0H9C0,720,0.978,,0.978,,0.978,0.978,0.978,1.0,1.0,0.994,,0.0,0.0,,,,,,0.978,0.978,0.983,0.967,1.0,,
2025-07,C0H9C0,744,0.973,,0.973,,0.973,0.973,0.973,1.0,1.0,0.987,,0.0,0.0,,,,,,0.973,0.973,0.96,0.923,1.0,,
2025-08,C0H9C0,744,0.968,,0.968,,0.968,0.968,0.968,1.0,1.0,0.976,,0.0,0.0,,,,,,0.968,0.968,0.927,0.852,1.0,,
2025-09,C0H9C0,720,0.982,,0.982,,0.982,0.982,0.982,1.0,1.0,0.983,,0.0,0.0,,,,,,0.982,0.982,0.95,0.9,1.0,,
2025-10,C0H9C0,744,0.977,,0.977,,0.977,0.977,0.977,1.0,1.0,0.985,,0.0,0.0,,,,,,0.977,0.977,0.956,0.911,1.0,,
2025-11,C0H9C0,720,0.979,,0.979,,0.979,0.979,0.979,1.0,1.0,0.99,,0.0,0.0,,,,,,0.979,0.979,0.971,0.942,1.0,,
2025-12,C0H9C0,744,0.946,,0.946,,0.841,0.946,0.946,0.988,0.988,0.941,,0.0,0.0,,,,,,0.841,0.841,0.858,0.767,1.0,,
2026-01,C0H9C0,744,0.906,,0.906,,0.888,0.906,0.906,0.984,0.984,0.906,,0.0,0.0,,,,,,0.888,0.888,0.802,0.69,1.0,,
2026-02,C0H9C0,672,0.957,,0.957,,0.909,0.957,0.957,1.0,1.0,0.954,,0.0,0.0,,,,,,0.909,0.909,0.874,0.787,1.0,,
2026-03,C0H9C0,744,0.95,,0.625,,0.617,0.933,0.933,0.978,0.978,0.935,,0.0,0.0,,,,,,0.617,0.617,0.872,0.792,1.0,,
2026-04,C0H9C0,720,0.972,,0.972,,0.938,0.972,0.972,1.0,1.0,0.986,,0.0,0.0,,,,,,0.938,0.938,0.958,0.918,1.0,,
2026-05,C0H9C0,744,0.796,,0.796,,0.79,0.796,0.796,0.978,0.978,0.825,,0.0,0.0,,,,,,0.79,0.79,0.797,0.767,1.0,,
2026-06,C0H9C0,720,0.854,,0.854,,0.854,0.854,0.854,1.0,1.0,0.857,,0.0,0.0,,,,,,0.854,0.854,0.814,0.76,1.0,,
2026-07,C0H9C0,744,0.968,,0.968,,0.968,0.968,0.968,0.999,0.999,0.985,,0.0,0.0,,,,,,0.968,0.968,0.958,0.922,1.0,,
2026-08,C0H9C0,744,0.977,,0.977,,0.977,0.977,0.977,1.0,1.0,0.985,,0.0,0.0,,,,,,0.977,0.977,0.956,0.911,1.0,,
2026-09,C0H9C0,1,1.0,,1.0,,1.0,1.0,1.0,1.0,1.0,1.0,,0.0,0.0,,,,,,1.0,1.0,1.0,1.0,1.0,,
2023-01,466920,743,1.0,1.0,1.0,1.0,1.0,1.0,1.0,1.0,1.0,1.0,1.0,0.584,1.0,0.209,0.0,1.0,0.209,0.961,1.0,1.0,0.997,0.993,1.0,1.0,0.209
2023-02,466920,672,1.0,1.0,1.0,1.0,1.0,1.0,1.0,1.0,1.0,1.0,1.0,0.583,1.0,0.208,0.0,1.0,0.208,0.167,1.0,1.0,1.0,1.0,1.0,1.0,0.208
2023-03,466920,744,1.0,1.0,1.0,1.0,1.0,1.0,1.0,1.0,1.0,1.0,1.0,0.583,1.0,0.208,0.0,1.0,0.208,0.993,1.0,1.0,1.0,1.0,1.0,1.0,0.208
2023-04,466920,720,1.0,1.0,1.0,1.0,1.0,1.0,1.0,1.0,1.0,1.0,1.0,0.583,1.0,0.208,0.0,1.0,0.208,0.982,1.0,1.0,1.0,1.0,1.0,1.0,0.208
2023-05,466920,744,1.0,1.0,1.0,1.0,1.0,1.0,1.0,1.0,1.0,1.0,1.0,0.583,1.0,0.208,0.0,1.0,0.208,0.992,1.0,1.0,1.0,1.0,1.0,1.0,0.208
2023-06,466920,720,1.0,1.0,1.0,1.0,1.0,1.0,1.0,1.0,1.0,1.0,1.0,0.583,1.0,0.208,0.0,1.0,0.208,0.972,1.0,1.0,1.0,1.0,1.0,1.0,0.208
2023-07,466920,744,1.0,1.0,1.0,1.0,1.0,1.0,1.0,1.0,1.0,1.0,1.0,0.583,1.0,0.208,0.0,1.0,0.208,0.977,1.0,1.0,1.0,1.0,1.0,1.0,0.208
2023-08,466920,744,1.0,1.0,1.0,1.0,1.0,1.0,1.0,1.0,1.0,1.0,1.0,0.583,1.0,0.208,0.0,1.0,0.208,0.993,1.0,1.0,1.0,1.0,1.0,1.0,0.208
2023-09,466920,720,1.0,1.0,1.0,1.0,1.0,1.0,1.0,1.0,1.0,1.0,1.0,0.583,1.0,0.208,0.0,1.0,0.208,0.967,1.0,1.0,1.0,1.0,1.0,1.0,0.208
2023-10,466920,744,1.0,1.0,1.0,1.0,1.0,1.0,1.0,1.0,1.0,1.0,1.0,0.583,1.0,0.208,0.0,1.0,0.208,0.981,1.0,1.0,1.0,1.0,1.0,1.0,0.208
2023-11,466920,720,1.0,1.0,1.0,1.0,1.0,1.0,1.0,1.0,1.0,1.0,1.0,0.583,1.0,0.208,0.0,1.0,0.208,0.988,1.0,1.0,1.0,1.0,1.0,1.0,0.208
2023-12,466920,744,1.0,1.0,1.0,1.0,1.0,1.0,1.0,1.0,1.0,1.0,1.0,0.583,1.0,0.208,0.0,1.0,0.208,0.97,1.0,1.0,1.0,1.0,1.0,1.0,0.208
2024-01,466920,744,1.0,1.0,1.0,1.0,1.0,1.0,1.0,1.0,1.0,1.0,1.0,0.583,1.0,0.208,0.0,1.0,0.208,0.976,1.0,1.0,1.0,1.0,1.0,1.0,0.208
2024-02,466920,696,1.0,1.0,1.0,1.0,1.0,1.0,1.0,1.0,1.0,1.0,1.0,0.583,1.0,0.208,0.0,1.0,0.208,0.989,1.0,1.0,1.0,1.0,1.0,1.0,0.208
2024-03,466920,744,1.0,1.0,1.0,1.0,1.0,1.0,1.0,1.0,1.0,1.0,1.0,0.583,1.0,0.208,0.0,1.0,0.208,0.985,1.0,1.0,1.0,1.0,1.0,1.0,0.208
2024-04,466920,720,1.0,1.0,1.0,1.0,1.0,1.0,1.0,1.0,1.0,1.0,1.0,0.583,1.0,0.208,0.0,1.0,0.208,0.976,1.0,1.0,1.0,1.0,1.0,1.0,0.208
2024-05,466920,744,1.0,1.0,1.0,1.0,1.0,1.0,1.0,1.0,1.0,1.0,1.0,0.583,1.0,0.208,0.0,1.0,0.208,0.989,1.0,1.0,1.0,1.0,1.0,1.0,0.208
2024-06,466920,720,1.0,1.0,1.0,1.0,1.0,1.0,1.0,1.0,1.0,1.0,1.0,0.583,1.0,0.208,0.0,1.0,0.208,0.996,1.0,1.0,1.0,1.0,1.0,1.0,0.208
2024-07,466920,744,1.0,1.0,1.0,1.0,1.0,1.0,1.0,1.0,1.0,1.0,1.0,0.583,1.0,0.208,0.0,1.0,0.208,0.981,1.0,1.0,1.0,1.0,1.0,1.0,0.208
2024-08,466920,744,1.0,1.0,1.0,1.0,1.0,1.0,1.0,1.0,1.0,0.999,1.0,0.583,1.0,0.208,0.0,1.0,0.208,0.973,1.0,1.0,0.996,0.992,1.0,1.0,0.208
2024-09,466920,720,1.0,1.0,1.0,1.0,1.0,1.0,1.0,1.0,1.0,1.0,1.0,0.583,1.0,0.208,0.0,1.0,0.208,0.974,1.0,1.0,1.0,1.0,1.0,1.0,0.208
2024-10,466920,744,1.0,1.0,1.0,1.0,1.0,1.0,1.0,1.0,1.0,1.0,1.0,0.583,1.0,0.208,0.0,0.691,0.208,0.985,1.0,1.0,1.0,1.0,1.0,1.0,0.208
2024-11,466920,720,1.0,1.0,1.0,1.0,1.0,1.0,1.0,1.0,1.0,1.0,1.0,0.583,1.0,0.208,0.0,1.0,0.208,0.985,1.0,1.0,1.0,1.0,1.0,1.0,0.208
2024-12,466920,744,0.999,0.999,0.999,0.999,0.999,0.999,0.999,1.0,1.0,1.0,1.0,0.583,1.0,0.208,0.0,0.999,0.208,0.964,0.999,0.999,1.0,1.0,1.0,1.0,0.208
2025-01,466920,744,1.0,1.0,1.0,1.0,1.0,1.0,1.0,1.0,1.0,1.0,1.0,0.583,1.0,0.0,0.0,1.0,0.0,0.935,1.0,1.0,1.0,1.0,1.0,1.0,0.0
2025-02,466920,672,1.0,1.0,1.0,1.0,1.0,1.0,1.0,1.0,1.0,1.0,1.0,0.583,1.0,0.0,0.0,0.85,0.0,0.957,1.0,1.0,1.0,1.0,1.0,1.0,0.0
2025-03,466920,744,1.0,1.0,1.0,1.0,1.0,1.0,1.0,1.0,1.0,1.0,1.0,0.583,1.0,0.0,0.0,1.0,0.0,0.977,1.0,1.0,1.0,1.0,1.0,1.0,0.0
2025-04,466920,720,1.0,0.999,0.999,0.999,0.999,1.0,1.0,1.0,1.0,1.0,1.0,0.583,1.0,0.0,0.0,1.0,0.0,0.958,0.999,0.999,1.0,1.0,1.0,1.0,0.0
2025-05,466920,744,1.0,1.0,1.0,1.0,1.0,1.0,1.0,1.0,1.0,1.0,1.0,0.583,1.0,0.0,0.0,1.0,0.0,0.973,1.0,1.0,1.0,1.0,1.0,1.0,0.0
2025-06,466920,720,1.0,1.0,1.0,1.0,1.0,1.0,1.0,1.0,1.0,1.0,1.0,0.583,1.0,0.0,0.0,1.0,0.0,0.947,1.0,1.0,1.0,1.0,1.0,1.0,0.0
2025-07,466920,744,1.0,1.0,1.0,1.0,1.0,1.0,1.0,1.0,1.0,1.0,1.0,0.583,1.0,0.0,0.0,1.0,0.0,0.987,1.0,1.0,1.0,1.0,1.0,1.0,0.0
2025-08,466920,744,1.0,1.0,1.0,1.0,1.0,1.0,1.0,1.0,1.0,1.0,1.0,0.583,1.0,0.0,0.0,1.0,0.0,0.972,1.0,1.0,1.0,1.0,1.0,1.0,0.0
2025-09,466920,720,1.0,1.0,1.0,1.0,1.0,1.0,1.0,1.0,1.0,1.0,1.0,0.583,1.0,0.0,0.0,1.0,0.0,0.976,1.0,1.0,1.0,1.0,1.0,1.0,0.0
2025-10,466920,744,1.0,1.0,1.0,1.0,1.0,1.0,1.0,1.0,1.0,1.0,1.0,0.583,1.0,0.0,0.0,1.0,0.0,0.973,1.0,1.0,1.0,1.0,1.0,1.0,0.0
2025-11,466920,720,1.0,1.0,1.0,1.0,1.0,1.0,1.0,1.0,1.0,1.0,1.0,0.583,1.0,0.0,0.0,1.0,0.0,0.724,1.0,1.0,1.0,1.0,1.0,1.0,0.0
2025-12,466920,744,1.0,1.0,1.0,1.0,1.0,1.0,1.0,1.0,1.0,1.0,1.0,0.583,1.0,0.0,0.031,1.0,0.0,0.993,1.0,1.0,1.0,1.0,1.0,1.0,0.0
2026-01,466920,744,1.0,1.0,1.0,1.0,1.0,1.0,1.0,1.0,1.0,1.0,1.0,0.999,1.0,0.0,1.0,1.0,0.0,0.989,1.0,1.0,1.0,1.0,1.0,1.0,0.0
2026-02,466920,672,1.0,1.0,1.0,1.0,1.0,1.0,1.0,1.0,1.0,1.0,1.0,1.0,1.0,0.0,1.0,1.0,0.0,0.99,1.0,1.0,1.0,1.0,1.0,1.0,0.0
2026-03,466920,744,1.0,1.0,1.0,1.0,1.0,1.0,1.0,1.0,1.0,1.0,1.0,1.0,1.0,0.0,1.0,1.0,0.0,0.985,1.0,1.0,1.0,1.0,1.0,1.0,0.0
2026-04,466920,720,1.0,1.0,1.0,1.0,1.0,1.0,1.0,1.0,1.0,1.0,1.0,1.0,1.0,0.0,1.0,1.0,0.0,0.99,1.0,1.0,1.0,1.0,1.0,1.0,0.0
2026-05,466920,744,1.0,1.0,1.0,1.0,1.0,1.0,1.0,1.0,1.0,1.0,1.0,1.0,1.0,0.0,1.0,1.0,0.0,0.995,1.0,1.0,1.0,1.0,1.0,1.0,0.0
2026-06,466920,720,1.0,1.0,1.0,1.0,1.0,1.0,1.0,1.0,1.0,1.0,1.0,1.0,1.0,0.0,1.0,1.0,0.0,0.981,1.0,1.0,1.0,1.0,1.0,1.0,0.0
2026-07,466920,744,1.0,1.0,1.0,1.0,1.0,1.0,1.0,1.0,1.0,1.0,1.0,1.0,1.0,0.0,1.0,1.0,0.0,0.964,1.0,1.0,1.0,1.0,1.0,1.0,0.0
2026-08,466920,744,1.0,1.0,1.0,1.0,1.0,1.0,1.0,1.0,1.0,1.0,1.0,1.0,1.0,0.0,1.0,1.0,0.0,0.997,1.0,1.0,1.0,1.0,1.0,1.0,0.0
2026-09,466920,1,1.0,1.0,1.0,1.0,1.0,1.0,1.0,1.0,1.0,1.0,1.0,1.0,1.0,0.0,1.0,1.0,0.0,1.0,1.0,1.0,1.0,1.0,1.0,1.0,0.0
2023-01,466910,743,1.0,1.0,1.0,1.0,1.0,1.0,1.0,1.0,1.0,1.0,1.0,0.584,1.0,0.209,0.0,1.0,0.144,0.961,1.0,1.0,0.997,0.993,1.0,1.0,0.209
2023-02,466910,672,1.0,1.0,1.0,1.0,1.0,1.0,1.0,1.0,1.0,1.0,1.0,0.583,1.0,0.208,0.0,1.0,0.161,0.167,1.0,1.0,1.0,1.0,1.0,1.0,0.208
2023-03,466910,744,1.0,1.0,1.0,1.0,1.0,1.0,1.0,1.0,1.0,1.0,1.0,0.583,1.0,0.208,0.0,1.0,0.157,0.993,1.0,1.0,1.0,1.0,1.0,1.0,0.208
2023-04,466910,720,1.0,1.0,1.0,1.0,1.0,1.0,1.0,1.0,1.0,1.0,1.0,0.583,1.0,0.208,0.0,1.0,0.176,0.982,1.0,1.0,1.0,1.0,1.0,1.0,0.208
2023-05,466910,744,1.0,1.0,1.0,1.0,1.0,1.0,1.0,1.0,1.0,1.0,1.0,0.583,1.0,0.208,0.0,1.0,0.2,0.992,1.0,1.0,1.0,1.0,1.0,1.0,0.208
2023-06,466910,720,1.0,1.0,1.0,1.0,1.0,1.0,1.0,1.0,1.0,1.0,1.0,0.583,1.0,0.208,0.0,1.0,0.204,0.972,1.0,1.0,1.0,1.0,1.0,1.0,0.208
2023-07,466910,744,1.0,1.0,1.0,1.0,1.0,1.0,1.0,1.0,1.0,1.0,1.0,0.583,1.0,0.208,0.0,1.0,0.208,0.977,1.0,1.0,1.0,1.0,1.0,1.0,0.208
2023-08,466910,744,1.0,1.0,1.0,1.0,1.0,1.0,1.0,1.0,1.0,1.0,1.0,0.583,1.0,0.208,0.0,1.0,0.195,0.993,1.0,1.0,1.0,1.0,1.0,1.0,0.208
2023-09,466910,720,1.0,1.0,1.0,1.0,1.0,1.0,1.0,1.0,1.0,1.0,1.0,0.583,1.0,0.208,0.0,1.0,0.201,0.967,1.0,1.0,1.0,1.0,1.0,1.0,0.208
2023-10,466910,744,1.0,1.0,1.0,1.0,1.0,1.0,1.0,1.0,1.0,1.0,1.0,0.583,1.0,0.208,0.0,1.0,0.179,0.981,1.0,1.0,1.0,1.0,1.0,1.0,0.208
2023-11,466910,720,1.0,1.0,1.0,1.0,1.0,1.0,1.0,1.0,1.0,1.0,1.0,0.583,1.0,0.208,0.0,1.0,0.192,0.988,1.0,1.0,1.0,1.0,1.0,1.0,0.208
2023-12,466910,744,0.999,0.999,0.999,0.999,0.999,0.999,0.999,0.999,0.999,0.999,1.0,0.583,1.0,0.208,0.0,0.999,0.16,0.97,0.999,0.999,0.996,0.992,1.0,1.0,0.208
2024-01,466910,744,1.0,1.0,1.0,1.0,1.0,1.0,1.0,1.0,1.0,1.0,1.0,0.583,1.0,0.208,0.0,1.0,0.171,0.976,1.0,1.0,1.0,1.0,1.0,1.0,0.208
2024-02,466910,696,1.0,1.0,1.0,1.0,1.0,1.0,1.0,1.0,1.0,1.0,1.0,0.583,1.0,0.208,0.0,1.0,0.174,0.989,1.0,1.0,1.0,1.0,1.0,1.0,0.208
2024-03,466910,744,1.0,1.0,1.0,1.0,1.0,1.0,1.0,1.0,1.0,1.0,1.0,0.583,1.0,0.208,0.0,1.0,0.169,0.985,1.0,1.0,1.0,1.0,1.0,1.0,0.208
2024-04,466910,720,1.0,1.0,1.0,1.0,1.0,1.0,1.0,1.0,1.0,1.0,1.0,0.583,1.0,0.208,0.0,1.0,0.192,0.976,1.0,1.0,1.0,1.0,1.0,1.0,0.208
2024-05,466910,744,1.0,1.0,1.0,1.0,1.0,1.0,1.0,1.0,1.0,1.0,1.0,0.583,1.0,0.208,0.0,1.0,0.185,0.989,1.0,1.0,1.0,1.0,1.0,1.0,0.208
2024-06,466910,720,1.0,1.0,1.0,1.0,1.0,1.0,1.0,1.0,1.0,1.0,1.0,0.583,1.0,0.208,0.0,1.0,0.193,0.996,1.0,1.0,1.0,1.0,1.0,1.0,0.208
2024-07,466910,744,1.0,1.0,1.0,1.0,1.0,1.0,1.0,1.0,1.0,1.0,1.0,0.583,1.0,0.208,0.0,1.0,0.207,0.981,1.0,1.0,1.0,1.0,1.0,1.0,0.208
2024-08,466910,744,1.0,1.0,1.0,1.0,1.0,1.0,1.0,1.0,1.0,1.0,1.0,0.583,1.0,0.208,0.0,1.0,0.202,0.973,1.0,1.0,1.0,1.0,1.0,1.0,0.208
2024-09,466910,720,1.0,1.0,1.0,1.0,1.0,1.0,1.0,1.0,1.0,1.0,1.0,0.583,1.0,0.208,0.0,1.0,0.193,0.974,1.0,1.0,1.0,1.0,1.0,1.0,0.208
2024-10,466910,744,1.0,1.0,1.0,1.0,1.0,1.0,1.0,1.0,1.0,1.0,1.0,0.583,1.0,0.208,0.0,1.0,0.19,0.985,1.0,1.0,1.0,1.0,1.0,1.0,0.208
2024-11,466910,720,1.0,1.0,1.0,1.0,1.0,1.0,1.0,1.0,1.0,1.0,1.0,0.583,1.0,0.208,0.0,1.0,0.164,0.985,1.0,1.0,1.0,1.0,1.0,1.0,0.208
2024-12,466910,744,1.0,1.0,1.0,1.0,1.0,1.0,1.0,1.0,1.0,1.0,1.0,0.583,1.0,0.208,0.0,1.0,0.18,0.964,1.0,1.0,1.0,1.0,1.0,1.0,0.208
2025-01,466910,744,1.0,1.0,1.0,1.0,1.0,1.0,1.0,1.0,1.0,1.0,1.0,0.583,1.0,0.208,0.0,1.0,0.187,0.935,1.0,1.0,1.0,1.0,1.0,1.0,0.208
2025-02,466910,672,1.0,1.0,1.0,1.0,1.0,1.0,1.0,1.0,1.0,1.0,1.0,0.583,1.0,0.208,0.0,1.0,0.155,0.957,1.0,1.0,1.0,1.0,1.0,1.0,0.208
2025-03,466910,744,1.0,0.995,0.997,0.997,0.997,0.997,0.997,0.999,0.999,0.999,1.0,0.583,1.0,0.208,0.0,0.999,0.18,0.977,0.997,0.997,0.996,0.992,1.0,1.0,0.208
2025-04,466910,720,1.0,1.0,1.0,1.0,1.0,1.0,1.0,1.0,1.0,1.0,1.0,0.583,1.0,0.208,0.0,1.0,0.188,0.958,1.0,1.0,1.0,1.0,1.0,1.0,0.208
2025-05,466910,744,1.0,1.0,1.0,1.0,1.0,1.0,1.0,1.0,1.0,1.0,1.0,0.583,1.0,0.208,0.0,1.0,0.192,0.973,1.0,1.0,1.0,1.0,1.0,1.0,0.208
2025-06,466910,720,1.0,1.0,1.0,1.0,1.0,1.0,1.0,1.0,1.0,1.0,1.0,0.583,1.0,0.208,0.0,1.0,0.207,0.947,1.0,1.0,1.0,1.0,1.0,1.0,0.208
2025-07,466910,744,1.0,1.0,1.0,1.0,1.0,1.0,1.0,1.0,1.0,1.0,1.0,0.583,1.0,0.208,0.0,1.0,0.199,0.987,1.0,1.0,1.0,1.0,1.0,1.0,0.208
2025-08,466910,744,1.0,1.0,1.0,1.0,1.0,1.0,1.0,1.0,1.0,1.0,1.0,0.583,1.0,0.208,0.0,1.0,0.208,0.972,1.0,1.0,1.0,1.0,1.0,1.0,0.208
2025-09,466910,720,1.0,1.0,1.0,1.0,1.0,1.0,1.0,1.0,1.0,1.0,1.0,0.583,1.0,0.208,0.0,1.0,0.207,0.976,1.0,1.0,1.0,1.0,1.0,1.0,0.208
2025-10,466910,744,1.0,1.0,1.0,1.0,1.0,1.0,1.0,1.0,1.0,1.0,1.0,0.583,1.0,0.208,0.0,1.0,0.2,0.973,1.0,1.0,1.0,1.0,1.0,1.0,0.208
2025-11,466910,720,1.0,1.0,1.0,1.0,1.0,1.0,1.0,1.0,1.0,1.0,1.0,0.583,1.0,0.208,0.0,1.0,0.197,0.724,1.0,1.0,1.0,1.0,1.0,1.0,0.208
2025-12,466910,744,1.0,1.0,1.0,1.0,1.0,1.0,1.0,1.0,1.0,1.0,1.0,0.583,1.0,0.208,0.031,1.0,0.19,0.993,1.0,1.0,1.0,1.0,1.0,1.0,0.208
2026-01,466910,744,1.0,1.0,1.0,1.0,1.0,1.0,1.0,1.0,1.0,1.0,1.0,0.999,1.0,0.0,1.0,1.0,0.0,0.989,1.0,1.0,1.0,1.0,1.0,1.0,0.0
2026-02,466910,672,1.0,1.0,1.0,1.0,1.0,1.0,1.0,1.0,1.0,1.0,1.0,1.0,1.0,0.0,1.0,1.0,0.0,0.99,1.0,1.0,1.0,1.0,1.0,1.0,0.0
2026-03,466910,744,1.0,1.0,1.0,1.0,1.0,1.0,1.0,1.0,1.0,1.0,1.0,1.0,1.0,0.0,1.0,1.0,0.0,0.985,1.0,1.0,1.0,1.0,1.0,1.0,0.0
2026-04,466910,720,1.0,1.0,1.0,1.0,1.0,1.0,1.0,1.0,1.0,1.0,1.0,1.0,1.0,0.0,1.0,1.0,0.0,0.99,1.0,1.0,1.0,1.0,1.0,1.0,0.0
2026-05,466910,744,1.0,1.0,1.0,1.0,1.0,1.0,1.0,1.0,1.0,1.0,1.0,1.0,1.0,0.0,1.0,0.964,0.0,0.995,1.0,1.0,1.0,1.0,1.0,1.0,0.0
2026-06,466910,720,1.0,1.0,1.0,1.0,1.0,1.0,1.0,1.0,1.0,1.0,1.0,1.0,1.0,0.0,1.0,0.812,0.0,0.981,1.0,1.0,1.0,1.0,1.0,1.0,0.0
2026-07,466910,744,1.0,1.0,1.0,1.0,1.0,1.0,1.0,1.0,1.0,1.0,1.0,1.0,1.0,0.0,1.0,1.0,0.0,0.964,1.0,1.0,1.0,1.0,1.0,1.0,0.0
2026-08,466910,744,1.0,1.0,1.0,1.0,1.0,1.0,1.0,1.0,1.0,1.0,1.0,1.0,1.0,0.0,1.0,1.0,0.0,0.997,1.0,1.0,1.0,1.0,1.0,1.0,0.0
2026-09,466910,1,1.0,1.0,1.0,1.0,1.0,1.0,1.0,1.0,1.0,1.0,1.0,1.0,1.0,0.0,1.0,1.0,0.0,1.0,1.0,1.0,1.0,1.0,1.0,1.0,0.0
2008-01,467530,743,1.0,1.0,1.0,1.0,1.0,1.0,1.0,1.0,1.0,1.0,1.0,0.584,1.0,0.334,0.0,0.0,0.334,0.0,1.0,1.0,0.997,0.993,1.0,1.0,0.334
2008-02,467530,696,1.0,1.0,1.0,1.0,1.0,1.0,1.0,1.0,1.0,1.0,1.0,0.583,1.0,0.333,0.0,0.0,0.333,0.0,1.0,1.0,1.0,1.0,1.0,1.0,0.333
2008-03,467530,744,1.0,1.0,1.0,1.0,1.0,1.0,1.0,1.0,1.0,1.0,1.0,0.583,1.0,0.333,0.0,0.0,0.28,0.0,1.0,1.0,1.0,1.0,1.0,1.0,0.333
2008-04,467530,720,1.0,1.0,1.0,1.0,1.0,1.0,1.0,1.0,1.0,1.0,1.0,0.583,1.0,0.333,0.0,0.0,0.258,0.0,1.0,1.0,1.0,1.0,1.0,1.0,0.333
2008-05,467530,744,1.0,1.0,1.0,1.0,1.0,1.0,1.0,1.0,1.0,1.0,1.0,0.583,1.0,0.333,0.0,0.0,0.233,0.0,1.0,1.0,1.0,1.0,1.0,1.0,0.333
2008-06,467530,720,1.0,1.0,1.0,1.0,1.0,1.0,1.0,1.0,1.0,1.0,1.0,0.583,1.0,0.333,0.0,0.0,0.21,0.0,1.0,1.0,1.0,1.0,1.0,1.0,0.333
2008-07,467530,744,1.0,1.0,1.0,1.0,1.0,1.0,1.0,1.0,1.0,1.0,1.0,0.583,1.0,0.333,0.0,0.0,0.235,0.0,1.0,1.0,1.0,1.0,1.0,1.0,0.333
2008-08,467530,744,1.0,1.0,1.0,1.0,1.0,1.0,1.0,1.0,1.0,1.0,1.0,0.583,1.0,0.333,0.0,0.0,0.272,0.0,1.0,1.0,1.0,1.0,1.0,1.0,0.333
2008-09,467530,720,1.0,1.0,1.0,1.0,1.0,1.0,1.0,1.0,1.0,1.0,1.0,0.583,1.0,0.333,0.0,0.0,0.247,0.0,1.0,1.0,1.0,1.0,1.0,1.0,0.333
2008-10,467530,744,1.0,1.0,1.0,1.0,1.0,1.0,1.0,1.0,1.0,1.0,1.0,0.583,1.0,0.333,0.0,0.0,0.296,0.0,1.0,1.0,1.0,1.0,1.0,1.0,0.333
2008-11,467530,720,1.0,1.0,1.0,1.0,1.0,1.0,1.0,1.0,1.0,1.0,1.0,0.583,1.0,0.333,0.0,0.0,0.29,0.0,1.0,1.0,1.0,1.0,1.0,1.0,0.333
2008-12,467530,744,1.0,1.0,1.0,1.0,1.0,1.0,1.0,1.0,1.0,1.0,1.0,0.583,1.0,0.333,0.0,0.0,0.298,0.0,1.0,1.0,1.0,1.0,1.0,1.0,0.333
2009-01,467530,744,1.0,1.0,1.0,1.0,1.0,1.0,1.0,1.0,1.0,1.0,1.0,0.583,1.0,0.333,0.0,0.0,0.306,0.0,1.0,1.0,1.0,1.0,1.0,1.0,0.333
2009-02,467530,672,1.0,1.0,1.0,1.0,1.0,1.0,1.0,1.0,1.0,1.0,1.0,0.583,1.0,0.333,0.0,0.0,0.305,0.0,1.0,1.0,1.0,1.0,1.0,1.0,0.333
2009-03,467530,744,1.0,1.0,1.0,1.0,1.0,1.0,1.0,1.0,1.0,1.0,1.0,0.583,1.0,0.333,0.0,0.0,0.249,0.0,1.0,1.0,1.0,1.0,1.0,1.0,0.333
2009-04,467530,720,1.0,1.0,1.0,1.0,1.0,1.0,1.0,1.0,1.0,1.0,1.0,0.583,1.0,0.333,0.0,0.0,0.217,0.0,1.0,1.0,1.0,1.0,1.0,1.0,0.333
2009-05,467530,744,1.0,1.0,1.0,1.0,1.0,1.0,1.0,1.0,1.0,1.0,1.0,0.583,1.0,0.333,0.0,0.0,0.28,0.0,1.0,1.0,1.0,1.0,1.0,1.0,0.333
2009-06,467530,720,1.0,1.0,1.0,1.0,1.0,1.0,1.0,1.0,1.0,1.0,1.0,0.583,1.0,0.335,0.0,0.0,0.253,0.0,1.0,1.0,1.0,1.0,1.0,1.0,0.335
2009-07,467530,744,1.0,1.0,1.0,1.0,1.0,1.0,1.0,1.0,1.0,1.0,1.0,0.583,1.0,0.333,0.0,0.0,0.281,0.0,1.0,1.0,1.0,1.0,1.0,1.0,0.333
2009-08,467530,744,1.0,1.0,1.0,1.0,1.0,1.0,1.0,1.0,1.0,1.0,1.0,0.583,1.0,0.333,0.0,0.0,0.185,0.0,1.0,1.0,1.0,1.0,1.0,1.0,0.333
2009-09,467530,720,1.0,1.0,1.0,1.0,1.0,1.0,1.0,1.0,1.0,1.0,1.0,0.583,1.0,0.333,0.0,0.0,0.258,0.0,1.0,1.0,1.0,1.0,1.0,1.0,0.333
2009-10,467530,744,1.0,1.0,1.0,1.0,1.0,1.0,1.0,1.0,1.0,1.0,1.0,0.583,1.0,0.333,0.0,0.0,0.294,0.0,1.0,1.0,1.0,1.0,1.0,1.0,0.333
2009-11,467530,720,1.0,1.0,1.0,1.0,1.0,1.0,1.0,1.0,1.0,1.0,1.0,0.583,1.0,0.333,0.0,0.0,0.304,0.0,1.0,1.0,1.0,1.0,1.0,1.0,0.333
2009-12,467530,744,1.0,1.0,1.0,1.0,1.0,1.0,1.0,1.0,1.0,1.0,1.0,0.583,1.0,0.333,0.0,0.0,0.266,0.0,1.0,1.0,1.0,1.0,1.0,1.0,0.333
2010-01,467530,744,1.0,1.0,1.0,1.0,1.0,1.0,1.0,1.0,1.0,1.0,1.0,0.583,1.0,0.333,0.0,0.0,0.284,0.0,1.0,1.0,1.0,1.0,1.0,1.0,0.333
2010-02,467530,672,1.0,1.0,1.0,1.0,1.0,1.0,1.0,1.0,1.0,1.0,1.0,0.583,1.0,0.333,0.0,0.0,0.259,0.0,1.0,1.0,1.0,1.0,1.0,1.0,0.333
2010-03,467530,744,1.0,1.0,1.0,1.0,1.0,1.0,1.0,1.0,1.0,1.0,1.0,0.583,1.0,0.333,0.0,0.0,0.29,0.0,1.0,1.0,1.0,1.0,1.0,1.0,0.333
2010-04,467530,720,1.0,1.0,1.0,1.0,1.0,1.0,1.0,1.0,1.0,1.0,1.0,0.583,1.0,0.333,0.0,0.0,0.251,0.0,1.0,1.0,1.0,1.0,1.0,1.0,0.333
2010-05,467530,744,1.0,1.0,1.0,1.0,1.0,1.0,1.0,1.0,1.0,1.0,1.0,0.583,1.0,0.333,0.0,0.0,0.258,0.0,1.0,1.0,1.0,1.0,1.0,1.0,0.333
2010-06,467530,720,1.0,1.0,1.0,1.0,1.0,1.0,1.0,1.0,1.0,1.0,1.0,0.583,1.0,0.333,0.0,0.0,0.2,0.0,1.0,1.0,1.0,1.0,1.0,1.0,0.333
2010-07,467530,744,1.0,1.0,1.0,1.0,1.0,1.0,1.0,1.0,1.0,1.0,1.0,0.583,1.0,0.333,0.0,0.0,0.266,0.0,1.0,1.0,1.0,1.0,1.0,1.0,0.333
2010-08,467530,744,1.0,1.0,1.0,1.0,1.0,1.0,1.0,1.0,1.0,1.0,1.0,0.583,1.0,0.333,0.0,0.0,0.272,0.0,1.0,1.0,1.0,1.0,1.0,1.0,0.333
2010-09,467530,720,1.0,1.0,1.0,1.0,1.0,1.0,1.0,1.0,1.0,1.0,1.0,0.583,1.0,0.333,0.0,0.0,0.253,0.0,1.0,1.0,1.0,1.0,1.0,1.0,0.333
2010-10,467530,744,1.0,1.0,1.0,1.0,1.0,1.0,1.0,1.0,1.0,1.0,1.0,0.583,1.0,0.333,0.0,0.0,0.284,0.0,1.0,1.0,1.0,1.0,1.0,1.0,0.333
2010-11,467530,720,1.0,1.0,1.0,1.0,1.0,1.0,1.0,1.0,1.0,1.0,1.0,0.583,1.0,0.333,0.0,0.0,0.288,0.0,1.0,1.0,1.0,1.0,1.0,1.0,0.333
2010-12,467530,744,1.0,1.0,1.0,1.0,1.0,1.0,1.0,1.0,1.0,1.0,1.0,0.583,1.0,0.333,0.0,0.0,0.309,0.0,1.0,1.0,1.0,1.0,1.0,1.0,0.333
2011-01,467530,744,1.0,1.0,1.0,1.0,1.0,1.0,1.0,1.0,1.0,1.0,1.0,0.583,1.0,0.333,0.0,0.0,0.253,0.0,1.0,1.0,1.0,1.0,1.0,1.0,0.333
2011-02,467530,672,1.0,1.0,1.0,1.0,1.0,1.0,1.0,1.0,1.0,1.0,1.0,0.583,1.0,0.333,0.0,0.0,0.283,0.0,1.0,1.0,1.0,1.0,1.0,1.0,0.333
2011-03,467530,744,1.0,1.0,1.0,1.0,1.0,1.0,1.0,1.0,1.0,1.0,1.0,0.583,1.0,0.333,0.0,0.0,0.22,0.0,1.0,1.0,1.0,1.0,1.0,1.0,0.333
2011-04,467530,720,1.0,1.0,1.0,1.0,1.0,1.0,1.0,1.0,1.0,1.0,1.0,0.583,1.0,0.333,0.0,0.0,0.269,0.0,1.0,1.0,1.0,1.0,1.0,1.0,0.333
2011-05,467530,744,1.0,1.0,1.0,1.0,1.0,1.0,1.0,1.0,1.0,1.0,1.0,0.583,1.0,0.333,0.0,0.0,0.233,0.0,1.0,1.0,1.0,1.0,1.0,1.0,0.333
2011-06,467530,720,1.0,1.0,1.0,1.0,1.0,1.0,1.0,1.0,1.0,1.0,1.0,0.583,1.0,0.333,0.0,0.0,0.293,0.0,1.0,1.0,1.0,1.0,1.0,1.0,0.333
2011-07,467530,744,1.0,1.0,1.0,1.0,1.0,1.0,1.0,1.0,1.0,1.0,1.0,0.583,1.0,0.333,0.0,0.0,0.234,0.0,1.0,1.0,1.0,1.0,1.0,1.0,0.333
2011-08,467530,744,1.0,1.0,1.0,1.0,1.0,1.0,1.0,1.0,1.0,1.0,1.0,0.583,1.0,0.333,0.0,0.0,0.258,0.0,1.0,1.0,1.0,1.0,1.0,1.0,0.333
2011-09,467530,720,1.0,1.0,1.0,1.0,1.0,1.0,1.0,1.0,1.0,1.0,1.0,0.583,1.0,0.333,0.0,0.0,0.283,0.0,1.0,1.0,1.0,1.0,1.0,1.0,0.333
2011-10,467530,744,1.0,1.0,1.0,1.0,1.0,1.0,1.0,1.0,1.0,1.0,1.0,0.583,1.0,0.333,0.0,0.0,0.292,0.0,1.0,1.0,1.0,1.0,1.0,1.0,0.333
2011-11,467530,720,1.0,1.0,1.0,1.0,1.0,1.0,1.0,1.0,1.0,1.0,1.0,0.583,1.0,0.333,0.0,0.0,0.293,0.0,1.0,1.0,1.0,1.0,1.0,1.0,0.333
2011-12,467530,744,1.0,1.0,1.0,1.0,1.0,1.0,1.0,1.0,1.0,1.0,1.0,0.583,1.0,0.333,0.0,0.0,0.254,0.0,1.0,1.0,1.0,1.0,1.0,1.0,0.333
2012-01,467530,744,1.0,1.0,1.0,1.0,1.0,1.0,1.0,1.0,1.0,1.0,1.0,0.583,1.0,0.333,0.0,0.0,0.286,0.0,1.0,1.0,1.0,1.0,1.0,1.0,0.333
2012-02,467530,696,1.0,1.0,1.0,1.0,1.0,1.0,1.0,1.0,1.0,1.0,1.0,0.583,1.0,0.333,0.0,0.0,0.218,0.0,1.0,1.0,1.0,1.0,1.0,1.0,0.333
2012-03,467530,744,1.0,1.0,1.0,1.0,1.0,1.0,1.0,1.0,1.0,1.0,1.0,0.583,1.0,0.333,0.0,0.0,0.292,0.0,1.0,1.0,1.0,1.0,1.0,1.0,0.333
2012-04,467530,720,1.0,1.0,1.0,1.0,1.0,1.0,1.0,1.0,1.0,1.0,1.0,0.583,1.0,0.333,0.0,0.0,0.215,0.0,1.0,1.0,1.0,1.0,1.0,1.0,0.333
2012-05,467530,744,1.0,1.0,1.0,1.0,1.0,1.0,1.0,1.0,1.0,1.0,1.0,0.583,1.0,0.333,0.0,0.0,0.235,0.0,1.0,1.0,1.0,1.0,1.0,1.0,0.333
2012-06,467530,720,1.0,1.0,1.0,1.0,1.0,1.0,1.0,1.0,1.0,1.0,1.0,0.583,1.0,0.333,0.0,0.0,0.193,0.0,1.0,1.0,1.0,1.0,1.0,1.0,0.333
2012-07,467530,744,1.0,1.0,1.0,1.0,1.0,1.0,1.0,1.0,1.0,1.0,1.0,0.583,1.0,0.333,0.0,0.0,0.274,0.0,1.0,1.0,1.0,1.0,1.0,1.0,0.332
2012-08,467530,744,1.0,1.0,1.0,1.0,1.0,1.0,1.0,1.0,1.0,1.0,1.0,0.583,1.0,0.333,0.0,0.0,0.218,0.0,1.0,1.0,1.0,1.0,1.0,1.0,0.333
2012-09,467530,720,1.0,1.0,1.0,1.0,1.0,1.0,1.0,1.0,1.0,1.0,1.0,0.583,1.0,0.333,0.0,0.0,0.29,0.0,1.0,1.0,1.0,1.0,1.0,1.0,0.333
2012-10,467530,744,1.0,1.0,1.0,1.0,1.0,1.0,1.0,1.0,1.0,1.0,1.0,0.583,1.0,0.333,0.0,0.0,0.29,0.0,1.0,1.0,1.0,1.0,1.0,1.0,0.333
2012-11,467530,720,1.0,1.0,1.0,1.0,1.0,1.0,1.0,1.0,1.0,1.0,1.0,0.583,1.0,0.333,0.0,0.0,0.269,0.0,1.0,1.0,1.0,1.0,1.0,1.0,0.333
2012-12,467530,744,1.0,1.0,1.0,1.0,1.0,1.0,1.0,1.0,1.0,1.0,1.0,0.583,1.0,0.333,0.0,0.0,0.278,0.0,1.0,1.0,1.0,1.0,1.0,1.0,0.333
2013-01,467530,744,1.0,1.0,1.0,1.0,1.0,1.0,1.0,1.0,1.0,1.0,1.0,0.583,1.0,0.333,0.0,0.0,0.288,0.0,1.0,1.0,1.0,1.0,1.0,1.0,0.333
2013-02,467530,672,1.0,1.0,1.0,1.0,1.0,1.0,1.0,1.0,1.0,1.0,1.0,0.583,1.0,0.333,0.0,0.0,0.312,0.0,1.0,1.0,1.0,1.0,1.0,1.0,0.333
2013-03,467530,744,1.0,1.0,1.0,1.0,1.0,1.0,1.0,1.0,1.0,1.0,1.0,0.583,1.0,0.333,0.0,0.0,0.302,0.0,1.0,1.0,1.0,1.0,1.0,1.0,0.332
2013-04,467530,720,1.0,1.0,1.0,1.0,1.0,1.0,1.0,1.0,1.0,1.0,1.0,0.583,1.0,0.333,0.0,0.0,0.181,0.0,1.0,1.0,1.0,1.0,1.0,1.0,0.333
2013-05,467530,744,1.0,1.0,1.0,1.0,1.0,1.0,1.0,1.0,1.0,1.0,1.0,0.583,1.0,0.333,0.0,0.0,0.191,0.0,1.0,1.0,1.0,1.0,1.0,1.0,0.333
2013-06,467530,720,1.0,1.0,1.0,1.0,1.0,1.0,1.0,1.0,1.0,1.0,1.0,0.583,1.0,0.333,0.0,0.0,0.29,0.0,1.0,1.0,1.0,1.0,1.0,1.0,0.333
2013-07,467530,744,1.0,1.0,1.0,1.0,1.0,1.0,1.0,1.0,1.0,1.0,1.0,0.583,1.0,0.333,0.0,0.0,0.269,0.0,1.0,1.0,1.0,1.0,1.0,1.0,0.333
2013-08,467530,744,1.0,1.0,1.0,1.0,1.0,1.0,1.0,1.0,1.0,1.0,1.0,0.583,1.0,0.333,0.0,0.0,0.219,0.0,1.0,1.0,1.0,1.0,1.0,1.0,0.333
2013-09,467530,720,1.0,1.0,1.0,1.0,1.0,1.0,1.0,1.0,1.0,1.0,1.0,0.583,1.0,0.333,0.0,0.0,0.26,0.0,1.0,1.0,1.0,1.0,1.0,1.0,0.333
2013-10,467530,744,1.0,1.0,1.0,1.0,1.0,1.0,1.0,1.0,1.0,1.0,1.0,0.583,1.0,0.333,0.0,0.0,0.285,0.0,1.0,1.0,1.0,1.0,1.0,1.0,0.333
2013-11,467530,720,1.0,1.0,1.0,1.0,1.0,1.0,1.0,1.0,1.0,1.0,1.0,0.583,1.0,0.333,0.0,0.0,0.306,0.0,1.0,1.0,1.0,1.0,1.0,1.0,0.333
2013-12,467530,744,1.0,1.0,1.0,1.0,1.0,1.0,1.0,1.0,1.0,1.0,1.0,0.583,1.0,0.333,0.0,0.0,0.228,0.0,1.0,1.0,1.0,1.0,1.0,1.0,0.333
2014-01,467530,744,1.0,1.0,1.0,1.0,1.0,1.0,1.0,1.0,1.0,1.0,1.0,0.583,1.0,0.333,0.0,0.0,0.313,0.0,1.0,1.0,1.0,1.0,1.0,1.0,0.333
2014-02,467530,672,1.0,1.0,1.0,1.0,1.0,1.0,1.0,1.0,1.0,1.0,1.0,0.583,1.0,0.333,0.0,0.0,0.222,0.0,1.0,1.0,1.0,1.0,1.0,1.0,0.333
2014-03,467530,744,1.0,1.0,1.0,1.0,1.0,1.0,1.0,1.0,1.0,1.0,1.0,0.583,1.0,0.333,0.0,0.0,0.276,0.0,1.0,1.0,1.0,1.0,1.0,1.0,0.333
2014-04,467530,720,1.0,1.0,1.0,1.0,1.0,1.0,1.0,1.0,1.0,1.0,1.0,0.583,1.0,0.333,0.0,0.0,0.257,0.0,1.0,1.0,1.0,1.0,1.0,1.0,0.333
2014-05,467530,744,1.0,1.0,1.0,1.0,1.0,1.0,1.0,1.0,1.0,1.0,1.0,0.583,1.0,0.333,0.0,0.0,0.192,0.0,1.0,1.0,1.0,1.0,1.0,1.0,0.333
2014-06,467530,720,1.0,1.0,1.0,1.0,1.0,1.0,1.0,1.0,1.0,1.0,1.0,0.583,1.0,0.332,0.0,0.0,0.254,0.0,1.0,1.0,1.0,1.0,1.0,1.0,0.332
2014-07,467530,744,1.0,1.0,1.0,1.0,1.0,1.0,1.0,1.0,1.0,1.0,1.0,0.583,1.0,0.333,0.0,0.0,0.286,0.0,1.0,1.0,1.0,1.0,1.0,1.0,0.333
2014-08,467530,744,1.0,1.0,1.0,1.0,1.0,1.0,1.0,1.0,1.0,1.0,1.0,0.583,1.0,0.333,0.0,0.0,0.263,0.0,1.0,1.0,1.0,1.0,1.0,1.0,0.333
2014-09,467530,720,1.0,1.0,1.0,1.0,1.0,1.0,1.0,1.0,1.0,1.0,1.0,0.583,1.0,0.333,0.0,0.0,0.292,0.0,1.0,1.0,1.0,1.0,1.0,1.0,0.333
2014-10,467530,744,1.0,1.0,1.0,1.0,1.0,1.0,1.0,1.0,1.0,1.0,1.0,0.583,1.0,0.333,0.0,0.0,0.309,0.0,1.0,1.0,1.0,1.0,1.0,1.0,0.333
2014-11,467530,720,1.0,1.0,1.0,1.0,1.0,1.0,1.0,1.0,1.0,1.0,1.0,0.583,1.0,0.333,0.0,0.0,0.283,0.0,1.0,1.0,1.0,1.0,1.0,1.0,0.333
2014-12,467530,744,1.0,1.0,1.0,1.0,1.0,1.0,1.0,1.0,1.0,1.0,1.0,0.583,1.0,0.333,0.0,0.0,0.251,0.0,1.0,1.0,1.0,1.0,1.0,1.0,0.333
2015-01,467530,744,1.0,1.0,1.0,1.0,1.0,1.0,1.0,1.0,1.0,1.0,1.0,0.583,1.0,0.333,0.0,0.0,0.297,0.0,1.0,1.0,1.0,1.0,1.0,1.0,0.333
2015-02,467530,672,1.0,1.0,1.0,1.0,1.0,1.0,1.0,1.0,1.0,1.0,1.0,0.583,1.0,0.333,0.0,0.0,0.305,0.0,1.0,1.0,1.0,1.0,1.0,1.0,0.333
2015-03,467530,744,1.0,1.0,1.0,1.0,1.0,1.0,1.0,1.0,1.0,1.0,1.0,0.583,1.0,0.333,0.0,0.0,0.28,0.0,1.0,1.0,1.0,1.0,1.0,1.0,0.333
2015-04,467530,720,1.0,1.0,1.0,1.0,1.0,1.0,1.0,1.0,1.0,1.0,1.0,0.583,1.0,0.333,0.0,0.0,0.294,0.0,1.0,1.0,1.0,1.0,1.0,1.0,0.333
2015-05,467530,744,1.0,1.0,1.0,1.0,1.0,1.0,1.0,1.0,1.0,1.0,1.0,0.583,1.0,0.333,0.0,0.0,0.25,0.0,1.0,1.0,1.0,1.0,1.0,1.0,0.333
2015-06,467530,720,1.0,1.0,1.0,1.0,1.0,1.0,1.0,1.0,1.0,1.0,1.0,0.583,1.0,0.333,0.0,0.0,0.31,0.0,1.0,1.0,1.0,1.0,1.0,1.0,0.333
2015-07,467530,744,1.0,1.0,1.0,1.0,1.0,1.0,1.0,1.0,1.0,1.0,1.0,0.583,1.0,0.333,0.0,0.0,0.28,0.0,1.0,1.0,1.0,1.0,1.0,1.0,0.333
2015-08,467530,744,1.0,1.0,1.0,1.0,1.0,1.0,1.0,1.0,1.0,1.0,1.0,0.583,1.0,0.333,0.0,0.0,0.226,0.0,1.0,1.0,1.0,1.0,1.0,1.0,0.333
2015-09,467530,720,1.0,1.0,1.0,1.0,1.0,1.0,1.0,1.0,1.0,1.0,1.0,0.583,1.0,0.333,0.0,0.0,0.276,0.0,1.0,1.0,1.0,1.0,1.0,1.0,0.333
2015-10,467530,744,1.0,1.0,1.0,1.0,1.0,1.0,1.0,1.0,1.0,1.0,1.0,0.583,1.0,0.333,0.0,0.0,0.296,0.0,1.0,1.0,1.0,1.0,1.0,1.0,0.333
2015-11,467530,720,1.0,1.0,1.0,1.0,1.0,1.0,1.0,1.0,1.0,1.0,1.0,0.583,1.0,0.333,0.0,0.0,0.317,0.0,1.0,1.0,1.0,1.0,1.0,1.0,0.333
2015-12,467530,744,1.0,1.0,1.0,1.0,1.0,1.0,1.0,1.0,1.0,1.0,1.0,0.583,1.0,0.333,0.0,0.0,0.309,0.0,1.0,1.0,1.0,1.0,1.0,1.0,0.333
2016-01,467530,744,1.0,1.0,1.0,1.0,1.0,1.0,1.0,1.0,1.0,1.0,1.0,0.583,1.0,0.333,0.0,0.0,0.261,0.0,1.0,1.0,1.0,1.0,1.0,1.0,0.333
2016-02,467530,696,1.0,1.0,1.0,1.0,1.0,1.0,1.0,1.0,1.0,1.0,1.0,0.583,1.0,0.333,0.0,0.0,0.237,0.0,1.0,1.0,1.0,1.0,1.0,1.0,0.333
2016-03,467530,744,1.0,1.0,1.0,1.0,1.0,1.0,1.0,1.0,1.0,1.0,1.0,0.583,1.0,0.333,0.0,0.0,0.212,0.0,1.0,1.0,1.0,1.0,1.0,1.0,0.333
2016-04,467530,720,1.0,1.0,1.0,1.0,1.0,1.0,1.0,1.0,1.0,1.0,1.0,0.583,1.0,0.333,0.0,0.0,0.29,0.0,1.0,1.0,1.0,1.0,1.0,1.0,0.333
2016-05,467530,744,1.0,1.0,1.0,1.0,1.0,1.0,1.0,1.0,1.0,1.0,1.0,0.583,1.0,0.333,0.0,0.0,0.262,0.0,1.0,1.0,1.0,1.0,1.0,1.0,0.332
2016-06,467530,720,1.0,1.0,1.0,1.0,1.0,1.0,1.0,1.0,1.0,1.0,1.0,0.583,1.0,0.335,0.0,0.0,0.258,0.0,1.0,1.0,1.0,1.0,1.0,1.0,0.335
2016-07,467530,744,0.997,0.997,0.997,0.997,0.997,0.997,0.997,0.997,0.997,0.997,1.0,0.583,1.0,0.333,0.0,0.0,0.272,0.0,0.997,0.997,0.995,0.991,1.0,1.0,0.333
2016-08,467530,744,1.0,1.0,1.0,1.0,1.0,1.0,1.0,1.0,1.0,1.0,1.0,0.583,1.0,0.333,0.0,0.0,0.278,0.0,1.0,1.0,1.0,1.0,1.0,1.0,0.332
2016-09,467530,720,1.0,1.0,1.0,1.0,1.0,1.0,1.0,1.0,1.0,1.0,1.0,0.583,1.0,0.333,0.0,0.0,0.253,0.0,1.0,1.0,1.0,1.0,1.0,1.0,0.333
2016-10,467530,744,1.0,1.0,1.0,1.0,1.0,1.0,1.0,1.0,1.0,1.0,1.0,0.583,1.0,0.333,0.0,0.0,0.308,0.0,1.0,1.0,1.0,1.0,1.0,1.0,0.333
2016-11,467530,720,1.0,1.0,1.0,1.0,1.0,1.0,1.0,1.0,1.0,1.0,1.0,0.583,1.0,0.333,0.0,0.0,0.3,0.0,1.0,1.0,1.0,1.0,1.0,1.0,0.333
2016-12,467530,744,1.0,1.0,1.0,1.0,1.0,1.0,1.0,1.0,1.0,1.0,1.0,0.583,1.0,0.333,0.0,0.0,0.301,0.0,1.0,1.0,1.0,1.0,1.0,1.0,0.333
2017-01,467530,744,1.0,1.0,1.0,1.0,1.0,1.0,1.0,1.0,1.0,1.0,1.0,0.583,1.0,0.333,0.0,0.0,0.313,0.0,1.0,1.0,1.0,1.0,1.0,1.0,0.333
2017-02,467530,672,1.0,1.0,1.0,1.0,1.0,1.0,1.0,1.0,1.0,1.0,1.0,0.583,1.0,0.333,0.0,0.0,0.253,0.0,1.0,1.0,1.0,1.0,1.0,1.0,0.333
2017-03,467530,744,1.0,1.0,1.0,1.0,1.0,1.0,1.0,1.0,1.0,1.0,1.0,0.583,1.0,0.333,0.0,0.0,0.274,0.0,1.0,1.0,1.0,1.0,1.0,1.0,0.333
2017-04,467530,720,0.001,0.001,0.001,0.001,0.001,0.001,0.001,0.001,0.001,0.001,0.001,0.0,0.001,0.0,0.0,0.0,0.0,0.0,0.001,0.001,0.001,0.001,1.0,0.001,0.0
2017-05,467530,744,0.0,0.0,0.0,0.0,0.0,0.0,0.0,0.0,0.0,0.0,0.0,0.0,0.0,0.0,0.0,0.0,0.0,0.0,0.0,0.0,0.0,0.0,1.0,0.0,0.0
2017-06,467530,720,0.0,0.0,0.0,0.0,0.0,0.0,0.0,0.0,0.0,0.0,0.0,0.0,0.0,0.0,0.0,0.0,0.0,0.0,0.0,0.0,0.0,0.0,1.0,0.0,0.0
2017-07,467530,744,0.0,0.0,0.0,0.0,0.0,0.0,0.0,0.0,0.0,0.0,0.0,0.0,0.0,0.0,0.0,0.0,0.0,0.0,0.0,0.0,0.0,0.0,1.0,0.0,0.0
2017-08,467530,744,0.0,0.0,0.0,0.0,0.0,0.0,0.0,0.0,0.0,0.0,0.0,0.0,0.0,0.0,0.0,0.0,0.0,0.0,0.0,0.0,0.0,0.0,1.0,0.0,0.0
2017-09,467530,720,0.0,0.0,0.0,0.0,0.0,0.0,0.0,0.0,0.0,0.0,0.0,0.0,0.0,0.0,0.0,0.0,0.0,0.0,0.0,0.0,0.0,0.0,1.0,0.0,0.0
2017-10,467530,744,0.0,0.0,0.0,0.0,0.0,0.0,0.0,0.0,0.0,0.0,0.0,0.0,0.0,0.0,0.0,0.0,0.0,0.0,0.0,0.0,0.0,0.0,1.0,0.0,0.0
2017-11,467530,720,0.0,0.0,0.0,0.0,0.0,0.0,0.0,0.0,0.0,0.0,0.0,0.0,0.0,0.0,0.0,0.0,0.0,0.0,0.0,0.0,0.0,0.0,1.0,0.0,0.0
2017-12,467530,744,0.0,0.0,0.0,0.0,0.0,0.0,0.0,0.0,0.0,0.0,0.0,0.0,0.0,0.0,0.0,0.0,0.0,0.0,0.0,0.0,0.0,0.0,1.0,0.0,0.0
2018-01,467530,744,0.0,0.0,0.0,0.0,0.0,0.0,0.0,0.0,0.0,0.0,0.0,0.0,0.0,0.0,0.0,0.0,0.0,0.0,0.0,0.0,0.0,0.0,1.0,0.0,0.0
2018-02,467530,672,0.0,0.0,0.0,0.0,0.0,0.0,0.0,0.0,0.0,0.0,0.0,0.0,0.0,0.0,0.0,0.0,0.0,0.0,0.0,0.0,0.0,0.0,1.0,0.0,0.0
2018-03,467530,744,0.0,0.0,0.0,0.0,0.0,0.0,0.0,0.0,0.0,0.0,0.0,0.0,0.0,0.0,0.0,0.0,0.0,0.0,0.0,0.0,0.0,0.0,1.0,0.0,0.0
2018-04,467530,720,0.0,0.0,0.0,0.0,0.0,0.0,0.0,0.0,0.0,0.0,0.0,0.0,0.0,0.0,0.0,0.0,0.0,0.0,0.0,0.0,0.0,0.0,1.0,0.0,0.0
2018-05,467530,744,0.0,0.0,0.0,0.0,0.0,0.0,0.0,0.0,0.0,0.0,0.0,0.0,0.0,0.0,0.0,0.0,0.0,0.0,0.0,0.0,0.0,0.0,1.0,0.0,0.0
2018-06,467530,720,0.0,0.0,0.0,0.0,0.0,0.0,0.0,0.0,0.0,0.0,0.0,0.0,0.0,0.0,0.0,0.0,0.0,0.0,0.0,0.0,0.0,0.0,1.0,0.0,0.0
2018-07,467530,744,0.0,0.0,0.0,0.0,0.0,0.0,0.0,0.0,0.0,0.0,0.0,0.0,0.0,0.0,0.0,0.0,0.0,0.0,0.0,0.0,0.0,0.0,1.0,0.0,0.0
2018-08,467530,744,0.0,0.0,0.0,0.0,0.0,0.0,0.0,0.0,0.0,0.0,0.0,0.0,0.0,0.0,0.0,0.0,0.0,0.0,0.0,0.0,0.0,0.0,1.0,0.0,0.0
2018-09,467530,720,0.0,0.0,0.0,0.0,0.0,0.0,0.0,0.0,0.0,0.0,0.0,0.0,0.0,0.0,0.0,0.0,0.0,0.0,0.0,0.0,0.0,0.0,1.0,0.0,0.0
2018-10,467530,744,0.0,0.0,0.0,0.0,0.0,0.0,0.0,0.0,0.0,0.0,0.0,0.0,0.0,0.0,0.0,0.0,0.0,0.0,0.0,0.0,0.0,0.0,1.0,0.0,0.0
2018-11,467530,720,0.0,0.0,0.0,0.0,0.0,0.0,0.0,0.0,0.0,0.0,0.0,0.0,0.0,0.0,0.0,0.0,0.0,0.0,0.0,0.0,0.0,0.0,1.0,0.0,0.0
2018-12,467530,744,0.0,0.0,0.0,0.0,0.0,0.0,0.0,0.0,0.0,0.0,0.0,0.0,0.0,0.0,0.0,0.0,0.0,0.0,0.0,0.0,0.0,0.0,1.0,0.0,0.0
2019-01,467530,744,0.0,0.0,0.0,0.0,0.0,0.0,0.0,0.0,0.0,0.0,0.0,0.0,0.0,0.0,0.0,0.0,0.0,0.0,0.0,0.0,0.0,0.0,1.0,0.0,0.0
2019-02,467530,672,0.0,0.0,0.0,0.0,0.0,0.0,0.0,0.0,0.0,0.0,0.0,0.0,0.0,0.0,0.0,0.0,0.0,0.0,0.0,0.0,0.0,0.0,1.0,0.0,0.0
2019-03,467530,744,0.0,0.0,0.0,0.0,0.0,0.0,0.0,0.0,0.0,0.0,0.0,0.0,0.0,0.0,0.0,0.0,0.0,0.0,0.0,0.0,0.0,0.0,1.0,0.0,0.0
2019-04,467530,720,0.0,0.0,0.0,0.0,0.0,0.0,0.0,0.0,0.0,0.0,0.0,0.0,0.0,0.0,0.0,0.0,0.0,0.0,0.0,0.0,0.0,0.0,1.0,0.0,0.0
2019-05,467530,744,0.0,0.0,0.0,0.0,0.0,0.0,0.0,0.0,0.0,0.0,0.0,0.0,0.0,0.0,0.0,0.0,0.0,0.0,0.0,0.0,0.0,0.0,1.0,0.0,0.0
2019-06,467530,720,0.0,0.0,0.0,0.0,0.0,0.0,0.0,0.0,0.0,0.0,0.0,0.0,0.0,0.0,0.0,0.0,0.0,0.0,0.0,0.0,0.0,0.0,1.0,0.0,0.0
2019-07,467530,744,0.0,0.0,0.0,0.0,0.0,0.0,0.0,0.0,0.0,0.0,0.0,0.0,0.0,0.0,0.0,0.0,0.0,0.0,0.0,0.0,0.0,0.0,1.0,0.0,0.0
2019-08,467530,744,0.0,0.0,0.0,0.0,0.0,0.0,0.0,0.0,0.0,0.0,0.0,0.0,0.0,0.0,0.0,0.0,0.0,0.0,0.0,0.0,0.0,0.0,1.0,0.0,0.0
2019-09,467530,720,0.0,0.0,0.0,0.0,0.0,0.0,0.0,0.0,0.0,0.0,0.0,0.0,0.0,0.0,0.0,0.0,0.0,0.0,0.0,0.0,0.0,0.0,1.0,0.0,0.0
2019-10,467530,744,0.0,0.0,0.0,0.0,0.0,0.0,0.0,0.0,0.0,0.0,0.0,0.0,0.0,0.0,0.0,0.0,0.0,0.0,0.0,0.0,0.0,0.0,1.0,0.0,0.0
2019-11,467530,720,0.0,0.0,0.0,0.0,0.0,0.0,0.0,0.0,0.0,0.0,0.0,0.0,0.0,0.0,0.0,0.0,0.0,0.0,0.0,0.0,0.0,0.0,1.0,0.0,0.0
2019-12,467530,744,0.0,0.0,0.0,0.0,0.0,0.0,0.0,0.0,0.0,0.0,0.0,0.0,0.0,0.0,0.0,0.0,0.0,0.0,0.0,0.0,0.0,0.0,1.0,0.0,0.0
2020-01,467530,744,0.0,0.0,0.0,0.0,0.0,0.0,0.0,0.0,0.0,0.0,0.0,0.0,0.0,0.0,0.0,0.0,0.0,0.0,0.0,0.0,0.0,0.0,1.0,0.0,0.0
2020-02,467530,696,0.0,0.0,0.0,0.0,0.0,0.0,0.0,0.0,0.0,0.0,0.0,0.0,0.0,0.0,0.0,0.0,0.0,0.0,0.0,0.0,0.0,0.0,1.0,0.0,0.0
2020-03,467530,744,0.0,0.0,0.0,0.0,0.0,0.0,0.0,0.0,0.0,0.0,0.0,0.0,0.0,0.0,0.0,0.0,0.0,0.0,0.0,0.0,0.0,0.0,1.0,0.0,0.0
2020-04,467530,720,0.0,0.0,0.0,0.0,0.0,0.0,0.0,0.0,0.0,0.0,0.0,0.0,0.0,0.0,0.0,0.0,0.0,0.0,0.0,0.0,0.0,0.0,1.0,0.0,0.0
2020-05,467530,744,0.0,0.0,0.0,0.0,0.0,0.0,0.0,0.0,0.0,0.0,0.0,0.0,0.0,0.0,0.0,0.0,0.0,0.0,0.0,0.0,0.0,0.0,1.0,0.0,0.0
2020-06,467530,720,0.0,0.0,0.0,0.0,0.0,0.0,0.0,0.0,0.0,0.0,0.0,0.0,0.0,0.0,0.0,0.0,0.0,0.0,0.0,0.0,0.0,0.0,1.0,0.0,0.0
2020-07,467530,744,0.0,0.0,0.0,0.0,0.0,0.0,0.0,0.0,0.0,0.0,0.0,0.0,0.0,0.0,0.0,0.0,0.0,0.0,0.0,0.0,0.0,0.0,1.0,0.0,0.0
2020-08,467530,744,0.0,0.0,0.0,0.0,0.0,0.0,0.0,0.0,0.0,0.0,0.0,0.0,0.0,0.0,0.0,0.0,0.0,0.0,0.0,0.0,0.0,0.0,1.0,0.0,0.0
2020-09,467530,720,0.0,0.0,0.0,0.0,0.0,0.0,0.0,0.0,0.0,0.0,0.0,0.0,0.0,0.0,0.0,0.0,0.0,0.0,0.0,0.0,0.0,0.0,1.0,0.0,0.0
2020-10,467530,744,0.0,0.0,0.0,0.0,0.0,0.0,0.0,0.0,0.0,0.0,0.0,0.0,0.0,0.0,0.0,0.0,0.0,0.0,0.0,0.0,0.0,0.0,1.0,0.0,0.0
2020-11,467530,720,0.0,0.0,0.0,0.0,0.0,0.0,0.0,0.0,0.0,0.0,0.0,0.0,0.0,0.0,0.0,0.0,0.0,0.0,0.0,0.0,0.0,0.0,1.0,0.0,0.0
2020-12,467530,744,0.0,0.0,0.0,0.0,0.0,0.0,0.0,0.0,0.0,0.0,0.0,0.0,0.0,0.0,0.0,0.0,0.0,0.0,0.0,0.0,0.0,0.0,1.0,0.0,0.0
2021-01,467530,744,0.0,0.0,0.0,0.0,0.0,0.0,0.0,0.0,0.0,0.0,0.0,0.0,0.0,0.0,0.0,0.0,0.0,0.0,0.0,0.0,0.0,0.0,1.0,0.0,0.0
2021-02,467530,672,0.0,0.0,0.0,0.0,0.0,0.0,0.0,0.0,0.0,0.0,0.0,0.0,0.0,0.0,0.0,0.0,0.0,0.0,0.0,0.0,0.0,0.0,1.0,0.0,0.0
2021-03,467530,744,0.0,0.0,0.0,0.0,0.0,0.0,0.0,0.0,0.0,0.0,0.0,0.0,0.0,0.0,0.0,0.0,0.0,0.0,0.0,0.0,0.0,0.0,1.0,0.0,0.0
2021-04,467530,720,0.0,0.0,0.0,0.0,0.0,0.0,0.0,0.0,0.0,0.0,0.0,0.0,0.0,0.0,0.0,0.0,0.0,0.0,0.0,0.0,0.0,0.0,1.0,0.0,0.0
2021-05,467530,744,0.0,0.0,0.0,0.0,0.0,0.0,0.0,0.0,0.0,0.0,0.0,0.0,0.0,0.0,0.0,0.0,0.0,0.0,0.0,0.0,0.0,0.0,1.0,0.0,0.0
2021-06,467530,720,0.0,0.0,0.0,0.0,0.0,0.0,0.0,0.0,0.0,0.0,0.0,0.0,0.0,0.0,0.0,0.0,0.0,0.0,0.0,0.0,0.0,0.0,1.0,0.0,0.0
2021-07,467530,744,0.0,0.0,0.0,0.0,0.0,0.0,0.0,0.0,0.0,0.0,0.0,0.0,0.0,0.0,0.0,0.0,0.0,0.0,0.0,0.0,0.0,0.0,1.0,0.0,0.0
2021-08,467530,744,0.0,0.0,0.0,0.0,0.0,0.0,0.0,0.0,0.0,0.0,0.0,0.0,0.0,0.0,0.0,0.0,0.0,0.0,0.0,0.0,0.0,0.0,1.0,0.0,0.0
2021-09,467530,720,0.0,0.0,0.0,0.0,0.0,0.0,0.0,0.0,0.0,0.0,0.0,0.0,0.0,0.0,0.0,0.0,0.0,0.0,0.0,0.0,0.0,0.0,1.0,0.0,0.0
2021-10,467530,744,0.0,0.0,0.0,0.0,0.0,0.0,0.0,0.0,0.0,0.0,0.0,0.0,0.0,0.0,0.0,0.0,0.0,0.0,0.0,0.0,0.0,0.0,1.0,0.0,0.0
2021-11,467530,720,0.0,0.0,0.0,0.0,0.0,0.0,0.0,0.0,0.0,0.0,0.0,0.0,0.0,0.0,0.0,0.0,0.0,0.0,0.0,0.0,0.0,0.0,1.0,0.0,0.0
2021-12,467530,744,0.0,0.0,0.0,0.0,0.0,0.0,0.0,0.0,0.0,0.0,0.0,0.0,0.0,0.0,0.0,0.0,0.0,0.0,0.0,0.0,0.0,0.0,1.0,0.0,0.0
2022-01,467530,744,0.0,0.0,0.0,0.0,0.0,0.0,0.0,0.0,0.0,0.0,0.0,0.0,0.0,0.0,0.0,0.0,0.0,0.0,0.0,0.0,0.0,0.0,1.0,0.0,0.0
2022-02,467530,672,0.0,0.0,0.0,0.0,0.0,0.0,0.0,0.0,0.0,0.0,0.0,0.0,0.0,0.0,0.0,0.0,0.0,0.0,0.0,0.0,0.0,0.0,1.0,0.0,0.0
2022-03,467530,744,0.0,0.0,0.0,0.0,0.0,0.0,0.0,0.0,0.0,0.0,0.0,0.0,0.0,0.0,0.0,0.0,0.0,0.0,0.0,0.0,0.0,0.0,1.0,0.0,0.0
2022-04,467530,720,0.0,0.0,0.0,0.0,0.0,0.0,0.0,0.0,0.0,0.0,0.0,0.0,0.0,0.0,0.0,0.0,0.0,0.0,0.0,0.0,0.0,0.0,1.0,0.0,0.0
2022-05,467530,744,0.0,0.0,0.0,0.0,0.0,0.0,0.0,0.0,0.0,0.0,0.0,0.0,0.0,0.0,0.0,0.0,0.0,0.0,0.0,0.0,0.0,0.0,1.0,0.0,0.0
2022-06,467530,720,0.0,0.0,0.0,0.0,0.0,0.0,0.0,0.0,0.0,0.0,0.0,0.0,0.0,0.0,0.0,0.0,0.0,0.0,0.0,0.0,0.0,0.0,1.0,0.0,0.0
2022-07,467530,744,0.0,0.0,0.0,0.0,0.0,0.0,0.0,0.0,0.0,0.0,0.0,0.0,0.0,0.0,0.0,0.0,0.0,0.0,0.0,0.0,0.0,0.0,1.0,0.0,0.0
2022-08,467530,744,0.0,0.0,0.0,0.0,0.0,0.0,0.0,0.0,0.0,0.0,0.0,0.0,0.0,0.0,0.0,0.0,0.0,0.0,0.0,0.0,0.0,0.0,1.0,0.0,0.0
2022-09,467530,720,0.0,0.0,0.0,0.0,0.0,0.0,0.0,0.0,0.0,0.0,0.0,0.0,0.0,0.0,0.0,0.0,0.0,0.0,0.0,0.0,0.0,0.0,1.0,0.0,0.0
2022-10,467530,744,0.0,0.0,0.0,0.0,0.0,0.0,0.0,0.0,0.0,0.0,0.0,0.0,0.0,0.0,0.0,0.0,0.0,0.0,0.0,0.0,0.0,0.0,1.0,0.0,0.0
2022-11,467530,720,0.0,0.0,0.0,0.0,0.0,0.0,0.0,0.0,0.0,0.0,0.0,0.0,0.0,0.0,0.0,0.0,0.0,0.0,0.0,0.0,0.0,0.0,1.0,0.0,0.0
2022-12,467530,744,0.0,0.0,0.0,0.0,0.0,0.0,0.0,0.0,0.0,0.0,0.0,0.0,0.0,0.0,0.0,0.0,0.0,0.0,0.0,0.0,0.0,0.0,1.0,0.0,0.0
2023-01,467530,744,0.999,0.999,0.999,0.999,0.999,0.999,0.999,0.999,0.999,0.999,0.999,0.583,0.999,0.208,0.0,0.0,0.195,0.96,0.999,0.999,0.996,0.992,1.0,0.999,0.208
2023-02,467530,672,1.0,1.0,1.0,1.0,1.0,1.0,1.0,1.0,1.0,1.0,1.0,0.583,1.0,0.208,0.0,0.0,0.188,0.167,1.0,1.0,1.0,1.0,1.0,1.0,0.208
2023-03,467530,744,1.0,1.0,1.0,1.0,1.0,1.0,1.0,1.0,1.0,1.0,1.0,0.583,1.0,0.208,0.0,0.0,0.2,0.993,1.0,1.0,1.0,1.0,1.0,1.0,0.208
2023-04,467530,720,1.0,1.0,1.0,1.0,1.0,1.0,1.0,1.0,1.0,1.0,1.0,0.583,1.0,0.208,0.0,0.0,0.185,0.982,1.0,1.0,1.0,1.0,1.0,1.0,0.208
2023-05,467530,744,1.0,1.0,1.0,1.0,1.0,1.0,1.0,1.0,1.0,1.0,1.0,0.583,1.0,0.208,0.0,0.0,0.156,0.992,1.0,1.0,1.0,1.0,1.0,1.0,0.208
2023-06,467530,720,1.0,1.0,1.0,1.0,1.0,1.0,1.0,1.0,1.0,1.0,1.0,0.583,1.0,0.208,0.0,0.0,0.149,0.972,1.0,1.0,1.0,1.0,1.0,1.0,0.208
2023-07,467530,744,1.0,1.0,1.0,1.0,1.0,1.0,1.0,1.0,1.0,1.0,1.0,0.583,1.0,0.208,0.0,0.0,0.179,0.977,1.0,1.0,1.0,1.0,1.0,1.0,0.208
2023-08,467530,744,1.0,1.0,1.0,1.0,1.0,1.0,1.0,1.0,1.0,1.0,1.0,0.583,1.0,0.208,0.0,0.0,0.155,0.993,1.0,1.0,1.0,1.0,1.0,1.0,0.208
2023-09,467530,720,1.0,1.0,1.0,1.0,1.0,1.0,1.0,1.0,1.0,1.0,1.0,0.583,1.0,0.208,0.0,0.0,0.156,0.967,1.0,1.0,1.0,1.0,1.0,1.0,0.208
2023-10,467530,744,1.0,1.0,1.0,1.0,1.0,1.0,1.0,1.0,1.0,1.0,1.0,0.583,1.0,0.208,0.0,0.0,0.179,0.981,1.0,1.0,1.0,1.0,1.0,1.0,0.208
2023-11,467530,720,1.0,1.0,1.0,1.0,1.0,1.0,1.0,1.0,1.0,1.0,1.0,0.583,1.0,0.208,0.0,0.0,0.19,0.988,1.0,1.0,1.0,1.0,1.0,1.0,0.208
2023-12,467530,744,1.0,1.0,1.0,1.0,1.0,1.0,1.0,1.0,1.0,1.0,1.0,0.583,1.0,0.208,0.0,0.0,0.192,0.97,1.0,1.0,1.0,1.0,1.0,1.0,0.208
2024-01,467530,744,1.0,1.0,1.0,1.0,1.0,1.0,1.0,1.0,1.0,1.0,1.0,0.583,1.0,0.208,0.0,0.0,0.202,0.976,1.0,1.0,1.0,1.0,1.0,1.0,0.208
2024-02,467530,696,1.0,1.0,1.0,1.0,1.0,1.0,1.0,1.0,1.0,1.0,1.0,0.583,1.0,0.208,0.0,0.0,0.197,0.989,1.0,1.0,1.0,1.0,1.0,1.0,0.208
2024-03,467530,744,1.0,1.0,1.0,1.0,1.0,1.0,1.0,1.0,1.0,1.0,1.0,0.583,1.0,0.208,0.0,0.0,0.185,0.985,1.0,1.0,1.0,1.0,1.0,1.0,0.208
2024-04,467530,720,1.0,1.0,1.0,1.0,1.0,1.0,1.0,1.0,1.0,1.0,1.0,0.583,1.0,0.208,0.0,0.0,0.172,0.976,1.0,1.0,1.0,1.0,1.0,1.0,0.208
2024-05,467530,744,1.0,1.0,1.0,1.0,1.0,1.0,1.0,1.0,1.0,1.0,1.0,0.583,1.0,0.208,0.0,0.0,0.155,0.989,1.0,1.0,1.0,1.0,1.0,1.0,0.208
2024-06,467530,720,1.0,1.0,1.0,1.0,1.0,1.0,1.0,1.0,1.0,1.0,1.0,0.583,1.0,0.208,0.0,0.0,0.162,0.996,1.0,1.0,1.0,1.0,1.0,1.0,0.208
2024-07,467530,744,1.0,1.0,1.0,1.0,1.0,1.0,1.0,1.0,1.0,1.0,1.0,0.583,1.0,0.208,0.0,0.0,0.155,0.981,1.0,1.0,1.0,1.0,1.0,1.0,0.208
2024-08,467530,744,1.0,1.0,1.0,1.0,1.0,1.0,1.0,1.0,1.0,1.0,1.0,0.583,1.0,0.208,0.0,0.0,0.136,0.973,1.0,1.0,1.0,1.0,1.0,1.0,0.208
2024-09,467530,720,1.0,1.0,1.0,1.0,1.0,1.0,1.0,1.0,1.0,1.0,1.0,0.583,1.0,0.208,0.0,0.0,0.158,0.974,1.0,1.0,1.0,1.0,1.0,1.0,0.208
2024-10,467530,744,1.0,1.0,1.0,1.0,1.0,1.0,1.0,1.0,1.0,1.0,1.0,0.583,1.0,0.208,0.0,0.0,0.171,0.985,1.0,1.0,1.0,1.0,1.0,1.0,0.208
2024-11,467530,720,1.0,1.0,1.0,1.0,1.0,1.0,1.0,1.0,1.0,1.0,1.0,0.583,1.0,0.208,0.0,0.0,0.2,0.985,1.0,1.0,1.0,1.0,1.0,1.0,0.208
2024-12,467530,744,1.0,1.0,1.0,1.0,1.0,1.0,1.0,1.0,1.0,1.0,1.0,0.583,1.0,0.208,0.0,0.0,0.181,0.964,1.0,1.0,1.0,1.0,1.0,1.0,0.208
2025-01,467530,744,1.0,1.0,1.0,1.0,1.0,1.0,1.0,1.0,1.0,1.0,1.0,0.583,1.0,0.208,0.0,0.0,0.171,0.935,1.0,1.0,1.0,1.0,1.0,1.0,0.208
2025-02,467530,672,1.0,1.0,1.0,1.0,1.0,1.0,1.0,1.0,1.0,1.0,1.0,0.583,1.0,0.208,0.0,0.0,0.171,0.957,1.0,1.0,1.0,1.0,1.0,1.0,0.208
2025-03,467530,744,1.0,1.0,1.0,1.0,1.0,1.0,1.0,1.0,1.0,1.0,1.0,0.583,1.0,0.208,0.0,0.0,0.16,0.977,1.0,1.0,1.0,1.0,1.0,1.0,0.208
2025-04,467530,720,1.0,1.0,1.0,1.0,1.0,1.0,1.0,1.0,1.0,1.0,1.0,0.583,1.0,0.208,0.0,0.0,0.153,0.958,1.0,1.0,1.0,1.0,1.0,1.0,0.208
2025-05,467530,744,1.0,1.0,1.0,1.0,1.0,1.0,1.0,1.0,1.0,1.0,1.0,0.583,1.0,0.208,0.0,0.0,0.163,0.973,1.0,1.0,1.0,1.0,1.0,1.0,0.208
2025-06,467530,720,1.0,1.0,1.0,1.0,1.0,1.0,1.0,1.0,1.0,1.0,1.0,0.583,1.0,0.208,0.0,0.0,0.138,0.947,1.0,1.0,1.0,1.0,1.0,1.0,0.208
2025-07,467530,744,1.0,1.0,1.0,1.0,1.0,1.0,1.0,1.0,1.0,1.0,1.0,0.583,1.0,0.208,0.0,0.0,0.113,0.987,1.0,1.0,1.0,1.0,1.0,1.0,0.208
2025-08,467530,744,1.0,1.0,1.0,1.0,1.0,1.0,1.0,1.0,1.0,1.0,1.0,0.583,1.0,0.208,0.0,0.0,0.152,0.972,1.0,1.0,1.0,1.0,1.0,1.0,0.208
2025-09,467530,720,1.0,1.0,1.0,1.0,1.0,1.0,1.0,1.0,1.0,1.0,1.0,0.583,1.0,0.208,0.0,0.0,0.172,0.976,1.0,1.0,1.0,1.0,1.0,1.0,0.208
2025-10,467530,744,1.0,1.0,1.0,1.0,1.0,1.0,1.0,1.0,1.0,1.0,1.0,0.583,1.0,0.208,0.0,0.0,0.202,0.973,1.0,1.0,1.0,1.0,1.0,1.0,0.208
2025-11,467530,720,1.0,1.0,1.0,1.0,1.0,1.0,1.0,1.0,1.0,1.0,1.0,0.583,1.0,0.208,0.0,0.0,0.197,0.724,1.0,1.0,1.0,1.0,1.0,1.0,0.208
2025-12,467530,744,1.0,1.0,1.0,1.0,1.0,1.0,1.0,1.0,1.0,1.0,1.0,0.583,1.0,0.208,0.031,0.0,0.194,0.993,1.0,1.0,1.0,1.0,1.0,1.0,0.208
2026-01,467530,744,1.0,0.984,0.992,0.992,0.992,1.0,1.0,1.0,1.0,0.993,1.0,0.999,1.0,0.0,1.0,0.999,0.0,0.989,0.992,0.992,0.991,0.987,1.0,1.0,0.0
2026-02,467530,672,1.0,1.0,1.0,1.0,1.0,1.0,1.0,1.0,1.0,1.0,1.0,1.0,1.0,0.001,1.0,1.0,0.0,0.99,1.0,1.0,1.0,1.0,1.0,1.0,0.001
2026-03,467530,744,1.0,1.0,1.0,1.0,1.0,0.977,0.977,0.978,0.978,1.0,1.0,1.0,1.0,0.0,1.0,0.981,0.0,0.985,1.0,1.0,1.0,1.0,1.0,1.0,0.0
2026-04,467530,720,1.0,1.0,1.0,1.0,1.0,1.0,1.0,1.0,1.0,1.0,1.0,1.0,1.0,0.0,1.0,1.0,0.0,0.99,1.0,1.0,1.0,1.0,1.0,1.0,0.0
2026-05,467530,744,1.0,1.0,1.0,1.0,1.0,1.0,1.0,1.0,1.0,1.0,1.0,1.0,1.0,0.0,1.0,0.956,0.0,0.995,1.0,1.0,1.0,1.0,1.0,1.0,0.0
2026-06,467530,720,1.0,1.0,1.0,1.0,1.0,1.0,1.0,1.0,1.0,1.0,1.0,1.0,1.0,0.0,1.0,0.785,0.0,0.981,1.0,1.0,1.0,1.0,1.0,1.0,0.0
2026-07,467530,744,0.999,0.999,0.999,0.997,0.997,0.999,0.999,0.999,0.999,0.999,0.999,0.999,0.999,0.0,0.999,0.999,0.0,0.964,0.997,0.997,0.996,0.992,1.0,1.0,0.0
2026-08,467530,744,1.0,1.0,1.0,1.0,1.0,1.0,1.0,1.0,1.0,1.0,1.0,1.0,1.0,0.0,1.0,1.0,0.0,0.997,1.0,1.0,1.0,1.0,1.0,1.0,0.0
2026-09,467530,1,1.0,1.0,1.0,1.0,1.0,1.0,1.0,1.0,1.0,1.0,1.0,1.0,1.0,0.0,1.0,1.0,0.0,1.0,1.0,1.0,1.0,1.0,1.0,1.0,0.0
2008-01,C0H990,743,0.0,,0.995,,0.0,0.997,0.996,0.0,0.0,1.0,,1.0,0.0,,,,,,0.0,0.0,0.997,0.993,1.0,,
2008-02,C0H990,696,0.0,,0.987,,0.0,0.996,0.997,0.0,0.0,1.0,,1.0,0.0,,,,,,0.0,0.0,1.0,1.0,1.0,,
2008-03,C0H990,744,0.0,,0.993,,0.0,0.996,0.997,0.0,0.0,1.0,,1.0,0.0,,,,,,0.0,0.0,1.0,1.0,1.0,,
2008-04,C0H990,720,0.0,,0.999,,0.0,0.992,0.994,0.0,0.0,1.0,,1.0,0.0,,,,,,0.0,0.0,1.0,1.0,1.0,,
2008-05,C0H990,744,0.0,,0.993,,0.0,0.991,0.995,0.0,0.0,1.0,,1.0,0.0,,,,,,0.0,0.0,1.0,1.0,1.0,,
2008-06,C0H990,720,0.0,,0.996,,0.0,0.999,0.997,0.0,0.0,1.0,,1.0,0.0,,,,,,0.0,0.0,1.0,1.0,1.0,,
2008-07,C0H990,744,0.0,,0.999,,0.0,0.995,0.995,0.0,0.0,1.0,,1.0,0.0,,,,,,0.0,0.0,1.0,1.0,1.0,,
2008-08,C0H990,744,0.0,,1.0,,0.0,1.0,0.996,0.0,0.0,1.0,,1.0,0.0,,,,,,0.0,0.0,1.0,1.0,1.0,,
2008-09,C0H990,720,0.0,,0.997,,0.0,0.994,0.996,0.0,0.0,1.0,,1.0,0.0,,,,,,0.0,0.0,1.0,1.0,1.0,,
2008-10,C0H990,744,0.0,,0.996,,0.0,0.997,0.999,0.0,0.0,1.0,,1.0,0.0,,,,,,0.0,0.0,1.0,1.0,1.0,,
2008-11,C0H990,720,0.0,,0.999,,0.0,0.999,0.999,0.0,0.0,1.0,,1.0,0.0,,,,,,0.0,0.0,1.0,1.0,1.0,,
2008-12,C0H990,744,0.0,,0.988,,0.0,0.996,0.993,0.0,0.0,1.0,,1.0,0.0,,,,,,0.0,0.0,1.0,1.0,1.0,,
2009-01,C0H990,744,0.0,,0.989,,0.0,0.996,0.993,0.0,0.0,1.0,,1.0,0.0,,,,,,0.0,0.0,1.0,1.0,1.0,,
2009-02,C0H990,672,0.0,,0.994,,0.0,0.999,0.996,0.0,0.0,1.0,,1.0,0.0,,,,,,0.0,0.0,1.0,1.0,1.0,,
2009-03,C0H990,744,0.0,,0.995,,0.0,0.993,0.993,0.0,0.0,1.0,,1.0,0.0,,,,,,0.0,0.0,1.0,1.0,1.0,,
2009-04,C0H990,720,0.0,,0.992,,0.0,0.986,0.994,0.0,0.0,1.0,,1.0,0.0,,,,,,0.0,0.0,1.0,1.0,1.0,,
2009-05,C0H990,744,0.0,,0.993,,0.0,0.993,0.995,0.0,0.0,1.0,,1.0,0.0,,,,,,0.0,0.0,1.0,1.0,1.0,,
2009-06,C0H990,720,0.0,,0.999,,0.0,0.997,1.0,0.0,0.0,1.0,,1.0,0.0,,,,,,0.0,0.0,1.0,1.0,1.0,,
2009-07,C0H990,744,0.0,,1.0,,0.0,1.0,0.997,0.0,0.0,1.0,,1.0,0.0,,,,,,0.0,0.0,1.0,1.0,1.0,,
2009-08,C0H990,744,0.0,,0.999,,0.0,0.997,0.995,0.0,0.0,1.0,,1.0,0.0,,,,,,0.0,0.0,1.0,1.0,1.0,,
2009-09,C0H990,720,0.0,,0.996,,0.0,0.996,0.993,0.0,0.0,1.0,,1.0,0.0,,,,,,0.0,0.0,1.0,1.0,1.0,,
2009-10,C0H990,744,0.0,,0.996,,0.0,0.992,0.988,0.0,0.0,1.0,,1.0,0.0,,,,,,0.0,0.0,1.0,1.0,1.0,,
2009-11,C0H990,720,0.0,,0.996,,0.0,0.996,0.997,0.0,0.0,1.0,,1.0,0.0,,,,,,0.0,0.0,1.0,1.0,1.0,,
2009-12,C0H990,744,0.0,,0.985,,0.0,0.996,0.997,0.0,0.0,1.0,,1.0,0.0,,,,,,0.0,0.0,1.0,1.0,1.0,,
2010-01,C0H990,744,0.0,,0.995,,0.0,0.991,0.996,0.0,0.0,1.0,,1.0,0.0,,,,,,0.0,0.0,1.0,1.0,1.0,,
2010-02,C0H990,672,0.0,,0.991,,0.0,0.993,0.988,0.0,0.0,1.0,,1.0,0.0,,,,,,0.0,0.0,1.0,1.0,1.0,,
2010-03,C0H990,744,0.0,,0.995,,0.0,0.992,0.993,0.0,0.0,1.0,,1.0,0.0,,,,,,0.0,0.0,1.0,1.0,1.0,,
2010-04,C0H990,720,0.0,,0.996,,0.0,0.993,0.993,0.0,0.0,1.0,,1.0,0.0,,,,,,0.0,0.0,1.0,1.0,1.0,,
2010-05,C0H990,744,0.0,,0.989,,0.0,0.988,0.992,0.0,0.0,1.0,,1.0,0.0,,,,,,0.0,0.0,1.0,1.0,1.0,,
2010-06,C0H990,720,0.0,,0.997,,0.0,0.994,0.993,0.0,0.0,1.0,,1.0,0.0,,,,,,0.0,0.0,1.0,1.0,1.0,,
2010-07,C0H990,744,0.0,,0.996,,0.0,0.995,0.996,0.0,0.0,1.0,,1.0,0.0,,,,,,0.0,0.0,1.0,1.0,1.0,,
2010-08,C0H990,744,0.0,,0.995,,0.0,0.995,0.997,0.0,0.0,1.0,,1.0,0.0,,,,,,0.0,0.0,1.0,1.0,1.0,,
2010-09,C0H990,720,0.0,,0.997,,0.0,0.994,0.997,0.0,0.0,1.0,,1.0,0.0,,,,,,0.0,0.0,1.0,1.0,1.0,,
2010-10,C0H990,744,0.0,,0.999,,0.0,1.0,1.0,0.0,0.0,1.0,,1.0,0.0,,,,,,0.0,0.0,1.0,1.0,1.0,,
2010-11,C0H990,720,0.0,,0.994,,0.0,0.993,0.996,0.0,0.0,0.975,,1.0,0.0,,,,,,0.0,0.0,0.925,0.854,1.0,,
2010-12,C0H990,744,0.0,,0.988,,0.0,0.992,0.995,0.0,0.0,0.961,,1.0,0.0,,,,,,0.0,0.0,0.89,0.79,1.0,,
2011-01,C0H990,744,0.0,,0.981,,0.0,0.993,0.993,0.0,0.0,1.0,,1.0,0.0,,,,,,0.0,0.0,1.0,1.0,1.0,,
2011-02,C0H990,672,0.0,,0.984,,0.0,0.99,0.993,0.0,0.0,1.0,,1.0,0.0,,,,,,0.0,0.0,1.0,1.0,1.0,,
2011-03,C0H990,744,0.0,,0.987,,0.0,0.989,0.989,0.0,0.0,1.0,,1.0,0.0,,,,,,0.0,0.0,1.0,1.0,1.0,,
2011-04,C0H990,720,0.0,,0.988,,0.0,0.989,0.99,0.0,0.0,1.0,,1.0,0.0,,,,,,0.0,0.0,1.0,1.0,1.0,,
2011-05,C0H990,744,0.0,,0.992,,0.0,0.989,0.993,0.0,0.0,1.0,,1.0,0.0,,,,,,0.0,0.0,1.0,1.0,1.0,,
2011-06,C0H990,720,0.0,,0.986,,0.0,0.985,0.986,0.0,0.0,1.0,,1.0,0.0,,,,,,0.0,0.0,1.0,1.0,1.0,,
2011-07,C0H990,744,0.0,,0.997,,0.0,0.993,0.992,0.0,0.0,1.0,,1.0,0.0,,,,,,0.0,0.0,1.0,1.0,1.0,,
2011-08,C0H990,744,0.0,,1.0,,0.0,1.0,1.0,0.0,0.0,1.0,,1.0,0.0,,,,,,0.0,0.0,1.0,1.0,1.0,,
2011-09,C0H990,720,0.0,,0.996,,0.0,0.997,0.994,0.0,0.0,1.0,,1.0,0.0,,,,,,0.0,0.0,1.0,1.0,1.0,,
2011-10,C0H990,744,0.0,,0.995,,0.0,0.996,0.997,0.0,0.0,1.0,,1.0,0.0,,,,,,0.0,0.0,1.0,1.0,1.0,,
2011-11,C0H990,720,0.0,,0.997,,0.0,0.994,0.993,0.0,0.0,1.0,,1.0,0.0,,,,,,0.0,0.0,1.0,1.0,1.0,,
2011-12,C0H990,744,0.0,,0.997,,0.0,1.0,0.996,0.0,0.0,1.0,,1.0,0.0,,,,,,0.0,0.0,1.0,1.0,1.0,,
2012-01,C0H990,744,0.0,,0.98,,0.0,0.997,0.996,0.0,0.0,1.0,,1.0,0.0,,,,,,0.0,0.0,1.0,1.0,1.0,,
2012-02,C0H990,696,0.0,,0.989,,0.0,0.996,0.994,0.0,0.0,1.0,,1.0,0.0,,,,,,0.0,0.0,1.0,1.0,1.0,,
2012-03,C0H990,744,0.0,,0.997,,0.0,1.0,0.996,0.0,0.0,1.0,,1.0,0.0,,,,,,0.0,0.0,1.0,1.0,1.0,,
2012-04,C0H990,720,0.0,,0.997,,0.0,0.997,0.994,0.0,0.0,1.0,,1.0,0.0,,,,,,0.0,0.0,1.0,1.0,1.0,,
2012-05,C0H990,744,0.0,,0.989,,0.0,0.993,0.989,0.0,0.0,1.0,,1.0,0.0,,,,,,0.0,0.0,1.0,1.0,1.0,,
2012-06,C0H990,720,0.0,,0.989,,0.0,0.989,0.975,0.0,0.0,1.0,,1.0,0.0,,,,,,0.0,0.0,1.0,1.0,1.0,,
2012-07,C0H990,744,0.0,,0.984,,0.0,0.978,0.97,0.0,0.0,1.0,,1.0,0.0,,,,,,0.0,0.0,1.0,1.0,1.0,,
2012-08,C0H990,744,0.0,,0.976,,0.0,0.978,0.964,0.0,0.0,1.0,,1.0,0.0,,,,,,0.0,0.0,1.0,1.0,1.0,,
2012-09,C0H990,720,0.0,,0.982,,0.0,0.976,0.961,0.0,0.0,1.0,,1.0,0.0,,,,,,0.0,0.0,1.0,1.0,1.0,,
2012-10,C0H990,744,0.0,,0.984,,0.0,0.976,0.97,0.0,0.0,0.976,,1.0,0.0,,,,,,0.0,0.0,0.935,0.882,1.0,,
2012-11,C0H990,720,0.0,,0.983,,0.0,0.976,0.972,0.0,0.0,1.0,,1.0,0.0,,,,,,0.0,0.0,1.0,1.0,1.0,,
2012-12,C0H990,744,0.0,,0.978,,0.0,0.978,0.962,0.0,0.0,1.0,,1.0,0.0,,,,,,0.0,0.0,1.0,1.0,1.0,,
2013-01,C0H990,744,0.0,,0.984,,0.0,0.987,0.97,0.0,0.0,0.918,,1.0,0.0,,,,,,0.0,0.0,0.915,0.911,1.0,,
2013-02,C0H990,672,0.0,,0.976,,0.0,0.976,0.97,0.0,0.0,1.0,,1.0,0.0,,,,,,0.0,0.0,1.0,1.0,1.0,,
2013-03,C0H990,744,0.0,,0.973,,0.0,0.972,0.96,0.0,0.0,1.0,,1.0,0.0,,,,,,0.0,0.0,1.0,1.0,1.0,,
2013-04,C0H990,720,0.0,,0.99,,0.0,0.988,0.974,0.0,0.0,1.0,,1.0,0.0,,,,,,0.0,0.0,1.0,1.0,1.0,,
2013-05,C0H990,744,0.0,,0.992,,0.0,0.991,0.988,0.0,0.0,1.0,,1.0,0.0,,,,,,0.0,0.0,1.0,1.0,1.0,,
2013-06,C0H990,720,0.0,,0.983,,0.0,0.982,0.967,0.0,0.0,1.0,,1.0,0.0,,,,,,0.0,0.0,1.0,1.0,1.0,,
2013-07,C0H990,744,0.0,,0.985,,0.0,0.97,0.972,0.0,0.0,1.0,,1.0,0.0,,,,,,0.0,0.0,1.0,1.0,1.0,,
2013-08,C0H990,744,0.0,,0.978,,0.0,0.972,0.95,0.0,0.0,1.0,,1.0,0.0,,,,,,0.0,0.0,1.0,1.0,1.0,,
2013-09,C0H990,720,0.0,,0.976,,0.0,0.979,0.962,0.0,0.0,0.785,,1.0,0.0,,,,,,0.0,0.0,0.782,0.778,1.0,,
2013-10,C0H990,744,0.0,,0.976,,0.0,0.981,0.973,0.0,0.0,1.0,,1.0,0.0,,,,,,0.0,0.0,1.0,1.0,1.0,,
2013-11,C0H990,720,0.0,,0.976,,0.0,0.972,0.974,0.0,0.0,1.0,,1.0,0.0,,,,,,0.0,0.0,1.0,1.0,1.0,,
2013-12,C0H990,744,0.0,,0.969,,0.0,0.966,0.952,0.0,0.0,1.0,,1.0,0.0,,,,,,0.0,0.0,1.0,1.0,1.0,,
2014-01,C0H990,744,0.0,,0.968,,0.0,0.976,0.964,0.0,0.0,1.0,,1.0,0.0,,,,,,0.0,0.0,1.0,1.0,1.0,,
2014-02,C0H990,672,0.0,,0.973,,0.0,0.975,0.972,0.0,0.0,1.0,,1.0,0.0,,,,,,0.0,0.0,1.0,1.0,1.0,,
2014-03,C0H990,744,0.0,,0.978,,0.0,0.978,0.969,0.0,0.0,1.0,,1.0,0.0,,,,,,0.0,0.0,1.0,1.0,1.0,,
2014-04,C0H990,720,0.0,,0.982,,0.0,0.971,0.965,0.0,0.0,0.999,,1.0,0.0,,,,,,0.0,0.0,0.996,0.992,1.0,,
2014-05,C0H990,744,0.0,,0.996,,0.0,0.999,0.993,0.0,0.0,1.0,,1.0,0.0,,,,,,0.0,0.0,1.0,1.0,1.0,,
2014-06,C0H990,720,0.0,,0.996,,0.0,0.992,0.978,0.0,0.0,1.0,,1.0,0.0,,,,,,0.0,0.0,1.0,1.0,1.0,,
2014-07,C0H990,744,0.0,,0.996,,0.0,0.995,0.991,0.0,0.0,1.0,,1.0,0.0,,,,,,0.0,0.0,1.0,1.0,1.0,,
2014-08,C0H990,744,0.0,,0.995,,0.0,0.995,0.995,0.0,0.0,0.962,,1.0,0.0,,,,,,0.0,0.0,0.892,0.788,1.0,,
2014-09,C0H990,720,0.0,,0.993,,0.0,0.993,0.989,0.0,0.0,0.962,,1.0,0.0,,,,,,0.0,0.0,0.897,0.808,1.0,,
2014-10,C0H990,744,0.0,,0.993,,0.0,0.983,0.977,0.0,0.0,0.964,,1.0,0.0,,,,,,0.0,0.0,0.897,0.802,1.0,,
2014-11,C0H990,720,0.0,,0.988,,0.0,0.979,0.978,0.0,0.0,0.965,,1.0,0.0,,,,,,0.0,0.0,0.901,0.817,1.0,,
2014-12,C0H990,744,0.0,,0.978,,0.0,0.977,0.968,0.0,0.0,0.966,,1.0,0.0,,,,,,0.0,0.0,0.899,0.802,1.0,,
2015-01,C0H990,744,0.0,,0.991,,0.0,0.987,0.972,0.0,0.0,0.954,,1.0,0.0,,,,,,0.0,0.0,0.878,0.786,1.0,,
2015-02,C0H990,672,0.0,,0.966,,0.0,0.975,0.961,0.0,0.0,0.96,,1.0,0.0,,,,,,0.0,0.0,0.887,0.79,1.0,,
2015-03,C0H990,744,0.0,,0.981,,0.0,0.973,0.962,0.0,0.0,0.973,,1.0,0.0,,,,,,0.0,0.0,0.922,0.847,1.0,,
2015-04,C0H990,720,0.0,,0.992,,0.0,0.989,0.975,0.0,0.0,0.96,,1.0,0.0,,,,,,0.0,0.0,0.889,0.786,1.0,,
2015-05,C0H990,744,0.0,,0.983,,0.0,0.981,0.974,0.0,0.0,0.97,,1.0,0.0,,,,,,0.0,0.0,0.922,0.862,1.0,,
2015-06,C0H990,720,0.0,,0.978,,0.0,0.972,0.954,0.0,0.0,0.951,,1.0,0.0,,,,,,0.0,0.0,0.869,0.76,1.0,,
2015-07,C0H990,744,0.0,,0.991,,0.0,0.988,0.969,0.0,0.0,0.954,,1.0,0.0,,,,,,0.0,0.0,0.87,0.765,1.0,,
2015-08,C0H990,744,0.0,,0.69,,0.0,0.676,0.648,0.0,0.0,0.66,,0.743,0.0,,,,,,0.0,0.0,0.555,0.464,1.0,,
2015-09,C0H990,720,0.0,,0.0,,0.0,0.0,0.0,0.0,0.0,0.0,,0.0,0.0,,,,,,0.0,0.0,0.0,0.0,1.0,,
2015-10,C0H990,744,0.0,,0.0,,0.0,0.0,0.0,0.0,0.0,0.0,,0.0,0.0,,,,,,0.0,0.0,0.0,0.0,1.0,,
2015-11,C0H990,720,0.0,,0.0,,0.0,0.0,0.0,0.0,0.0,0.0,,0.0,0.0,,,,,,0.0,0.0,0.0,0.0,1.0,,
2015-12,C0H990,744,0.0,,0.0,,0.0,0.0,0.0,0.0,0.0,0.0,,0.0,0.0,,,,,,0.0,0.0,0.0,0.0,1.0,,
2016-01,C0H990,744,0.941,,0.931,,0.941,0.938,0.938,0.942,0.942,0.875,,0.0,0.0,,,,,,0.931,0.931,0.867,0.855,1.0,,
2016-02,C0H990,696,0.8,,0.797,,0.8,0.8,0.8,0.8,0.8,0.955,,0.0,0.0,,,,,,0.797,0.797,0.953,0.948,1.0,,
2016-03,C0H990,744,0.993,,0.993,,0.993,0.993,0.993,0.996,0.996,1.0,,0.0,0.0,,,,,,0.993,0.993,1.0,1.0,1.0,,
2016-04,C0H990,720,0.949,,0.949,,0.949,0.946,0.946,0.949,0.949,1.0,,0.0,0.0,,,,,,0.949,0.949,1.0,1.0,1.0,,
2016-05,C0H990,744,1.0,,1.0,,1.0,1.0,1.0,1.0,1.0,1.0,,0.0,0.0,,,,,,1.0,1.0,1.0,1.0,1.0,,
2016-06,C0H990,720,1.0,,1.0,,1.0,1.0,1.0,1.0,1.0,1.0,,0.0,0.0,,,,,,1.0,1.0,1.0,1.0,1.0,,
2016-07,C0H990,744,1.0,,1.0,,1.0,1.0,1.0,1.0,1.0,1.0,,0.0,0.0,,,,,,1.0,1.0,1.0,1.0,1.0,,
2016-08,C0H990,744,0.999,,0.999,,0.999,0.999,0.999,1.0,1.0,1.0,,0.0,0.0,,,,,,0.999,0.999,1.0,1.0,1.0,,
2016-09,C0H990,720,1.0,,1.0,,1.0,1.0,1.0,1.0,1.0,1.0,,0.0,0.0,,,,,,1.0,1.0,1.0,1.0,1.0,,
2016-10,C0H990,744,1.0,,1.0,,1.0,1.0,1.0,0.937,0.937,1.0,,0.0,0.0,,,,,,1.0,1.0,1.0,1.0,1.0,,
2016-11,C0H990,720,1.0,,1.0,,1.0,1.0,1.0,0.0,0.0,1.0,,0.0,0.0,,,,,,1.0,1.0,1.0,1.0,1.0,,
2016-12,C0H990,744,1.0,,0.995,,1.0,1.0,1.0,0.0,0.0,1.0,,0.0,0.0,,,,,,0.995,0.995,1.0,1.0,1.0,,
2017-01,C0H990,744,0.996,,0.991,,0.996,0.996,0.996,0.999,0.999,1.0,,0.0,0.0,,,,,,0.991,0.991,1.0,1.0,1.0,,
2017-02,C0H990,672,1.0,,0.999,,1.0,1.0,1.0,1.0,1.0,1.0,,0.0,0.0,,,,,,0.999,0.999,1.0,1.0,1.0,,
2017-03,C0H990,744,1.0,,1.0,,1.0,1.0,1.0,1.0,1.0,1.0,,0.0,0.0,,,,,,1.0,1.0,1.0,1.0,1.0,,
2017-04,C0H990,720,0.999,,0.999,,0.999,0.999,0.999,1.0,1.0,1.0,,0.0,0.0,,,,,,0.999,0.999,1.0,1.0,1.0,,
2017-05,C0H990,744,1.0,,1.0,,1.0,1.0,1.0,1.0,1.0,1.0,,0.0,0.0,,,,,,1.0,1.0,1.0,1.0,1.0,,
2017-06,C0H990,720,1.0,,1.0,,1.0,1.0,1.0,1.0,1.0,1.0,,0.0,0.0,,,,,,1.0,1.0,1.0,1.0,1.0,,
2017-07,C0H990,744,0.999,,0.999,,0.999,0.999,0.999,1.0,1.0,1.0,,0.0,0.0,,,,,,0.999,0.999,1.0,1.0,1.0,,
2017-08,C0H990,744,0.981,,0.999,,0.999,0.999,0.999,1.0,1.0,1.0,,0.0,0.0,,,,,,0.999,0.999,1.0,1.0,1.0,,
2017-09,C0H990,720,1.0,,1.0,,1.0,1.0,1.0,1.0,1.0,1.0,,0.0,0.0,,,,,,1.0,1.0,1.0,1.0,1.0,,
2017-10,C0H990,744,1.0,,1.0,,1.0,1.0,1.0,1.0,1.0,1.0,,0.0,0.0,,,,,,1.0,1.0,1.0,1.0,1.0,,
2017-11,C0H990,720,1.0,,1.0,,1.0,1.0,1.0,1.0,1.0,1.0,,0.0,0.0,,,,,,1.0,1.0,1.0,1.0,1.0,,
2017-12,C0H990,744,0.999,,0.999,,0.999,0.999,0.999,1.0,1.0,1.0,,0.0,0.0,,,,,,0.999,0.999,1.0,1.0,1.0,,
2018-01,C0H990,744,1.0,,1.0,,1.0,1.0,1.0,1.0,1.0,1.0,,0.0,0.0,,,,,,1.0,1.0,1.0,1.0,1.0,,
2018-02,C0H990,672,1.0,,1.0,,1.0,1.0,1.0,1.0,1.0,1.0,,0.0,0.0,,,,,,1.0,1.0,1.0,1.0,1.0,,
2018-03,C0H990,744,1.0,,1.0,,1.0,1.0,1.0,1.0,1.0,1.0,,0.0,0.0,,,,,,1.0,1.0,1.0,1.0,1.0,,
2018-04,C0H990,720,1.0,,1.0,,1.0,1.0,1.0,1.0,1.0,1.0,,0.0,0.0,,,,,,1.0,1.0,1.0,1.0,1.0,,
2018-05,C0H990,744,1.0,,1.0,,1.0,1.0,1.0,1.0,1.0,1.0,,0.0,0.0,,,,,,1.0,1.0,1.0,1.0,1.0,,
2018-06,C0H990,720,1.0,,1.0,,1.0,1.0,1.0,1.0,1.0,1.0,,0.0,0.0,,,,,,1.0,1.0,1.0,1.0,1.0,,
2018-07,C0H990,744,1.0,,0.593,,0.593,1.0,1.0,1.0,1.0,1.0,,0.0,0.0,,,,,,0.593,0.593,1.0,1.0,1.0,,
2018-08,C0H990,744,0.992,,0.493,,0.493,0.992,0.992,0.996,0.996,0.993,,0.0,0.0,,,,,,0.493,0.493,0.985,0.973,1.0,,
2018-09,C0H990,720,1.0,,1.0,,1.0,1.0,1.0,1.0,1.0,1.0,,0.0,0.0,,,,,,1.0,1.0,1.0,1.0,1.0,,
2018-10,C0H990,744,1.0,,1.0,,1.0,1.0,1.0,1.0,1.0,0.999,,0.0,0.0,,,,,,1.0,1.0,0.996,0.992,1.0,,
2018-11,C0H990,720,0.999,,0.999,,0.999,0.999,0.999,1.0,1.0,0.999,,0.0,0.0,,,,,,0.999,0.999,0.996,0.992,1.0,,
2018-12,C0H990,744,0.999,,0.999,,0.999,0.999,0.999,1.0,1.0,0.999,,0.0,0.0,,,,,,0.999,0.999,0.996,0.992,1.0,,
2019-01,C0H990,744,1.0,,1.0,,1.0,1.0,1.0,1.0,1.0,1.0,,0.0,0.0,,,,,,1.0,1.0,1.0,1.0,1.0,,
2019-02,C0H990,672,1.0,,1.0,,1.0,1.0,1.0,1.0,1.0,1.0,,0.0,0.0,,,,,,1.0,1.0,1.0,1.0,1.0,,
2019-03,C0H990,744,1.0,,1.0,,1.0,1.0,1.0,1.0,1.0,1.0,,0.0,0.0,,,,,,1.0,1.0,1.0,1.0,1.0,,
2019-04,C0H990,720,1.0,,1.0,,1.0,1.0,1.0,1.0,1.0,1.0,,0.0,0.0,,,,,,1.0,1.0,1.0,1.0,1.0,,
2019-05,C0H990,744,1.0,,1.0,,1.0,1.0,1.0,1.0,1.0,1.0,,0.0,0.0,,,,,,1.0,1.0,1.0,1.0,1.0,,
2019-06,C0H990,720,1.0,,1.0,,1.0,1.0,1.0,1.0,1.0,1.0,,0.0,0.0,,,,,,1.0,1.0,1.0,1.0,1.0,,
2019-07,C0H990,744,1.0,,1.0,,1.0,1.0,1.0,1.0,1.0,1.0,,0.0,0.0,,,,,,1.0,1.0,1.0,1.0,1.0,,
2019-08,C0H990,744,1.0,,1.0,,1.0,1.0,1.0,1.0,1.0,1.0,,0.0,0.0,,,,,,1.0,1.0,1.0,1.0,1.0,,
2019-09,C0H990,720,1.0,,1.0,,1.0,1.0,1.0,1.0,1.0,1.0,,0.0,0.0,,,,,,1.0,1.0,1.0,1.0,1.0,,
2019-10,C0H990,744,1.0,,1.0,,1.0,1.0,1.0,1.0,1.0,1.0,,0.0,0.0,,,,,,1.0,1.0,1.0,1.0,1.0,,
2019-11,C0H990,720,0.997,,0.997,,0.997,0.997,0.997,0.999,0.999,1.0,,0.0,0.0,,,,,,0.997,0.997,1.0,1.0,1.0,,
2019-12,C0H990,744,1.0,,1.0,,1.0,1.0,1.0,1.0,1.0,1.0,,0.0,0.0,,,,,,1.0,1.0,1.0,1.0,1.0,,
2020-01,C0H990,744,1.0,,1.0,,1.0,1.0,1.0,1.0,1.0,1.0,,0.0,0.0,,,,,,1.0,1.0,1.0,1.0,1.0,,
2020-02,C0H990,696,1.0,,1.0,,1.0,1.0,1.0,1.0,1.0,1.0,,0.0,0.0,,,,,,1.0,1.0,1.0,1.0,1.0,,
2020-03,C0H990,744,1.0,,1.0,,1.0,0.999,0.999,1.0,1.0,1.0,,0.0,0.0,,,,,,1.0,1.0,1.0,1.0,1.0,,
2020-04,C0H990,720,1.0,,1.0,,1.0,1.0,1.0,1.0,1.0,1.0,,0.0,0.0,,,,,,1.0,1.0,1.0,1.0,1.0,,
2020-05,C0H990,744,1.0,,1.0,,1.0,1.0,1.0,1.0,1.0,1.0,,0.0,0.0,,,,,,1.0,1.0,1.0,1.0,1.0,,
2020-06,C0H990,720,1.0,,1.0,,1.0,1.0,1.0,1.0,1.0,1.0,,0.0,0.0,,,,,,1.0,1.0,1.0,1.0,1.0,,
2020-07,C0H990,744,1.0,,1.0,,1.0,1.0,1.0,1.0,1.0,1.0,,0.0,0.0,,,,,,1.0,1.0,1.0,1.0,1.0,,
2020-08,C0H990,744,1.0,,1.0,,1.0,1.0,1.0,1.0,1.0,1.0,,0.0,0.0,,,,,,1.0,1.0,1.0,1.0,1.0,,
2020-09,C0H990,720,1.0,,1.0,,1.0,0.999,0.999,1.0,1.0,1.0,,0.0,0.0,,,,,,1.0,1.0,1.0,1.0,1.0,,
2020-10,C0H990,744,1.0,,1.0,,1.0,1.0,1.0,1.0,1.0,1.0,,0.0,0.0,,,,,,1.0,1.0,1.0,1.0,1.0,,
2020-11,C0H990,720,1.0,,1.0,,1.0,1.0,1.0,1.0,1.0,1.0,,0.0,0.0,,,,,,1.0,1.0,1.0,1.0,1.0,,
2020-12,C0H990,744,1.0,,1.0,,1.0,1.0,1.0,1.0,1.0,1.0,,0.0,0.0,,,,,,1.0,1.0,1.0,1.0,1.0,,
2021-01,C0H990,744,1.0,,1.0,,1.0,1.0,1.0,1.0,1.0,1.0,,0.0,0.0,,,,,,1.0,1.0,1.0,1.0,1.0,,
2021-02,C0H990,672,1.0,,1.0,,1.0,1.0,1.0,1.0,1.0,1.0,,0.0,0.0,,,,,,1.0,1.0,1.0,1.0,1.0,,
2021-03,C0H990,744,0.915,,0.915,,0.915,0.915,0.915,0.917,0.917,1.0,,0.0,0.0,,,,,,0.915,0.915,1.0,1.0,1.0,,
2021-04,C0H990,720,0.857,,0.857,,0.857,0.856,0.856,0.858,0.858,1.0,,0.0,0.0,,,,,,0.857,0.857,1.0,1.0,1.0,,
2021-05,C0H990,744,0.925,,0.925,,0.925,0.925,0.925,0.926,0.926,0.981,,0.0,0.0,,,,,,0.925,0.925,0.978,0.974,1.0,,
2021-06,C0H990,720,1.0,,1.0,,1.0,1.0,1.0,1.0,1.0,0.997,,0.0,0.0,,,,,,1.0,1.0,0.992,0.983,1.0,,
2021-07,C0H990,744,0.999,,0.999,,0.999,0.999,0.999,1.0,1.0,1.0,,0.0,0.0,,,,,,0.999,0.999,1.0,1.0,1.0,,
2021-08,C0H990,744,1.0,,1.0,,1.0,1.0,1.0,1.0,1.0,1.0,,0.0,0.0,,,,,,1.0,1.0,1.0,1.0,1.0,,
2021-09,C0H990,720,0.999,,0.999,,0.999,0.999,0.999,1.0,1.0,0.999,,0.0,0.0,,,,,,0.999,0.999,0.996,0.992,1.0,,
2021-10,C0H990,744,1.0,,1.0,,1.0,1.0,1.0,1.0,1.0,1.0,,0.0,0.0,,,,,,1.0,1.0,1.0,1.0,1.0,,
2021-11,C0H990,720,0.999,,0.999,,0.999,0.999,0.999,1.0,1.0,0.999,,0.0,0.0,,,,,,0.999,0.999,0.996,0.993,1.0,,
2021-12,C0H990,744,0.997,,0.997,,0.997,0.997,0.997,0.999,0.999,0.997,,0.0,0.0,,,,,,0.997,0.997,0.995,0.989,1.0,,
2022-01,C0H990,744,1.0,,1.0,,1.0,1.0,1.0,1.0,1.0,1.0,,0.0,0.0,,,,,,1.0,1.0,1.0,1.0,1.0,,
2022-02,C0H990,672,1.0,,1.0,,1.0,1.0,1.0,1.0,1.0,1.0,,0.0,0.0,,,,,,1.0,1.0,1.0,1.0,1.0,,
2022-03,C0H990,744,0.997,,0.997,,0.997,0.997,0.997,1.0,1.0,1.0,,0.0,0.0,,,,,,0.997,0.997,1.0,1.0,1.0,,
2022-04,C0H990,720,0.999,,0.999,,0.999,0.999,0.999,1.0,1.0,1.0,,0.0,0.0,,,,,,0.999,0.999,1.0,1.0,1.0,,
2022-05,C0H990,744,1.0,,1.0,,1.0,1.0,1.0,1.0,1.0,0.999,,0.0,0.0,,,,,,1.0,1.0,0.996,0.992,1.0,,
2022-06,C0H990,720,0.999,,0.999,,0.999,0.999,0.999,1.0,1.0,1.0,,0.0,0.0,,,,,,0.999,0.999,1.0,1.0,1.0,,
2022-07,C0H990,744,1.0,,1.0,,1.0,1.0,1.0,1.0,1.0,1.0,,0.0,0.0,,,,,,1.0,1.0,1.0,1.0,1.0,,
2022-08,C0H990,744,1.0,,1.0,,1.0,1.0,1.0,1.0,1.0,1.0,,0.0,0.0,,,,,,1.0,1.0,1.0,1.0,1.0,,
2022-09,C0H990,720,1.0,,1.0,,1.0,1.0,1.0,1.0,1.0,1.0,,0.0,0.0,,,,,,1.0,1.0,1.0,1.0,1.0,,
2022-10,C0H990,744,1.0,,1.0,,1.0,1.0,1.0,1.0,1.0,1.0,,0.0,0.0,,,,,,1.0,1.0,1.0,1.0,1.0,,
2022-11,C0H990,720,1.0,,1.0,,1.0,1.0,1.0,1.0,1.0,1.0,,0.0,0.0,,,,,,1.0,1.0,1.0,1.0,1.0,,
2022-12,C0H990,744,1.0,,1.0,,1.0,1.0,1.0,1.0,1.0,1.0,,0.0,0.0,,,,,,1.0,1.0,1.0,1.0,1.0,,
2023-01,C0H990,744,1.0,,1.0,,1.0,1.0,1.0,1.0,1.0,1.0,,0.0,0.0,,,,,,1.0,1.0,1.0,1.0,1.0,,
2023-02,C0H990,672,1.0,,1.0,,1.0,1.0,1.0,1.0,1.0,1.0,,0.0,0.0,,,,,,1.0,1.0,1.0,1.0,1.0,,
2023-03,C0H990,744,1.0,,1.0,,1.0,1.0,1.0,1.0,1.0,1.0,,0.0,0.0,,,,,,1.0,1.0,1.0,1.0,1.0,,
2023-04,C0H990,720,1.0,,1.0,,1.0,1.0,1.0,1.0,1.0,1.0,,0.0,0.0,,,,,,1.0,1.0,1.0,1.0,1.0,,
2023-05,C0H990,744,1.0,,1.0,,1.0,1.0,1.0,1.0,1.0,1.0,,0.0,0.0,,,,,,1.0,1.0,1.0,1.0,1.0,,
2023-06,C0H990,720,1.0,,1.0,,1.0,1.0,1.0,1.0,1.0,1.0,,0.0,0.0,,,,,,1.0,1.0,1.0,1.0,1.0,,
2023-07,C0H990,744,1.0,,1.0,,1.0,1.0,1.0,1.0,1.0,1.0,,0.0,0.0,,,,,,1.0,1.0,1.0,1.0,1.0,,
2023-08,C0H990,744,1.0,,1.0,,1.0,1.0,1.0,1.0,1.0,1.0,,0.0,0.0,,,,,,1.0,1.0,1.0,1.0,1.0,,
2023-09,C0H990,720,1.0,,1.0,,1.0,1.0,1.0,1.0,1.0,1.0,,0.0,0.0,,,,,,1.0,1.0,1.0,1.0,1.0,,
2023-10,C0H990,744,1.0,,1.0,,1.0,1.0,1.0,1.0,1.0,1.0,,0.0,0.0,,,,,,1.0,1.0,1.0,1.0,1.0,,
2023-11,C0H990,720,1.0,,1.0,,1.0,1.0,1.0,1.0,1.0,1.0,,0.0,0.0,,,,,,1.0,1.0,1.0,1.0,1.0,,
2023-12,C0H990,744,1.0,,1.0,,1.0,1.0,1.0,1.0,1.0,1.0,,0.0,0.0,,,,,,1.0,1.0,1.0,1.0,1.0,,
2024-01,C0H990,744,1.0,,1.0,,1.0,1.0,1.0,1.0,1.0,1.0,,0.0,0.0,,,,,,1.0,1.0,1.0,1.0,1.0,,
2024-02,C0H990,696,1.0,,1.0,,1.0,1.0,1.0,1.0,1.0,1.0,,0.0,0.0,,,,,,1.0,1.0,1.0,1.0,1.0,,
2024-03,C0H990,744,0.997,,0.997,,0.997,0.997,0.997,0.999,0.999,1.0,,0.0,0.0,,,,,,0.997,0.997,1.0,1.0,1.0,,
2024-04,C0H990,720,1.0,,1.0,,1.0,1.0,1.0,1.0,1.0,1.0,,0.0,0.0,,,,,,1.0,1.0,1.0,1.0,1.0,,
2024-05,C0H990,744,0.999,,0.999,,0.999,0.999,0.999,1.0,1.0,1.0,,0.0,0.0,,,,,,0.999,0.999,1.0,1.0,1.0,,
2024-06,C0H990,720,1.0,,1.0,,1.0,1.0,1.0,1.0,1.0,1.0,,0.0,0.0,,,,,,1.0,1.0,1.0,1.0,1.0,,
2024-07,C0H990,744,0.996,,0.995,,0.996,0.996,0.996,0.999,0.999,0.997,,0.0,0.0,,,,,,0.995,0.995,0.995,0.991,1.0,,
2024-08,C0H990,744,0.999,,0.999,,0.999,0.999,0.999,1.0,1.0,1.0,,0.0,0.0,,,,,,0.999,0.999,1.0,1.0,1.0,,
2024-09,C0H990,720,1.0,,1.0,,1.0,1.0,1.0,1.0,1.0,0.999,,0.0,0.0,,,,,,1.0,1.0,0.996,0.992,1.0,,
2024-10,C0H990,744,0.997,,0.997,,0.997,0.997,0.997,1.0,1.0,1.0,,0.0,0.0,,,,,,0.997,0.997,1.0,1.0,1.0,,
2024-11,C0H990,720,0.992,,0.992,,0.992,0.992,0.992,1.0,1.0,0.997,,0.0,0.0,,,,,,0.992,0.992,0.992,0.983,1.0,,
2024-12,C0H990,744,0.991,,0.991,,0.991,0.991,0.991,1.0,1.0,0.993,,0.0,0.0,,,,,,0.991,0.991,0.98,0.96,1.0,,
2025-01,C0H990,744,0.999,,0.999,,0.999,0.999,0.999,1.0,1.0,0.993,,0.0,0.0,,,,,,0.999,0.999,0.991,0.987,1.0,,
2025-02,C0H990,672,1.0,,1.0,,1.0,1.0,1.0,1.0,1.0,0.997,,0.0,0.0,,,,,,1.0,1.0,0.991,0.982,1.0,,
2025-03,C0H990,744,0.996,,0.996,,0.996,0.996,0.996,1.0,1.0,0.995,,0.0,0.0,,,,,,0.996,0.996,0.984,0.968,1.0,,
2025-04,C0H990,720,0.999,,0.999,,0.999,0.999,0.999,1.0,1.0,0.999,,0.0,0.0,,,,,,0.999,0.999,0.996,0.992,1.0,,
2025-05,C0H990,744,0.997,,0.997,,0.997,0.997,0.997,0.999,0.999,0.999,,0.0,0.0,,,,,,0.997,0.997,0.996,0.992,1.0,,
2025-06,C0H990,720,1.0,,1.0,,1.0,1.0,1.0,1.0,1.0,0.999,,0.0,0.0,,,,,,1.0,1.0,0.996,0.992,1.0,,
2025-07,C0H990,744,1.0,,1.0,,1.0,1.0,1.0,1.0,1.0,1.0,,0.0,0.0,,,,,,1.0,1.0,1.0,1.0,1.0,,
2025-08,C0H990,744,0.999,,0.999,,0.999,0.809,0.809,0.809,0.809,1.0,,0.0,0.0,,,,,,0.999,0.999,1.0,1.0,1.0,,
2025-09,C0H990,720,1.0,,1.0,,1.0,1.0,1.0,1.0,1.0,1.0,,0.0,0.0,,,,,,1.0,1.0,1.0,1.0,1.0,,
2025-10,C0H990,744,0.999,,0.999,,0.999,0.999,0.999,1.0,1.0,0.999,,0.0,0.0,,,,,,0.999,0.999,0.996,0.992,1.0,,
2025-11,C0H990,720,1.0,,1.0,,0.989,1.0,1.0,1.0,1.0,0.999,,0.0,0.0,,,,,,0.989,0.989,0.996,0.992,1.0,,
2025-12,C0H990,744,1.0,,1.0,,0.919,1.0,1.0,1.0,1.0,1.0,,0.0,0.0,,,,,,0.919,0.919,1.0,1.0,1.0,,
2026-01,C0H990,744,0.997,,0.997,,0.984,0.997,0.997,1.0,1.0,0.999,,0.0,0.0,,,,,,0.984,0.984,0.996,0.992,1.0,,
2026-02,C0H990,672,1.0,,1.0,,0.952,1.0,1.0,1.0,1.0,1.0,,0.0,0.0,,,,,,0.952,0.952,1.0,1.0,1.0,,
2026-03,C0H990,744,0.999,,0.999,,0.899,0.999,0.999,1.0,1.0,0.999,,0.0,0.0,,,,,,0.899,0.899,0.996,0.992,1.0,,
2026-04,C0H990,720,1.0,,1.0,,0.938,1.0,1.0,1.0,1.0,1.0,,0.0,0.0,,,,,,0.938,0.938,1.0,1.0,1.0,,
2026-05,C0H990,744,1.0,,1.0,,0.999,1.0,1.0,1.0,1.0,1.0,,0.0,0.0,,,,,,0.999,0.999,1.0,1.0,1.0,,
2026-06,C0H990,720,1.0,,1.0,,1.0,1.0,1.0,1.0,1.0,1.0,,0.0,0.0,,,,,,1.0,1.0,1.0,1.0,1.0,,
2026-07,C0H990,744,0.996,,0.996,,0.996,0.996,0.996,1.0,1.0,0.997,,0.0,0.0,,,,,,0.996,0.996,0.992,0.984,1.0,,
2026-08,C0H990,744,0.999,,0.999,,0.999,0.999,0.999,1.0,1.0,0.995,,0.0,0.0,,,,,,0.999,0.999,0.984,0.968,1.0,,
2026-09,C0H990,1,1.0,,1.0,,1.0,1.0,1.0,1.0,1.0,1.0,,0.0,0.0,,,,,,1.0,1.0,1.0,1.0,1.0,,
