night,sat_n_valid,sat_n_clear,sat_longest_clear_run,sat_mean_cloud,sat_def_A,sat_def_B,sat_def_C,rh_mean,rh_min,rh_max,dpd_mean,dpd_min,dpd_max,t_air_mean,t_air_min,t_air_max,wind_mean,wind_min,wind_max,pres_mean,pres_min,pres_max,precip_night,precip_known_hours,n_hours_rh,e_tcc_mean,e_tcc_min,e_tcc_max,e_lcc_mean,e_mcc_mean,e_hcc_mean,e_mh_mean,e_mh_min,e_rh_mean,e_t2m_mean,e_precip_night,manual_cloud_2021_mean,manual_cloud_2021_max,manual_cloud_2021_n,evening_clear
2023-01-01,9.000,0.000,0.000,10.000,0.000,0.000,0.000,100.000,100.000,100.000,0.000,0.000,0.000,13.011,12.800,13.200,5.089,3.700,5.900,929.333,928.300,930.000,-37.200,9.000,9.000,0.997,0.990,1.000,0.543,0.987,0.000,0.987,0.960,76.778,14.600,0.100,,,0.000,
2023-01-02,9.000,0.000,0.000,10.000,0.000,0.000,0.000,100.000,100.000,100.000,0.000,0.000,0.000,10.978,10.700,11.700,2.478,1.900,3.500,929.389,928.500,930.400,8.000,9.000,9.000,1.000,1.000,1.000,1.000,0.820,0.000,0.820,0.650,83.667,12.111,3.300,,,0.000,
2023-01-03,9.000,0.000,0.000,10.000,0.000,0.000,0.000,100.000,100.000,100.000,0.000,0.000,0.000,8.800,8.400,9.000,2.056,1.400,3.000,929.500,928.700,929.900,10.000,9.000,9.000,1.000,1.000,1.000,1.000,0.642,0.000,0.642,0.390,80.444,10.633,1.100,,,0.000,
2023-01-04,9.000,0.000,0.000,10.000,0.000,0.000,0.000,100.000,100.000,100.000,0.000,0.000,0.000,12.778,11.600,13.600,4.211,0.900,6.800,928.711,928.000,929.400,-36.200,9.000,9.000,0.580,0.440,0.750,0.543,0.236,0.000,0.236,0.080,82.556,13.156,1.100,,,0.000,
2023-01-05,9.000,0.000,0.000,9.667,0.000,0.000,0.000,100.000,100.000,100.000,0.000,0.000,0.000,13.444,13.000,14.000,2.133,1.100,3.900,928.544,927.600,929.300,8.500,9.000,9.000,0.746,0.340,1.000,0.744,0.032,0.000,0.032,0.000,90.667,13.811,0.100,,,0.000,
2023-01-06,9.000,0.000,0.000,9.778,0.000,0.000,0.000,98.556,89.000,100.000,0.227,0.000,1.740,10.333,9.700,11.000,2.567,1.500,3.600,927.856,927.200,928.400,0.000,9.000,9.000,0.347,0.210,0.460,0.246,0.003,0.124,0.128,0.020,75.000,12.389,0.000,,,0.000,
2023-01-07,8.000,0.000,0.000,9.500,0.000,0.000,0.000,99.667,99.000,100.000,0.050,0.000,0.150,9.722,9.200,10.200,4.433,3.400,5.300,927.144,926.100,928.000,0.000,9.000,9.000,0.251,0.060,0.420,0.130,0.007,0.127,0.132,0.010,60.444,12.511,0.000,,,0.000,
2023-01-08,9.000,0.000,0.000,10.000,0.000,0.000,0.000,95.556,91.000,100.000,0.703,0.000,1.440,13.689,13.400,14.000,1.700,0.900,2.700,926.267,925.600,927.000,0.000,9.000,9.000,0.742,0.460,0.970,0.000,0.560,0.641,0.810,0.527,79.000,14.100,0.000,,,0.000,
2023-01-09,9.000,0.000,0.000,10.000,0.000,0.000,0.000,100.000,100.000,100.000,0.000,0.000,0.000,13.622,13.100,14.500,2.933,1.600,4.300,926.067,925.000,926.800,-11.600,9.000,9.000,0.997,0.990,1.000,0.204,0.997,0.584,0.998,0.990,91.000,14.267,6.900,,,0.000,
2023-01-10,9.000,0.000,0.000,10.000,0.000,0.000,0.000,100.000,100.000,100.000,0.000,0.000,0.000,13.678,13.500,13.800,2.944,1.600,4.000,924.611,923.600,925.500,-14.600,9.000,9.000,0.820,0.480,1.000,0.292,0.768,0.619,0.856,0.480,84.889,14.489,0.300,,,0.000,
2023-01-11,9.000,0.000,0.000,10.000,0.000,0.000,0.000,100.000,100.000,100.000,0.000,0.000,0.000,14.333,14.100,14.600,3.978,2.100,4.900,923.289,922.500,924.100,0.000,9.000,9.000,0.718,0.310,0.950,0.032,0.717,0.000,0.717,0.300,81.556,15.444,0.000,,,0.000,
2023-01-12,9.000,0.000,0.000,9.222,0.000,0.000,0.000,99.778,98.000,100.000,0.036,0.000,0.320,15.600,14.900,16.500,1.322,0.500,2.200,921.822,920.200,923.200,0.000,9.000,9.000,0.527,0.330,0.930,0.029,0.422,0.196,0.561,0.377,91.111,14.256,0.400,,,0.000,
2023-01-13,9.000,0.000,0.000,9.333,0.000,0.000,0.000,96.222,88.000,100.000,0.620,0.000,2.030,17.278,16.500,18.700,0.922,0.500,1.600,919.089,917.900,920.300,0.000,9.000,9.000,0.384,0.140,0.650,0.066,0.373,0.014,0.379,0.130,91.333,15.644,0.000,,,0.000,
2023-01-14,9.000,0.000,0.000,9.667,0.000,0.000,0.000,100.000,100.000,100.000,0.000,0.000,0.000,14.844,11.200,17.900,2.422,0.700,4.300,919.156,918.200,920.200,-16.100,9.000,9.000,0.890,0.320,1.000,0.877,0.381,0.000,0.381,0.190,90.111,13.967,3.500,,,0.000,
2023-01-15,9.000,0.000,0.000,8.556,0.000,0.000,0.000,100.000,100.000,100.000,0.000,0.000,0.000,5.867,5.600,6.500,3.200,1.600,5.600,924.767,924.300,925.100,6.000,9.000,9.000,1.000,1.000,1.000,1.000,0.543,0.000,0.543,0.430,78.556,7.900,1.700,,,0.000,
2023-01-16,9.000,0.000,0.000,10.000,0.000,0.000,0.000,100.000,100.000,100.000,0.000,0.000,0.000,6.978,6.100,7.800,1.911,1.500,2.500,926.789,925.900,927.300,-16.100,9.000,9.000,0.937,0.640,1.000,0.932,0.356,0.000,0.356,0.310,77.111,8.489,0.100,,,0.000,
2023-01-17,9.000,0.000,0.000,10.000,0.000,0.000,0.000,100.000,100.000,100.000,0.000,0.000,0.000,8.778,7.700,9.600,4.056,1.500,6.300,928.411,928.000,928.700,-4.300,9.000,9.000,1.000,1.000,1.000,1.000,0.376,0.000,0.376,0.180,80.778,9.778,1.500,,,0.000,
2023-01-18,9.000,0.000,0.000,10.000,0.000,0.000,0.000,100.000,100.000,100.000,0.000,0.000,0.000,7.522,7.300,7.700,2.989,1.800,4.400,927.722,927.100,928.400,-68.600,9.000,9.000,0.999,0.990,1.000,0.999,0.058,0.000,0.058,0.010,76.333,9.211,0.200,,,0.000,
2023-01-19,9.000,0.000,0.000,9.778,0.000,0.000,0.000,100.000,100.000,100.000,0.000,0.000,0.000,11.000,10.400,11.500,3.433,2.100,5.300,927.567,927.300,927.900,-48.000,9.000,9.000,0.828,0.550,1.000,0.828,0.039,0.000,0.039,0.000,74.333,12.022,0.400,,,0.000,
2023-01-20,9.000,0.000,0.000,10.000,0.000,0.000,0.000,100.000,100.000,100.000,0.000,0.000,0.000,8.811,8.400,9.400,4.567,2.600,6.500,927.689,926.300,928.600,-16.100,9.000,9.000,0.982,0.930,1.000,0.948,0.726,0.000,0.726,0.360,75.000,10.200,1.000,,,0.000,
2023-01-21,9.000,0.000,0.000,6.889,0.000,0.000,0.000,100.000,100.000,100.000,0.000,0.000,0.000,12.944,12.000,13.500,2.900,1.200,4.700,923.133,922.700,923.600,0.000,9.000,9.000,0.094,0.010,0.290,0.036,0.081,0.000,0.081,0.010,87.444,12.867,0.000,,,0.000,
2023-01-22,9.000,0.000,0.000,9.444,0.000,0.000,0.000,100.000,100.000,100.000,0.000,0.000,0.000,13.044,12.300,13.600,1.633,0.600,2.600,922.356,921.800,922.700,-9.800,9.000,9.000,0.527,0.380,0.860,0.444,0.372,0.010,0.379,0.310,89.333,12.156,0.200,,,0.000,
2023-01-23,9.000,0.000,0.000,10.000,0.000,0.000,0.000,100.000,100.000,100.000,0.000,0.000,0.000,9.878,6.800,11.700,6.778,1.700,10.200,924.178,922.500,926.100,2.400,9.000,9.000,0.984,0.860,1.000,0.984,0.394,0.000,0.394,0.070,81.000,10.711,1.800,,,0.000,
2023-01-24,9.000,0.000,0.000,10.000,0.000,0.000,0.000,98.778,97.000,100.000,0.171,0.000,0.420,0.578,0.300,0.800,4.278,1.800,6.300,930.711,930.000,931.100,-29.400,9.000,9.000,0.987,0.950,1.000,0.987,0.179,0.000,0.179,0.000,64.000,3.456,0.700,,,0.000,
2023-01-25,9.000,0.000,0.000,10.000,0.000,0.000,0.000,99.667,99.000,100.000,0.050,0.000,0.150,6.656,5.700,7.400,2.967,1.600,4.200,924.867,924.500,925.400,0.000,9.000,9.000,0.326,0.160,0.690,0.236,0.226,0.000,0.226,0.130,67.000,9.144,0.000,,,0.000,
2023-01-26,9.000,0.000,0.000,10.000,0.000,0.000,0.000,100.000,100.000,100.000,0.000,0.000,0.000,8.100,7.300,8.900,3.989,1.400,5.200,925.111,924.800,925.400,-19.600,9.000,9.000,0.384,0.160,0.820,0.326,0.140,0.014,0.152,0.060,75.000,9.944,0.100,,,0.000,
2023-01-27,9.000,0.000,0.000,10.000,0.000,0.000,0.000,91.111,83.000,96.000,1.307,0.570,2.570,1.456,0.700,1.900,4.811,2.300,7.200,927.922,927.000,928.900,0.000,9.000,9.000,0.953,0.850,1.000,0.949,0.013,0.047,0.059,0.000,56.889,4.556,0.000,,,0.000,
2023-01-28,9.000,0.000,0.000,10.000,0.000,0.000,0.000,97.444,96.000,99.000,0.367,0.140,0.570,3.011,2.000,3.800,1.867,1.600,2.200,927.122,926.000,928.000,0.000,9.000,9.000,0.916,0.740,0.990,0.913,0.003,0.023,0.027,0.000,59.889,5.611,0.000,,,0.000,
2023-01-29,0.000,0.000,0.000,,,,,98.444,95.000,100.000,0.228,0.000,0.740,5.467,4.800,6.000,2.689,1.600,4.800,927.489,927.100,928.000,0.000,9.000,9.000,0.019,0.000,0.050,0.019,0.000,0.000,0.000,0.000,67.778,6.978,0.000,,,0.000,
2023-01-30,9.000,0.000,0.000,6.556,0.000,0.000,0.000,75.000,48.000,97.000,4.484,0.440,10.500,7.967,6.900,9.800,3.111,1.700,7.600,924.900,923.800,925.900,0.000,9.000,9.000,0.008,0.000,0.020,0.008,0.000,0.000,0.000,0.000,68.778,9.522,0.000,,,0.000,
2023-01-31,9.000,0.000,0.000,6.222,0.000,0.000,0.000,59.111,14.000,100.000,10.791,0.000,26.800,10.478,9.100,13.400,1.433,0.700,2.300,922.278,921.800,922.800,0.000,9.000,9.000,0.444,0.000,0.660,0.443,0.002,0.000,0.002,0.000,86.444,9.678,0.000,,,0.000,
2023-02-01,0.000,0.000,0.000,,,,,87.000,62.000,99.000,2.291,0.150,7.200,13.033,11.800,14.500,1.944,0.300,5.100,924.311,923.700,924.700,-29.400,9.000,9.000,0.434,0.110,1.000,0.421,0.078,0.000,0.078,0.040,81.778,12.956,0.300,,,0.000,
2023-02-02,0.000,0.000,0.000,,,,,100.000,100.000,100.000,0.000,0.000,0.000,10.167,10.000,10.300,3.311,2.000,4.800,924.989,923.900,925.800,-37.700,9.000,9.000,0.998,0.990,1.000,0.998,0.006,0.000,0.006,0.000,75.222,11.189,0.000,,,0.000,
2023-02-03,0.000,0.000,0.000,,,,,100.000,100.000,100.000,0.000,0.000,0.000,10.856,10.600,11.100,3.922,3.100,4.300,924.389,923.400,924.900,-57.300,9.000,9.000,0.787,0.550,0.990,0.676,0.127,0.376,0.438,0.116,78.333,11.900,0.100,,,0.000,
2023-02-04,0.000,0.000,0.000,,,,,100.000,100.000,100.000,0.000,0.000,0.000,12.689,12.100,13.900,4.600,2.600,6.200,923.389,922.400,924.400,-2.800,9.000,9.000,1.000,1.000,1.000,1.000,0.990,0.973,0.999,0.996,88.000,12.878,4.700,,,0.000,
2023-02-05,0.000,0.000,0.000,,,,,100.000,100.000,100.000,0.000,0.000,0.000,13.778,12.300,14.500,2.167,0.300,5.000,921.956,921.500,922.600,30.000,9.000,9.000,1.000,1.000,1.000,0.991,0.972,0.529,0.983,0.922,96.778,12.756,21.700,,,0.000,
2023-02-06,0.000,0.000,0.000,,,,,91.000,86.000,97.000,1.466,0.470,2.340,14.667,13.800,15.900,0.922,0.500,1.700,920.822,920.500,921.200,-19.600,9.000,9.000,0.578,0.310,1.000,0.396,0.296,0.117,0.378,0.265,91.222,12.456,0.300,,,0.000,
2023-02-07,0.000,0.000,0.000,,,,,100.000,100.000,100.000,0.000,0.000,0.000,12.600,12.400,13.000,4.722,3.700,5.600,924.011,923.500,924.500,-67.600,9.000,9.000,0.977,0.940,1.000,0.973,0.207,0.000,0.207,0.110,86.667,12.800,0.500,,,0.000,
2023-02-08,0.000,0.000,0.000,,,,,100.000,100.000,100.000,0.000,0.000,0.000,14.867,14.400,15.300,2.578,1.500,6.200,924.067,923.200,924.600,-6.800,9.000,9.000,1.000,1.000,1.000,1.000,0.203,0.010,0.211,0.140,93.667,13.756,1.300,,,0.000,
2023-02-09,0.000,0.000,0.000,,,,,95.667,87.000,100.000,0.712,0.000,2.180,16.267,15.900,17.100,2.211,1.100,3.100,922.911,922.400,923.300,0.000,9.000,9.000,0.856,0.780,1.000,0.792,0.341,0.021,0.357,0.200,94.556,12.156,0.000,,,0.000,
2023-02-10,0.000,0.000,0.000,,,,,100.000,100.000,100.000,0.000,0.000,0.000,12.678,11.700,13.800,4.178,2.000,7.300,922.811,921.800,924.100,-19.100,9.000,9.000,0.786,0.430,1.000,0.699,0.418,0.000,0.418,0.210,85.111,13.278,0.000,,,0.000,
2023-02-11,0.000,0.000,0.000,,,,,97.000,92.000,100.000,0.482,0.000,1.300,15.511,14.500,16.200,1.644,0.800,3.600,922.778,922.300,923.100,0.000,9.000,9.000,0.844,0.670,1.000,0.843,0.023,0.000,0.023,0.010,95.778,13.378,0.000,,,0.000,
2023-02-12,0.000,0.000,0.000,,,,,95.444,91.000,100.000,0.738,0.000,1.490,16.700,15.500,17.500,1.522,1.000,2.400,921.256,920.600,921.900,0.000,9.000,9.000,0.777,0.270,0.990,0.758,0.091,0.000,0.091,0.000,94.889,13.700,0.000,,,0.000,
2023-02-13,0.000,0.000,0.000,,,,,100.000,100.000,100.000,0.000,0.000,0.000,8.433,7.300,9.900,2.978,2.100,3.700,923.189,922.600,923.500,-48.000,9.000,9.000,1.000,1.000,1.000,1.000,0.402,0.000,0.402,0.040,80.889,10.322,1.500,,,0.000,
2023-02-14,0.000,0.000,0.000,,,,,99.889,99.000,100.000,0.016,0.000,0.140,4.422,3.200,6.000,5.733,4.500,6.700,926.578,925.900,927.200,-37.700,9.000,9.000,0.988,0.960,1.000,0.986,0.306,0.000,0.306,0.220,71.222,7.056,0.200,,,0.000,
2023-02-15,0.000,0.000,0.000,,,,,95.111,93.000,97.000,0.722,0.440,1.040,5.222,4.600,5.600,2.167,1.600,3.200,930.333,929.900,930.700,-49.000,9.000,9.000,0.994,0.990,1.000,0.994,0.000,0.000,0.000,0.000,63.556,7.856,0.000,,,0.000,
2023-02-16,0.000,0.000,0.000,,,,,88.000,76.000,95.000,1.926,0.760,4.070,9.656,8.500,11.000,4.333,3.300,5.200,928.456,927.100,929.300,0.000,9.000,9.000,0.453,0.180,0.670,0.453,0.039,0.000,0.039,0.000,69.222,11.744,0.000,,,0.000,
2023-02-17,0.000,0.000,0.000,,,,,91.556,84.000,95.000,1.351,0.780,2.630,13.000,12.400,13.400,1.900,0.700,3.700,926.333,925.000,927.100,0.000,9.000,9.000,0.057,0.000,0.320,0.029,0.009,0.028,0.036,0.000,87.667,11.611,0.000,,,0.000,
2023-02-18,0.000,0.000,0.000,,,,,77.222,62.000,89.000,4.028,1.750,7.270,13.944,11.300,15.700,1.344,0.300,3.000,924.822,924.000,925.300,0.000,9.000,9.000,0.269,0.000,0.980,0.216,0.002,0.148,0.150,0.000,89.444,12.544,0.000,,,0.000,
2023-02-19,0.000,0.000,0.000,,,,,100.000,100.000,100.000,0.000,0.000,0.000,7.889,5.900,9.100,2.922,2.100,3.600,926.078,925.400,926.700,-16.100,9.000,9.000,0.998,0.980,1.000,0.760,0.612,0.936,0.977,0.951,71.556,10.133,0.200,,,0.000,
2023-02-20,0.000,0.000,0.000,,,,,93.667,89.000,96.000,0.962,0.600,1.700,7.411,7.200,7.600,2.756,2.100,3.200,927.478,927.200,927.900,-58.800,9.000,9.000,0.991,0.970,1.000,0.969,0.486,0.516,0.804,0.709,68.222,9.756,0.500,,,0.000,
2023-02-21,0.000,0.000,0.000,,,,,99.556,99.000,100.000,0.067,0.000,0.150,6.978,6.300,7.700,1.922,1.000,2.800,928.922,927.900,929.800,18.000,9.000,9.000,1.000,1.000,1.000,1.000,0.671,0.000,0.671,0.290,72.556,8.956,0.500,,,0.000,
2023-02-22,0.000,0.000,0.000,,,,,100.000,100.000,100.000,0.000,0.000,0.000,11.811,11.300,12.000,2.389,1.400,3.400,924.889,923.800,926.100,18.000,9.000,9.000,1.000,1.000,1.000,1.000,0.047,0.000,0.047,0.000,79.889,12.833,0.900,,,0.000,
2023-02-23,0.000,0.000,0.000,,,,,100.000,100.000,100.000,0.000,0.000,0.000,13.067,12.300,13.600,2.633,1.800,4.300,922.667,922.100,923.200,-4.300,9.000,9.000,1.000,1.000,1.000,1.000,0.004,0.000,0.004,0.000,87.556,12.544,1.300,,,0.000,
2023-02-24,9.000,0.000,0.000,10.000,0.000,0.000,0.000,100.000,100.000,100.000,0.000,0.000,0.000,7.522,7.400,7.700,4.800,3.700,6.900,928.378,928.100,928.700,-4.300,9.000,9.000,0.997,0.990,1.000,0.997,0.702,0.000,0.702,0.450,77.444,9.144,1.200,,,0.000,
2023-02-25,9.000,0.000,0.000,10.000,0.000,0.000,0.000,94.778,89.000,97.000,0.771,0.440,1.660,4.867,4.400,5.500,2.800,1.700,3.400,934.989,934.200,935.600,-27.400,9.000,9.000,0.999,0.990,1.000,0.999,0.676,0.000,0.676,0.330,66.333,7.889,0.300,,,0.000,
2023-02-26,9.000,0.000,0.000,10.000,0.000,0.000,0.000,92.889,87.000,95.000,1.068,0.740,2.000,5.911,5.500,6.400,2.289,1.700,3.200,933.367,932.200,934.100,-48.500,9.000,9.000,0.880,0.670,0.990,0.880,0.001,0.000,0.001,0.000,62.667,8.456,0.100,,,0.000,
2023-02-27,9.000,0.000,0.000,8.667,0.000,0.000,0.000,98.556,88.000,100.000,0.228,0.000,1.900,10.667,10.000,11.000,3.933,3.200,4.700,930.189,928.700,931.300,-38.200,9.000,9.000,0.249,0.060,0.410,0.132,0.224,0.000,0.224,0.040,67.444,13.033,0.000,,,0.000,
2023-02-28,9.000,0.000,0.000,6.111,0.000,0.000,0.000,97.444,92.000,99.000,0.392,0.150,1.240,11.900,10.200,12.800,1.900,0.300,3.200,926.544,925.600,927.400,0.000,9.000,9.000,0.162,0.010,0.390,0.121,0.071,0.000,0.071,0.010,85.556,12.333,0.000,,,0.000,
2023-03-01,9.000,0.000,0.000,8.889,0.000,0.000,0.000,89.333,86.000,92.000,1.677,1.240,2.210,9.800,8.600,10.900,4.000,1.500,7.100,928.800,928.100,929.100,0.000,9.000,9.000,0.236,0.140,0.320,0.224,0.024,0.000,0.024,0.000,70.889,11.911,0.000,,,0.000,
2023-03-02,9.000,0.000,0.000,8.667,0.000,0.000,0.000,89.222,86.000,92.000,1.657,1.210,2.180,6.778,6.700,6.900,2.456,1.900,2.900,930.333,929.400,931.200,0.000,9.000,9.000,0.772,0.450,0.920,0.772,0.000,0.000,0.000,0.000,60.333,9.300,0.000,,,0.000,
2023-03-03,9.000,0.000,0.000,7.889,0.000,0.000,0.000,97.444,96.000,100.000,0.386,0.000,0.610,9.600,9.200,9.900,3.244,2.200,4.500,929.244,928.400,929.800,0.000,9.000,9.000,0.342,0.020,0.940,0.033,0.323,0.000,0.323,0.000,73.111,10.178,0.000,,,0.000,
2023-03-04,9.000,0.000,0.000,7.111,0.000,0.000,0.000,77.222,75.000,80.000,3.770,3.280,4.180,8.622,7.900,9.300,2.144,1.400,3.800,930.089,929.300,930.600,0.000,9.000,9.000,0.020,0.000,0.080,0.020,0.000,0.000,0.000,0.000,67.889,9.844,0.000,,,0.000,
2023-03-05,9.000,0.000,0.000,6.222,0.000,0.000,0.000,73.667,68.000,77.000,4.443,3.790,5.580,8.456,8.000,8.800,2.989,1.900,5.200,928.400,927.200,929.100,0.000,9.000,9.000,0.006,0.000,0.020,0.006,0.000,0.000,0.000,0.000,62.667,10.389,0.000,,,0.000,
2023-03-06,9.000,0.000,0.000,6.000,0.000,0.000,0.000,77.778,74.000,80.000,3.699,3.290,4.410,9.744,9.600,9.900,2.556,1.500,3.300,927.033,926.100,927.500,0.000,9.000,9.000,0.009,0.000,0.030,0.009,0.000,0.000,0.000,0.000,61.556,11.900,0.000,,,0.000,
2023-03-07,9.000,0.000,0.000,6.000,0.000,0.000,0.000,85.222,81.000,89.000,2.396,1.740,3.150,10.978,10.400,11.600,1.744,1.300,2.300,925.967,924.900,926.800,0.000,9.000,9.000,0.001,0.000,0.010,0.001,0.000,0.000,0.000,0.000,74.444,11.511,0.000,,,0.000,
2023-03-08,9.000,0.000,0.000,7.444,0.000,0.000,0.000,95.111,92.000,98.000,0.760,0.300,1.260,11.289,10.200,12.100,1.200,0.300,2.400,924.422,923.300,925.300,0.000,9.000,9.000,0.136,0.000,0.600,0.000,0.136,0.001,0.136,0.000,85.444,11.422,0.000,,,0.000,
2023-03-09,9.000,0.000,0.000,6.000,0.000,0.000,0.000,87.333,59.000,96.000,2.251,0.620,7.830,12.844,12.100,13.500,2.467,1.600,3.700,924.889,924.100,925.600,0.000,9.000,9.000,0.024,0.010,0.060,0.024,0.000,0.000,0.000,0.000,86.778,11.433,0.000,,,0.000,
2023-03-10,9.000,0.000,0.000,6.000,0.000,0.000,0.000,89.222,83.000,95.000,1.744,0.780,2.820,12.778,12.400,13.000,4.011,2.600,5.500,924.211,923.600,924.900,0.000,9.000,9.000,0.024,0.000,0.060,0.022,0.012,0.000,0.012,0.000,69.222,14.400,0.000,,,0.000,
2023-03-11,9.000,0.000,0.000,6.000,0.000,0.000,0.000,85.000,81.000,89.000,2.466,1.750,3.210,12.767,11.500,13.900,1.189,0.600,1.900,924.633,923.500,925.600,0.000,9.000,9.000,0.168,0.050,0.300,0.056,0.033,0.109,0.139,0.020,76.222,13.211,0.000,,,0.000,
2023-03-12,9.000,0.000,0.000,10.000,0.000,0.000,0.000,100.000,100.000,100.000,0.000,0.000,0.000,7.133,5.800,9.100,6.289,3.300,8.700,928.456,927.500,929.200,-9.100,9.000,9.000,0.989,0.960,1.000,0.876,0.909,0.000,0.909,0.680,80.000,9.767,2.300,,,0.000,
2023-03-13,9.000,0.000,0.000,10.000,0.000,0.000,0.000,98.111,93.000,100.000,0.286,0.000,1.070,7.856,7.300,8.400,3.222,1.800,5.000,923.556,922.300,924.900,-19.100,9.000,9.000,0.928,0.770,1.000,0.058,0.908,0.123,0.935,0.821,65.889,10.533,0.100,,,0.000,
2023-03-14,9.000,0.000,0.000,8.000,0.000,0.000,0.000,93.444,78.000,99.000,1.069,0.150,3.720,11.667,10.900,12.200,1.711,0.400,3.500,922.256,921.700,922.800,0.000,9.000,9.000,0.212,0.000,0.530,0.011,0.008,0.200,0.205,0.000,84.667,12.467,0.000,,,0.000,
2023-03-15,9.000,0.000,0.000,7.222,0.000,0.000,0.000,89.222,66.000,99.000,1.876,0.160,6.290,14.533,14.300,14.700,3.067,2.300,3.900,925.233,924.400,926.000,0.000,9.000,9.000,0.162,0.110,0.230,0.128,0.102,0.000,0.102,0.040,92.000,14.178,0.000,,,0.000,
2023-03-16,9.000,0.000,0.000,6.556,0.000,0.000,0.000,100.000,100.000,100.000,0.000,0.000,0.000,15.178,14.700,15.600,2.289,1.200,3.600,924.844,923.200,925.700,-9.800,9.000,9.000,0.786,0.390,1.000,0.784,0.021,0.010,0.031,0.000,90.778,14.289,0.000,,,0.000,
2023-03-17,9.000,0.000,0.000,8.111,0.000,0.000,0.000,95.000,90.000,100.000,0.809,0.000,1.640,14.611,12.800,15.900,2.311,1.200,3.900,923.400,922.600,924.200,0.000,9.000,9.000,0.484,0.050,1.000,0.452,0.120,0.000,0.120,0.020,88.333,13.667,0.100,,,0.000,
2023-03-18,9.000,0.000,0.000,9.667,0.000,0.000,0.000,100.000,100.000,100.000,0.000,0.000,0.000,12.367,11.700,12.700,3.533,2.200,4.700,923.400,922.100,924.200,-47.000,9.000,9.000,0.997,0.970,1.000,0.997,0.188,0.000,0.188,0.120,83.444,12.744,0.900,,,0.000,
2023-03-19,9.000,0.000,0.000,10.000,0.000,0.000,0.000,96.778,92.000,100.000,0.514,0.000,1.290,14.867,14.500,15.200,1.100,0.300,1.700,920.844,919.300,922.000,0.000,9.000,9.000,0.589,0.300,1.000,0.479,0.356,0.064,0.393,0.200,92.222,14.167,0.000,,,0.000,
2023-03-20,9.000,0.000,0.000,9.667,0.000,0.000,0.000,90.333,84.000,96.000,1.609,0.640,2.730,16.811,16.300,17.600,1.656,0.800,2.000,918.044,916.800,919.100,0.000,9.000,9.000,0.714,0.260,1.000,0.476,0.061,0.498,0.520,0.243,92.222,14.567,0.000,,,0.000,
2023-03-21,9.000,0.000,0.000,8.778,0.000,0.000,0.000,97.667,91.000,100.000,0.383,0.000,1.510,18.222,17.300,19.200,2.067,0.900,3.300,916.200,915.400,916.900,0.000,9.000,9.000,0.467,0.030,0.970,0.063,0.090,0.393,0.456,0.010,92.222,16.578,0.000,,,0.000,
2023-03-22,9.000,0.000,0.000,7.111,0.000,0.000,0.000,72.556,62.000,81.000,5.097,3.350,7.520,19.133,18.500,20.200,3.522,2.200,4.800,916.489,915.900,916.900,0.000,9.000,9.000,0.636,0.240,0.890,0.351,0.009,0.426,0.430,0.210,86.444,17.022,0.000,,,0.000,
2023-03-23,9.000,0.000,0.000,8.000,0.000,0.000,0.000,92.444,83.000,99.000,1.250,0.160,2.930,16.456,15.000,17.700,2.478,0.500,4.100,919.933,918.900,920.600,0.000,9.000,9.000,0.643,0.190,0.910,0.454,0.137,0.190,0.296,0.010,91.222,15.756,0.000,,,0.000,
2023-03-24,9.000,0.000,0.000,10.000,0.000,0.000,0.000,99.000,95.000,100.000,0.159,0.000,0.800,15.067,14.400,15.500,2.100,0.800,3.900,922.844,921.300,924.100,-29.400,9.000,9.000,0.998,0.990,1.000,0.923,0.187,0.836,0.877,0.597,87.111,14.333,0.400,,,0.000,
2023-03-25,9.000,0.000,0.000,10.000,0.000,0.000,0.000,99.778,98.000,100.000,0.034,0.000,0.310,13.111,11.900,14.000,1.778,0.500,3.100,920.933,920.100,922.000,-8.600,9.000,9.000,1.000,1.000,1.000,0.976,0.718,0.989,1.000,0.996,90.000,12.567,3.400,,,0.000,
2023-03-26,9.000,0.000,0.000,10.000,0.000,0.000,0.000,100.000,100.000,100.000,0.000,0.000,0.000,10.589,10.000,11.100,1.856,1.100,2.400,923.356,922.800,924.000,-47.000,9.000,9.000,0.984,0.920,1.000,0.963,0.810,0.370,0.832,0.580,82.000,11.544,1.100,,,0.000,
2023-03-27,9.000,0.000,0.000,10.000,0.000,0.000,0.000,100.000,100.000,100.000,0.000,0.000,0.000,9.744,9.400,10.100,2.989,2.000,4.500,924.611,923.700,925.400,-24.900,9.000,9.000,0.999,0.990,1.000,0.994,0.723,0.000,0.723,0.340,84.000,10.956,3.300,,,0.000,
2023-03-28,9.000,0.000,0.000,8.778,0.000,0.000,0.000,100.000,100.000,100.000,0.000,0.000,0.000,14.633,13.900,15.300,3.844,2.800,5.600,923.589,921.500,925.100,-27.400,9.000,9.000,0.833,0.660,1.000,0.782,0.366,0.146,0.446,0.280,84.889,14.656,1.000,,,0.000,
2023-03-29,9.000,0.000,0.000,10.000,0.000,0.000,0.000,100.000,100.000,100.000,0.000,0.000,0.000,14.622,13.800,15.100,3.711,1.300,7.500,920.844,919.300,922.100,-25.400,9.000,9.000,0.994,0.970,1.000,0.928,0.657,0.388,0.850,0.774,94.000,14.122,0.100,,,0.000,
2023-03-30,9.000,0.000,0.000,10.000,0.000,0.000,0.000,100.000,100.000,100.000,0.000,0.000,0.000,11.656,11.100,12.100,1.500,0.500,2.400,920.156,919.700,920.700,-58.300,9.000,9.000,0.998,0.980,1.000,0.949,0.798,0.628,0.838,0.352,81.333,12.089,1.100,,,0.000,
2023-03-31,9.000,0.000,0.000,9.889,0.000,0.000,0.000,100.000,100.000,100.000,0.000,0.000,0.000,12.267,11.600,12.700,0.978,0.700,1.300,920.100,918.900,921.000,-9.800,9.000,9.000,0.617,0.440,0.750,0.498,0.247,0.048,0.283,0.100,82.333,13.189,0.000,,,0.000,
2023-04-01,9.000,0.000,0.000,9.889,0.000,0.000,0.000,100.000,100.000,100.000,0.000,0.000,0.000,14.156,13.500,14.900,1.667,0.300,3.300,920.089,919.400,920.600,0.000,9.000,9.000,0.423,0.240,0.770,0.406,0.192,0.000,0.192,0.060,87.333,13.456,0.000,,,0.000,
2023-04-02,9.000,0.000,0.000,7.222,0.000,0.000,0.000,93.778,91.000,96.000,0.981,0.620,1.440,12.900,12.600,13.000,5.200,3.400,6.600,920.244,919.600,920.800,0.000,9.000,9.000,0.687,0.140,0.850,0.012,0.000,0.684,0.684,0.140,70.222,14.944,0.000,,,0.000,
2023-04-03,9.000,0.000,0.000,7.000,0.000,0.000,0.000,91.111,89.000,95.000,1.443,0.790,1.800,14.967,14.600,15.300,1.800,1.300,2.000,920.733,919.100,921.900,0.000,9.000,9.000,0.268,0.070,0.630,0.061,0.043,0.198,0.237,0.020,71.778,15.967,0.000,,,0.000,
2023-04-04,9.000,0.000,0.000,9.556,0.000,0.000,0.000,93.222,85.000,99.000,1.119,0.160,2.530,15.578,14.900,16.600,1.467,0.600,2.500,919.511,918.700,920.600,0.000,9.000,9.000,0.389,0.180,0.740,0.129,0.227,0.253,0.407,0.182,88.778,15.878,0.000,,,0.000,
2023-04-05,9.000,0.000,0.000,9.111,0.000,0.000,0.000,97.222,93.000,100.000,0.447,0.000,1.140,15.967,15.600,16.600,1.356,0.500,2.300,920.300,919.400,920.700,-18.600,9.000,9.000,0.724,0.470,0.980,0.192,0.684,0.163,0.711,0.430,93.000,16.678,0.000,,,0.000,
2023-04-06,9.000,0.000,0.000,9.778,0.000,0.000,0.000,100.000,100.000,100.000,0.000,0.000,0.000,16.089,11.700,18.300,2.956,0.900,7.200,920.078,919.700,920.500,-12.600,9.000,9.000,0.999,0.990,1.000,0.999,0.757,0.051,0.758,0.260,92.556,15.244,6.800,,,0.000,
2023-04-07,9.000,0.000,0.000,8.778,0.000,0.000,0.000,95.778,90.000,100.000,0.650,0.000,1.550,9.200,8.700,9.900,3.000,1.600,4.700,925.989,924.800,926.500,-9.800,9.000,9.000,0.449,0.310,0.580,0.411,0.178,0.000,0.178,0.020,64.222,12.067,0.000,,,0.000,
2023-04-08,5.000,0.000,0.000,7.200,,,,85.444,84.000,88.000,2.317,1.890,2.560,9.178,8.800,9.600,3.167,2.200,5.800,926.111,924.900,927.100,0.000,9.000,9.000,0.691,0.010,1.000,0.002,0.690,0.000,0.690,0.000,53.667,12.300,0.000,,,0.000,
2023-04-09,9.000,0.000,0.000,7.000,0.000,0.000,0.000,80.333,78.000,88.000,3.308,1.950,3.740,12.633,11.900,13.700,2.067,1.500,2.800,923.133,922.500,923.500,0.000,9.000,9.000,0.068,0.030,0.230,0.066,0.027,0.000,0.027,0.000,68.778,14.111,0.000,,,0.000,
2023-04-10,9.000,0.000,0.000,8.000,0.000,0.000,0.000,96.667,86.000,98.000,0.531,0.310,2.300,14.600,13.900,14.800,2.022,0.900,2.700,921.267,920.400,921.900,0.000,9.000,9.000,0.150,0.090,0.370,0.127,0.037,0.000,0.037,0.000,79.778,15.578,0.000,,,0.000,
2023-04-11,9.000,0.000,0.000,6.333,0.000,0.000,0.000,98.667,98.000,99.000,0.213,0.160,0.320,15.678,14.800,16.200,1.267,0.800,2.100,920.822,920.100,921.700,0.000,9.000,9.000,0.043,0.000,0.120,0.011,0.041,0.000,0.041,0.000,85.889,16.067,0.000,,,0.000,
2023-04-12,9.000,0.000,0.000,9.111,0.000,0.000,0.000,100.000,100.000,100.000,0.000,0.000,0.000,17.211,16.200,17.700,3.633,2.900,4.700,921.389,920.300,922.300,-3.800,9.000,9.000,0.614,0.340,0.870,0.564,0.141,0.000,0.141,0.050,90.556,16.944,0.000,,,0.000,
2023-04-13,9.000,0.000,0.000,7.333,0.000,0.000,0.000,98.222,89.000,100.000,0.293,0.000,1.840,17.522,16.500,18.300,1.522,0.900,2.100,919.811,918.500,920.800,0.000,9.000,9.000,0.508,0.020,1.000,0.499,0.004,0.067,0.071,0.000,89.444,16.856,0.000,,,0.000,
2023-04-14,9.000,0.000,0.000,9.556,0.000,0.000,0.000,88.778,84.000,92.000,1.907,1.320,2.770,19.200,18.100,19.800,2.044,1.400,2.900,917.100,915.500,918.000,0.000,9.000,9.000,0.620,0.180,0.830,0.406,0.383,0.031,0.402,0.147,86.444,18.422,0.000,,,0.000,
2023-04-15,9.000,0.000,0.000,7.333,0.000,0.000,0.000,67.111,54.000,83.000,6.234,2.890,9.370,15.878,13.900,16.800,1.178,0.300,2.500,916.889,916.400,917.400,0.000,9.000,9.000,0.300,0.010,0.650,0.000,0.013,0.291,0.300,0.010,83.222,14.989,0.000,,,0.000,
2023-04-16,9.000,2.000,2.000,3.556,0.000,0.000,0.000,79.444,65.000,94.000,3.686,0.970,6.600,17.411,16.400,19.100,1.178,0.500,1.800,919.456,918.900,919.800,0.000,9.000,9.000,0.000,0.000,0.000,0.000,0.000,0.000,0.000,0.000,86.778,16.578,0.000,,,0.000,
2023-04-17,9.000,0.000,0.000,8.889,0.000,0.000,0.000,82.778,62.000,94.000,3.102,0.970,7.400,17.111,15.700,18.800,2.033,0.800,4.900,921.978,920.600,923.000,0.000,9.000,9.000,0.259,0.000,0.630,0.010,0.009,0.249,0.254,0.000,87.111,17.567,0.000,,,0.000,
2023-04-18,9.000,0.000,0.000,9.667,0.000,0.000,0.000,88.444,78.000,95.000,1.996,0.820,3.950,19.400,18.400,20.500,1.611,0.600,4.200,917.433,914.700,919.300,0.000,9.000,9.000,0.998,0.980,1.000,0.041,0.227,0.998,0.998,0.984,91.667,18.822,0.000,,,0.000,
2023-04-19,9.000,0.000,0.000,10.000,0.000,0.000,0.000,99.889,99.000,100.000,0.018,0.000,0.160,18.167,17.700,18.800,2.500,1.700,3.100,913.078,911.600,914.300,25.700,9.000,9.000,0.802,0.490,1.000,0.083,0.601,0.577,0.820,0.500,86.111,18.833,6.300,,,0.000,
2023-04-20,9.000,0.000,0.000,9.111,0.000,0.000,0.000,100.000,100.000,100.000,0.000,0.000,0.000,16.289,15.000,17.500,2.889,0.900,3.800,915.022,914.400,915.800,-38.700,9.000,9.000,0.993,0.970,1.000,0.990,0.442,0.040,0.474,0.222,86.222,16.378,1.700,,,0.000,
2023-04-21,9.000,0.000,0.000,8.778,0.000,0.000,0.000,96.000,85.000,100.000,0.649,0.000,2.500,14.444,13.600,15.000,3.478,1.100,6.500,919.056,918.100,919.800,0.000,9.000,9.000,0.258,0.170,0.440,0.146,0.073,0.093,0.162,0.049,85.000,15.600,0.000,,,0.000,
2023-04-22,9.000,0.000,0.000,7.333,0.000,0.000,0.000,100.000,100.000,100.000,0.000,0.000,0.000,14.844,14.500,15.300,1.200,1.000,1.500,921.100,920.400,921.900,0.000,9.000,9.000,0.436,0.330,0.500,0.431,0.070,0.000,0.070,0.020,79.667,16.211,0.000,,,0.000,
2023-04-23,9.000,0.000,0.000,9.444,0.000,0.000,0.000,100.000,100.000,100.000,0.000,0.000,0.000,16.511,15.900,17.000,1.167,0.800,2.000,921.644,921.100,922.300,-29.400,9.000,9.000,0.463,0.310,0.620,0.397,0.180,0.008,0.187,0.050,85.444,16.644,0.400,,,0.000,
2023-04-24,9.000,0.000,0.000,9.222,0.000,0.000,0.000,100.000,100.000,100.000,0.000,0.000,0.000,13.656,13.200,13.900,2.522,1.100,4.100,921.756,920.400,923.000,0.000,9.000,9.000,0.970,0.900,1.000,0.963,0.084,0.200,0.284,0.000,81.333,14.311,0.100,,,0.000,
2023-04-25,9.000,0.000,0.000,10.000,0.000,0.000,0.000,100.000,100.000,100.000,0.000,0.000,0.000,13.700,12.900,14.600,1.833,0.400,3.000,920.722,920.300,921.200,-16.600,9.000,9.000,1.000,1.000,1.000,1.000,0.841,0.000,0.841,0.650,83.444,14.500,1.300,,,0.000,
2023-04-26,9.000,0.000,0.000,10.000,0.000,0.000,0.000,100.000,100.000,100.000,0.000,0.000,0.000,11.533,11.200,12.100,3.878,2.800,5.600,922.867,921.600,923.700,0.000,9.000,9.000,0.603,0.460,0.860,0.488,0.379,0.000,0.379,0.300,67.000,14.800,0.000,,,0.000,
2023-04-27,9.000,0.000,0.000,9.667,0.000,0.000,0.000,98.111,94.000,100.000,0.303,0.000,0.970,16.178,15.800,16.800,1.433,0.700,2.700,922.956,922.100,923.900,0.000,9.000,9.000,0.914,0.800,1.000,0.062,0.061,0.908,0.915,0.810,84.556,16.511,0.000,,,0.000,
2023-04-28,9.000,0.000,0.000,6.333,0.000,0.000,0.000,98.778,97.000,100.000,0.197,0.000,0.490,17.933,16.800,18.800,1.722,0.700,3.600,920.633,919.100,922.100,0.000,9.000,9.000,0.238,0.040,0.650,0.056,0.007,0.198,0.203,0.020,88.667,18.289,0.000,,,0.000,
2023-04-29,9.000,0.000,0.000,9.889,0.000,0.000,0.000,99.667,97.000,100.000,0.054,0.000,0.490,16.356,14.000,19.300,3.444,0.400,4.900,919.811,918.700,920.700,-48.500,9.000,9.000,1.000,1.000,1.000,0.999,0.163,0.303,0.416,0.181,84.778,16.767,1.400,,,0.000,
2023-04-30,9.000,0.000,0.000,10.000,0.000,0.000,0.000,89.000,49.000,100.000,2.083,0.000,10.580,13.478,12.900,14.300,2.333,0.700,4.400,921.522,920.500,922.500,0.500,9.000,9.000,0.950,0.880,1.000,0.539,0.348,0.849,0.913,0.820,76.444,14.656,0.000,,,0.000,
2023-05-01,9.000,0.000,0.000,6.778,0.000,0.000,0.000,96.444,92.000,99.000,0.570,0.160,1.290,16.189,14.500,17.100,3.967,1.600,5.100,923.389,922.700,924.100,0.000,9.000,9.000,0.094,0.020,0.390,0.053,0.003,0.041,0.044,0.000,71.444,17.467,0.000,,,0.000,
2023-05-02,9.000,0.000,0.000,7.444,0.000,0.000,0.000,98.667,96.000,100.000,0.218,0.000,0.660,19.411,19.000,19.800,2.778,0.900,4.800,923.367,921.400,925.000,0.000,9.000,9.000,0.102,0.000,0.280,0.021,0.023,0.077,0.097,0.000,88.889,18.956,0.000,,,0.000,
2023-05-03,9.000,0.000,0.000,7.889,0.000,0.000,0.000,99.556,98.000,100.000,0.072,0.000,0.330,20.222,20.100,20.500,1.667,0.900,2.400,921.133,919.400,922.400,0.000,9.000,9.000,0.349,0.070,0.810,0.017,0.010,0.334,0.341,0.050,88.889,19.833,0.000,,,0.000,
2023-05-04,9.000,0.000,0.000,9.889,0.000,0.000,0.000,99.111,98.000,100.000,0.144,0.000,0.330,20.711,19.800,21.100,1.533,0.800,2.800,917.244,916.400,918.100,0.000,9.000,9.000,0.832,0.540,1.000,0.158,0.080,0.798,0.810,0.492,89.444,20.256,0.200,,,0.000,
2023-05-05,9.000,0.000,0.000,8.556,0.000,0.000,0.000,97.000,95.000,99.000,0.497,0.160,0.830,20.667,20.000,21.300,1.089,0.500,1.800,915.089,914.300,916.000,0.000,9.000,9.000,0.938,0.840,1.000,0.200,0.130,0.910,0.925,0.779,90.222,21.078,0.000,,,0.000,
2023-05-06,9.000,0.000,0.000,10.000,0.000,0.000,0.000,92.444,77.000,100.000,1.336,0.000,4.210,20.056,19.000,21.700,3.389,2.300,4.400,914.278,912.300,916.000,-56.300,9.000,9.000,1.000,1.000,1.000,0.032,0.822,0.998,1.000,0.998,87.667,20.378,9.700,,,0.000,
2023-05-07,9.000,0.000,0.000,10.000,0.000,0.000,0.000,100.000,100.000,100.000,0.000,0.000,0.000,13.844,13.400,14.500,2.956,2.000,3.700,918.122,917.500,919.000,24.500,9.000,9.000,1.000,1.000,1.000,0.860,1.000,0.984,1.000,1.000,86.222,15.211,12.600,,,0.000,
2023-05-08,9.000,0.000,0.000,10.000,0.000,0.000,0.000,99.333,98.000,100.000,0.101,0.000,0.310,13.100,12.500,13.600,2.167,1.300,3.400,921.311,920.800,922.000,-46.500,9.000,9.000,0.728,0.520,0.940,0.720,0.019,0.047,0.063,0.000,74.778,15.311,0.000,,,0.000,
2023-05-09,9.000,0.000,0.000,9.000,0.000,0.000,0.000,92.444,86.000,94.000,1.197,0.940,2.280,12.344,12.100,12.500,3.578,1.700,5.100,921.433,920.900,922.100,0.000,9.000,9.000,0.119,0.080,0.170,0.099,0.054,0.000,0.054,0.020,65.333,14.833,0.000,,,0.000,
2023-05-10,9.000,0.000,0.000,7.889,0.000,0.000,0.000,97.333,95.000,100.000,0.421,0.000,0.800,15.200,14.500,16.000,3.844,3.000,4.600,921.944,921.200,922.700,0.000,9.000,9.000,0.184,0.040,0.470,0.147,0.046,0.000,0.046,0.000,76.889,17.167,0.000,,,0.000,
2023-05-11,9.000,0.000,0.000,8.556,0.000,0.000,0.000,96.000,94.000,98.000,0.646,0.320,0.980,16.578,15.800,17.300,1.089,0.800,1.600,922.011,920.900,922.800,0.000,9.000,9.000,0.393,0.160,0.630,0.029,0.057,0.349,0.381,0.160,78.222,17.711,0.000,,,0.000,
2023-05-12,9.000,0.000,0.000,10.000,0.000,0.000,0.000,100.000,100.000,100.000,0.000,0.000,0.000,17.144,16.600,17.800,2.100,1.200,3.000,921.589,920.500,922.500,-8.300,9.000,9.000,0.942,0.550,1.000,0.298,0.287,0.931,0.942,0.553,88.222,18.022,0.000,,,0.000,
2023-05-13,9.000,0.000,0.000,10.000,0.000,0.000,0.000,92.889,74.000,100.000,1.190,0.000,4.610,14.756,13.900,15.600,1.733,0.700,2.700,919.900,918.600,921.000,0.000,9.000,9.000,0.910,0.720,1.000,0.036,0.788,0.792,0.946,0.786,77.444,17.278,0.000,,,0.000,
2023-05-14,9.000,0.000,0.000,10.000,0.000,0.000,0.000,52.889,45.000,70.000,9.773,5.430,12.090,16.711,14.900,17.700,0.989,0.300,2.300,918.744,918.000,919.400,-29.400,9.000,9.000,0.973,0.890,1.000,0.000,0.733,0.938,0.981,0.898,77.333,17.844,0.000,,,0.000,
2023-05-15,9.000,0.000,0.000,9.667,0.000,0.000,0.000,77.556,65.000,90.000,4.068,1.650,6.700,17.767,16.600,18.600,1.711,1.000,2.700,918.844,917.700,919.900,0.000,9.000,9.000,0.839,0.540,0.980,0.016,0.014,0.838,0.840,0.540,81.444,18.811,0.000,,,0.000,
2023-05-16,9.000,0.000,0.000,9.333,0.000,0.000,0.000,93.667,82.000,98.000,1.058,0.320,3.120,18.211,18.000,18.500,2.067,1.300,2.800,918.978,918.100,919.900,0.000,9.000,9.000,0.650,0.170,1.000,0.010,0.318,0.564,0.664,0.185,78.556,19.700,0.000,,,0.000,
2023-05-17,9.000,0.000,0.000,8.778,0.000,0.000,0.000,94.556,90.000,97.000,0.914,0.490,1.710,21.144,20.800,21.700,1.578,1.300,2.200,916.811,915.700,918.100,0.000,9.000,9.000,0.471,0.170,0.810,0.053,0.247,0.341,0.478,0.172,89.111,20.844,0.000,,,0.000,
2023-05-18,9.000,0.000,0.000,9.778,0.000,0.000,0.000,93.889,90.000,100.000,1.036,0.000,1.730,21.611,19.700,22.800,2.922,1.300,4.600,916.744,916.000,917.500,-18.100,9.000,9.000,0.421,0.170,0.870,0.069,0.279,0.217,0.425,0.185,83.111,21.500,0.600,,,0.000,
2023-05-19,9.000,0.000,0.000,8.667,0.000,0.000,0.000,100.000,100.000,100.000,0.000,0.000,0.000,18.822,17.600,19.300,1.156,0.300,2.400,918.878,918.000,919.700,0.000,9.000,9.000,0.624,0.520,0.820,0.517,0.357,0.026,0.373,0.270,83.889,18.144,2.400,,,0.000,
2023-05-20,9.000,0.000,0.000,8.444,0.000,0.000,0.000,99.889,99.000,100.000,0.018,0.000,0.160,20.789,20.500,21.000,1.600,1.000,2.000,919.611,918.800,920.300,0.000,9.000,9.000,0.698,0.450,0.900,0.139,0.252,0.607,0.703,0.457,88.556,19.944,0.000,,,0.000,
2023-05-21,9.000,0.000,0.000,8.778,0.000,0.000,0.000,95.333,93.000,99.000,0.778,0.160,1.180,21.122,20.800,21.400,2.156,1.000,3.200,917.622,916.500,918.600,0.000,9.000,9.000,0.934,0.730,1.000,0.007,0.154,0.926,0.940,0.746,88.000,21.089,0.000,,,0.000,
2023-05-22,9.000,0.000,0.000,10.000,0.000,0.000,0.000,99.000,93.000,100.000,0.168,0.000,1.190,16.278,14.600,22.000,3.756,1.500,5.500,917.656,916.800,918.300,12.700,9.000,9.000,1.000,1.000,1.000,0.818,0.933,0.971,0.998,0.994,86.111,17.700,22.400,,,0.000,
2023-05-23,9.000,0.000,0.000,8.889,0.000,0.000,0.000,84.667,63.000,100.000,2.726,0.000,7.070,14.711,13.800,16.400,2.167,1.100,3.500,919.222,918.300,920.300,0.000,9.000,9.000,0.289,0.000,0.850,0.049,0.140,0.179,0.273,0.000,70.222,16.822,0.000,,,0.000,
2023-05-24,9.000,0.000,0.000,9.778,0.000,0.000,0.000,100.000,100.000,100.000,0.000,0.000,0.000,18.911,18.500,19.400,2.067,0.800,3.700,920.433,920.000,920.700,-26.400,9.000,9.000,0.536,0.290,0.810,0.431,0.224,0.101,0.299,0.110,85.667,18.511,1.000,,,0.000,
2023-05-25,9.000,0.000,0.000,6.889,0.000,0.000,0.000,99.222,97.000,100.000,0.127,0.000,0.490,19.622,18.800,20.200,0.789,0.300,1.200,922.122,921.300,922.800,0.000,9.000,9.000,0.569,0.250,0.880,0.080,0.039,0.523,0.538,0.205,89.111,19.967,0.000,,,0.000,
2023-05-26,9.000,0.000,0.000,6.333,0.000,0.000,0.000,98.111,97.000,99.000,0.306,0.160,0.490,19.500,18.900,20.100,2.011,1.700,2.500,920.856,919.900,921.800,0.000,9.000,9.000,0.886,0.640,0.970,0.013,0.002,0.884,0.885,0.634,84.444,20.844,0.000,,,0.000,
2023-05-27,9.000,0.000,0.000,5.222,0.000,0.000,0.000,89.111,78.000,95.000,1.851,0.820,3.920,18.600,17.700,19.300,4.400,2.500,5.500,919.133,917.900,920.500,0.000,9.000,9.000,0.054,0.010,0.120,0.041,0.000,0.016,0.016,0.000,77.333,19.967,0.000,,,0.000,
2023-05-28,9.000,0.000,0.000,6.000,0.000,0.000,0.000,99.778,98.000,100.000,0.037,0.000,0.330,20.967,20.600,21.200,4.244,3.500,4.900,918.111,916.900,919.300,-29.400,9.000,9.000,0.266,0.040,0.680,0.260,0.000,0.011,0.011,0.000,86.556,21.411,0.000,,,0.000,
2023-05-29,9.000,0.000,0.000,6.667,0.000,0.000,0.000,100.000,100.000,100.000,0.000,0.000,0.000,21.000,20.800,21.200,3.911,2.500,5.200,916.078,914.700,917.300,-33.200,9.000,9.000,0.703,0.390,0.820,0.683,0.001,0.112,0.113,0.000,88.444,21.744,0.000,,,0.000,
2023-05-30,9.000,0.000,0.000,8.889,0.000,0.000,0.000,100.000,100.000,100.000,0.000,0.000,0.000,21.622,21.300,22.100,2.856,2.000,3.800,911.933,910.300,913.300,-5.300,9.000,9.000,0.607,0.210,0.830,0.560,0.158,0.167,0.295,0.000,87.333,22.000,2.900,,,0.000,
2023-05-31,9.000,0.000,0.000,9.556,0.000,0.000,0.000,100.000,100.000,100.000,0.000,0.000,0.000,20.900,20.200,21.600,6.267,3.200,9.400,909.878,908.200,911.400,9.200,9.000,9.000,0.994,0.980,1.000,0.418,0.067,0.992,0.993,0.980,91.000,20.833,1.900,,,0.000,
2023-06-01,9.000,0.000,0.000,8.778,0.000,0.000,0.000,100.000,100.000,100.000,0.000,0.000,0.000,20.122,20.000,20.300,4.756,1.800,6.100,912.178,911.400,912.600,-9.800,9.000,9.000,0.580,0.340,1.000,0.487,0.406,0.000,0.406,0.140,86.333,21.222,1.100,,,0.000,
2023-06-02,7.000,0.000,0.000,7.714,0.000,0.000,0.000,91.667,64.000,99.000,1.523,0.160,7.080,21.433,20.800,21.800,2.467,0.300,4.700,917.889,917.400,918.600,0.000,9.000,9.000,0.581,0.220,0.820,0.071,0.099,0.532,0.564,0.190,90.444,21.778,0.000,,,0.000,
2023-06-03,9.000,0.000,0.000,9.778,0.000,0.000,0.000,99.889,99.000,100.000,0.018,0.000,0.160,21.067,20.800,21.300,2.356,1.700,2.900,919.711,919.000,920.400,0.000,9.000,9.000,0.329,0.170,0.590,0.039,0.137,0.200,0.308,0.120,87.222,21.478,0.000,,,0.000,
2023-06-04,9.000,0.000,0.000,10.000,0.000,0.000,0.000,100.000,100.000,100.000,0.000,0.000,0.000,21.033,20.400,21.500,1.422,0.800,2.000,919.444,918.200,920.500,-4.100,9.000,9.000,0.844,0.430,0.970,0.101,0.394,0.748,0.837,0.350,88.889,21.822,0.000,,,0.000,
2023-06-05,8.000,0.000,0.000,8.750,0.000,0.000,0.000,89.556,66.000,99.000,1.936,0.160,6.740,22.311,21.500,23.800,1.589,1.200,2.200,919.167,917.800,920.300,0.000,9.000,9.000,0.692,0.400,0.970,0.004,0.350,0.524,0.693,0.415,84.444,22.978,0.000,,,0.000,
2023-06-06,9.000,0.000,0.000,8.778,0.000,0.000,0.000,90.778,85.000,97.000,1.589,0.500,2.650,21.856,21.300,22.500,1.600,0.700,2.700,919.989,919.300,920.700,0.000,9.000,9.000,0.628,0.190,0.960,0.042,0.196,0.530,0.631,0.209,85.556,22.278,0.000,,,0.000,
2023-06-07,9.000,0.000,0.000,9.444,0.000,0.000,0.000,94.778,89.000,99.000,0.886,0.160,1.900,22.178,21.400,22.700,1.333,0.500,2.500,919.467,918.800,919.800,0.000,9.000,9.000,0.980,0.930,1.000,0.058,0.096,0.974,0.977,0.925,88.667,22.356,0.000,,,0.000,
2023-06-08,9.000,0.000,0.000,10.000,0.000,0.000,0.000,98.889,95.000,100.000,0.188,0.000,0.850,22.333,21.400,23.000,1.378,0.700,2.600,916.622,915.400,917.700,24.200,9.000,9.000,0.999,0.990,1.000,0.279,0.774,0.986,0.997,0.980,91.222,22.267,1.500,,,0.000,
2023-06-09,9.000,0.000,0.000,10.000,0.000,0.000,0.000,99.778,98.000,100.000,0.037,0.000,0.330,20.867,20.200,21.300,1.100,0.700,1.600,914.456,912.800,915.500,-9.800,9.000,9.000,0.999,0.990,1.000,0.011,0.806,0.996,1.000,0.998,88.111,21.078,6.900,,,0.000,
2023-06-10,9.000,0.000,0.000,9.889,0.000,0.000,0.000,99.667,99.000,100.000,0.053,0.000,0.160,20.033,19.700,20.700,0.867,0.300,1.800,912.778,911.700,913.800,-18.100,9.000,9.000,0.728,0.380,1.000,0.083,0.633,0.488,0.731,0.357,88.556,21.444,6.100,,,0.000,
2023-06-11,9.000,0.000,0.000,10.000,0.000,0.000,0.000,100.000,100.000,100.000,0.000,0.000,0.000,20.478,20.300,20.900,1.133,0.800,1.500,913.278,912.600,913.800,2.000,9.000,9.000,0.886,0.820,0.970,0.091,0.820,0.511,0.916,0.813,87.889,21.611,1.100,,,0.000,
2023-06-12,8.000,0.000,0.000,10.000,0.000,0.000,0.000,70.000,53.000,90.000,5.867,1.690,9.970,20.100,19.100,21.300,2.633,1.400,3.600,912.422,911.300,913.600,0.000,9.000,9.000,0.876,0.500,1.000,0.051,0.296,0.803,0.877,0.524,82.000,20.478,2.100,,,0.000,
2023-06-13,9.000,0.000,0.000,9.667,0.000,0.000,0.000,98.111,96.000,100.000,0.311,0.000,0.660,20.744,20.300,21.100,1.011,0.400,2.200,913.411,912.600,914.300,0.000,9.000,9.000,0.990,0.970,1.000,0.021,0.252,0.988,0.991,0.969,85.444,21.044,0.000,,,0.000,
2023-06-14,9.000,0.000,0.000,10.000,0.000,0.000,0.000,99.111,97.000,100.000,0.144,0.000,0.490,19.411,19.000,20.200,1.922,0.300,3.600,916.822,916.500,917.300,-45.500,9.000,9.000,0.997,0.990,1.000,0.188,0.973,0.971,0.999,0.998,84.000,21.244,3.300,,,0.000,
2023-06-15,9.000,0.000,0.000,10.000,0.000,0.000,0.000,100.000,100.000,100.000,0.000,0.000,0.000,20.267,19.700,21.000,2.711,0.800,3.600,918.622,917.900,919.300,-14.600,9.000,9.000,0.967,0.860,1.000,0.197,0.746,0.876,0.959,0.859,86.333,20.644,2.800,,,0.000,
2023-06-16,9.000,0.000,0.000,10.000,0.000,0.000,0.000,99.556,99.000,100.000,0.071,0.000,0.160,21.378,20.800,21.700,1.389,0.700,2.900,920.022,919.300,920.900,-13.100,9.000,9.000,0.999,0.990,1.000,0.212,0.362,0.997,0.998,0.985,92.000,21.756,8.400,,,0.000,
2023-06-17,9.000,0.000,0.000,10.000,0.000,0.000,0.000,99.111,97.000,100.000,0.148,0.000,0.500,22.189,21.100,22.500,1.711,0.700,3.000,920.411,918.900,921.500,-9.800,9.000,9.000,0.919,0.590,1.000,0.129,0.402,0.882,0.914,0.574,93.222,22.244,0.000,,,0.000,
2023-06-18,9.000,0.000,0.000,9.556,0.000,0.000,0.000,84.556,76.000,93.000,2.773,1.190,4.450,22.589,21.900,23.100,2.133,1.400,2.800,918.067,916.700,919.100,0.000,9.000,9.000,0.760,0.610,0.870,0.031,0.150,0.719,0.763,0.615,85.444,22.667,0.000,,,0.000,
2023-06-19,8.000,0.000,0.000,9.000,0.000,0.000,0.000,85.667,81.000,89.000,2.536,1.910,3.440,22.689,22.400,23.100,2.333,1.100,3.600,916.256,915.200,917.100,0.000,9.000,9.000,0.968,0.880,1.000,0.001,0.148,0.966,0.969,0.880,74.667,23.689,0.000,,,0.000,
2023-06-20,8.000,0.000,0.000,9.500,0.000,0.000,0.000,87.556,81.000,95.000,2.209,0.850,3.470,23.278,22.100,24.200,2.122,1.500,3.200,916.733,915.900,917.400,0.000,9.000,9.000,0.997,0.990,1.000,0.001,0.002,0.997,0.997,0.990,83.222,23.033,0.000,,,0.000,
2023-06-21,9.000,0.000,0.000,9.778,0.000,0.000,0.000,96.111,89.000,99.000,0.660,0.170,1.910,22.989,22.700,23.800,1.622,0.700,3.300,917.511,917.100,918.200,0.000,9.000,9.000,0.949,0.850,1.000,0.023,0.009,0.947,0.947,0.850,86.889,23.178,0.000,,,0.000,
2023-06-22,8.000,0.000,0.000,10.000,0.000,0.000,0.000,97.000,95.000,99.000,0.500,0.160,0.840,22.111,21.700,22.500,1.422,0.500,2.100,918.211,917.700,918.900,-8.800,9.000,9.000,0.930,0.750,1.000,0.184,0.059,0.927,0.928,0.748,90.333,22.533,2.100,,,0.000,
2023-06-23,8.000,0.000,0.000,9.500,0.000,0.000,0.000,99.111,97.000,100.000,0.146,0.000,0.490,20.578,19.900,21.100,1.733,0.800,2.700,919.056,918.200,919.900,0.500,9.000,9.000,0.967,0.830,1.000,0.041,0.334,0.963,0.966,0.832,87.111,22.300,0.000,,,0.000,
2023-06-24,9.000,0.000,0.000,10.000,0.000,0.000,0.000,95.667,86.000,100.000,0.736,0.000,2.400,20.644,19.300,21.700,1.456,0.400,2.100,920.467,919.400,921.400,2.500,9.000,9.000,0.964,0.890,1.000,0.060,0.093,0.962,0.964,0.886,82.333,22.767,0.000,,,0.000,
2023-06-25,9.000,0.000,0.000,8.333,0.000,0.000,0.000,98.111,92.000,100.000,0.316,0.000,1.370,21.567,20.800,22.400,1.044,0.300,2.100,920.289,919.500,921.300,0.000,9.000,9.000,0.576,0.100,0.830,0.086,0.104,0.490,0.552,0.088,83.444,23.289,0.000,,,0.000,
2023-06-26,9.000,0.000,0.000,7.556,0.000,0.000,0.000,93.556,86.000,99.000,1.098,0.170,2.440,21.333,20.300,22.900,1.700,0.500,2.800,920.867,919.900,921.700,0.000,9.000,9.000,0.436,0.140,0.690,0.013,0.052,0.400,0.438,0.126,81.333,23.767,0.000,,,0.000,
2023-06-27,9.000,0.000,0.000,7.778,0.000,0.000,0.000,97.778,95.000,100.000,0.369,0.000,0.840,21.511,20.200,22.200,1.122,0.600,1.900,921.456,920.400,922.400,0.000,9.000,9.000,0.773,0.480,0.970,0.090,0.128,0.738,0.776,0.498,79.556,23.956,0.400,,,0.000,
2023-06-28,9.000,0.000,0.000,7.444,0.000,0.000,0.000,84.111,67.000,94.000,2.889,1.000,6.480,22.356,21.100,23.500,1.289,0.600,2.400,919.011,918.100,919.900,0.000,9.000,9.000,0.827,0.530,1.000,0.001,0.184,0.810,0.830,0.530,81.556,23.722,0.000,,,0.000,
2023-06-29,9.000,0.000,0.000,9.778,0.000,0.000,0.000,90.889,83.000,100.000,1.604,0.000,3.040,22.567,21.900,23.300,1.644,0.400,2.400,917.544,916.100,918.500,0.000,9.000,9.000,0.997,0.990,1.000,0.117,0.202,0.997,0.997,0.990,83.667,23.022,1.100,,,0.000,
2023-06-30,9.000,0.000,0.000,10.000,0.000,0.000,0.000,98.000,94.000,100.000,0.333,0.000,1.010,21.667,20.800,22.400,1.689,0.700,2.900,917.222,916.500,917.900,0.500,9.000,9.000,0.993,0.980,1.000,0.063,0.043,0.992,0.992,0.980,86.111,23.244,0.000,,,0.000,
2023-07-01,9.000,0.000,0.000,9.444,0.000,0.000,0.000,98.111,94.000,100.000,0.314,0.000,1.010,21.878,21.400,22.500,1.322,0.700,2.500,919.444,918.500,920.100,0.000,9.000,9.000,0.963,0.830,1.000,0.019,0.146,0.962,0.965,0.833,83.333,23.722,0.000,,,0.000,
2023-07-02,9.000,0.000,0.000,8.667,0.000,0.000,0.000,99.889,99.000,100.000,0.019,0.000,0.170,22.189,21.100,22.900,1.411,0.800,2.700,921.289,919.600,922.500,0.000,9.000,9.000,0.950,0.720,1.000,0.007,0.020,0.949,0.952,0.733,80.222,24.100,0.000,,,0.000,
2023-07-03,9.000,0.000,0.000,8.778,0.000,0.000,0.000,93.556,91.000,96.000,1.092,0.670,1.540,22.389,21.600,22.900,2.344,1.600,3.600,918.944,917.700,920.100,0.000,9.000,9.000,0.920,0.830,1.000,0.014,0.082,0.909,0.918,0.827,82.111,23.856,0.000,,,0.000,
2023-07-04,9.000,0.000,0.000,8.667,0.000,0.000,0.000,87.667,78.000,94.000,2.183,1.010,4.050,22.889,22.400,23.400,2.311,1.800,2.700,917.033,915.700,918.200,0.000,9.000,9.000,0.984,0.950,1.000,0.000,0.050,0.983,0.984,0.954,62.778,24.978,0.000,,,0.000,
2023-07-05,9.000,0.000,0.000,9.667,0.000,0.000,0.000,75.889,71.000,84.000,4.550,2.870,5.620,24.100,23.200,24.900,2.222,1.600,3.200,916.922,916.100,917.900,0.000,9.000,9.000,0.984,0.960,1.000,0.000,0.019,0.984,0.985,0.960,57.222,25.778,0.000,,,0.000,
2023-07-06,8.000,0.000,0.000,6.000,0.000,0.000,0.000,87.667,80.000,95.000,2.189,0.850,3.640,23.389,22.400,24.300,2.600,2.000,3.800,917.956,917.500,918.500,0.000,9.000,9.000,0.296,0.040,0.560,0.001,0.008,0.287,0.293,0.040,70.667,24.900,0.000,,,0.000,
2023-07-07,9.000,0.000,0.000,6.000,0.000,0.000,0.000,71.000,65.000,80.000,5.626,3.670,7.010,24.256,22.700,25.100,2.967,1.900,4.000,919.200,918.800,919.500,0.000,9.000,9.000,0.474,0.020,1.000,0.001,0.028,0.458,0.475,0.020,63.111,24.889,0.000,,,0.000,
2023-07-08,9.000,0.000,0.000,5.778,0.000,0.000,0.000,77.111,70.000,85.000,4.302,2.690,5.830,24.478,24.000,24.900,2.656,1.500,3.900,919.444,918.700,920.200,0.000,9.000,9.000,0.096,0.020,0.220,0.000,0.037,0.061,0.096,0.020,73.333,24.522,0.000,,,0.000,
2023-07-09,9.000,0.000,0.000,5.778,0.000,0.000,0.000,98.222,96.000,99.000,0.300,0.170,0.680,23.067,21.400,23.900,1.122,0.300,1.600,918.767,917.900,919.500,0.000,9.000,9.000,0.078,0.020,0.220,0.002,0.032,0.047,0.077,0.020,80.444,24.711,0.000,,,0.000,
2023-07-10,9.000,0.000,0.000,5.556,0.000,0.000,0.000,98.889,98.000,100.000,0.186,0.000,0.340,22.367,21.200,23.700,1.089,0.700,1.900,918.622,918.100,919.300,0.000,9.000,9.000,0.162,0.000,0.410,0.024,0.034,0.118,0.143,0.000,77.556,24.733,0.000,,,0.000,
2023-07-11,9.000,0.000,0.000,6.111,0.000,0.000,0.000,96.444,93.000,99.000,0.593,0.160,1.180,21.567,20.700,22.100,1.044,0.500,1.500,918.889,918.200,919.700,0.000,9.000,9.000,0.309,0.000,0.930,0.024,0.009,0.287,0.291,0.000,79.444,23.667,0.000,,,0.000,
2023-07-12,9.000,0.000,0.000,6.111,0.000,0.000,0.000,97.000,94.000,99.000,0.501,0.170,1.010,21.867,20.800,22.700,1.133,0.800,1.700,918.667,917.500,919.700,0.000,9.000,9.000,0.142,0.010,0.610,0.051,0.036,0.068,0.103,0.000,76.222,24.267,0.000,,,0.000,
2023-07-13,9.000,0.000,0.000,9.778,0.000,0.000,0.000,87.889,81.000,94.000,2.129,1.010,3.440,22.411,21.500,23.000,3.167,1.700,4.000,915.989,914.600,917.400,0.000,9.000,9.000,0.637,0.260,0.860,0.000,0.010,0.632,0.636,0.260,80.444,23.978,0.000,,,0.000,
2023-07-14,9.000,0.000,0.000,6.111,0.000,0.000,0.000,92.778,91.000,95.000,1.234,0.840,1.550,22.989,22.400,23.300,3.967,1.100,6.100,912.844,912.300,913.300,0.000,9.000,9.000,0.239,0.020,0.840,0.001,0.008,0.233,0.239,0.020,80.222,24.456,0.000,,,0.000,
2023-07-15,9.000,0.000,0.000,6.000,0.000,0.000,0.000,89.667,88.000,91.000,1.790,1.540,2.100,22.822,22.300,23.200,4.244,2.500,6.100,911.800,911.100,912.500,0.000,9.000,9.000,0.122,0.040,0.230,0.001,0.058,0.064,0.119,0.040,77.889,24.556,0.000,,,0.000,
2023-07-16,9.000,0.000,0.000,7.778,0.000,0.000,0.000,96.556,94.000,99.000,0.578,0.170,1.020,22.511,22.300,22.900,1.833,0.500,3.800,913.811,913.500,914.400,-9.800,9.000,9.000,0.319,0.120,0.840,0.163,0.058,0.178,0.223,0.030,79.111,23.944,0.300,,,0.000,
2023-07-17,9.000,0.000,0.000,9.778,0.000,0.000,0.000,95.444,86.000,100.000,0.788,0.000,2.470,22.033,20.800,23.000,1.522,0.600,2.600,918.133,917.600,918.700,2.000,9.000,9.000,0.979,0.960,1.000,0.090,0.139,0.973,0.978,0.958,79.667,24.544,0.000,,,0.000,
2023-07-18,9.000,0.000,0.000,9.667,0.000,0.000,0.000,100.000,100.000,100.000,0.000,0.000,0.000,21.267,20.700,22.000,2.322,1.000,3.400,919.856,919.100,920.500,0.000,9.000,9.000,0.941,0.880,0.970,0.081,0.092,0.930,0.937,0.890,80.444,23.656,0.000,,,0.000,
2023-07-19,9.000,0.000,0.000,8.000,0.000,0.000,0.000,97.778,96.000,99.000,0.369,0.160,0.670,21.567,20.900,22.200,1.644,0.400,2.800,919.011,918.700,919.400,0.000,9.000,9.000,0.821,0.340,1.000,0.117,0.102,0.791,0.821,0.349,78.667,23.889,0.400,,,0.000,
2023-07-20,9.000,0.000,0.000,9.222,0.000,0.000,0.000,99.444,98.000,100.000,0.091,0.000,0.330,21.778,20.900,22.500,1.178,0.500,1.700,919.411,918.800,919.800,0.000,9.000,9.000,0.990,0.950,1.000,0.242,0.182,0.988,0.989,0.946,83.111,23.456,2.100,,,0.000,
2023-07-21,8.000,0.000,0.000,10.000,0.000,0.000,0.000,98.222,93.000,100.000,0.299,0.000,1.180,22.233,21.100,22.800,0.956,0.400,1.500,921.356,920.300,921.900,-8.300,9.000,9.000,0.996,0.970,1.000,0.233,0.209,0.993,0.994,0.961,79.444,23.878,2.500,,,0.000,
2023-07-22,9.000,0.000,0.000,7.222,0.000,0.000,0.000,99.556,97.000,100.000,0.073,0.000,0.500,21.511,20.400,22.400,2.000,1.200,3.300,921.511,921.000,922.100,0.500,9.000,9.000,0.851,0.770,0.940,0.069,0.083,0.833,0.847,0.777,78.222,24.200,0.500,,,0.000,
2023-07-23,8.000,0.000,0.000,9.125,0.000,0.000,0.000,96.333,93.000,99.000,0.613,0.160,1.180,21.733,21.200,22.100,1.944,1.200,2.600,918.856,917.800,919.900,0.000,9.000,9.000,0.829,0.720,0.940,0.017,0.012,0.824,0.827,0.728,79.333,23.911,0.000,,,0.000,
2023-07-24,9.000,0.000,0.000,6.000,0.000,0.000,0.000,93.444,90.000,96.000,1.110,0.670,1.720,22.178,22.100,22.400,4.367,3.900,5.000,916.956,915.400,918.100,0.000,9.000,9.000,0.832,0.450,0.970,0.007,0.009,0.830,0.831,0.450,76.556,24.233,0.000,,,0.000,
2023-07-25,9.000,0.000,0.000,9.333,0.000,0.000,0.000,100.000,100.000,100.000,0.000,0.000,0.000,22.078,21.500,22.400,4.956,4.300,5.500,915.633,914.300,917.000,-13.900,9.000,9.000,0.928,0.730,1.000,0.083,0.312,0.913,0.928,0.724,85.556,22.711,2.500,,,0.000,
2023-07-26,9.000,0.000,0.000,10.000,0.000,0.000,0.000,100.000,100.000,100.000,0.000,0.000,0.000,21.900,21.400,22.300,6.811,5.400,7.900,910.389,907.800,911.700,-26.900,9.000,9.000,1.000,1.000,1.000,0.081,0.290,1.000,1.000,1.000,85.000,22.433,3.200,,,0.000,
2023-07-27,9.000,0.000,0.000,10.000,0.000,0.000,0.000,85.444,77.000,92.000,2.583,1.370,4.260,22.422,21.600,23.100,8.367,6.800,10.300,905.644,902.900,907.100,-29.400,9.000,9.000,0.999,0.990,1.000,0.050,0.359,0.998,0.998,0.986,78.778,23.256,3.000,,,0.000,
2023-07-28,8.000,0.000,0.000,10.000,0.000,0.000,0.000,90.667,86.000,96.000,1.601,0.660,2.450,21.433,20.300,22.100,2.111,0.800,3.400,914.156,913.000,915.100,-39.200,9.000,9.000,1.000,1.000,1.000,0.016,0.979,1.000,1.000,1.000,87.111,22.311,6.100,,,0.000,
2023-07-29,9.000,0.000,0.000,10.000,0.000,0.000,0.000,98.222,94.000,100.000,0.298,0.000,1.020,22.144,21.400,22.700,3.244,1.800,4.000,917.211,916.400,918.100,0.000,9.000,9.000,0.996,0.980,1.000,0.039,0.141,0.996,0.996,0.981,86.111,23.222,0.000,,,0.000,
2023-07-30,9.000,0.000,0.000,10.000,0.000,0.000,0.000,93.778,85.000,100.000,1.063,0.000,2.630,21.389,20.900,21.900,1.722,1.100,2.300,917.656,916.600,918.600,-9.800,9.000,9.000,0.996,0.990,1.000,0.043,0.484,0.991,0.997,0.993,84.444,22.956,0.000,,,0.000,
2023-07-31,9.000,0.000,0.000,6.222,0.000,0.000,0.000,95.333,91.000,100.000,0.789,0.000,1.540,21.611,20.600,22.100,2.478,0.900,4.500,915.422,914.000,916.600,2.500,9.000,9.000,0.337,0.210,0.510,0.150,0.173,0.123,0.277,0.107,87.778,22.278,1.100,,,0.000,
2023-08-01,9.000,0.000,0.000,9.222,0.000,0.000,0.000,100.000,100.000,100.000,0.000,0.000,0.000,22.967,22.400,23.400,5.244,3.800,6.800,912.200,910.900,913.100,46.500,9.000,9.000,0.774,0.460,0.970,0.670,0.316,0.148,0.410,0.258,89.889,22.400,6.500,,,0.000,
2023-08-02,9.000,0.000,0.000,10.000,0.000,0.000,0.000,100.000,100.000,100.000,0.000,0.000,0.000,22.233,21.600,22.600,8.422,7.500,9.400,908.122,906.500,909.400,1.700,9.000,9.000,0.856,0.450,1.000,0.328,0.306,0.692,0.769,0.297,79.778,23.544,7.300,,,0.000,
2023-08-03,9.000,0.000,0.000,10.000,0.000,0.000,0.000,100.000,100.000,100.000,0.000,0.000,0.000,22.389,22.000,23.400,5.722,4.500,8.100,907.356,906.800,907.900,18.000,9.000,9.000,0.998,0.990,1.000,0.161,0.553,0.990,0.996,0.979,81.000,23.544,3.800,,,0.000,
2023-08-04,9.000,0.000,0.000,10.000,0.000,0.000,0.000,93.333,89.000,100.000,1.154,0.000,1.920,22.922,21.900,24.000,3.856,2.600,5.800,910.989,910.500,911.500,-23.400,9.000,9.000,1.000,1.000,1.000,0.001,0.302,1.000,1.000,1.000,74.111,24.733,5.600,,,0.000,
2023-08-05,9.000,0.000,0.000,10.000,0.000,0.000,0.000,85.444,80.000,92.000,2.613,1.370,3.690,23.856,22.900,24.900,2.156,1.700,2.600,911.256,910.300,912.000,0.000,9.000,9.000,0.587,0.260,0.780,0.008,0.112,0.533,0.592,0.263,66.889,25.389,0.000,,,0.000,
2023-08-06,9.000,0.000,0.000,10.000,0.000,0.000,0.000,90.556,84.000,95.000,1.642,0.850,2.880,23.322,22.600,24.200,2.756,1.800,4.000,911.000,910.200,911.700,0.000,9.000,9.000,0.978,0.960,0.990,0.030,0.208,0.976,0.981,0.960,69.000,24.978,0.000,,,0.000,
2023-08-07,9.000,0.000,0.000,10.000,0.000,0.000,0.000,95.667,90.000,100.000,0.737,0.000,1.720,23.033,22.200,23.800,2.856,1.500,4.100,911.500,910.500,912.200,0.000,9.000,9.000,0.917,0.460,1.000,0.001,0.020,0.917,0.917,0.465,76.000,24.267,0.000,,,0.000,
2023-08-08,9.000,0.000,0.000,9.778,0.000,0.000,0.000,92.556,88.000,96.000,1.282,0.670,2.100,23.278,22.800,23.800,1.989,1.100,3.200,913.367,912.600,914.000,0.000,9.000,9.000,0.762,0.500,0.990,0.119,0.350,0.662,0.762,0.512,76.000,24.344,0.100,,,0.000,
2023-08-09,9.000,0.000,0.000,6.556,0.000,0.000,0.000,93.778,88.000,97.000,1.070,0.500,2.110,23.178,22.900,23.700,1.456,1.000,2.200,914.500,914.000,915.100,0.000,9.000,9.000,0.276,0.090,0.520,0.028,0.102,0.191,0.275,0.090,82.222,23.933,0.000,,,0.000,
2023-08-10,9.000,0.000,0.000,9.889,0.000,0.000,0.000,97.778,94.000,100.000,0.370,0.000,1.010,21.033,20.500,21.600,1.144,0.500,1.800,915.233,914.600,915.900,1.000,9.000,9.000,0.921,0.750,0.990,0.126,0.126,0.897,0.909,0.731,86.778,22.533,1.400,,,0.000,
2023-08-11,9.000,0.000,0.000,9.333,0.000,0.000,0.000,97.444,94.000,100.000,0.427,0.000,1.010,21.700,21.300,22.200,1.344,0.700,1.900,915.556,914.900,916.200,-19.100,9.000,9.000,0.567,0.170,0.980,0.053,0.102,0.523,0.577,0.146,85.667,22.822,0.000,,,0.000,
2023-08-12,9.000,0.000,0.000,7.667,0.000,0.000,0.000,97.889,95.000,99.000,0.349,0.160,0.840,21.189,20.400,21.900,1.000,0.400,2.300,915.189,914.300,915.900,-9.800,9.000,9.000,0.193,0.050,0.310,0.117,0.143,0.032,0.171,0.010,82.778,23.900,0.000,,,0.000,
2023-08-13,9.000,0.000,0.000,6.667,0.000,0.000,0.000,90.333,81.000,98.000,1.690,0.330,3.450,22.356,20.800,23.300,1.556,0.400,2.700,915.244,914.500,915.600,0.000,9.000,9.000,0.553,0.250,0.930,0.140,0.081,0.452,0.508,0.210,82.667,24.056,0.000,,,0.000,
2023-08-14,9.000,0.000,0.000,6.111,0.000,0.000,0.000,83.556,75.000,96.000,3.028,0.670,4.720,23.400,22.500,24.300,1.778,1.200,2.600,915.622,915.200,916.000,0.000,9.000,9.000,0.110,0.010,0.340,0.004,0.034,0.077,0.108,0.010,76.000,23.944,0.000,,,0.000,
2023-08-15,9.000,0.000,0.000,9.222,0.000,0.000,0.000,91.222,89.000,96.000,1.516,0.670,1.920,23.122,22.700,23.700,2.578,1.300,3.800,915.967,914.600,916.900,0.000,9.000,9.000,0.968,0.910,1.000,0.009,0.068,0.963,0.968,0.903,74.111,24.322,0.000,,,0.000,
2023-08-16,9.000,0.000,0.000,7.222,0.000,0.000,0.000,97.667,95.000,100.000,0.390,0.000,0.840,22.400,22.200,22.800,2.811,1.100,4.000,915.667,914.400,916.500,0.000,9.000,9.000,0.913,0.580,1.000,0.057,0.169,0.901,0.912,0.573,87.778,22.644,0.400,,,0.000,
2023-08-17,8.000,0.000,0.000,10.000,0.000,0.000,0.000,99.667,99.000,100.000,0.053,0.000,0.160,21.100,19.600,22.100,1.689,0.900,2.700,914.967,914.300,915.700,4.200,9.000,9.000,0.682,0.340,0.930,0.259,0.069,0.576,0.603,0.255,89.444,21.522,2.500,,,0.000,
2023-08-18,9.000,0.000,0.000,8.222,0.000,0.000,0.000,95.778,89.000,100.000,0.710,0.000,1.880,20.433,19.800,21.200,1.200,0.400,2.500,916.500,916.000,916.900,0.000,9.000,9.000,0.733,0.550,0.950,0.211,0.128,0.588,0.660,0.424,85.111,21.867,2.500,,,0.000,
2023-08-19,9.000,0.000,0.000,9.444,0.000,0.000,0.000,98.778,96.000,100.000,0.200,0.000,0.660,20.889,20.400,21.400,1.422,0.500,3.000,918.456,917.900,919.000,1.500,9.000,9.000,0.977,0.920,1.000,0.142,0.151,0.969,0.974,0.919,87.333,22.378,0.200,,,0.000,
2023-08-20,9.000,0.000,0.000,8.222,0.000,0.000,0.000,98.000,93.000,100.000,0.333,0.000,1.180,20.589,19.800,21.200,1.522,0.800,2.600,919.267,918.500,920.000,0.000,9.000,9.000,0.938,0.860,0.990,0.030,0.062,0.933,0.937,0.859,86.667,22.533,0.000,,,0.000,
2023-08-21,9.000,0.000,0.000,6.556,0.000,0.000,0.000,95.778,89.000,99.000,0.713,0.160,1.900,22.167,21.700,22.700,1.611,0.400,2.800,917.733,916.400,918.700,0.000,9.000,9.000,0.361,0.140,0.600,0.060,0.023,0.314,0.331,0.127,85.000,23.578,0.000,,,0.000,
2023-08-22,9.000,0.000,0.000,8.444,0.000,0.000,0.000,92.778,84.000,99.000,1.242,0.160,2.860,22.411,21.800,23.300,1.978,1.100,2.600,916.478,915.300,917.700,0.000,9.000,9.000,0.679,0.350,0.970,0.041,0.281,0.548,0.702,0.370,86.889,22.878,0.000,,,0.000,
2023-08-23,9.000,0.000,0.000,9.444,0.000,0.000,0.000,95.889,93.000,98.000,0.689,0.330,1.180,21.444,21.100,21.700,1.089,0.300,2.100,917.478,916.700,918.100,0.000,9.000,9.000,0.944,0.840,1.000,0.006,0.129,0.941,0.949,0.840,79.556,23.789,0.400,,,0.000,
2023-08-24,9.000,0.000,0.000,7.333,0.000,0.000,0.000,94.778,81.000,99.000,0.906,0.160,3.420,21.989,21.400,22.600,0.733,0.300,1.100,917.656,916.500,918.800,0.000,9.000,9.000,0.923,0.800,0.980,0.001,0.082,0.916,0.922,0.794,84.222,23.056,0.100,,,0.000,
2023-08-25,9.000,0.000,0.000,9.000,0.000,0.000,0.000,94.556,92.000,97.000,0.919,0.500,1.360,22.133,21.500,22.400,2.111,1.200,2.800,916.644,915.300,917.600,0.000,9.000,9.000,0.992,0.980,1.000,0.020,0.024,0.992,0.992,0.981,87.111,22.956,0.000,,,0.000,
2023-08-26,9.000,0.000,0.000,7.000,0.000,0.000,0.000,94.333,93.000,96.000,0.957,0.670,1.200,22.167,21.700,23.100,1.144,0.400,2.400,915.378,914.000,916.300,0.000,9.000,9.000,0.711,0.390,0.990,0.071,0.108,0.677,0.707,0.364,84.778,23.044,0.000,,,0.000,
2023-08-27,9.000,0.000,0.000,6.222,0.000,0.000,0.000,98.000,96.000,99.000,0.330,0.160,0.670,21.522,20.900,22.200,0.844,0.500,2.100,913.744,912.700,914.700,0.000,9.000,9.000,0.921,0.730,1.000,0.099,0.053,0.917,0.919,0.726,81.889,23.389,0.100,,,0.000,
2023-08-28,9.000,0.000,0.000,7.778,0.000,0.000,0.000,100.000,100.000,100.000,0.000,0.000,0.000,21.978,21.400,22.800,0.611,0.300,1.000,914.633,914.400,914.900,0.000,9.000,9.000,0.799,0.400,0.970,0.118,0.267,0.723,0.787,0.393,78.222,23.844,0.800,,,0.000,
2023-08-29,9.000,0.000,0.000,9.889,0.000,0.000,0.000,90.778,89.000,92.000,1.590,1.370,1.910,22.789,22.600,23.000,5.400,4.700,7.000,913.511,913.100,913.800,-9.800,9.000,9.000,0.748,0.460,0.930,0.027,0.499,0.486,0.747,0.506,80.333,23.867,0.000,,,0.000,
2023-08-30,9.000,0.000,0.000,9.778,0.000,0.000,0.000,100.000,100.000,100.000,0.000,0.000,0.000,22.244,22.000,22.500,4.144,3.200,4.600,914.256,913.500,915.100,2.200,9.000,9.000,0.999,0.990,1.000,0.132,0.232,0.998,0.998,0.991,81.778,23.411,0.400,,,0.000,
2023-08-31,9.000,0.000,0.000,10.000,0.000,0.000,0.000,100.000,100.000,100.000,0.000,0.000,0.000,22.556,21.600,22.900,2.811,2.400,3.100,914.722,913.400,915.800,37.700,9.000,9.000,1.000,1.000,1.000,0.544,0.280,0.999,0.999,0.993,88.778,22.378,1.700,,,0.000,
2023-09-01,9.000,0.000,0.000,9.000,0.000,0.000,0.000,100.000,100.000,100.000,0.000,0.000,0.000,22.500,22.100,22.800,2.633,2.000,3.700,913.756,912.300,914.800,21.000,9.000,9.000,0.966,0.860,1.000,0.590,0.306,0.948,0.962,0.840,89.667,22.567,2.000,,,0.000,
2023-09-02,9.000,0.000,0.000,10.000,0.000,0.000,0.000,100.000,100.000,100.000,0.000,0.000,0.000,22.589,22.000,22.900,3.600,1.900,5.000,912.378,911.400,913.400,-3.100,9.000,9.000,0.936,0.830,1.000,0.321,0.253,0.909,0.932,0.825,89.778,22.622,4.800,,,0.000,
2023-09-03,9.000,0.000,0.000,10.000,0.000,0.000,0.000,100.000,100.000,100.000,0.000,0.000,0.000,21.989,21.700,22.500,5.422,4.800,5.800,909.300,908.000,910.100,10.700,9.000,9.000,0.983,0.930,1.000,0.249,0.411,0.966,0.983,0.951,89.444,21.956,7.500,,,0.000,
2023-09-04,6.000,0.000,0.000,9.833,0.000,0.000,0.000,100.000,100.000,100.000,0.000,0.000,0.000,22.122,21.800,22.500,5.522,5.100,6.100,912.933,912.500,913.500,-27.900,9.000,9.000,0.994,0.960,1.000,0.190,0.303,0.991,0.992,0.948,88.222,22.456,0.500,,,0.000,
2023-09-05,9.000,0.000,0.000,8.667,0.000,0.000,0.000,100.000,100.000,100.000,0.000,0.000,0.000,21.867,21.600,22.200,2.411,0.800,3.600,917.589,917.100,918.100,0.500,9.000,9.000,0.962,0.910,0.990,0.113,0.139,0.956,0.962,0.918,90.333,22.133,0.000,,,0.000,
2023-09-06,6.000,0.000,0.000,10.000,0.000,0.000,0.000,99.444,96.000,100.000,0.091,0.000,0.660,20.178,19.300,21.100,3.400,2.300,5.100,919.033,917.700,920.100,-37.700,9.000,9.000,0.923,0.780,0.990,0.110,0.458,0.886,0.931,0.808,91.222,21.556,0.100,,,0.000,
2023-09-07,9.000,0.000,0.000,10.000,0.000,0.000,0.000,99.778,99.000,100.000,0.036,0.000,0.160,20.667,20.500,21.100,3.700,3.000,5.000,918.622,918.000,919.200,-28.400,9.000,9.000,0.973,0.920,1.000,0.012,0.710,0.937,0.987,0.948,77.778,22.122,0.700,,,0.000,
2023-09-08,9.000,0.000,0.000,6.444,0.000,0.000,0.000,93.556,89.000,97.000,1.073,0.490,1.860,19.456,19.100,19.800,3.267,2.400,4.300,918.789,918.000,919.600,0.000,9.000,9.000,0.124,0.000,0.460,0.051,0.098,0.000,0.098,0.000,84.444,21.133,0.000,,,0.000,
2023-09-09,9.000,4.000,4.000,2.778,1.000,0.000,1.000,91.889,86.000,97.000,1.363,0.490,2.390,19.289,18.600,19.900,2.356,2.000,2.800,917.989,916.900,918.800,0.000,9.000,9.000,0.020,0.010,0.050,0.013,0.007,0.001,0.008,0.000,82.333,20.778,0.000,,,0.000,
2023-09-10,9.000,5.000,5.000,2.556,1.000,0.000,1.000,79.111,73.000,90.000,3.739,1.690,4.970,19.356,18.100,20.600,2.122,0.800,4.400,917.656,916.700,918.500,0.000,9.000,9.000,0.044,0.000,0.160,0.014,0.023,0.016,0.038,0.000,82.556,20.956,0.000,,,0.000,
2023-09-11,9.000,0.000,0.000,8.111,0.000,0.000,0.000,78.444,71.000,85.000,3.869,2.590,5.420,19.200,18.000,20.000,0.878,0.300,1.200,918.133,917.300,919.000,0.000,9.000,9.000,0.712,0.500,0.990,0.014,0.010,0.710,0.711,0.480,78.111,21.544,0.000,,,0.000,
2023-09-12,9.000,0.000,0.000,9.444,0.000,0.000,0.000,92.556,88.000,99.000,1.250,0.160,2.050,19.500,18.600,20.600,1.056,0.600,1.900,917.978,917.200,918.600,0.000,9.000,9.000,0.901,0.800,1.000,0.018,0.000,0.899,0.899,0.790,82.667,21.722,0.000,,,0.000,
2023-09-13,9.000,0.000,0.000,7.556,0.000,0.000,0.000,87.000,80.000,95.000,2.253,0.820,3.580,20.000,18.900,20.700,0.678,0.300,1.300,918.144,917.500,918.500,0.000,9.000,9.000,0.827,0.330,1.000,0.000,0.004,0.826,0.826,0.330,80.111,22.167,0.000,,,0.000,
2023-09-14,8.000,0.000,0.000,7.125,0.000,0.000,0.000,95.667,91.000,98.000,0.727,0.330,1.530,21.300,20.800,21.700,1.567,0.400,2.700,919.544,918.500,920.300,0.000,9.000,9.000,0.153,0.050,0.340,0.106,0.046,0.041,0.086,0.040,85.444,22.456,0.000,,,0.000,
2023-09-15,9.000,0.000,0.000,7.556,0.000,0.000,0.000,90.222,78.000,99.000,1.702,0.160,4.020,21.267,20.300,22.000,1.533,0.400,2.200,921.133,920.700,921.600,0.000,9.000,9.000,0.519,0.350,0.740,0.067,0.067,0.454,0.498,0.299,82.778,22.822,0.000,,,0.000,
2023-09-16,9.000,0.000,0.000,9.444,0.000,0.000,0.000,97.444,92.000,100.000,0.423,0.000,1.350,20.622,20.300,21.200,0.656,0.400,0.900,921.078,920.100,921.800,-9.800,9.000,9.000,0.406,0.210,0.720,0.008,0.061,0.373,0.418,0.201,79.333,22.956,0.000,,,0.000,
2023-09-17,9.000,0.000,0.000,6.000,0.000,0.000,0.000,87.444,74.000,98.000,2.227,0.330,4.820,20.911,19.300,21.700,1.367,0.700,1.900,920.989,920.300,921.500,0.000,9.000,9.000,0.224,0.080,0.460,0.007,0.023,0.208,0.224,0.070,82.222,22.922,0.000,,,0.000,
2023-09-18,9.000,0.000,0.000,5.444,0.000,0.000,0.000,92.222,85.000,97.000,1.332,0.490,2.640,21.400,19.900,22.100,2.444,1.200,3.100,921.411,920.400,922.600,0.000,9.000,9.000,0.012,0.000,0.040,0.004,0.000,0.008,0.008,0.000,82.222,22.956,0.000,,,0.000,
2023-09-19,6.000,0.000,0.000,5.000,0.000,0.000,0.000,90.889,87.000,98.000,1.559,0.330,2.260,21.311,20.200,21.900,2.611,0.600,4.600,920.833,920.200,921.500,0.000,9.000,9.000,0.028,0.000,0.120,0.009,0.001,0.018,0.019,0.000,81.222,22.911,0.000,,,0.000,
2023-09-20,9.000,0.000,0.000,6.000,0.000,0.000,0.000,89.556,84.000,95.000,1.809,0.830,2.830,21.511,20.800,21.900,1.689,1.200,2.300,920.000,919.400,920.700,0.000,9.000,9.000,0.007,0.000,0.040,0.007,0.001,0.000,0.001,0.000,79.778,23.444,0.000,,,0.000,
2023-09-21,9.000,0.000,0.000,6.000,0.000,0.000,0.000,95.778,88.000,99.000,0.713,0.160,2.080,21.700,21.400,22.100,2.889,2.300,4.000,920.522,919.000,921.600,0.000,9.000,9.000,0.058,0.010,0.140,0.037,0.024,0.011,0.035,0.000,80.444,23.411,0.000,,,0.000,
2023-09-22,9.000,0.000,0.000,6.889,0.000,0.000,0.000,100.000,100.000,100.000,0.000,0.000,0.000,21.700,21.400,22.300,3.489,2.800,4.700,921.144,920.000,922.000,0.900,9.000,9.000,0.437,0.200,0.600,0.240,0.166,0.159,0.299,0.146,84.111,22.600,0.100,,,0.000,
2023-09-23,9.000,0.000,0.000,6.333,0.000,0.000,0.000,98.222,97.000,99.000,0.292,0.160,0.500,21.267,21.100,21.500,3.333,3.000,3.800,920.167,919.000,921.000,0.000,9.000,9.000,0.384,0.030,0.790,0.028,0.030,0.364,0.379,0.010,82.667,23.022,0.000,,,0.000,
2023-09-24,9.000,0.000,0.000,7.556,0.000,0.000,0.000,88.111,73.000,99.000,2.131,0.160,5.040,21.078,20.100,22.200,3.044,2.400,3.600,920.433,919.300,921.300,0.000,9.000,9.000,0.054,0.010,0.110,0.031,0.004,0.023,0.027,0.000,79.889,23.189,0.000,,,0.000,
2023-09-25,9.000,0.000,0.000,6.444,0.000,0.000,0.000,98.111,97.000,99.000,0.311,0.160,0.500,21.433,21.000,21.700,3.022,1.900,4.600,920.744,919.800,921.400,-29.400,9.000,9.000,0.128,0.070,0.210,0.108,0.073,0.000,0.073,0.030,82.667,23.144,0.000,,,0.000,
2023-09-26,9.000,0.000,0.000,7.222,0.000,0.000,0.000,100.000,100.000,100.000,0.000,0.000,0.000,21.533,21.000,21.900,2.522,1.900,3.200,920.733,919.900,921.400,-3.300,9.000,9.000,0.258,0.210,0.310,0.142,0.204,0.000,0.204,0.130,85.111,22.489,1.300,,,0.000,
2023-09-27,9.000,0.000,0.000,6.889,0.000,0.000,0.000,99.333,98.000,100.000,0.108,0.000,0.330,21.411,21.300,21.700,2.144,1.100,3.600,920.911,920.300,921.500,-7.800,9.000,9.000,0.249,0.050,0.530,0.163,0.141,0.054,0.182,0.010,83.667,22.611,1.700,,,0.000,
2023-09-28,9.000,0.000,0.000,8.889,0.000,0.000,0.000,99.556,97.000,100.000,0.072,0.000,0.490,21.433,20.900,21.900,2.244,1.700,2.600,921.678,921.000,922.200,-5.800,9.000,9.000,0.328,0.210,0.510,0.123,0.133,0.162,0.276,0.184,86.000,22.922,0.200,,,0.000,
2023-09-29,9.000,0.000,0.000,7.222,0.000,0.000,0.000,100.000,100.000,100.000,0.000,0.000,0.000,21.500,20.900,22.100,2.733,2.300,3.700,920.722,919.400,921.600,-4.800,9.000,9.000,0.119,0.040,0.230,0.088,0.056,0.014,0.070,0.010,85.556,22.522,0.100,,,0.000,
2023-09-30,9.000,0.000,0.000,5.667,0.000,0.000,0.000,99.667,98.000,100.000,0.054,0.000,0.330,21.167,20.700,21.500,3.278,1.800,4.700,919.222,918.300,920.000,-19.600,9.000,9.000,0.199,0.000,0.560,0.199,0.000,0.000,0.000,0.000,83.667,22.578,0.100,,,0.000,
2023-10-01,9.000,0.000,0.000,9.333,0.000,0.000,0.000,99.333,98.000,100.000,0.107,0.000,0.320,19.678,19.400,20.300,2.100,1.100,2.900,920.922,920.500,921.500,-9.100,9.000,9.000,0.543,0.310,0.730,0.309,0.040,0.331,0.364,0.000,82.889,21.433,0.500,,,0.000,
2023-10-02,9.000,0.000,0.000,7.111,0.000,0.000,0.000,91.889,87.000,95.000,1.350,0.820,2.210,18.578,18.300,18.800,3.300,1.800,5.600,920.078,918.400,921.400,-9.800,9.000,9.000,0.560,0.400,0.720,0.489,0.000,0.120,0.120,0.000,62.778,21.433,0.000,,,0.000,
2023-10-03,9.000,0.000,0.000,9.667,0.000,0.000,0.000,100.000,100.000,100.000,0.000,0.000,0.000,21.833,21.500,22.100,6.433,4.500,7.700,917.122,915.900,918.000,45.000,9.000,9.000,0.838,0.490,1.000,0.791,0.506,0.034,0.523,0.360,89.556,21.811,5.700,,,0.000,
2023-10-04,9.000,0.000,0.000,10.000,0.000,0.000,0.000,100.000,100.000,100.000,0.000,0.000,0.000,21.289,20.700,21.600,6.044,3.400,8.200,915.078,913.600,916.000,80.500,9.000,9.000,1.000,1.000,1.000,0.620,0.494,1.000,1.000,1.000,91.333,21.422,5.500,,,0.000,
2023-10-05,9.000,0.000,0.000,9.333,0.000,0.000,0.000,100.000,100.000,100.000,0.000,0.000,0.000,20.689,20.200,21.000,4.700,3.600,5.700,917.089,916.800,917.700,-19.400,9.000,9.000,0.752,0.320,1.000,0.667,0.140,0.392,0.450,0.205,87.444,21.278,7.500,,,0.000,
2023-10-06,9.000,0.000,0.000,10.000,0.000,0.000,0.000,100.000,100.000,100.000,0.000,0.000,0.000,20.700,20.200,21.400,2.956,2.100,4.000,919.256,918.100,920.000,-28.900,9.000,9.000,0.958,0.900,1.000,0.076,0.799,0.737,0.966,0.885,91.778,20.889,0.000,,,0.000,
2023-10-07,8.000,0.000,0.000,10.000,0.000,0.000,0.000,100.000,100.000,100.000,0.000,0.000,0.000,20.511,19.900,21.200,3.144,0.400,4.900,921.678,921.200,922.000,4.200,9.000,9.000,0.966,0.890,1.000,0.492,0.941,0.661,0.963,0.886,94.444,20.356,9.900,,,0.000,
2023-10-08,9.000,0.000,0.000,10.000,0.000,0.000,0.000,100.000,100.000,100.000,0.000,0.000,0.000,19.922,19.600,20.100,2.089,1.300,3.300,923.867,922.400,925.000,18.000,9.000,9.000,1.000,1.000,1.000,0.872,0.989,0.873,0.998,0.994,91.333,19.978,22.000,,,0.000,
2023-10-09,9.000,0.000,0.000,10.000,0.000,0.000,0.000,99.444,99.000,100.000,0.089,0.000,0.160,19.022,18.800,19.300,3.267,2.100,5.100,925.178,924.400,925.800,10.500,9.000,9.000,0.998,0.990,1.000,0.994,0.708,0.416,0.796,0.432,89.111,19.644,11.600,,,0.000,
2023-10-10,8.000,0.000,0.000,9.625,0.000,0.000,0.000,100.000,100.000,100.000,0.000,0.000,0.000,17.267,16.500,18.200,2.289,1.800,3.000,925.044,924.500,925.600,3.200,9.000,9.000,0.974,0.890,1.000,0.921,0.724,0.016,0.729,0.343,81.889,19.256,1.300,,,0.000,
2023-10-11,9.000,0.000,0.000,8.667,0.000,0.000,0.000,98.444,95.000,100.000,0.250,0.000,0.810,16.578,16.400,16.900,2.167,1.200,3.400,926.089,925.100,926.800,-7.300,9.000,9.000,0.741,0.370,0.900,0.582,0.362,0.000,0.362,0.060,71.444,19.178,0.000,,,0.000,
2023-10-12,8.000,0.000,0.000,6.500,0.000,0.000,0.000,97.556,95.000,99.000,0.393,0.160,0.810,17.522,17.300,17.700,2.000,1.600,2.900,924.567,923.300,925.600,-9.800,9.000,9.000,0.296,0.070,0.530,0.290,0.057,0.000,0.057,0.000,74.556,19.722,0.000,,,0.000,
2023-10-13,9.000,0.000,0.000,8.333,0.000,0.000,0.000,91.556,84.000,95.000,1.398,0.810,2.720,16.867,16.700,17.100,2.600,0.800,4.000,922.089,921.000,922.900,0.000,9.000,9.000,0.044,0.010,0.090,0.042,0.006,0.001,0.007,0.000,74.111,18.578,0.000,,,0.000,
2023-10-14,9.000,0.000,0.000,10.000,0.000,0.000,0.000,92.444,83.000,98.000,1.248,0.320,2.890,16.033,15.800,16.200,2.978,1.200,4.900,921.667,920.900,922.300,0.000,9.000,9.000,0.179,0.120,0.210,0.043,0.173,0.000,0.173,0.120,68.667,18.522,0.000,,,0.000,
2023-10-15,9.000,0.000,0.000,9.333,0.000,0.000,0.000,95.111,92.000,97.000,0.788,0.480,1.310,16.522,16.200,16.700,2.711,1.500,4.600,923.789,923.500,924.200,0.000,9.000,9.000,0.153,0.080,0.270,0.052,0.092,0.029,0.119,0.030,68.000,18.811,0.000,,,0.000,
2023-10-16,9.000,0.000,0.000,9.111,0.000,0.000,0.000,88.556,85.000,93.000,1.893,1.130,2.520,15.789,15.400,16.000,3.767,1.800,5.300,925.356,924.400,926.100,0.000,9.000,9.000,0.497,0.040,0.960,0.126,0.009,0.450,0.453,0.010,60.222,18.633,0.000,,,0.000,
2023-10-17,9.000,0.000,0.000,9.778,0.000,0.000,0.000,95.889,93.000,98.000,0.669,0.320,1.150,17.889,17.600,18.200,3.700,3.100,4.600,925.533,924.800,926.300,-9.800,9.000,9.000,0.404,0.170,0.660,0.063,0.182,0.254,0.386,0.140,67.333,19.689,0.000,,,0.000,
2023-10-18,9.000,0.000,0.000,9.111,0.000,0.000,0.000,91.889,87.000,99.000,1.369,0.160,2.230,18.967,17.400,19.800,1.322,0.700,2.000,924.744,924.100,925.400,0.000,9.000,9.000,0.884,0.650,0.970,0.023,0.251,0.859,0.886,0.653,86.556,19.567,0.000,,,0.000,
2023-10-19,9.000,0.000,0.000,10.000,0.000,0.000,0.000,89.556,75.000,98.000,1.811,0.330,4.580,19.689,18.500,20.200,0.922,0.400,1.800,922.978,922.000,923.900,-49.000,9.000,9.000,0.941,0.630,1.000,0.087,0.869,0.493,0.938,0.605,87.556,20.956,0.200,,,0.000,
2023-10-20,9.000,0.000,0.000,10.000,0.000,0.000,0.000,99.667,98.000,100.000,0.052,0.000,0.310,15.667,15.100,16.200,3.444,1.700,6.100,926.622,926.000,926.900,20.000,9.000,9.000,1.000,1.000,1.000,0.977,0.928,0.966,0.996,0.971,81.000,17.333,2.400,,,0.000,
2023-10-21,2.000,0.000,0.000,10.000,,,,100.000,100.000,100.000,0.000,0.000,0.000,15.356,15.100,15.600,6.533,5.000,7.400,927.411,926.100,928.400,-26.400,9.000,9.000,0.947,0.870,1.000,0.889,0.552,0.111,0.608,0.491,70.556,17.889,0.000,,,0.000,
2023-10-22,9.000,0.000,0.000,9.556,0.000,0.000,0.000,100.000,100.000,100.000,0.000,0.000,0.000,17.367,17.000,17.700,3.744,2.700,4.800,926.467,925.500,927.400,0.000,9.000,9.000,0.468,0.240,0.710,0.317,0.243,0.000,0.243,0.030,73.111,19.711,0.000,,,0.000,
2023-10-23,9.000,0.000,0.000,7.333,0.000,0.000,0.000,100.000,100.000,100.000,0.000,0.000,0.000,18.278,17.900,18.600,2.722,1.200,4.100,924.822,924.000,925.700,0.000,9.000,9.000,0.189,0.080,0.370,0.020,0.172,0.017,0.184,0.070,82.889,19.578,0.000,,,0.000,
2023-10-24,9.000,0.000,0.000,8.000,0.000,0.000,0.000,97.556,97.000,99.000,0.397,0.160,0.490,19.011,18.600,19.300,2.400,1.100,4.300,924.578,923.700,925.200,0.000,9.000,9.000,0.260,0.060,0.590,0.236,0.042,0.000,0.042,0.010,89.556,19.778,0.000,,,0.000,
2023-10-25,9.000,0.000,0.000,6.111,0.000,0.000,0.000,94.889,86.000,98.000,0.846,0.320,2.380,17.667,16.900,18.100,2.889,1.700,6.000,923.267,921.800,924.700,0.000,9.000,9.000,0.767,0.560,0.960,0.062,0.022,0.748,0.754,0.549,81.889,19.600,0.000,,,0.000,
2023-10-26,9.000,0.000,0.000,9.889,0.000,0.000,0.000,94.444,89.000,97.000,0.914,0.490,1.850,18.467,18.300,18.600,2.800,1.200,3.900,922.667,921.700,923.500,-9.800,9.000,9.000,0.943,0.700,1.000,0.028,0.940,0.027,0.944,0.686,77.778,20.000,1.000,,,0.000,
2023-10-27,9.000,0.000,0.000,10.000,0.000,0.000,0.000,95.556,86.000,100.000,0.739,0.000,2.350,15.944,15.200,16.600,4.056,2.300,5.700,923.022,922.100,923.900,-19.100,9.000,9.000,0.720,0.130,0.970,0.119,0.717,0.077,0.720,0.130,73.444,18.778,1.600,,,0.000,
2023-10-28,9.000,0.000,0.000,9.889,0.000,0.000,0.000,97.667,92.000,100.000,0.376,0.000,1.300,15.789,15.600,16.000,4.633,4.000,5.700,923.756,923.000,924.400,0.000,9.000,9.000,0.320,0.230,0.430,0.219,0.234,0.000,0.234,0.190,78.222,17.544,0.000,,,0.000,
2023-10-29,9.000,0.000,0.000,9.778,0.000,0.000,0.000,93.222,89.000,98.000,1.103,0.320,1.820,16.256,15.900,16.700,2.933,2.500,3.700,924.556,923.400,925.300,-9.800,9.000,9.000,0.453,0.260,0.640,0.173,0.421,0.032,0.434,0.220,72.444,17.700,0.000,,,0.000,
2023-10-30,9.000,0.000,0.000,9.889,0.000,0.000,0.000,99.778,99.000,100.000,0.036,0.000,0.160,17.111,16.800,17.300,2.222,1.700,3.000,926.056,925.500,926.500,-7.300,9.000,9.000,0.339,0.140,0.750,0.302,0.121,0.009,0.129,0.050,88.778,17.556,0.500,,,0.000,
2023-10-31,9.000,0.000,0.000,10.000,0.000,0.000,0.000,100.000,100.000,100.000,0.000,0.000,0.000,16.744,16.400,17.000,4.711,3.400,5.800,926.689,925.700,927.400,-36.200,9.000,9.000,0.419,0.200,0.710,0.051,0.366,0.036,0.394,0.117,81.111,18.433,0.600,,,0.000,
2023-11-01,9.000,0.000,0.000,8.444,0.000,0.000,0.000,97.000,95.000,100.000,0.483,0.000,0.810,17.867,17.600,18.200,3.056,1.800,4.100,924.222,922.900,925.700,-19.600,9.000,9.000,0.151,0.060,0.370,0.047,0.087,0.049,0.131,0.020,83.556,18.667,0.000,,,0.000,
2023-11-02,9.000,0.000,0.000,6.556,0.000,0.000,0.000,95.111,87.000,100.000,0.807,0.000,2.200,17.544,16.200,18.400,1.056,0.500,1.600,922.567,921.600,923.500,0.000,9.000,9.000,0.203,0.050,0.330,0.018,0.186,0.013,0.198,0.040,88.000,18.367,0.000,,,0.000,
2023-11-03,9.000,0.000,0.000,6.000,0.000,0.000,0.000,92.222,86.000,96.000,1.289,0.650,2.380,18.144,17.800,18.500,2.800,1.900,3.800,922.022,921.700,922.300,0.000,9.000,9.000,0.077,0.010,0.160,0.037,0.063,0.010,0.073,0.010,84.778,19.289,0.000,,,0.000,
2023-11-04,9.000,0.000,0.000,6.667,0.000,0.000,0.000,97.444,92.000,99.000,0.418,0.160,1.330,18.044,17.100,19.000,0.844,0.500,1.400,922.911,922.100,923.700,0.000,9.000,9.000,0.069,0.000,0.150,0.057,0.059,0.000,0.059,0.000,87.000,19.778,0.000,,,0.000,
2023-11-05,9.000,0.000,0.000,6.222,0.000,0.000,0.000,72.111,65.000,83.000,5.229,2.960,6.800,20.011,19.300,20.400,1.867,1.000,2.900,923.167,922.400,923.800,0.000,9.000,9.000,0.430,0.240,0.750,0.000,0.000,0.430,0.430,0.240,87.000,19.289,0.000,,,0.000,
2023-11-06,9.000,0.000,0.000,10.000,0.000,0.000,0.000,100.000,100.000,100.000,0.000,0.000,0.000,15.489,14.100,17.700,2.444,1.400,4.000,926.189,925.500,926.600,-27.900,9.000,9.000,0.876,0.680,1.000,0.827,0.503,0.162,0.588,0.190,75.556,17.911,0.500,,,0.000,
2023-11-07,9.000,0.000,0.000,7.778,0.000,0.000,0.000,95.889,94.000,97.000,0.652,0.470,0.960,15.256,14.900,15.700,3.611,2.600,5.500,924.778,923.500,926.200,0.000,9.000,9.000,0.137,0.010,0.340,0.018,0.042,0.090,0.126,0.000,60.778,18.000,0.000,,,0.000,
2023-11-08,9.000,0.000,0.000,9.667,0.000,0.000,0.000,90.889,78.000,96.000,1.539,0.650,3.930,17.789,16.800,19.300,1.233,0.700,2.300,924.478,923.500,925.300,0.000,9.000,9.000,0.699,0.370,0.910,0.012,0.011,0.693,0.696,0.360,77.556,19.133,0.000,,,0.000,
2023-11-09,9.000,0.000,0.000,8.333,0.000,0.000,0.000,86.222,78.000,97.000,2.394,0.490,3.950,19.267,18.600,19.900,1.611,1.200,2.100,924.589,924.200,924.800,0.000,9.000,9.000,0.311,0.070,0.900,0.032,0.287,0.198,0.353,0.060,88.778,19.289,0.000,,,0.000,
2023-11-10,9.000,0.000,0.000,10.000,0.000,0.000,0.000,100.000,100.000,100.000,0.000,0.000,0.000,16.711,16.100,17.600,2.211,1.700,2.800,926.567,926.100,927.100,13.000,9.000,9.000,0.979,0.850,1.000,0.963,0.621,0.002,0.621,0.320,87.444,17.722,1.900,,,0.000,
2023-11-11,9.000,0.000,0.000,9.889,0.000,0.000,0.000,100.000,100.000,100.000,0.000,0.000,0.000,16.356,16.100,16.600,2.056,1.200,3.000,927.356,926.300,928.200,12.500,9.000,9.000,1.000,1.000,1.000,1.000,0.280,0.000,0.280,0.100,85.889,16.667,2.000,,,0.000,
2023-11-12,9.000,0.000,0.000,10.000,0.000,0.000,0.000,99.333,98.000,100.000,0.101,0.000,0.310,13.267,12.400,14.300,3.544,2.300,5.100,930.211,929.800,930.600,17.500,9.000,9.000,0.991,0.960,1.000,0.906,0.976,0.000,0.976,0.850,80.222,14.789,2.100,,,0.000,
2023-11-13,9.000,0.000,0.000,10.000,0.000,0.000,0.000,99.667,99.000,100.000,0.050,0.000,0.150,11.556,11.100,12.100,4.511,2.200,5.700,929.789,928.200,931.000,-27.400,9.000,9.000,0.836,0.670,1.000,0.792,0.552,0.010,0.557,0.500,64.667,14.333,0.000,,,0.000,
2023-11-14,9.000,0.000,0.000,10.000,0.000,0.000,0.000,100.000,100.000,100.000,0.000,0.000,0.000,13.378,13.200,13.600,4.722,3.200,6.200,928.789,928.000,929.500,-14.600,9.000,9.000,0.983,0.900,1.000,0.938,0.892,0.009,0.893,0.680,74.556,15.478,1.700,,,0.000,
2023-11-15,9.000,0.000,0.000,9.000,0.000,0.000,0.000,100.000,100.000,100.000,0.000,0.000,0.000,15.744,14.900,16.300,3.656,2.000,5.900,927.778,926.300,928.900,-48.500,9.000,9.000,0.417,0.150,0.720,0.237,0.320,0.004,0.323,0.140,80.667,17.200,0.100,,,0.000,
2023-11-16,9.000,0.000,0.000,10.000,0.000,0.000,0.000,100.000,100.000,100.000,0.000,0.000,0.000,9.911,8.400,11.800,6.844,5.200,8.000,929.322,928.600,929.700,-11.600,9.000,9.000,0.980,0.930,1.000,0.730,0.928,0.744,0.975,0.908,66.111,13.100,0.000,,,0.000,
2023-11-17,9.000,0.000,0.000,6.111,0.000,0.000,0.000,70.556,48.000,88.000,5.400,1.860,10.450,8.222,7.500,9.200,3.100,1.500,6.000,928.378,928.100,928.700,0.000,9.000,9.000,0.564,0.240,0.760,0.070,0.000,0.536,0.536,0.220,58.222,9.811,0.000,,,0.000,
2023-11-18,9.000,0.000,0.000,7.444,0.000,0.000,0.000,92.778,89.000,96.000,1.108,0.610,1.710,8.744,8.100,9.300,1.756,1.000,2.300,927.878,926.700,928.800,0.000,9.000,9.000,0.537,0.370,0.800,0.510,0.000,0.077,0.077,0.000,60.667,11.333,0.000,,,0.000,
2023-11-19,9.000,0.000,0.000,6.889,0.000,0.000,0.000,97.222,95.000,99.000,0.428,0.150,0.780,12.322,12.100,12.500,3.578,2.200,5.300,925.867,924.600,926.900,0.000,9.000,9.000,0.066,0.010,0.150,0.064,0.004,0.000,0.004,0.000,62.222,14.344,0.000,,,0.000,
2023-11-20,9.000,0.000,0.000,8.222,0.000,0.000,0.000,97.778,94.000,100.000,0.348,0.000,0.950,13.711,13.300,14.200,3.656,2.500,5.500,925.644,924.400,926.600,0.000,9.000,9.000,0.187,0.090,0.240,0.176,0.048,0.000,0.048,0.020,61.778,16.211,0.000,,,0.000,
2023-11-21,9.000,0.000,0.000,7.333,0.000,0.000,0.000,94.111,92.000,96.000,0.941,0.630,1.290,15.011,14.800,15.200,3.256,2.500,3.900,923.744,922.800,924.400,0.000,9.000,9.000,0.132,0.070,0.180,0.132,0.000,0.000,0.000,0.000,73.222,16.489,0.000,,,0.000,
2023-11-22,9.000,0.000,0.000,6.000,0.000,0.000,0.000,94.667,91.000,98.000,0.851,0.310,1.460,14.378,12.000,15.500,1.867,0.500,2.800,922.478,921.600,923.400,0.000,9.000,9.000,0.449,0.260,0.630,0.081,0.093,0.382,0.440,0.264,81.222,15.700,0.000,,,0.000,
2023-11-23,9.000,0.000,0.000,7.000,0.000,0.000,0.000,96.222,93.000,99.000,0.598,0.160,1.120,14.078,13.500,14.600,2.344,1.800,2.900,925.478,925.100,925.700,0.000,9.000,9.000,0.179,0.000,0.500,0.179,0.000,0.000,0.000,0.000,76.889,15.944,0.000,,,0.000,
2023-11-24,9.000,0.000,0.000,10.000,0.000,0.000,0.000,99.000,97.000,100.000,0.153,0.000,0.460,11.811,10.900,12.300,3.522,2.300,4.600,928.889,927.600,929.800,-57.300,9.000,9.000,0.691,0.560,0.910,0.648,0.467,0.000,0.467,0.210,69.667,13.822,0.200,,,0.000,
2023-11-25,9.000,0.000,0.000,10.000,0.000,0.000,0.000,100.000,100.000,100.000,0.000,0.000,0.000,14.067,13.500,14.500,3.111,0.600,5.000,927.667,926.900,928.300,21.000,9.000,9.000,0.983,0.880,1.000,0.983,0.522,0.000,0.522,0.370,77.667,15.189,0.700,,,0.000,
2023-11-26,9.000,0.000,0.000,10.000,0.000,0.000,0.000,100.000,100.000,100.000,0.000,0.000,0.000,14.289,14.100,14.500,2.733,1.000,4.500,924.733,923.900,925.700,-48.000,9.000,9.000,0.742,0.500,0.920,0.608,0.334,0.000,0.334,0.190,75.111,15.700,0.000,,,0.000,
2023-11-27,9.000,0.000,0.000,6.778,0.000,0.000,0.000,99.000,98.000,100.000,0.156,0.000,0.310,13.767,13.300,14.100,2.078,1.300,2.800,926.356,926.100,926.500,0.000,9.000,9.000,0.117,0.070,0.150,0.111,0.009,0.000,0.009,0.000,78.667,15.156,0.000,,,0.000,
2023-11-28,9.000,0.000,0.000,7.333,0.000,0.000,0.000,87.778,83.000,91.000,2.000,1.440,2.840,13.789,13.400,14.300,4.256,2.600,6.200,925.867,925.100,926.800,0.000,9.000,9.000,0.328,0.120,1.000,0.066,0.278,0.000,0.278,0.010,57.778,16.522,0.000,,,0.000,
2023-11-29,9.000,0.000,0.000,10.000,0.000,0.000,0.000,80.111,70.000,90.000,3.500,1.630,5.580,16.500,15.100,18.500,1.967,1.000,4.100,927.689,927.500,928.000,0.000,9.000,9.000,0.988,0.950,1.000,0.027,0.982,0.080,0.986,0.958,85.556,17.122,0.000,,,0.000,
2023-11-30,9.000,0.000,0.000,10.000,0.000,0.000,0.000,100.000,100.000,100.000,0.000,0.000,0.000,13.011,12.400,13.300,2.278,1.600,3.300,928.867,928.100,929.500,12.000,9.000,9.000,1.000,1.000,1.000,1.000,0.713,0.027,0.718,0.500,80.222,13.744,1.400,,,0.000,
2023-12-01,9.000,0.000,0.000,10.000,0.000,0.000,0.000,100.000,100.000,100.000,0.000,0.000,0.000,9.700,9.200,10.200,2.444,2.100,3.000,928.922,928.000,929.700,-1.800,9.000,9.000,1.000,1.000,1.000,1.000,0.649,0.107,0.702,0.381,76.556,11.322,0.600,,,0.000,
2023-12-02,9.000,0.000,0.000,10.000,0.000,0.000,0.000,100.000,100.000,100.000,0.000,0.000,0.000,13.189,12.500,13.900,4.311,3.400,5.700,927.600,926.700,928.300,-16.100,9.000,9.000,0.940,0.820,1.000,0.828,0.762,0.082,0.795,0.570,77.889,14.044,1.000,,,0.000,
2023-12-03,9.000,0.000,0.000,10.000,0.000,0.000,0.000,100.000,100.000,100.000,0.000,0.000,0.000,14.233,13.800,14.600,4.978,2.500,6.800,925.678,923.200,927.200,14.500,9.000,9.000,1.000,1.000,1.000,1.000,0.521,0.469,0.742,0.465,85.667,14.444,5.900,,,0.000,
2023-12-04,9.000,0.000,0.000,10.000,0.000,0.000,0.000,100.000,100.000,100.000,0.000,0.000,0.000,14.511,14.000,15.100,3.411,1.100,6.700,921.756,921.000,922.500,13.500,9.000,9.000,0.997,0.980,1.000,0.991,0.881,0.153,0.889,0.739,92.667,14.511,3.200,,,0.000,
2023-12-05,7.000,0.000,0.000,10.000,0.000,0.000,0.000,100.000,100.000,100.000,0.000,0.000,0.000,13.533,13.400,13.800,3.100,1.700,4.400,921.922,921.000,922.600,0.500,9.000,9.000,0.961,0.810,1.000,0.936,0.483,0.337,0.658,0.419,81.444,14.844,1.400,,,0.000,
2023-12-06,9.000,0.000,0.000,9.333,0.000,0.000,0.000,66.222,22.000,89.000,7.416,1.750,21.340,12.167,10.400,13.600,3.211,2.000,5.300,923.911,923.600,924.200,0.000,9.000,9.000,0.610,0.450,0.960,0.012,0.343,0.524,0.658,0.447,74.111,12.867,0.000,,,0.000,
2023-12-07,9.000,0.000,0.000,6.222,0.000,0.000,0.000,87.222,84.000,90.000,2.072,1.600,2.640,12.511,11.900,13.200,2.678,0.900,4.600,923.667,922.800,924.400,0.000,9.000,9.000,0.012,0.000,0.030,0.012,0.001,0.000,0.001,0.000,65.778,14.289,0.000,,,0.000,
2023-12-08,9.000,0.000,0.000,6.444,0.000,0.000,0.000,88.111,75.000,97.000,1.984,0.470,4.390,14.078,12.700,15.900,1.011,0.600,1.500,922.944,922.000,923.700,0.000,9.000,9.000,0.050,0.000,0.160,0.003,0.047,0.001,0.048,0.000,82.778,14.489,0.000,,,0.000,
2023-12-09,9.000,0.000,0.000,7.222,0.000,0.000,0.000,89.222,81.000,95.000,1.808,0.810,3.290,16.767,16.100,17.200,1.122,0.400,1.900,922.289,921.900,923.000,0.000,9.000,9.000,0.130,0.080,0.210,0.080,0.056,0.016,0.070,0.000,87.778,16.767,0.000,,,0.000,
2023-12-10,6.000,0.000,0.000,8.000,0.000,0.000,0.000,91.444,79.000,96.000,1.441,0.650,3.740,18.278,17.500,19.600,2.322,0.600,4.200,921.900,921.300,922.600,0.000,9.000,9.000,0.191,0.110,0.280,0.080,0.183,0.000,0.183,0.110,88.556,17.678,0.000,,,0.000,
2023-12-11,9.000,0.000,0.000,9.889,0.000,0.000,0.000,97.000,92.000,100.000,0.497,0.000,1.330,18.289,16.500,19.600,1.822,0.600,3.500,923.278,922.900,923.700,-18.600,9.000,9.000,0.888,0.220,1.000,0.869,0.432,0.000,0.432,0.200,89.889,18.178,2.200,,,0.000,
2023-12-12,9.000,0.000,0.000,10.000,0.000,0.000,0.000,100.000,100.000,100.000,0.000,0.000,0.000,12.656,12.400,12.800,3.644,2.200,5.400,926.856,926.200,927.500,-3.800,9.000,9.000,1.000,1.000,1.000,1.000,0.100,0.000,0.100,0.020,80.556,13.856,0.900,,,0.000,
2023-12-13,9.000,0.000,0.000,6.667,0.000,0.000,0.000,100.000,100.000,100.000,0.000,0.000,0.000,15.400,15.000,15.800,1.167,0.500,1.800,927.389,926.700,927.900,0.000,9.000,9.000,0.114,0.070,0.190,0.114,0.002,0.000,0.002,0.000,85.667,16.511,0.000,,,0.000,
2023-12-14,9.000,0.000,0.000,6.000,0.000,0.000,0.000,100.000,100.000,100.000,0.000,0.000,0.000,15.856,14.400,17.300,1.389,0.300,2.800,925.100,924.000,926.000,0.000,9.000,9.000,0.043,0.000,0.140,0.043,0.000,0.000,0.000,0.000,94.222,16.144,0.000,,,0.000,
2023-12-15,9.000,0.000,0.000,8.333,0.000,0.000,0.000,96.778,87.000,100.000,0.531,0.000,2.190,16.211,14.600,17.800,1.833,0.600,3.100,924.800,924.300,925.100,-18.600,9.000,9.000,0.467,0.000,1.000,0.449,0.081,0.021,0.101,0.000,85.889,16.733,1.400,,,0.000,
2023-12-16,9.000,0.000,0.000,9.778,0.000,0.000,0.000,100.000,100.000,100.000,0.000,0.000,0.000,5.622,5.000,6.400,2.822,2.000,3.500,931.978,931.500,932.200,7.500,9.000,9.000,1.000,1.000,1.000,1.000,0.937,0.000,0.937,0.810,78.222,7.811,2.800,,,0.000,
2023-12-17,9.000,0.000,0.000,9.778,0.000,0.000,0.000,100.000,100.000,100.000,0.000,0.000,0.000,9.811,8.200,11.600,5.589,2.800,7.100,929.856,928.800,930.700,9.500,9.000,9.000,1.000,1.000,1.000,0.999,0.447,0.000,0.447,0.250,77.333,11.144,0.900,,,0.000,
2023-12-18,9.000,0.000,0.000,10.000,0.000,0.000,0.000,97.778,95.000,100.000,0.349,0.000,0.790,14.122,13.800,14.700,2.467,1.400,7.100,926.600,926.300,927.200,-9.300,9.000,9.000,0.336,0.020,1.000,0.307,0.093,0.000,0.093,0.020,90.222,13.778,0.100,,,0.000,
2023-12-19,9.000,0.000,0.000,10.000,0.000,0.000,0.000,100.000,100.000,100.000,0.000,0.000,0.000,9.722,9.400,10.000,5.689,4.100,6.700,927.578,927.200,928.000,11.500,9.000,9.000,1.000,1.000,1.000,1.000,0.678,0.361,0.825,0.548,79.667,11.489,2.100,,,0.000,
2023-12-20,9.000,0.000,0.000,10.000,0.000,0.000,0.000,99.667,99.000,100.000,0.050,0.000,0.150,7.467,6.600,8.100,3.078,1.500,4.500,929.122,928.700,929.400,15.500,9.000,9.000,1.000,1.000,1.000,1.000,1.000,0.013,1.000,1.000,81.333,9.222,2.500,,,0.000,
2023-12-21,9.000,0.000,0.000,9.222,0.000,0.000,0.000,100.000,100.000,100.000,0.000,0.000,0.000,2.378,1.700,3.200,4.056,2.800,5.100,934.167,933.600,934.600,-14.600,9.000,9.000,0.999,0.990,1.000,0.999,0.740,0.000,0.740,0.350,76.111,4.878,1.400,,,0.000,
2023-12-22,9.000,0.000,0.000,10.000,0.000,0.000,0.000,98.444,93.000,100.000,0.227,0.000,1.040,5.444,4.100,6.300,2.422,1.600,3.700,934.533,933.500,935.300,-45.500,9.000,9.000,0.906,0.830,0.980,0.853,0.740,0.001,0.740,0.640,67.556,7.911,0.100,,,0.000,
2023-12-23,9.000,0.000,0.000,10.000,0.000,0.000,0.000,100.000,100.000,100.000,0.000,0.000,0.000,9.867,9.200,10.100,3.567,1.300,6.500,931.944,931.500,932.300,21.500,9.000,9.000,1.000,1.000,1.000,1.000,0.940,0.000,0.940,0.780,82.667,10.856,3.000,,,0.000,
2023-12-24,9.000,0.000,0.000,10.000,0.000,0.000,0.000,94.889,91.000,98.000,0.759,0.290,1.360,5.644,5.500,5.800,2.244,1.800,3.000,932.856,931.700,933.700,-39.200,9.000,9.000,0.886,0.770,0.960,0.872,0.254,0.111,0.331,0.107,65.333,8.411,0.000,,,0.000,
2023-12-25,9.000,0.000,0.000,9.111,0.000,0.000,0.000,93.556,90.000,97.000,0.980,0.450,1.540,7.700,6.300,8.700,4.122,2.200,6.500,930.789,929.700,931.500,0.000,9.000,9.000,0.678,0.510,0.930,0.656,0.000,0.139,0.139,0.000,63.444,9.833,0.000,,,0.000,
2023-12-26,9.000,0.000,0.000,10.000,0.000,0.000,0.000,89.111,82.000,95.000,1.763,0.780,3.010,12.567,11.800,13.400,1.944,1.000,2.800,929.611,928.700,930.300,0.000,9.000,9.000,0.094,0.040,0.200,0.043,0.051,0.024,0.073,0.020,70.889,14.089,0.000,,,0.000,
2023-12-27,9.000,0.000,0.000,10.000,0.000,0.000,0.000,100.000,100.000,100.000,0.000,0.000,0.000,14.522,14.200,14.900,2.478,2.000,3.300,928.778,927.900,929.500,-56.800,9.000,9.000,0.962,0.800,1.000,0.201,0.944,0.803,0.985,0.914,87.889,14.811,0.900,,,0.000,
2023-12-28,9.000,0.000,0.000,10.000,0.000,0.000,0.000,99.333,97.000,100.000,0.102,0.000,0.460,13.133,12.700,13.600,2.156,1.300,3.300,929.067,927.900,929.800,-25.400,9.000,9.000,0.761,0.550,0.880,0.722,0.398,0.001,0.398,0.250,89.444,14.600,0.800,,,0.000,
2023-12-29,9.000,0.000,0.000,8.444,0.000,0.000,0.000,100.000,100.000,100.000,0.000,0.000,0.000,14.822,13.900,15.300,2.811,1.100,4.600,925.856,924.400,927.100,-26.900,9.000,9.000,1.000,1.000,1.000,1.000,0.136,0.073,0.187,0.000,85.444,15.089,0.000,,,0.000,
2023-12-30,8.000,0.000,0.000,8.250,0.000,0.000,0.000,58.444,44.000,78.000,8.214,3.720,12.190,13.711,11.900,15.200,2.544,1.700,3.300,924.322,923.600,924.800,0.000,9.000,9.000,0.402,0.110,0.600,0.007,0.366,0.106,0.425,0.090,92.222,13.356,0.200,,,0.000,
2023-12-31,9.000,0.000,0.000,9.889,0.000,0.000,0.000,96.556,93.000,100.000,0.520,0.000,1.070,8.889,8.500,9.800,2.322,1.900,2.900,927.756,927.000,928.300,-19.100,9.000,9.000,0.643,0.540,0.720,0.598,0.292,0.000,0.292,0.140,64.111,11.878,0.000,,,0.000,
2024-01-01,9.000,0.000,0.000,7.111,0.000,0.000,0.000,92.222,88.000,97.000,1.202,0.450,1.890,9.378,8.600,10.000,2.578,1.500,4.400,926.056,924.800,927.200,0.000,9.000,9.000,0.397,0.270,0.600,0.397,0.000,0.000,0.000,0.000,63.444,11.433,0.000,,,0.000,
2024-01-02,9.000,0.000,0.000,6.667,0.000,0.000,0.000,94.778,81.000,100.000,0.841,0.000,3.210,12.067,10.300,13.800,2.222,0.600,5.600,923.444,922.600,924.100,0.000,9.000,9.000,0.139,0.000,0.530,0.094,0.096,0.001,0.097,0.000,83.333,13.178,0.100,,,0.000,
2024-01-03,9.000,0.000,0.000,9.222,0.000,0.000,0.000,93.222,89.000,100.000,1.017,0.000,1.670,5.500,5.200,5.800,2.900,2.100,4.200,927.044,925.600,928.100,0.000,9.000,9.000,0.594,0.440,0.930,0.594,0.027,0.000,0.027,0.000,63.000,8.300,0.000,,,0.000,
2024-01-04,8.000,0.000,0.000,9.125,0.000,0.000,0.000,87.889,83.000,95.000,1.940,0.770,2.770,10.567,10.200,10.900,2.044,1.500,3.300,925.800,925.100,926.400,0.000,9.000,9.000,0.097,0.030,0.180,0.096,0.020,0.000,0.020,0.000,67.222,12.133,0.000,,,0.000,
2024-01-05,9.000,0.000,0.000,7.333,0.000,0.000,0.000,98.778,94.000,100.000,0.183,0.000,0.900,10.189,7.500,11.900,1.011,0.300,1.900,926.044,925.400,926.600,0.000,9.000,9.000,0.134,0.090,0.230,0.118,0.021,0.000,0.021,0.000,85.889,12.522,0.000,,,0.000,
2024-01-06,9.000,0.000,0.000,8.111,0.000,0.000,0.000,97.000,94.000,99.000,0.458,0.150,0.920,10.444,9.900,10.800,1.767,1.400,2.300,927.544,927.100,927.800,0.000,9.000,9.000,0.153,0.070,0.220,0.138,0.029,0.000,0.029,0.010,71.000,12.167,0.000,,,0.000,
2024-01-07,9.000,0.000,0.000,9.889,0.000,0.000,0.000,94.333,90.000,99.000,0.871,0.150,1.560,9.656,9.300,9.900,5.011,2.400,6.700,928.067,926.300,929.100,-68.600,9.000,9.000,0.664,0.360,1.000,0.664,0.028,0.000,0.028,0.010,62.333,11.956,0.000,,,0.000,
2024-01-08,9.000,0.000,0.000,10.000,0.000,0.000,0.000,97.111,92.000,100.000,0.453,0.000,1.270,12.544,11.600,13.200,1.611,0.300,3.400,924.633,923.500,925.500,-27.400,9.000,9.000,0.744,0.340,1.000,0.659,0.400,0.002,0.402,0.260,88.444,12.311,0.000,,,0.000,
2024-01-09,9.000,0.000,0.000,9.667,0.000,0.000,0.000,100.000,100.000,100.000,0.000,0.000,0.000,11.178,10.500,12.000,2.700,0.300,6.900,922.956,922.800,923.100,-8.300,9.000,9.000,0.652,0.330,1.000,0.374,0.606,0.000,0.606,0.280,85.222,12.333,0.700,,,0.000,
2024-01-10,9.000,0.000,0.000,8.333,0.000,0.000,0.000,87.000,84.000,92.000,2.003,1.190,2.500,5.689,4.900,6.300,2.422,1.300,4.500,925.967,924.800,926.700,0.000,9.000,9.000,0.106,0.040,0.180,0.106,0.000,0.000,0.000,0.000,62.222,7.733,0.000,,,0.000,
2024-01-11,9.000,0.000,0.000,6.333,0.000,0.000,0.000,95.222,91.000,98.000,0.714,0.290,1.380,6.756,5.900,7.500,1.589,0.900,4.000,924.544,923.600,925.000,0.000,9.000,9.000,0.000,0.000,0.000,0.000,0.000,0.000,0.000,0.000,70.778,8.578,0.000,,,0.000,
2024-01-12,9.000,0.000,0.000,6.222,0.000,0.000,0.000,97.222,96.000,99.000,0.422,0.150,0.610,10.256,9.800,10.700,2.678,1.500,4.400,925.311,925.000,925.600,0.000,9.000,9.000,0.014,0.000,0.030,0.014,0.000,0.000,0.000,0.000,75.111,10.700,0.000,,,0.000,
2024-01-13,9.000,0.000,0.000,6.000,0.000,0.000,0.000,89.778,89.000,91.000,1.617,1.410,1.750,11.111,10.700,11.500,3.811,3.400,4.400,926.811,926.200,927.600,0.000,9.000,9.000,0.017,0.000,0.030,0.016,0.001,0.000,0.001,0.000,60.889,13.400,0.000,,,0.000,
2024-01-14,9.000,0.000,0.000,6.333,0.000,0.000,0.000,91.222,82.000,99.000,1.401,0.150,2.960,10.878,10.000,12.000,1.078,0.400,1.800,927.167,927.000,927.500,0.000,9.000,9.000,0.031,0.000,0.150,0.031,0.001,0.000,0.001,0.000,81.667,12.600,0.000,,,0.000,
2024-01-15,9.000,0.000,0.000,10.000,0.000,0.000,0.000,100.000,100.000,100.000,0.000,0.000,0.000,9.656,9.400,10.300,2.256,1.700,2.900,929.178,928.400,929.700,7.000,9.000,9.000,0.989,0.940,1.000,0.988,0.332,0.000,0.332,0.240,75.333,11.344,0.500,,,0.000,
2024-01-16,9.000,0.000,0.000,7.444,0.000,0.000,0.000,100.000,100.000,100.000,0.000,0.000,0.000,11.678,10.700,12.100,4.278,2.400,6.000,928.622,927.400,929.700,-29.400,9.000,9.000,0.424,0.110,0.920,0.408,0.037,0.008,0.044,0.000,68.333,13.278,0.000,,,0.000,
2024-01-17,9.000,0.000,0.000,7.444,0.000,0.000,0.000,74.667,66.000,92.000,4.494,1.260,6.270,13.311,11.300,14.300,1.900,1.000,2.400,925.578,924.700,926.200,0.000,9.000,9.000,0.044,0.000,0.120,0.016,0.032,0.000,0.032,0.000,83.000,13.889,0.000,,,0.000,
2024-01-18,9.000,0.000,0.000,8.556,0.000,0.000,0.000,60.556,54.000,89.000,7.794,1.790,9.350,15.900,14.500,16.500,3.744,2.600,4.800,924.467,923.600,925.100,0.000,9.000,9.000,0.270,0.010,0.790,0.201,0.124,0.000,0.124,0.010,92.778,13.633,0.000,,,0.000,
2024-01-19,9.000,0.000,0.000,7.444,0.000,0.000,0.000,98.778,97.000,100.000,0.190,0.000,0.470,15.033,14.800,15.200,2.322,1.100,3.300,922.844,921.300,923.500,0.000,9.000,9.000,0.981,0.850,1.000,0.977,0.313,0.000,0.313,0.160,88.778,15.356,0.300,,,0.000,
2024-01-20,9.000,0.000,0.000,10.000,0.000,0.000,0.000,100.000,100.000,100.000,0.000,0.000,0.000,10.733,8.900,12.600,2.678,1.300,4.500,924.956,924.200,925.800,-47.000,9.000,9.000,0.999,0.990,1.000,0.997,0.776,0.000,0.776,0.460,82.778,11.356,1.300,,,0.000,
2024-01-21,9.000,0.000,0.000,9.889,0.000,0.000,0.000,100.000,100.000,100.000,0.000,0.000,0.000,8.400,8.200,8.600,2.322,1.300,3.700,928.133,926.700,928.800,7.500,9.000,9.000,0.999,0.990,1.000,0.999,0.368,0.000,0.368,0.200,76.556,9.811,0.500,,,0.000,
2024-01-22,9.000,0.000,0.000,10.000,0.000,0.000,0.000,99.778,99.000,100.000,0.031,0.000,0.140,2.178,0.300,4.400,6.711,5.000,7.700,930.600,930.200,930.800,25.000,9.000,9.000,1.000,1.000,1.000,0.993,0.999,0.004,0.999,0.990,82.778,4.511,7.200,,,0.000,
2024-01-23,9.000,0.000,0.000,9.889,0.000,0.000,0.000,99.111,95.000,100.000,0.126,0.000,0.710,1.356,1.000,1.600,2.933,1.700,5.300,931.967,931.300,932.300,-19.100,9.000,9.000,0.999,0.990,1.000,0.998,0.336,0.000,0.336,0.260,70.333,3.589,0.000,,,0.000,
2024-01-24,9.000,0.000,0.000,10.000,0.000,0.000,0.000,100.000,100.000,100.000,0.000,0.000,0.000,4.267,4.000,4.600,2.011,1.500,3.200,930.900,930.000,931.300,-16.100,9.000,9.000,0.994,0.970,1.000,0.990,0.314,0.194,0.465,0.290,66.000,6.389,0.000,,,0.000,
2024-01-25,0.000,0.000,0.000,,,,,100.000,100.000,100.000,0.000,0.000,0.000,5.178,4.800,5.500,1.911,1.500,2.200,931.444,930.600,932.000,-47.500,9.000,9.000,0.991,0.930,1.000,0.971,0.748,0.000,0.748,0.620,75.333,7.367,0.100,,,0.000,
2024-01-26,9.000,0.000,0.000,10.000,0.000,0.000,0.000,100.000,100.000,100.000,0.000,0.000,0.000,6.500,6.300,6.800,2.567,1.400,3.400,930.444,929.700,931.000,0.000,9.000,9.000,1.000,1.000,1.000,1.000,0.913,0.000,0.913,0.670,70.222,8.789,0.000,,,0.000,
2024-01-27,9.000,0.000,0.000,10.000,0.000,0.000,0.000,100.000,100.000,100.000,0.000,0.000,0.000,6.789,5.600,7.700,2.678,1.200,4.900,930.611,930.200,931.100,-37.200,9.000,9.000,0.999,0.990,1.000,0.983,0.937,0.047,0.938,0.822,76.222,8.556,0.700,,,0.000,
2024-01-28,9.000,0.000,0.000,10.000,0.000,0.000,0.000,100.000,100.000,100.000,0.000,0.000,0.000,8.256,7.100,9.400,3.400,2.600,4.000,930.911,929.700,931.700,-15.100,9.000,9.000,0.991,0.950,1.000,0.730,0.952,0.058,0.965,0.845,75.222,9.789,2.500,,,0.000,
2024-01-29,9.000,0.000,0.000,10.000,0.000,0.000,0.000,99.111,97.000,100.000,0.137,0.000,0.470,13.222,12.700,13.700,1.667,1.000,2.400,927.600,926.300,928.500,0.000,9.000,9.000,0.282,0.020,0.650,0.038,0.251,0.081,0.288,0.020,89.667,12.811,0.000,,,0.000,
2024-01-30,9.000,0.000,0.000,9.444,0.000,0.000,0.000,93.889,87.000,98.000,0.986,0.310,2.170,14.844,13.900,16.100,1.222,0.300,2.300,927.800,926.800,928.500,0.000,9.000,9.000,0.182,0.120,0.280,0.127,0.124,0.000,0.124,0.060,90.333,13.300,0.000,,,0.000,
2024-01-31,9.000,0.000,0.000,6.333,0.000,0.000,0.000,93.556,85.000,98.000,1.038,0.310,2.500,14.378,13.600,15.000,0.956,0.300,1.800,926.267,925.600,926.700,0.000,9.000,9.000,0.433,0.150,0.670,0.410,0.049,0.001,0.050,0.000,95.778,13.856,0.000,,,0.000,
2024-02-01,9.000,0.000,0.000,9.889,0.000,0.000,0.000,90.889,83.000,98.000,1.518,0.310,2.900,15.744,14.900,16.700,0.700,0.300,1.300,925.344,924.700,925.900,0.000,9.000,9.000,0.820,0.500,1.000,0.679,0.123,0.440,0.504,0.210,91.556,15.456,0.200,,,0.000,
2024-02-02,9.000,0.000,0.000,9.000,0.000,0.000,0.000,100.000,100.000,100.000,0.000,0.000,0.000,13.244,12.900,13.600,3.422,1.500,5.500,926.378,925.900,926.900,1.000,9.000,9.000,1.000,1.000,1.000,1.000,0.064,0.204,0.263,0.129,88.444,13.789,0.900,,,0.000,
2024-02-03,9.000,0.000,0.000,8.667,0.000,0.000,0.000,99.333,97.000,100.000,0.104,0.000,0.470,14.800,13.900,15.300,2.756,0.800,5.100,925.456,924.300,926.100,-29.400,9.000,9.000,1.000,1.000,1.000,1.000,0.264,0.094,0.349,0.228,93.111,13.233,0.900,,,0.000,
2024-02-04,9.000,0.000,0.000,9.889,0.000,0.000,0.000,99.778,98.000,100.000,0.034,0.000,0.310,11.833,8.500,14.600,5.344,3.100,7.300,924.733,923.800,925.500,-37.200,9.000,9.000,0.989,0.950,1.000,0.971,0.296,0.503,0.666,0.494,91.556,11.300,1.200,,,0.000,
2024-02-05,9.000,0.000,0.000,9.778,0.000,0.000,0.000,100.000,100.000,100.000,0.000,0.000,0.000,8.833,8.600,9.100,5.422,3.700,7.100,927.122,925.900,927.800,-28.900,9.000,9.000,1.000,1.000,1.000,1.000,0.297,0.000,0.297,0.240,79.889,9.867,0.500,,,0.000,
2024-02-06,9.000,0.000,0.000,9.111,0.000,0.000,0.000,100.000,100.000,100.000,0.000,0.000,0.000,10.911,10.600,11.200,4.489,2.100,7.000,924.978,923.900,925.800,-9.800,9.000,9.000,0.999,0.990,1.000,0.999,0.532,0.000,0.532,0.420,83.333,11.367,1.800,,,0.000,
2024-02-07,9.000,0.000,0.000,10.000,0.000,0.000,0.000,100.000,100.000,100.000,0.000,0.000,0.000,8.078,7.800,8.400,2.700,1.200,4.900,923.244,922.200,924.200,19.500,9.000,9.000,1.000,1.000,1.000,1.000,0.954,0.317,0.966,0.883,84.556,8.789,10.400,,,0.000,
2024-02-08,8.000,0.000,0.000,10.000,0.000,0.000,0.000,100.000,100.000,100.000,0.000,0.000,0.000,7.067,6.600,7.300,2.856,1.500,5.100,924.533,923.600,925.200,7.200,9.000,9.000,1.000,1.000,1.000,1.000,0.993,0.000,0.993,0.960,84.778,7.989,7.100,,,0.000,
2024-02-09,9.000,0.000,0.000,10.000,0.000,0.000,0.000,100.000,100.000,100.000,0.000,0.000,0.000,5.044,4.000,5.800,2.589,1.000,3.300,928.622,928.300,928.900,0.000,9.000,9.000,0.701,0.490,0.980,0.580,0.444,0.000,0.444,0.300,69.778,7.544,0.000,,,0.000,
2024-02-10,9.000,0.000,0.000,7.000,0.000,0.000,0.000,54.889,32.000,90.000,9.330,1.530,15.630,6.911,5.800,7.600,2.389,1.400,5.500,930.889,930.100,931.600,0.000,9.000,9.000,0.007,0.000,0.030,0.000,0.007,0.000,0.007,0.000,68.444,7.700,0.000,,,0.000,
2024-02-11,9.000,0.000,0.000,6.000,0.000,0.000,0.000,89.222,86.000,92.000,1.667,1.220,2.200,7.633,7.400,8.000,3.411,2.700,5.200,932.056,930.900,932.800,0.000,9.000,9.000,0.008,0.000,0.030,0.008,0.000,0.000,0.000,0.000,56.444,10.222,0.000,,,0.000,
2024-02-12,9.000,0.000,0.000,6.000,0.000,0.000,0.000,90.222,85.000,94.000,1.540,0.920,2.410,10.311,10.000,10.400,3.389,2.800,3.800,930.444,929.100,931.200,0.000,9.000,9.000,0.049,0.010,0.090,0.020,0.042,0.001,0.043,0.010,66.000,11.478,0.000,,,0.000,
2024-02-13,9.000,0.000,0.000,6.333,0.000,0.000,0.000,67.444,57.000,81.000,5.867,3.130,8.160,10.944,9.800,12.000,1.200,0.400,2.900,928.233,927.300,928.800,0.000,9.000,9.000,0.024,0.000,0.070,0.024,0.003,0.001,0.004,0.000,77.778,11.089,0.000,,,0.000,
2024-02-14,9.000,0.000,0.000,6.111,0.000,0.000,0.000,82.333,71.000,91.000,3.021,1.430,5.240,13.833,12.100,15.600,1.356,0.500,2.000,925.456,925.000,925.800,0.000,9.000,9.000,0.002,0.000,0.020,0.002,0.000,0.000,0.000,0.000,83.444,12.167,0.000,,,0.000,
2024-02-15,8.000,0.000,0.000,9.750,0.000,0.000,0.000,99.778,98.000,100.000,0.034,0.000,0.310,10.556,9.000,14.000,3.767,2.000,5.700,926.733,925.900,927.200,-29.400,9.000,9.000,0.887,0.420,1.000,0.880,0.053,0.074,0.124,0.059,82.667,11.478,0.700,,,0.000,
2024-02-16,9.000,0.000,0.000,9.778,0.000,0.000,0.000,100.000,100.000,100.000,0.000,0.000,0.000,11.167,10.300,12.000,2.122,1.300,4.300,925.067,923.900,926.000,-9.800,9.000,9.000,0.653,0.220,0.990,0.649,0.016,0.001,0.017,0.000,81.222,11.533,0.000,,,0.000,
2024-02-17,9.000,0.000,0.000,7.222,0.000,0.000,0.000,99.889,99.000,100.000,0.017,0.000,0.150,13.844,11.700,15.100,1.467,0.300,2.400,923.633,922.700,924.300,0.000,9.000,9.000,0.906,0.370,1.000,0.906,0.000,0.138,0.138,0.000,93.444,12.778,0.000,,,0.000,
2024-02-18,9.000,0.000,0.000,8.889,0.000,0.000,0.000,94.667,87.000,100.000,0.880,0.000,2.200,16.833,16.000,18.100,1.233,0.600,1.800,923.422,923.000,923.800,0.000,9.000,9.000,0.630,0.140,0.880,0.019,0.010,0.628,0.631,0.149,87.667,13.789,0.000,,,0.000,
2024-02-19,9.000,0.000,0.000,10.000,0.000,0.000,0.000,98.778,96.000,100.000,0.197,0.000,0.650,16.867,16.200,17.800,0.878,0.400,3.100,923.633,923.300,924.100,0.000,9.000,9.000,0.934,0.810,1.000,0.084,0.087,0.919,0.934,0.806,88.222,16.300,0.000,,,0.000,
2024-02-20,9.000,0.000,0.000,7.111,0.000,0.000,0.000,98.333,95.000,100.000,0.268,0.000,0.810,17.456,17.000,18.500,0.978,0.500,1.800,923.933,923.100,924.500,0.000,9.000,9.000,0.190,0.130,0.320,0.133,0.007,0.066,0.072,0.000,91.778,15.722,0.000,,,0.000,
2024-02-21,9.000,0.000,0.000,7.444,0.000,0.000,0.000,99.111,98.000,100.000,0.142,0.000,0.320,17.500,16.000,18.300,1.811,0.400,3.700,924.344,923.500,924.800,0.000,9.000,9.000,0.637,0.110,1.000,0.599,0.000,0.061,0.061,0.000,90.333,16.533,0.000,,,0.000,
2024-02-22,9.000,0.000,0.000,8.556,0.000,0.000,0.000,99.111,94.000,100.000,0.138,0.000,0.940,9.756,8.300,12.000,4.122,1.900,5.700,926.578,925.600,927.200,-9.800,9.000,9.000,1.000,1.000,1.000,1.000,0.026,0.000,0.026,0.000,82.222,11.122,1.000,,,0.000,
2024-02-23,9.000,0.000,0.000,8.889,0.000,0.000,0.000,100.000,100.000,100.000,0.000,0.000,0.000,9.111,8.800,9.600,5.133,3.400,7.300,927.256,926.900,927.700,-57.800,9.000,9.000,1.000,1.000,1.000,1.000,0.143,0.000,0.143,0.020,82.444,10.067,1.100,,,0.000,
2024-02-24,9.000,0.000,0.000,8.889,0.000,0.000,0.000,100.000,100.000,100.000,0.000,0.000,0.000,9.667,8.600,11.300,1.122,0.800,1.800,926.611,925.900,927.000,0.000,9.000,9.000,1.000,1.000,1.000,1.000,0.319,0.000,0.319,0.140,81.667,9.722,0.600,,,0.000,
2024-02-25,9.000,0.000,0.000,8.667,0.000,0.000,0.000,100.000,100.000,100.000,0.000,0.000,0.000,5.467,4.800,5.800,4.700,4.000,5.500,926.967,926.200,927.300,-8.800,9.000,9.000,0.999,0.990,1.000,0.998,0.853,0.000,0.853,0.660,79.889,6.867,2.300,,,0.000,
2024-02-26,9.000,0.000,0.000,10.000,0.000,0.000,0.000,100.000,100.000,100.000,0.000,0.000,0.000,7.433,6.900,8.000,1.967,1.500,2.700,926.889,926.300,927.400,-57.300,9.000,9.000,1.000,1.000,1.000,1.000,0.946,0.000,0.946,0.830,82.889,8.633,3.200,,,0.000,
2024-02-27,9.000,0.000,0.000,10.000,0.000,0.000,0.000,100.000,100.000,100.000,0.000,0.000,0.000,9.578,8.500,10.400,2.833,2.100,4.100,926.067,925.300,926.900,-38.700,9.000,9.000,0.988,0.920,1.000,0.907,0.492,0.289,0.614,0.328,77.667,10.378,0.100,,,0.000,
2024-02-28,9.000,0.000,0.000,7.000,0.000,0.000,0.000,100.000,100.000,100.000,0.000,0.000,0.000,13.056,12.500,13.800,0.989,0.600,1.700,924.733,924.000,925.200,0.000,9.000,9.000,0.989,0.910,1.000,0.987,0.089,0.007,0.095,0.040,86.444,11.167,0.000,,,0.000,
2024-02-29,9.000,0.000,0.000,9.889,0.000,0.000,0.000,100.000,100.000,100.000,0.000,0.000,0.000,8.889,5.100,12.100,4.411,0.700,7.300,925.189,924.800,925.700,-25.400,9.000,9.000,0.999,0.990,1.000,0.987,0.916,0.019,0.917,0.810,81.667,9.133,2.800,,,0.000,
2024-03-01,9.000,0.000,0.000,10.000,0.000,0.000,0.000,100.000,100.000,100.000,0.000,0.000,0.000,4.989,4.800,5.100,2.889,2.000,4.400,926.800,926.200,927.500,4.200,9.000,9.000,0.980,0.850,1.000,0.971,0.912,0.042,0.912,0.650,79.889,6.822,10.100,,,0.000,
2024-03-02,9.000,0.000,0.000,10.000,0.000,0.000,0.000,100.000,100.000,100.000,0.000,0.000,0.000,6.789,6.500,7.200,2.067,1.200,3.700,924.867,924.200,925.300,-16.600,9.000,9.000,1.000,1.000,1.000,1.000,0.763,0.000,0.763,0.610,82.222,8.078,0.900,,,0.000,
2024-03-03,9.000,0.000,0.000,8.333,0.000,0.000,0.000,98.333,94.000,100.000,0.259,0.000,0.940,11.867,10.500,12.600,2.033,1.400,2.700,922.856,922.100,923.600,0.000,9.000,9.000,0.313,0.170,0.570,0.273,0.086,0.000,0.086,0.010,84.444,12.244,0.000,,,0.000,
2024-03-04,9.000,0.000,0.000,9.889,0.000,0.000,0.000,94.556,93.000,96.000,0.877,0.640,1.130,16.633,15.700,17.300,1.667,1.100,2.100,919.511,918.400,920.100,0.000,9.000,9.000,0.552,0.200,0.860,0.126,0.522,0.000,0.522,0.160,89.000,13.156,0.600,,,0.000,
2024-03-05,9.000,0.000,0.000,7.556,0.000,0.000,0.000,81.556,74.000,96.000,3.287,0.650,4.790,19.378,17.700,20.200,2.422,1.600,3.900,916.111,915.800,916.400,0.000,9.000,9.000,0.307,0.100,0.780,0.043,0.307,0.000,0.307,0.100,74.667,18.500,0.900,,,0.000,
2024-03-06,9.000,0.000,0.000,10.000,0.000,0.000,0.000,100.000,100.000,100.000,0.000,0.000,0.000,8.011,7.500,8.600,2.467,1.500,3.300,921.889,921.100,922.400,-5.300,9.000,9.000,1.000,1.000,1.000,1.000,0.941,0.000,0.941,0.820,81.556,9.411,2.300,,,0.000,
2024-03-07,9.000,0.000,0.000,10.000,0.000,0.000,0.000,100.000,100.000,100.000,0.000,0.000,0.000,6.844,5.600,7.800,2.611,1.100,4.000,923.922,923.500,924.300,-28.900,9.000,9.000,0.998,0.980,1.000,0.338,0.983,0.000,0.983,0.890,71.667,9.300,0.200,,,0.000,
2024-03-08,9.000,0.000,0.000,6.889,0.000,0.000,0.000,79.667,69.000,90.000,3.291,1.510,5.240,5.411,5.000,5.700,2.489,1.700,3.400,926.011,923.900,926.500,0.000,9.000,9.000,0.013,0.000,0.060,0.000,0.013,0.000,0.013,0.000,49.333,7.778,0.000,,,0.000,
2024-03-09,9.000,0.000,0.000,9.667,0.000,0.000,0.000,93.778,91.000,96.000,0.940,0.600,1.370,7.233,6.300,8.200,3.211,2.200,4.900,926.900,926.400,927.400,0.000,9.000,9.000,0.763,0.390,0.990,0.501,0.591,0.238,0.599,0.200,61.556,9.644,0.000,,,0.000,
2024-03-10,9.000,0.000,0.000,10.000,0.000,0.000,0.000,95.889,91.000,100.000,0.642,0.000,1.420,11.944,11.000,12.400,2.944,2.400,3.700,926.844,924.800,928.000,-28.900,9.000,9.000,0.994,0.980,1.000,0.068,0.963,0.861,0.999,0.993,81.111,12.922,1.300,,,0.000,
2024-03-11,9.000,0.000,0.000,10.000,0.000,0.000,0.000,100.000,100.000,100.000,0.000,0.000,0.000,10.433,8.400,12.600,5.822,4.000,7.400,922.878,922.400,923.200,24.000,9.000,9.000,0.736,0.210,1.000,0.530,0.673,0.241,0.673,0.080,90.333,10.822,5.500,,,0.000,
2024-03-12,9.000,0.000,0.000,6.778,0.000,0.000,0.000,71.778,24.000,95.000,6.140,0.760,20.420,10.633,9.000,14.900,3.578,1.800,5.200,926.833,925.600,927.400,0.000,9.000,9.000,0.111,0.000,0.280,0.049,0.000,0.063,0.063,0.000,67.444,11.444,0.000,,,0.000,
2024-03-13,9.000,0.000,0.000,9.889,0.000,0.000,0.000,90.889,87.000,93.000,1.436,1.090,2.090,11.056,10.500,11.700,1.344,0.300,2.700,925.078,924.000,925.800,0.000,9.000,9.000,0.642,0.070,0.980,0.022,0.631,0.046,0.638,0.040,64.000,13.367,0.000,,,0.000,
2024-03-14,9.000,0.000,0.000,8.778,0.000,0.000,0.000,81.222,71.000,90.000,3.190,1.600,5.180,13.078,12.400,13.900,1.444,0.800,2.800,924.278,923.600,924.800,-9.800,9.000,9.000,0.513,0.030,0.980,0.004,0.513,0.014,0.514,0.030,85.222,13.467,0.000,,,0.000,
2024-03-15,9.000,0.000,0.000,8.556,0.000,0.000,0.000,95.111,81.000,100.000,0.804,0.000,3.240,13.344,12.500,15.300,1.056,0.700,2.000,925.578,924.800,926.200,0.000,9.000,9.000,0.453,0.080,0.920,0.120,0.439,0.003,0.441,0.050,93.889,13.267,0.100,,,0.000,
2024-03-16,9.000,0.000,0.000,7.556,0.000,0.000,0.000,92.111,86.000,97.000,1.294,0.480,2.360,16.311,15.500,17.100,1.378,0.700,2.200,924.611,923.800,925.400,0.000,9.000,9.000,0.243,0.120,0.530,0.049,0.230,0.000,0.230,0.100,92.000,13.944,0.000,,,0.000,
2024-03-17,9.000,0.000,0.000,8.444,0.000,0.000,0.000,100.000,100.000,100.000,0.000,0.000,0.000,13.000,11.400,17.000,3.944,1.100,6.000,923.767,922.800,924.600,0.000,9.000,9.000,0.984,0.960,1.000,0.984,0.053,0.000,0.053,0.010,85.889,13.522,0.600,,,0.000,
2024-03-18,8.000,0.000,0.000,9.375,0.000,0.000,0.000,100.000,100.000,100.000,0.000,0.000,0.000,11.667,8.900,13.500,2.111,0.600,4.100,923.533,923.200,924.000,-8.800,9.000,9.000,0.774,0.410,1.000,0.759,0.611,0.000,0.611,0.000,85.444,12.156,0.400,,,0.000,
2024-03-19,9.000,0.000,0.000,6.667,0.000,0.000,0.000,85.556,75.000,96.000,2.314,0.600,4.160,7.744,7.300,8.200,2.556,1.200,3.800,927.889,927.300,928.100,0.000,9.000,9.000,0.077,0.020,0.170,0.027,0.037,0.017,0.053,0.010,70.667,9.511,0.000,,,0.000,
2024-03-20,9.000,0.000,0.000,6.000,0.000,0.000,0.000,83.222,78.000,87.000,2.681,2.030,3.600,7.878,7.800,8.000,3.156,2.500,4.000,926.756,924.700,928.500,0.000,9.000,9.000,0.270,0.000,0.820,0.008,0.000,0.268,0.268,0.000,53.222,10.722,0.000,,,0.000,
2024-03-21,9.000,0.000,0.000,9.667,0.000,0.000,0.000,83.889,81.000,88.000,2.644,1.910,3.160,11.889,10.600,12.800,1.589,0.800,2.600,921.978,920.900,922.900,0.000,9.000,9.000,0.711,0.240,1.000,0.141,0.681,0.090,0.693,0.220,69.444,13.056,0.000,,,0.000,
2024-03-22,9.000,0.000,0.000,9.667,0.000,0.000,0.000,91.778,85.000,94.000,1.334,0.950,2.510,14.744,13.600,16.400,1.044,0.300,2.100,921.400,920.500,922.100,0.000,9.000,9.000,0.846,0.320,0.990,0.032,0.172,0.821,0.845,0.328,81.778,14.767,0.000,,,0.000,
2024-03-23,9.000,0.000,0.000,9.222,0.000,0.000,0.000,99.667,99.000,100.000,0.053,0.000,0.160,18.444,17.800,19.000,1.378,0.700,2.200,923.244,922.800,923.400,-8.800,9.000,9.000,0.884,0.680,0.980,0.386,0.107,0.777,0.804,0.584,87.222,17.467,0.000,,,0.000,
2024-03-24,9.000,0.000,0.000,9.111,0.000,0.000,0.000,97.556,96.000,99.000,0.398,0.160,0.650,19.100,18.200,19.700,1.322,0.400,3.600,923.056,921.500,924.400,0.000,9.000,9.000,0.752,0.160,0.950,0.007,0.003,0.752,0.752,0.160,91.000,17.700,0.000,,,0.000,
2024-03-25,9.000,0.000,0.000,6.778,0.000,0.000,0.000,77.889,61.000,100.000,4.214,0.000,7.850,20.300,19.400,21.600,2.489,2.100,3.000,923.033,922.100,923.400,0.000,9.000,9.000,0.052,0.000,0.140,0.007,0.050,0.000,0.050,0.000,91.000,18.411,0.000,,,0.000,
2024-03-26,9.000,0.000,0.000,9.778,0.000,0.000,0.000,100.000,100.000,100.000,0.000,0.000,0.000,10.856,10.000,11.400,4.789,2.500,6.100,926.622,925.400,927.600,-19.600,9.000,9.000,0.836,0.600,0.930,0.813,0.007,0.117,0.123,0.030,75.556,12.711,0.000,,,0.000,
2024-03-27,9.000,0.000,0.000,8.111,0.000,0.000,0.000,94.444,90.000,98.000,0.903,0.320,1.660,16.911,16.100,17.500,1.722,0.600,2.300,922.833,919.700,924.900,0.000,9.000,9.000,0.597,0.030,0.890,0.022,0.000,0.582,0.582,0.000,84.667,15.478,0.000,,,0.000,
2024-03-28,9.000,0.000,0.000,10.000,0.000,0.000,0.000,96.222,86.000,100.000,0.627,0.000,2.400,18.100,17.100,18.900,3.144,1.900,5.900,921.256,920.400,922.300,0.000,9.000,9.000,0.969,0.870,1.000,0.257,0.201,0.954,0.972,0.868,86.222,17.689,0.500,,,0.000,
2024-03-29,9.000,0.000,0.000,9.889,0.000,0.000,0.000,88.222,80.000,95.000,2.000,0.810,3.520,17.322,16.700,18.500,1.089,0.400,2.200,922.367,921.800,922.900,0.000,9.000,9.000,0.993,0.980,1.000,0.032,0.040,0.993,0.993,0.980,83.556,16.544,0.000,,,0.000,
2024-03-30,9.000,0.000,0.000,7.667,0.000,0.000,0.000,97.556,89.000,100.000,0.404,0.000,1.870,19.144,18.600,19.800,1.989,1.100,2.700,921.033,920.100,921.900,0.000,9.000,9.000,0.904,0.590,1.000,0.239,0.034,0.899,0.900,0.574,90.778,17.422,0.000,,,0.000,
2024-03-31,9.000,0.000,0.000,10.000,0.000,0.000,0.000,99.111,94.000,100.000,0.141,0.000,0.960,17.233,14.800,19.600,4.400,1.000,6.000,920.000,918.700,920.800,-3.100,9.000,9.000,1.000,1.000,1.000,0.613,0.578,0.998,0.999,0.994,86.333,18.178,4.700,,,0.000,
2024-04-01,9.000,0.000,0.000,9.333,0.000,0.000,0.000,95.111,79.000,100.000,0.833,0.000,3.700,18.789,17.100,20.000,1.444,1.000,2.500,919.756,918.400,920.900,-27.400,9.000,9.000,0.859,0.280,0.990,0.157,0.107,0.816,0.825,0.098,83.444,17.300,0.000,,,0.000,
2024-04-02,9.000,0.000,0.000,6.778,0.000,0.000,0.000,97.444,92.000,100.000,0.423,0.000,1.340,20.589,19.400,21.300,2.044,1.000,3.000,918.478,917.900,919.200,0.000,9.000,9.000,0.459,0.040,0.920,0.098,0.013,0.417,0.422,0.030,87.444,19.822,0.000,,,0.000,
2024-04-03,9.000,0.000,0.000,7.444,0.000,0.000,0.000,92.778,86.000,100.000,1.223,0.000,2.400,19.533,19.200,20.000,1.944,1.400,3.000,920.256,919.700,921.000,0.000,9.000,9.000,0.432,0.200,0.710,0.259,0.018,0.224,0.238,0.069,87.667,20.167,0.000,,,0.000,
2024-04-04,9.000,0.000,0.000,10.000,0.000,0.000,0.000,98.444,93.000,100.000,0.251,0.000,1.140,16.856,15.300,18.400,2.478,0.600,7.500,922.167,920.400,924.300,-18.600,9.000,9.000,1.000,1.000,1.000,0.851,0.547,0.999,0.999,0.993,89.889,16.856,0.600,,,0.000,
2024-04-05,9.000,0.000,0.000,10.000,0.000,0.000,0.000,100.000,100.000,100.000,0.000,0.000,0.000,15.667,15.000,16.700,1.000,0.400,1.700,922.733,922.000,923.200,-9.800,9.000,9.000,0.988,0.890,1.000,0.879,0.498,0.941,0.980,0.914,83.111,15.622,2.400,,,0.000,
2024-04-06,9.000,0.000,0.000,10.000,0.000,0.000,0.000,100.000,100.000,100.000,0.000,0.000,0.000,16.589,16.100,17.500,1.167,0.300,1.700,921.256,920.000,922.600,-38.200,9.000,9.000,1.000,1.000,1.000,0.997,0.944,0.991,1.000,0.998,92.000,16.289,7.800,,,0.000,
2024-04-07,9.000,0.000,0.000,10.000,0.000,0.000,0.000,100.000,100.000,100.000,0.000,0.000,0.000,17.944,17.300,18.200,1.544,0.600,2.600,919.922,919.000,920.800,-46.000,9.000,9.000,0.971,0.820,1.000,0.820,0.638,0.422,0.814,0.692,93.111,17.122,5.400,,,0.000,
2024-04-08,9.000,0.000,0.000,9.889,0.000,0.000,0.000,100.000,100.000,100.000,0.000,0.000,0.000,14.200,13.100,16.600,3.967,2.100,6.900,921.978,921.300,922.800,-7.100,9.000,9.000,1.000,1.000,1.000,1.000,0.920,0.037,0.924,0.810,85.778,14.956,3.200,,,0.000,
2024-04-09,9.000,0.000,0.000,10.000,0.000,0.000,0.000,100.000,100.000,100.000,0.000,0.000,0.000,13.411,11.400,15.600,3.667,2.900,4.600,924.200,923.200,925.300,-7.300,9.000,9.000,0.666,0.550,0.860,0.647,0.213,0.000,0.213,0.140,73.111,15.700,0.200,,,0.000,
2024-04-10,9.000,0.000,0.000,9.333,0.000,0.000,0.000,98.778,97.000,100.000,0.196,0.000,0.480,16.244,15.100,17.800,1.556,0.600,2.300,923.922,922.800,924.900,0.000,9.000,9.000,0.300,0.110,0.770,0.138,0.103,0.171,0.265,0.079,81.111,16.956,0.000,,,0.000,
2024-04-11,9.000,0.000,0.000,7.111,0.000,0.000,0.000,99.000,96.000,100.000,0.161,0.000,0.650,17.856,17.200,18.300,1.011,0.400,2.300,922.422,921.300,923.500,0.000,9.000,9.000,0.474,0.080,0.810,0.008,0.016,0.458,0.466,0.020,89.667,18.233,0.000,,,0.000,
2024-04-12,9.000,0.000,0.000,8.222,0.000,0.000,0.000,93.556,90.000,97.000,1.074,0.490,1.690,19.278,19.000,19.600,1.389,0.900,1.800,921.056,920.200,921.700,-9.800,9.000,9.000,0.528,0.080,0.960,0.032,0.091,0.468,0.519,0.060,90.222,18.500,0.000,,,0.000,
2024-04-13,9.000,0.000,0.000,8.000,0.000,0.000,0.000,94.889,88.000,100.000,0.859,0.000,2.050,19.667,18.800,20.200,1.344,0.600,2.100,920.856,919.700,921.700,0.000,9.000,9.000,0.889,0.720,1.000,0.659,0.062,0.336,0.361,0.010,91.000,19.156,0.000,,,0.000,
2024-04-14,9.000,0.000,0.000,7.222,0.000,0.000,0.000,99.889,99.000,100.000,0.018,0.000,0.160,20.156,19.100,20.700,2.556,1.200,3.800,920.456,919.800,921.100,-9.800,9.000,9.000,0.162,0.050,0.340,0.071,0.007,0.097,0.103,0.000,89.556,19.956,0.000,,,0.000,
2024-04-15,9.000,0.000,0.000,6.667,0.000,0.000,0.000,99.333,95.000,100.000,0.110,0.000,0.830,20.367,19.800,20.700,0.522,0.300,0.700,921.811,920.700,922.700,0.000,9.000,9.000,0.671,0.420,0.920,0.186,0.079,0.588,0.619,0.370,93.556,19.867,0.000,,,0.000,
2024-04-16,4.000,0.000,0.000,8.000,,,,100.000,100.000,100.000,0.000,0.000,0.000,19.667,18.800,20.000,1.722,0.800,2.800,919.533,918.500,920.600,0.000,9.000,9.000,0.302,0.050,0.680,0.042,0.003,0.269,0.270,0.000,93.333,19.344,0.000,,,0.000,
2024-04-17,9.000,0.000,0.000,9.778,0.000,0.000,0.000,87.000,76.000,100.000,2.301,0.000,4.370,19.989,19.300,20.600,2.233,1.000,3.400,917.489,916.500,918.400,0.000,9.000,9.000,0.988,0.960,1.000,0.066,0.260,0.986,0.988,0.962,69.556,21.378,0.100,,,0.000,
2024-04-18,9.000,0.000,0.000,9.111,0.000,0.000,0.000,91.667,80.000,100.000,1.393,0.000,3.440,15.911,14.700,16.500,2.911,0.700,6.700,919.056,917.600,920.100,0.000,9.000,9.000,0.694,0.160,1.000,0.013,0.211,0.679,0.719,0.158,74.778,17.133,0.000,,,0.000,
2024-04-19,9.000,0.000,0.000,9.889,0.000,0.000,0.000,98.778,96.000,100.000,0.199,0.000,0.660,18.911,18.300,19.400,1.444,0.300,2.500,918.067,916.900,919.200,-9.800,9.000,9.000,0.547,0.010,1.000,0.071,0.122,0.503,0.533,0.020,86.111,19.433,0.000,,,0.000,
2024-04-20,9.000,0.000,0.000,9.444,0.000,0.000,0.000,85.444,67.000,100.000,2.703,0.000,6.370,19.989,19.300,21.100,2.356,0.900,3.300,918.656,917.500,919.500,0.500,9.000,9.000,0.680,0.020,1.000,0.004,0.002,0.680,0.680,0.020,92.222,19.489,0.000,,,0.000,
2024-04-21,9.000,0.000,0.000,10.000,0.000,0.000,0.000,93.333,71.000,99.000,1.181,0.160,5.470,19.989,19.000,21.300,1.311,0.600,2.300,919.544,918.200,920.700,0.000,9.000,9.000,0.936,0.820,1.000,0.007,0.481,0.798,0.948,0.852,89.889,20.133,0.000,,,0.000,
2024-04-22,9.000,0.000,0.000,10.000,0.000,0.000,0.000,99.667,99.000,100.000,0.053,0.000,0.160,19.322,18.900,19.700,1.056,0.300,2.200,918.289,917.100,919.500,-58.300,9.000,9.000,0.862,0.730,0.990,0.008,0.538,0.721,0.874,0.723,91.000,19.822,0.500,,,0.000,
2024-04-23,9.000,0.000,0.000,10.000,0.000,0.000,0.000,100.000,100.000,100.000,0.000,0.000,0.000,19.411,18.600,20.200,2.544,1.400,4.300,918.233,917.000,918.900,-16.600,9.000,9.000,0.877,0.600,1.000,0.382,0.452,0.597,0.821,0.647,88.667,19.911,2.000,,,0.000,
2024-04-24,9.000,0.000,0.000,9.222,0.000,0.000,0.000,100.000,100.000,100.000,0.000,0.000,0.000,16.400,15.400,17.300,1.000,0.700,1.900,918.667,917.300,919.900,-19.100,9.000,9.000,0.956,0.810,1.000,0.340,0.236,0.934,0.948,0.804,84.111,16.622,1.600,,,0.000,
2024-04-25,9.000,0.000,0.000,10.000,0.000,0.000,0.000,100.000,100.000,100.000,0.000,0.000,0.000,17.644,16.700,18.200,1.978,1.100,2.700,916.678,915.300,918.100,5.500,9.000,9.000,0.989,0.960,1.000,0.212,0.712,0.964,0.981,0.883,92.667,17.922,54.500,,,0.000,
2024-04-26,9.000,0.000,0.000,9.556,0.000,0.000,0.000,96.333,81.000,100.000,0.629,0.000,3.380,19.200,18.700,20.900,3.289,1.700,4.500,915.889,915.400,916.300,0.000,9.000,9.000,0.764,0.290,1.000,0.278,0.420,0.567,0.755,0.250,93.333,18.767,1.800,,,0.000,
2024-04-27,9.000,0.000,0.000,10.000,0.000,0.000,0.000,100.000,100.000,100.000,0.000,0.000,0.000,19.378,19.100,19.600,1.500,0.700,2.500,918.856,917.000,920.100,-19.100,9.000,9.000,0.996,0.960,1.000,0.212,0.637,0.994,0.996,0.960,90.889,19.444,1.100,,,0.000,
2024-04-28,9.000,0.000,0.000,7.778,0.000,0.000,0.000,85.889,75.000,99.000,2.504,0.160,4.630,20.178,19.600,21.800,2.133,1.300,3.600,918.978,918.300,919.500,0.000,9.000,9.000,0.188,0.030,0.630,0.004,0.023,0.164,0.186,0.030,86.667,20.267,0.000,,,0.000,
2024-04-29,9.000,0.000,0.000,8.889,0.000,0.000,0.000,95.111,92.000,100.000,0.820,0.000,1.350,20.322,19.200,21.200,1.133,0.500,2.000,917.156,915.900,918.200,0.000,9.000,9.000,0.999,0.990,1.000,0.074,0.369,0.999,0.999,0.994,87.444,21.289,0.400,,,0.000,
2024-04-30,9.000,0.000,0.000,10.000,0.000,0.000,0.000,88.778,66.000,98.000,2.014,0.320,6.660,19.156,16.900,22.300,3.478,1.700,5.100,916.656,915.200,917.700,-15.600,9.000,9.000,0.978,0.850,1.000,0.090,0.651,0.969,0.983,0.867,88.111,19.667,3.600,,,0.000,
2024-05-01,9.000,0.000,0.000,10.000,0.000,0.000,0.000,100.000,100.000,100.000,0.000,0.000,0.000,15.956,15.800,16.200,2.678,1.300,4.000,920.089,919.500,920.700,-13.100,9.000,9.000,0.990,0.950,1.000,0.841,0.818,0.654,0.930,0.726,86.222,16.400,1.700,,,0.000,
2024-05-02,9.000,0.000,0.000,8.667,0.000,0.000,0.000,100.000,100.000,100.000,0.000,0.000,0.000,15.244,14.700,15.600,2.400,1.000,4.500,921.856,920.900,922.800,0.000,9.000,9.000,0.876,0.820,0.990,0.867,0.131,0.034,0.160,0.059,76.111,16.822,0.000,,,0.000,
2024-05-03,9.000,0.000,0.000,7.889,0.000,0.000,0.000,100.000,100.000,100.000,0.000,0.000,0.000,17.933,17.300,18.300,2.822,2.400,3.500,920.889,919.600,921.900,0.000,9.000,9.000,0.786,0.220,0.990,0.490,0.019,0.674,0.675,0.050,80.111,19.011,0.100,,,0.000,
2024-05-04,9.000,0.000,0.000,8.222,0.000,0.000,0.000,97.667,92.000,100.000,0.388,0.000,1.340,19.489,18.800,20.300,1.311,0.300,2.500,918.744,917.200,919.900,0.000,9.000,9.000,0.670,0.180,0.940,0.107,0.088,0.584,0.615,0.185,89.000,20.256,0.000,,,0.000,
2024-05-05,9.000,0.000,0.000,7.000,0.000,0.000,0.000,98.222,96.000,100.000,0.293,0.000,0.670,21.156,20.500,21.500,1.411,1.000,2.100,919.544,918.800,920.200,0.000,9.000,9.000,0.186,0.100,0.280,0.077,0.138,0.000,0.138,0.050,89.111,20.822,0.000,,,0.000,
2024-05-06,9.000,0.000,0.000,8.556,0.000,0.000,0.000,89.333,79.000,99.000,1.839,0.160,3.750,18.611,17.900,19.900,1.633,0.700,4.300,922.078,921.600,922.700,0.000,9.000,9.000,0.937,0.710,1.000,0.540,0.001,0.912,0.912,0.670,89.556,19.989,0.000,,,0.000,
2024-05-07,9.000,0.000,0.000,9.778,0.000,0.000,0.000,83.000,66.000,94.000,3.043,0.980,6.480,18.000,17.700,18.600,3.278,2.200,4.900,922.200,921.200,923.000,0.000,9.000,9.000,0.456,0.240,0.870,0.001,0.220,0.316,0.461,0.240,73.889,19.656,0.000,,,0.000,
2024-05-08,9.000,0.000,0.000,8.333,0.000,0.000,0.000,92.556,87.000,95.000,1.198,0.800,2.130,14.711,13.500,15.600,2.744,2.000,4.500,924.589,924.200,925.100,0.000,9.000,9.000,0.933,0.850,1.000,0.007,0.002,0.933,0.934,0.850,64.556,17.856,0.000,,,0.000,
2024-05-09,9.000,0.000,0.000,10.000,0.000,0.000,0.000,99.889,99.000,100.000,0.018,0.000,0.160,15.100,14.700,15.800,3.878,2.800,4.800,924.011,922.900,925.100,-9.800,9.000,9.000,0.982,0.960,1.000,0.101,0.159,0.979,0.981,0.966,57.778,18.178,0.000,,,0.000,
2024-05-10,9.000,0.000,0.000,8.111,0.000,0.000,0.000,87.889,84.000,91.000,2.047,1.490,2.750,18.111,17.300,18.800,0.800,0.200,1.200,923.022,921.900,924.200,0.000,9.000,9.000,0.647,0.090,1.000,0.009,0.017,0.642,0.643,0.089,82.667,18.956,0.000,,,0.000,
2024-05-11,9.000,0.000,0.000,10.000,0.000,0.000,0.000,88.444,74.000,98.000,2.057,0.320,4.800,19.622,18.900,20.700,1.256,0.600,2.100,921.633,920.600,922.300,0.000,9.000,9.000,0.866,0.540,0.970,0.004,0.046,0.861,0.869,0.572,82.111,20.200,0.000,,,0.000,
2024-05-12,9.000,0.000,0.000,10.000,0.000,0.000,0.000,100.000,100.000,100.000,0.000,0.000,0.000,17.767,15.300,20.100,3.711,2.000,6.000,919.544,919.000,920.000,55.500,9.000,9.000,0.997,0.980,1.000,0.838,0.682,0.978,0.993,0.971,90.000,18.189,8.300,,,0.000,
2024-05-13,9.000,0.000,0.000,10.000,0.000,0.000,0.000,98.556,98.000,99.000,0.221,0.150,0.310,12.333,11.100,13.200,3.756,3.000,5.100,920.567,919.800,921.700,9.200,9.000,9.000,0.952,0.870,0.990,0.091,0.626,0.879,0.952,0.871,62.000,15.522,0.000,,,0.000,
2024-05-14,8.000,0.000,0.000,6.250,0.000,0.000,0.000,87.778,36.000,100.000,2.521,0.000,14.900,13.722,12.000,14.900,1.889,0.300,4.100,921.611,920.700,922.700,0.000,9.000,9.000,0.284,0.120,0.560,0.203,0.007,0.083,0.090,0.000,78.000,16.233,0.000,,,0.000,
2024-05-15,9.000,0.000,0.000,8.000,0.000,0.000,0.000,68.667,24.000,96.000,7.011,0.630,20.990,15.733,14.300,18.600,2.344,1.900,3.300,924.511,924.100,925.100,0.000,9.000,9.000,0.270,0.080,0.780,0.081,0.000,0.214,0.214,0.080,71.111,15.756,0.000,,,0.000,
2024-05-16,9.000,0.000,0.000,8.889,0.000,0.000,0.000,92.778,90.000,95.000,1.172,0.790,1.640,15.800,14.800,17.900,1.733,0.600,3.000,921.444,920.400,922.400,0.000,9.000,9.000,0.476,0.150,0.950,0.019,0.008,0.464,0.470,0.150,66.667,17.600,0.100,,,0.000,
2024-05-17,9.000,0.000,0.000,9.667,0.000,0.000,0.000,92.000,87.000,97.000,1.322,0.480,2.200,17.000,15.800,17.900,0.911,0.500,1.500,919.900,919.000,920.800,0.000,9.000,9.000,0.993,0.960,1.000,0.009,0.070,0.992,0.993,0.960,82.111,18.800,0.000,,,0.000,
2024-05-18,9.000,0.000,0.000,9.778,0.000,0.000,0.000,97.778,97.000,99.000,0.359,0.160,0.490,18.778,18.600,19.000,2.222,1.600,3.500,918.089,916.900,919.100,-19.600,9.000,9.000,0.936,0.800,1.000,0.113,0.022,0.933,0.934,0.790,84.667,19.744,0.000,,,0.000,
2024-05-19,9.000,0.000,0.000,10.000,0.000,0.000,0.000,99.444,96.000,100.000,0.091,0.000,0.660,19.411,19.100,19.700,2.189,1.200,3.700,918.022,917.100,919.000,-9.800,9.000,9.000,0.999,0.990,1.000,0.068,0.229,0.998,0.998,0.983,85.556,20.311,0.100,,,0.000,
2024-05-20,9.000,0.000,0.000,10.000,0.000,0.000,0.000,100.000,100.000,100.000,0.000,0.000,0.000,20.089,19.800,20.400,1.822,1.300,2.500,919.478,918.600,920.400,13.500,9.000,9.000,1.000,1.000,1.000,0.907,0.309,0.998,0.998,0.991,92.667,19.878,4.100,,,0.000,
2024-05-21,9.000,0.000,0.000,10.000,0.000,0.000,0.000,100.000,100.000,100.000,0.000,0.000,0.000,20.444,20.100,20.600,1.667,0.800,3.100,918.833,917.800,919.800,-38.200,9.000,9.000,0.996,0.960,1.000,0.330,0.729,0.977,0.987,0.887,94.333,19.989,4.300,,,0.000,
2024-05-22,9.000,0.000,0.000,10.000,0.000,0.000,0.000,100.000,100.000,100.000,0.000,0.000,0.000,19.800,19.400,20.100,0.822,0.400,1.400,918.700,917.600,919.700,-9.800,9.000,9.000,0.999,0.990,1.000,0.518,0.827,0.999,1.000,0.998,89.889,18.944,1.700,,,0.000,
2024-05-23,9.000,0.000,0.000,10.000,0.000,0.000,0.000,99.667,98.000,100.000,0.054,0.000,0.330,20.189,19.400,20.600,1.178,0.200,3.600,919.489,918.900,920.100,-45.000,9.000,9.000,0.993,0.960,1.000,0.076,0.841,0.981,0.994,0.954,90.444,20.033,3.400,,,0.000,
2024-05-24,9.000,0.000,0.000,10.000,0.000,0.000,0.000,97.000,84.000,100.000,0.516,0.000,2.820,19.856,19.300,21.300,0.856,0.500,1.500,920.822,919.700,921.900,0.000,9.000,9.000,0.976,0.900,1.000,0.029,0.121,0.973,0.979,0.920,93.000,20.322,0.000,,,0.000,
2024-05-25,9.000,0.000,0.000,10.000,0.000,0.000,0.000,96.889,92.000,100.000,0.519,0.000,1.350,20.811,20.100,21.500,0.800,0.200,1.700,919.567,918.700,920.500,0.000,9.000,9.000,0.926,0.720,1.000,0.007,0.691,0.877,0.942,0.785,91.222,21.178,0.400,,,0.000,
2024-05-26,9.000,0.000,0.000,7.222,0.000,0.000,0.000,96.889,86.000,100.000,0.527,0.000,2.450,20.667,20.100,22.000,0.956,0.300,1.900,916.433,915.000,917.900,0.000,9.000,9.000,0.313,0.080,0.670,0.058,0.134,0.223,0.317,0.088,89.000,20.900,0.000,,,0.000,
2024-05-27,9.000,0.000,0.000,10.000,0.000,0.000,0.000,87.667,84.000,93.000,2.157,1.180,2.850,22.278,21.900,22.900,2.400,1.500,3.500,911.111,909.700,912.000,-9.800,9.000,9.000,0.987,0.940,1.000,0.148,0.310,0.977,0.986,0.954,85.222,21.889,0.000,,,0.000,
2024-05-28,9.000,0.000,0.000,9.444,0.000,0.000,0.000,99.444,98.000,100.000,0.088,0.000,0.310,14.967,14.800,15.200,2.522,1.600,3.200,916.222,915.800,916.500,-9.300,9.000,9.000,0.604,0.210,0.990,0.569,0.094,0.110,0.200,0.090,71.111,17.722,0.000,,,0.000,
2024-05-29,9.000,0.000,0.000,9.111,0.000,0.000,0.000,100.000,100.000,100.000,0.000,0.000,0.000,19.311,18.200,20.500,1.933,0.300,4.000,917.133,916.700,918.000,-19.600,9.000,9.000,0.336,0.190,0.500,0.183,0.234,0.022,0.251,0.100,82.111,19.756,0.000,,,0.000,
2024-05-30,9.000,0.000,0.000,8.000,0.000,0.000,0.000,97.000,93.000,99.000,0.501,0.160,1.190,22.000,21.700,22.500,1.644,0.800,2.200,919.144,918.700,919.700,0.000,9.000,9.000,0.753,0.420,0.930,0.214,0.284,0.567,0.655,0.172,87.889,22.322,0.000,,,0.000,
2024-05-31,9.000,0.000,0.000,10.000,0.000,0.000,0.000,96.444,94.000,99.000,0.598,0.160,1.020,22.422,21.800,23.100,2.444,1.600,3.900,920.956,920.400,921.500,-9.800,9.000,9.000,0.863,0.520,1.000,0.226,0.434,0.726,0.864,0.507,94.889,22.267,0.300,,,0.000,
2024-06-01,9.000,0.000,0.000,10.000,0.000,0.000,0.000,100.000,100.000,100.000,0.000,0.000,0.000,20.567,19.900,21.200,0.900,0.400,1.600,919.267,917.800,920.500,-58.300,9.000,9.000,1.000,1.000,1.000,0.998,0.481,0.890,0.942,0.832,94.111,19.733,3.200,,,0.000,
2024-06-02,9.000,0.000,0.000,10.000,0.000,0.000,0.000,100.000,100.000,100.000,0.000,0.000,0.000,15.967,15.400,16.500,1.900,0.800,4.200,916.322,915.400,917.300,9.000,9.000,9.000,1.000,1.000,1.000,0.969,0.970,0.404,0.970,0.850,85.333,16.700,10.700,,,0.000,
2024-06-03,9.000,0.000,0.000,10.000,0.000,0.000,0.000,81.222,55.000,97.000,3.451,0.480,9.150,16.156,13.600,17.600,2.956,1.400,4.300,919.178,918.100,920.300,-28.900,9.000,9.000,0.829,0.280,1.000,0.003,0.767,0.519,0.860,0.316,67.444,18.522,0.000,,,0.000,
2024-06-04,9.000,0.000,0.000,10.000,0.000,0.000,0.000,89.333,78.000,96.000,1.822,0.650,3.930,18.589,18.400,19.100,3.267,2.500,4.000,920.433,919.600,920.900,-49.000,9.000,9.000,0.934,0.810,1.000,0.019,0.848,0.674,0.943,0.804,68.111,20.178,3.000,,,0.000,
2024-06-05,9.000,0.000,0.000,10.000,0.000,0.000,0.000,100.000,100.000,100.000,0.000,0.000,0.000,18.767,18.600,19.100,0.822,0.200,1.400,919.989,918.700,921.100,22.000,9.000,9.000,0.970,0.800,1.000,0.719,0.948,0.389,0.969,0.815,89.000,19.256,5.000,,,0.000,
2024-06-06,9.000,0.000,0.000,9.889,0.000,0.000,0.000,100.000,100.000,100.000,0.000,0.000,0.000,18.878,18.700,19.000,1.278,0.400,2.000,918.478,917.600,919.400,0.500,9.000,9.000,0.676,0.500,0.920,0.530,0.471,0.000,0.471,0.100,90.667,19.111,0.100,,,0.000,
2024-06-07,9.000,0.000,0.000,7.667,0.000,0.000,0.000,100.000,100.000,100.000,0.000,0.000,0.000,20.133,19.900,20.400,1.167,0.100,2.300,917.033,916.100,918.200,0.000,9.000,9.000,0.421,0.200,0.720,0.320,0.076,0.077,0.150,0.040,86.556,20.700,0.000,,,0.000,
2024-06-08,9.000,0.000,0.000,9.111,0.000,0.000,0.000,96.889,90.000,100.000,0.522,0.000,1.710,21.067,20.200,21.600,1.589,0.700,3.000,917.922,917.400,918.600,0.000,9.000,9.000,0.352,0.200,0.500,0.127,0.166,0.164,0.304,0.181,88.778,20.856,0.000,,,0.000,
2024-06-09,9.000,0.000,0.000,9.778,0.000,0.000,0.000,99.444,98.000,100.000,0.090,0.000,0.330,21.778,21.500,22.100,1.478,1.000,2.300,920.067,919.300,920.600,0.000,9.000,9.000,0.996,0.990,1.000,0.203,0.487,0.990,0.996,0.989,91.889,21.511,1.700,,,0.000,
2024-06-10,9.000,0.000,0.000,9.889,0.000,0.000,0.000,94.111,89.000,96.000,0.999,0.670,1.910,22.500,21.900,23.000,2.100,1.300,2.900,918.656,917.600,919.800,0.000,9.000,9.000,0.986,0.930,1.000,0.126,0.702,0.892,0.985,0.926,86.778,22.633,0.100,,,0.000,
2024-06-11,9.000,0.000,0.000,10.000,0.000,0.000,0.000,92.222,86.000,96.000,1.336,0.670,2.460,22.622,22.400,23.200,1.867,1.300,2.800,916.156,915.400,916.900,0.000,9.000,9.000,0.983,0.900,1.000,0.159,0.120,0.978,0.980,0.874,83.000,22.856,0.300,,,0.000,
2024-06-12,9.000,0.000,0.000,10.000,0.000,0.000,0.000,84.444,77.000,90.000,2.793,1.720,4.290,23.244,22.400,24.200,2.244,1.700,2.800,914.933,914.000,916.000,0.000,9.000,9.000,0.997,0.970,1.000,0.158,0.398,0.993,0.995,0.958,75.444,23.378,0.000,,,0.000,
2024-06-13,9.000,0.000,0.000,10.000,0.000,0.000,0.000,94.556,89.000,97.000,0.927,0.500,1.920,22.978,22.400,23.300,2.333,0.700,3.200,914.800,913.800,915.700,0.000,9.000,9.000,1.000,1.000,1.000,0.098,0.608,1.000,1.000,1.000,90.444,22.822,0.500,,,0.000,
2024-06-14,9.000,0.000,0.000,10.000,0.000,0.000,0.000,91.111,88.000,94.000,1.529,1.020,2.090,22.522,22.100,23.000,2.544,1.300,3.500,914.878,913.500,915.800,-9.800,9.000,9.000,0.982,0.960,1.000,0.126,0.446,0.977,0.987,0.962,84.111,22.767,0.000,,,0.000,
2024-06-15,9.000,0.000,0.000,10.000,0.000,0.000,0.000,98.000,96.000,100.000,0.334,0.000,0.670,23.156,22.700,23.500,0.989,0.400,1.600,917.656,917.100,918.400,0.000,9.000,9.000,1.000,1.000,1.000,0.071,0.152,1.000,1.000,1.000,90.333,22.967,0.000,,,0.000,
2024-06-16,9.000,0.000,0.000,10.000,0.000,0.000,0.000,99.222,97.000,100.000,0.129,0.000,0.500,21.556,20.900,22.300,1.289,0.500,1.900,918.089,917.100,918.800,0.000,9.000,9.000,0.999,0.990,1.000,0.042,0.219,0.999,0.999,0.990,93.556,22.267,1.600,,,0.000,
2024-06-17,9.000,0.000,0.000,10.000,0.000,0.000,0.000,98.000,91.000,100.000,0.338,0.000,1.540,22.611,22.500,22.800,2.244,1.300,4.300,917.633,916.400,918.500,0.000,9.000,9.000,0.999,0.990,1.000,0.188,0.583,0.997,0.999,0.994,89.333,22.900,0.100,,,0.000,
2024-06-18,9.000,0.000,0.000,9.889,0.000,0.000,0.000,99.889,99.000,100.000,0.018,0.000,0.160,21.633,21.200,22.000,1.300,0.500,2.100,917.933,917.100,918.700,0.000,9.000,9.000,0.992,0.950,1.000,0.043,0.046,0.992,0.992,0.950,88.778,22.489,0.000,,,0.000,
2024-06-19,9.000,0.000,0.000,9.889,0.000,0.000,0.000,97.111,90.000,100.000,0.493,0.000,1.730,22.378,21.900,22.800,1.067,0.200,2.400,916.656,915.600,917.700,0.000,9.000,9.000,0.918,0.760,0.990,0.079,0.064,0.906,0.914,0.757,88.222,22.711,0.000,,,0.000,
2024-06-20,9.000,0.000,0.000,10.000,0.000,0.000,0.000,93.556,91.000,98.000,1.103,0.330,1.560,23.300,23.000,23.700,2.033,1.200,2.900,916.922,916.000,917.800,0.000,9.000,9.000,0.997,0.990,1.000,0.080,0.060,0.997,0.997,0.990,88.889,23.444,0.000,,,0.000,
2024-06-21,8.000,0.000,0.000,7.375,0.000,0.000,0.000,98.556,95.000,100.000,0.246,0.000,0.850,23.522,23.000,23.900,1.522,0.400,2.500,917.078,916.200,917.800,0.000,9.000,9.000,0.999,0.990,1.000,0.027,0.006,0.999,0.999,0.990,88.889,23.589,0.000,,,0.000,
2024-06-22,9.000,0.000,0.000,7.778,0.000,0.000,0.000,96.222,94.000,98.000,0.644,0.340,1.030,24.233,24.000,24.400,2.056,0.600,3.100,918.278,917.700,918.800,0.000,9.000,9.000,0.954,0.890,1.000,0.087,0.061,0.952,0.955,0.902,85.889,24.489,0.000,,,0.000,
2024-06-23,9.000,0.000,0.000,7.222,0.000,0.000,0.000,90.667,84.000,96.000,1.633,0.670,2.870,23.311,22.900,23.800,2.178,1.200,3.100,918.989,918.500,919.600,0.000,9.000,9.000,0.873,0.450,0.980,0.089,0.078,0.860,0.873,0.439,87.222,23.489,0.000,,,0.000,
2024-06-24,9.000,0.000,0.000,9.556,0.000,0.000,0.000,97.889,93.000,100.000,0.354,0.000,1.190,22.244,21.700,22.900,1.156,0.400,2.300,920.456,920.000,921.100,0.000,9.000,9.000,0.993,0.980,1.000,0.041,0.143,0.993,0.994,0.981,88.222,22.867,0.000,,,0.000,
2024-06-25,9.000,0.000,0.000,9.889,0.000,0.000,0.000,99.444,98.000,100.000,0.091,0.000,0.330,21.100,20.400,22.100,1.144,0.400,2.600,922.656,922.200,923.200,-8.800,9.000,9.000,0.981,0.920,1.000,0.118,0.263,0.974,0.984,0.934,86.444,22.944,1.500,,,0.000,
2024-06-26,9.000,0.000,0.000,7.111,0.000,0.000,0.000,95.889,85.000,99.000,0.699,0.160,2.640,20.956,19.900,22.100,1.889,0.700,2.900,923.122,922.700,923.400,0.000,9.000,9.000,0.774,0.660,0.990,0.100,0.067,0.747,0.764,0.631,82.333,23.800,0.000,,,0.000,
2024-06-27,9.000,0.000,0.000,9.778,0.000,0.000,0.000,93.667,89.000,98.000,1.079,0.330,1.900,22.444,21.500,23.500,1.322,0.200,2.300,921.233,920.400,922.400,0.000,9.000,9.000,0.999,0.990,1.000,0.046,0.061,0.999,0.999,0.991,85.444,23.833,0.100,,,0.000,
2024-06-28,8.000,0.000,0.000,8.125,0.000,0.000,0.000,95.222,91.000,98.000,0.810,0.330,1.550,22.611,21.400,23.400,1.378,0.400,2.700,919.822,918.800,920.700,0.000,9.000,9.000,0.994,0.980,1.000,0.008,0.061,0.994,0.995,0.980,84.222,23.656,0.000,,,0.000,
2024-06-29,9.000,0.000,0.000,9.556,0.000,0.000,0.000,98.111,93.000,100.000,0.316,0.000,1.180,22.100,21.200,22.900,1.211,0.700,2.000,918.622,917.500,919.900,-9.800,9.000,9.000,0.993,0.980,1.000,0.187,0.146,0.990,0.993,0.976,81.000,24.167,0.000,,,0.000,
2024-06-30,9.000,0.000,0.000,9.444,0.000,0.000,0.000,98.889,96.000,100.000,0.184,0.000,0.670,22.389,21.500,23.200,1.133,0.500,1.800,917.900,917.200,918.600,0.000,9.000,9.000,0.979,0.880,1.000,0.061,0.026,0.978,0.978,0.884,83.889,23.978,0.000,,,0.000,
2024-07-01,8.000,0.000,0.000,8.625,0.000,0.000,0.000,99.222,96.000,100.000,0.131,0.000,0.670,23.178,22.700,23.700,1.144,0.300,2.200,917.356,916.600,918.300,-9.800,9.000,9.000,0.528,0.350,0.670,0.099,0.080,0.463,0.504,0.338,84.222,24.533,0.000,,,0.000,
2024-07-02,9.000,0.000,0.000,6.111,0.000,0.000,0.000,84.000,65.000,94.000,2.929,1.010,6.980,22.489,21.100,24.100,1.944,1.100,3.200,921.233,920.700,921.900,0.000,9.000,9.000,0.204,0.000,0.640,0.002,0.028,0.184,0.202,0.000,82.333,23.933,0.000,,,0.000,
2024-07-03,9.000,0.000,0.000,6.000,0.000,0.000,0.000,98.778,96.000,100.000,0.202,0.000,0.670,21.822,21.600,22.200,1.033,0.500,1.700,924.067,923.200,924.900,0.000,9.000,9.000,0.157,0.090,0.230,0.130,0.068,0.000,0.068,0.040,83.222,24.133,0.500,,,0.000,
2024-07-04,9.000,0.000,0.000,5.222,0.000,0.000,0.000,95.889,90.000,99.000,0.694,0.160,1.720,22.267,20.500,23.100,1.278,0.500,2.100,921.000,920.100,921.900,0.000,9.000,9.000,0.021,0.000,0.060,0.009,0.013,0.000,0.013,0.000,83.111,24.000,0.000,,,0.000,
2024-07-05,9.000,0.000,0.000,6.000,0.000,0.000,0.000,99.333,98.000,100.000,0.110,0.000,0.330,22.344,21.500,23.700,0.844,0.300,1.500,918.933,918.500,919.300,0.000,9.000,9.000,0.244,0.040,0.590,0.242,0.020,0.000,0.020,0.000,80.889,24.222,0.000,,,0.000,
2024-07-06,9.000,0.000,0.000,6.222,0.000,0.000,0.000,99.333,96.000,100.000,0.111,0.000,0.670,22.233,21.500,23.500,1.233,0.500,2.500,920.633,920.300,920.900,3.500,9.000,9.000,0.041,0.010,0.100,0.037,0.017,0.000,0.017,0.000,81.556,23.878,0.200,,,0.000,
2024-07-07,9.000,0.000,0.000,6.000,0.000,0.000,0.000,93.556,88.000,100.000,1.100,0.000,2.080,21.789,21.300,22.600,0.678,0.200,2.200,920.022,919.000,920.900,0.000,9.000,9.000,0.040,0.000,0.160,0.031,0.020,0.000,0.020,0.000,78.222,23.967,0.000,,,0.000,
2024-07-08,9.000,0.000,0.000,6.778,0.000,0.000,0.000,91.111,79.000,100.000,1.549,0.000,3.780,19.867,19.300,20.800,1.122,0.200,1.800,918.722,917.600,919.500,0.000,9.000,9.000,0.006,0.000,0.020,0.003,0.002,0.000,0.002,0.000,80.333,22.211,0.000,,,0.000,
2024-07-09,9.000,0.000,0.000,6.556,0.000,0.000,0.000,98.000,95.000,100.000,0.331,0.000,0.830,20.733,20.100,21.900,0.822,0.100,2.700,919.244,918.700,919.800,-9.800,9.000,9.000,0.112,0.030,0.220,0.004,0.062,0.058,0.116,0.030,80.778,23.333,0.000,,,0.000,
2024-07-10,9.000,0.000,0.000,9.667,0.000,0.000,0.000,95.333,90.000,100.000,0.796,0.000,1.730,22.167,21.200,22.600,2.122,1.000,3.300,918.278,917.600,919.000,0.000,9.000,9.000,0.982,0.930,1.000,0.000,0.034,0.982,0.983,0.932,82.111,23.433,0.000,,,0.000,
2024-07-11,8.000,0.000,0.000,9.250,0.000,0.000,0.000,90.111,82.000,97.000,1.739,0.500,3.250,23.233,22.700,23.900,2.200,1.000,3.900,916.144,915.000,917.200,0.000,9.000,9.000,0.934,0.730,1.000,0.000,0.029,0.932,0.935,0.731,80.222,23.900,0.000,,,0.000,
2024-07-12,8.000,0.000,0.000,10.000,0.000,0.000,0.000,96.778,89.000,100.000,0.551,0.000,1.920,23.389,22.400,24.000,1.067,0.400,1.800,915.622,914.600,916.600,0.000,9.000,9.000,0.974,0.900,1.000,0.003,0.000,0.974,0.974,0.900,78.333,24.400,0.000,,,0.000,
2024-07-13,9.000,0.000,0.000,8.000,0.000,0.000,0.000,95.889,88.000,99.000,0.706,0.160,2.100,22.500,21.400,23.500,1.078,0.100,2.600,918.322,918.000,918.900,0.000,9.000,9.000,0.971,0.820,1.000,0.000,0.012,0.970,0.970,0.812,76.667,24.067,0.000,,,0.000,
2024-07-14,9.000,0.000,0.000,9.222,0.000,0.000,0.000,95.667,93.000,99.000,0.730,0.160,1.190,22.678,22.100,23.000,2.222,0.700,4.500,919.633,918.600,920.400,0.000,9.000,9.000,0.976,0.950,1.000,0.009,0.001,0.976,0.976,0.950,79.111,24.633,0.000,,,0.000,
2024-07-15,8.000,0.000,0.000,8.750,0.000,0.000,0.000,94.000,88.000,99.000,1.027,0.160,2.100,22.356,21.200,23.300,1.644,0.200,4.200,919.878,919.500,920.500,0.000,9.000,9.000,0.248,0.020,0.380,0.002,0.000,0.246,0.246,0.020,77.111,24.322,0.000,,,0.000,
2024-07-16,9.000,0.000,0.000,7.111,0.000,0.000,0.000,85.333,75.000,93.000,2.628,1.180,4.720,22.478,21.800,24.300,0.922,0.100,2.600,920.700,919.900,921.500,0.000,9.000,9.000,0.040,0.000,0.100,0.000,0.040,0.000,0.040,0.000,71.333,24.811,0.000,,,0.000,
2024-07-17,9.000,0.000,0.000,6.000,0.000,0.000,0.000,98.778,97.000,100.000,0.204,0.000,0.510,22.967,21.900,23.800,0.844,0.100,1.700,920.689,919.700,921.800,0.000,9.000,9.000,0.147,0.030,0.460,0.000,0.021,0.131,0.152,0.030,75.222,25.100,0.000,,,0.000,
2024-07-18,9.000,0.000,0.000,6.556,0.000,0.000,0.000,88.222,82.000,93.000,2.058,1.180,3.230,22.400,21.400,23.300,1.200,0.100,2.700,920.567,919.100,921.700,0.000,9.000,9.000,0.312,0.200,0.500,0.031,0.020,0.288,0.304,0.183,77.444,25.167,0.000,,,0.000,
2024-07-19,8.000,0.000,0.000,6.250,0.000,0.000,0.000,98.333,96.000,100.000,0.278,0.000,0.670,22.489,21.800,23.900,0.822,0.400,1.600,919.433,918.100,920.700,0.000,9.000,9.000,0.117,0.000,0.290,0.074,0.010,0.040,0.049,0.000,79.556,25.111,0.000,,,0.000,
2024-07-20,9.000,0.000,0.000,5.667,0.000,0.000,0.000,88.889,78.000,97.000,1.964,0.500,4.080,23.067,22.100,24.100,1.956,1.000,3.100,919.567,918.500,920.200,0.000,9.000,9.000,0.067,0.010,0.310,0.018,0.026,0.033,0.056,0.000,78.222,25.222,0.000,,,0.000,
2024-07-21,9.000,0.000,0.000,6.444,0.000,0.000,0.000,93.667,89.000,98.000,1.082,0.330,1.910,22.622,21.200,23.200,1.789,0.600,3.100,918.644,917.800,919.700,0.000,9.000,9.000,0.363,0.170,0.550,0.007,0.001,0.362,0.363,0.170,74.333,24.900,0.000,,,0.000,
2024-07-22,9.000,0.000,0.000,6.778,0.000,0.000,0.000,99.444,98.000,100.000,0.092,0.000,0.330,23.278,23.100,23.400,2.400,1.500,3.100,914.200,912.700,915.300,-35.700,9.000,9.000,0.158,0.010,0.260,0.134,0.048,0.009,0.056,0.000,81.667,24.844,0.200,,,0.000,
2024-07-23,6.000,0.000,0.000,9.833,0.000,0.000,0.000,100.000,100.000,100.000,0.000,0.000,0.000,22.722,21.800,22.900,3.533,2.800,4.500,906.722,903.800,909.100,-11.100,9.000,9.000,0.972,0.830,1.000,0.341,0.592,0.936,0.978,0.880,87.556,23.111,23.600,,,0.000,
2024-07-24,9.000,0.000,0.000,10.000,0.000,0.000,0.000,100.000,100.000,100.000,0.000,0.000,0.000,23.167,22.600,23.500,5.056,2.400,7.300,889.100,884.500,893.000,17.500,9.000,9.000,0.999,0.990,1.000,0.300,0.579,0.999,0.999,0.990,88.333,23.556,9.700,,,0.000,
2024-07-25,9.000,0.000,0.000,10.000,0.000,0.000,0.000,100.000,100.000,100.000,0.000,0.000,0.000,21.200,21.000,21.500,2.011,0.500,4.500,900.344,896.600,902.700,-18.400,9.000,9.000,1.000,1.000,1.000,0.030,0.988,1.000,1.000,1.000,87.667,23.144,14.400,,,0.000,
2024-07-26,9.000,0.000,0.000,10.000,0.000,0.000,0.000,99.333,95.000,100.000,0.111,0.000,0.840,22.178,21.300,22.600,1.544,0.400,4.100,913.756,912.000,914.900,-29.400,9.000,9.000,0.998,0.980,1.000,0.097,0.508,0.998,0.998,0.983,89.333,23.433,0.700,,,0.000,
2024-07-27,9.000,0.000,0.000,9.556,0.000,0.000,0.000,98.556,96.000,100.000,0.240,0.000,0.670,22.233,21.800,22.800,1.756,0.600,4.300,920.100,919.100,920.900,0.000,9.000,9.000,0.767,0.090,1.000,0.203,0.110,0.676,0.714,0.060,87.889,23.456,0.100,,,0.000,
2024-07-28,9.000,0.000,0.000,8.333,0.000,0.000,0.000,92.444,87.000,97.000,1.292,0.500,2.270,21.944,21.800,22.200,2.700,2.200,4.000,918.889,917.400,920.000,0.000,9.000,9.000,0.273,0.000,0.990,0.006,0.000,0.272,0.272,0.000,84.222,23.656,0.000,,,0.000,
2024-07-29,8.000,0.000,0.000,6.750,0.000,0.000,0.000,100.000,100.000,100.000,0.000,0.000,0.000,21.700,21.000,22.200,2.756,0.600,4.300,916.811,916.200,917.400,-9.800,9.000,9.000,0.181,0.080,0.360,0.080,0.112,0.041,0.147,0.030,84.333,23.033,0.000,,,0.000,
2024-07-30,9.000,0.000,0.000,8.444,0.000,0.000,0.000,98.667,94.000,100.000,0.224,0.000,1.010,22.289,21.800,22.700,0.989,0.100,1.900,919.144,918.800,919.700,0.000,9.000,9.000,0.287,0.100,0.440,0.178,0.216,0.004,0.219,0.060,82.556,23.744,0.600,,,0.000,
2024-07-31,9.000,0.000,0.000,8.000,0.000,0.000,0.000,99.333,97.000,100.000,0.111,0.000,0.500,22.389,22.000,22.600,1.878,1.000,2.900,919.311,918.700,919.900,-19.600,9.000,9.000,0.261,0.090,0.740,0.016,0.164,0.112,0.255,0.090,85.000,23.556,0.000,,,0.000,
2024-08-01,8.000,0.000,0.000,6.000,0.000,0.000,0.000,98.889,97.000,100.000,0.186,0.000,0.510,23.289,22.600,23.900,1.900,0.700,3.800,918.111,917.800,918.600,0.000,9.000,9.000,0.007,0.000,0.020,0.007,0.000,0.000,0.000,0.000,86.111,24.178,0.000,,,0.000,
2024-08-02,9.000,0.000,0.000,6.000,0.000,0.000,0.000,87.000,78.000,98.000,2.334,0.330,4.080,23.278,22.400,24.100,1.200,0.400,2.900,918.433,918.000,919.000,0.000,9.000,9.000,0.017,0.000,0.040,0.014,0.000,0.002,0.002,0.000,82.444,24.133,0.000,,,0.000,
2024-08-03,9.000,0.000,0.000,5.667,0.000,0.000,0.000,98.556,97.000,99.000,0.241,0.160,0.500,22.500,21.600,23.900,0.500,0.100,1.500,918.700,918.000,919.500,0.000,9.000,9.000,0.189,0.060,0.480,0.123,0.034,0.076,0.101,0.000,80.222,25.056,0.200,,,0.000,
2024-08-04,9.000,2.000,2.000,4.444,0.000,0.000,0.000,98.556,96.000,100.000,0.240,0.000,0.670,21.933,20.800,22.700,0.511,0.300,0.900,917.522,916.400,918.300,0.000,9.000,9.000,0.050,0.000,0.250,0.050,0.000,0.000,0.000,0.000,83.333,24.300,0.000,,,0.000,
2024-08-05,9.000,0.000,0.000,6.000,0.000,0.000,0.000,84.111,78.000,90.000,2.810,1.700,3.960,21.322,19.500,22.500,1.144,0.300,3.000,915.944,915.100,916.900,0.000,9.000,9.000,0.281,0.000,0.920,0.008,0.002,0.281,0.281,0.000,82.333,23.722,0.000,,,0.000,
2024-08-06,8.000,0.000,0.000,9.625,0.000,0.000,0.000,96.000,89.000,100.000,0.682,0.000,1.920,22.589,21.900,23.500,1.278,0.200,2.600,916.478,915.700,917.000,-19.600,9.000,9.000,0.992,0.970,1.000,0.221,0.701,0.968,0.991,0.974,82.111,23.911,0.500,,,0.000,
2024-08-07,9.000,0.000,0.000,9.000,0.000,0.000,0.000,97.778,91.000,100.000,0.374,0.000,1.540,21.411,20.900,22.300,0.900,0.100,1.300,916.267,915.400,917.100,0.000,9.000,9.000,0.952,0.900,0.990,0.028,0.160,0.938,0.948,0.870,84.778,23.467,0.100,,,0.000,
2024-08-08,9.000,0.000,0.000,6.778,0.000,0.000,0.000,96.778,92.000,100.000,0.547,0.000,1.380,22.389,21.900,23.400,0.867,0.400,1.600,916.000,915.200,916.900,0.000,9.000,9.000,0.236,0.060,0.800,0.022,0.039,0.201,0.224,0.040,80.222,24.200,0.000,,,0.000,
2024-08-09,8.000,0.000,0.000,6.125,0.000,0.000,0.000,95.000,87.000,100.000,0.858,0.000,2.290,22.522,21.800,23.600,1.622,0.400,3.400,914.600,913.800,915.300,0.000,9.000,9.000,0.309,0.100,0.670,0.091,0.110,0.210,0.281,0.069,83.222,23.644,1.300,,,0.000,
2024-08-10,9.000,0.000,0.000,9.333,0.000,0.000,0.000,91.222,77.000,100.000,1.593,0.000,4.310,22.800,21.400,24.700,1.244,0.200,2.300,913.944,913.400,914.600,0.000,9.000,9.000,0.510,0.150,0.750,0.014,0.040,0.493,0.512,0.098,79.333,23.978,0.400,,,0.000,
2024-08-11,9.000,0.000,0.000,6.222,0.000,0.000,0.000,95.778,94.000,98.000,0.710,0.330,1.020,22.611,22.100,23.200,1.256,0.400,2.000,913.967,913.500,914.500,0.000,9.000,9.000,0.174,0.030,0.360,0.020,0.057,0.118,0.167,0.030,78.889,24.511,0.000,,,0.000,
2024-08-12,9.000,0.000,0.000,10.000,0.000,0.000,0.000,96.111,92.000,98.000,0.654,0.330,1.370,22.789,22.100,23.400,0.956,0.100,1.600,915.767,915.200,916.500,0.000,9.000,9.000,0.822,0.460,0.980,0.108,0.117,0.807,0.827,0.463,79.222,24.467,0.000,,,0.000,
2024-08-13,9.000,0.000,0.000,8.889,0.000,0.000,0.000,99.000,96.000,100.000,0.168,0.000,0.670,22.478,21.900,22.800,1.056,0.300,1.600,916.756,915.400,917.500,0.000,9.000,9.000,0.952,0.840,1.000,0.067,0.191,0.946,0.952,0.837,78.556,24.111,0.000,,,0.000,
2024-08-14,9.000,0.000,0.000,9.333,0.000,0.000,0.000,99.111,98.000,100.000,0.144,0.000,0.330,21.056,20.200,21.900,1.322,0.500,2.600,916.333,915.500,917.100,0.000,9.000,9.000,0.912,0.820,0.990,0.048,0.720,0.724,0.928,0.832,85.333,23.011,1.400,,,0.000,
2024-08-15,8.000,0.000,0.000,9.750,0.000,0.000,0.000,99.556,97.000,100.000,0.073,0.000,0.500,20.911,20.400,21.700,1.489,0.900,2.100,915.578,915.000,916.200,0.000,9.000,9.000,0.987,0.940,1.000,0.003,0.410,0.981,0.987,0.948,82.778,22.689,0.100,,,0.000,
2024-08-16,9.000,0.000,0.000,9.667,0.000,0.000,0.000,97.889,94.000,100.000,0.352,0.000,1.010,21.756,21.200,22.300,1.044,0.200,2.200,916.622,916.200,917.100,0.000,9.000,9.000,0.992,0.970,1.000,0.244,0.484,0.981,0.988,0.965,87.222,22.611,2.800,,,0.000,
2024-08-17,9.000,0.000,0.000,9.444,0.000,0.000,0.000,100.000,100.000,100.000,0.000,0.000,0.000,21.922,21.700,22.200,3.100,1.300,4.700,917.967,916.800,918.900,42.700,9.000,9.000,0.996,0.970,1.000,0.221,0.292,0.994,0.997,0.979,85.889,22.833,2.300,,,0.000,
2024-08-18,9.000,0.000,0.000,9.556,0.000,0.000,0.000,100.000,100.000,100.000,0.000,0.000,0.000,22.000,21.500,22.400,2.733,1.800,4.000,916.167,915.000,917.100,0.000,9.000,9.000,0.996,0.980,1.000,0.109,0.670,0.988,0.994,0.978,84.889,23.378,0.000,,,0.000,
2024-08-19,9.000,0.000,0.000,10.000,0.000,0.000,0.000,99.333,97.000,100.000,0.110,0.000,0.500,21.244,20.900,22.300,1.367,0.200,2.700,916.911,916.500,917.300,-27.900,9.000,9.000,0.999,0.990,1.000,0.033,0.642,0.998,1.000,0.997,85.556,23.156,0.900,,,0.000,
2024-08-20,8.000,0.000,0.000,9.125,0.000,0.000,0.000,97.444,89.000,100.000,0.432,0.000,1.890,21.044,20.500,21.600,1.456,0.600,2.500,919.433,918.900,920.000,3.000,9.000,9.000,0.994,0.980,1.000,0.098,0.883,0.952,0.995,0.988,78.333,23.267,5.200,,,0.000,
2024-08-21,9.000,0.000,0.000,6.333,0.000,0.000,0.000,91.333,83.000,99.000,1.501,0.160,3.020,22.011,21.600,22.600,1.711,0.700,3.300,920.189,919.300,920.700,0.000,9.000,9.000,0.522,0.150,0.990,0.064,0.091,0.448,0.519,0.117,85.778,23.456,0.000,,,0.000,
2024-08-22,9.000,0.000,0.000,6.556,0.000,0.000,0.000,99.111,98.000,100.000,0.149,0.000,0.330,22.389,21.800,23.100,0.733,0.300,1.000,920.200,919.600,920.700,0.000,9.000,9.000,0.037,0.010,0.070,0.029,0.009,0.007,0.016,0.000,82.333,23.944,0.000,,,0.000,
2024-08-23,7.000,0.000,0.000,7.571,0.000,0.000,0.000,98.222,94.000,100.000,0.297,0.000,1.020,21.289,20.300,22.500,0.989,0.400,1.900,920.022,919.400,920.400,0.000,9.000,9.000,0.146,0.040,0.340,0.080,0.050,0.056,0.104,0.020,81.444,23.489,0.200,,,0.000,
2024-08-24,9.000,0.000,0.000,7.222,0.000,0.000,0.000,98.778,97.000,100.000,0.200,0.000,0.500,21.822,21.400,22.100,0.889,0.300,1.800,918.756,918.300,919.300,0.000,9.000,9.000,0.352,0.000,0.880,0.071,0.019,0.322,0.330,0.000,82.111,23.567,0.200,,,0.000,
2024-08-25,9.000,0.000,0.000,6.000,0.000,0.000,0.000,96.889,93.000,100.000,0.516,0.000,1.170,20.656,20.000,21.900,1.133,0.200,2.600,917.244,916.000,918.100,0.000,9.000,9.000,0.108,0.050,0.170,0.038,0.016,0.067,0.082,0.050,81.222,23.456,0.000,,,0.000,
2024-08-26,9.000,0.000,0.000,8.667,0.000,0.000,0.000,97.111,94.000,99.000,0.480,0.160,1.010,21.711,21.200,22.300,1.011,0.300,2.200,915.689,914.600,916.700,0.000,9.000,9.000,0.340,0.000,0.870,0.006,0.000,0.336,0.336,0.000,84.556,23.222,0.000,,,0.000,
2024-08-27,9.000,0.000,0.000,7.111,0.000,0.000,0.000,90.556,82.000,95.000,1.662,0.850,3.250,23.544,22.700,24.000,1.844,1.300,2.600,913.922,913.100,914.800,0.000,9.000,9.000,0.398,0.000,0.970,0.001,0.018,0.380,0.398,0.000,80.556,23.678,0.000,,,0.000,
2024-08-28,9.000,0.000,0.000,6.667,0.000,0.000,0.000,98.556,96.000,100.000,0.241,0.000,0.670,22.322,20.400,22.900,0.467,0.200,0.800,915.022,914.600,915.500,-19.600,9.000,9.000,0.396,0.170,0.970,0.060,0.147,0.270,0.365,0.146,84.667,23.833,0.200,,,0.000,
2024-08-29,8.000,0.000,0.000,6.000,0.000,0.000,0.000,89.333,80.000,99.000,1.878,0.170,3.610,22.033,21.200,22.500,1.167,0.100,2.200,917.622,917.100,918.000,0.000,9.000,9.000,0.584,0.230,0.870,0.049,0.038,0.552,0.570,0.172,83.333,23.889,0.100,,,0.000,
2024-08-30,9.000,0.000,0.000,5.333,0.000,0.000,0.000,83.222,75.000,95.000,3.037,0.830,4.700,22.278,20.900,23.900,1.444,0.400,2.700,918.678,918.200,919.400,0.000,9.000,9.000,0.027,0.010,0.050,0.003,0.003,0.020,0.023,0.000,81.444,24.122,0.000,,,0.000,
2024-08-31,9.000,0.000,0.000,6.333,0.000,0.000,0.000,83.333,62.000,96.000,3.123,0.670,7.740,22.156,20.900,24.100,0.878,0.300,1.600,918.622,917.400,919.600,0.000,9.000,9.000,0.009,0.000,0.030,0.008,0.002,0.000,0.002,0.000,83.000,23.889,0.000,,,0.000,
2024-09-01,9.000,0.000,0.000,4.778,0.000,0.000,0.000,85.889,78.000,98.000,2.523,0.330,4.080,22.578,21.600,24.000,0.556,0.200,1.500,917.844,917.400,918.300,0.000,9.000,9.000,0.084,0.000,0.260,0.031,0.008,0.056,0.063,0.000,80.000,24.356,0.000,,,0.000,
2024-09-02,9.000,7.000,7.000,1.222,1.000,1.000,1.000,88.444,80.000,98.000,2.026,0.330,3.630,21.944,21.400,22.600,2.544,1.700,3.200,917.644,916.700,918.700,0.000,9.000,9.000,0.068,0.030,0.100,0.004,0.000,0.062,0.062,0.030,74.222,24.311,0.000,,,0.000,
2024-09-03,9.000,0.000,0.000,6.333,0.000,0.000,0.000,96.444,92.000,99.000,0.601,0.170,1.370,22.611,22.300,23.000,4.044,3.400,4.500,914.489,913.100,915.600,-9.800,9.000,9.000,0.042,0.010,0.140,0.033,0.018,0.000,0.018,0.000,80.667,23.989,0.000,,,0.000,
2024-09-04,9.000,0.000,0.000,6.111,0.000,0.000,0.000,96.556,93.000,99.000,0.579,0.170,1.190,22.711,22.500,22.900,4.200,3.700,4.800,912.978,912.100,913.500,0.000,9.000,9.000,0.019,0.000,0.050,0.013,0.011,0.000,0.011,0.000,77.667,24.267,0.000,,,0.000,
2024-09-05,9.000,0.000,0.000,5.889,0.000,0.000,0.000,86.556,81.000,96.000,2.393,0.670,3.470,23.567,22.700,24.100,4.933,3.600,5.500,914.478,913.700,915.200,0.000,9.000,9.000,0.004,0.000,0.030,0.000,0.004,0.001,0.006,0.000,82.222,23.578,0.000,,,0.000,
2024-09-06,9.000,0.000,0.000,6.444,0.000,0.000,0.000,96.111,90.000,99.000,0.659,0.160,1.740,22.556,21.400,23.600,2.056,0.200,4.800,919.156,918.500,919.700,0.000,9.000,9.000,0.111,0.010,0.260,0.011,0.012,0.091,0.102,0.010,81.444,23.833,0.000,,,0.000,
2024-09-07,9.000,0.000,0.000,9.556,0.000,0.000,0.000,100.000,100.000,100.000,0.000,0.000,0.000,21.289,21.000,22.200,1.633,0.200,2.600,921.100,919.800,922.000,0.000,9.000,9.000,0.741,0.530,0.970,0.083,0.090,0.694,0.728,0.490,84.000,23.067,0.700,,,0.000,
2024-09-08,8.000,0.000,0.000,6.125,0.000,0.000,0.000,99.444,99.000,100.000,0.089,0.000,0.160,21.589,21.300,22.100,2.444,1.800,3.700,918.278,916.900,919.800,-9.300,9.000,9.000,0.128,0.030,0.190,0.031,0.044,0.069,0.110,0.000,83.667,22.667,0.000,,,0.000,
2024-09-09,9.000,0.000,0.000,8.333,0.000,0.000,0.000,97.778,95.000,100.000,0.370,0.000,0.840,21.933,21.600,22.300,1.633,0.600,3.000,916.811,915.400,917.900,3.500,9.000,9.000,0.192,0.150,0.230,0.078,0.014,0.112,0.125,0.000,85.333,22.867,0.900,,,0.000,
2024-09-10,9.000,0.000,0.000,6.333,0.000,0.000,0.000,98.556,94.000,100.000,0.239,0.000,1.000,20.500,19.800,21.200,2.156,0.300,4.500,917.122,916.800,917.500,0.000,9.000,9.000,0.067,0.000,0.470,0.007,0.013,0.053,0.067,0.000,70.000,24.033,0.000,,,0.000,
2024-09-11,9.000,0.000,0.000,8.000,0.000,0.000,0.000,92.667,84.000,100.000,1.276,0.000,2.840,21.956,21.000,22.400,0.811,0.200,1.300,918.522,917.900,919.100,0.000,9.000,9.000,0.972,0.940,1.000,0.011,0.009,0.972,0.972,0.940,76.667,24.400,0.000,,,0.000,
2024-09-12,9.000,0.000,0.000,6.556,0.000,0.000,0.000,97.556,94.000,100.000,0.407,0.000,1.010,21.700,21.500,21.900,3.178,2.800,3.800,916.467,915.100,917.700,-19.600,9.000,9.000,0.137,0.050,0.520,0.052,0.011,0.083,0.094,0.010,80.000,23.733,0.000,,,0.000,
2024-09-13,9.000,0.000,0.000,10.000,0.000,0.000,0.000,99.333,96.000,100.000,0.110,0.000,0.660,21.000,19.800,21.800,2.478,1.100,3.800,913.156,911.100,914.800,-6.800,9.000,9.000,0.976,0.920,1.000,0.127,0.618,0.888,0.979,0.931,83.000,22.400,3.800,,,0.000,
2024-09-14,9.000,0.000,0.000,7.778,0.000,0.000,0.000,100.000,100.000,100.000,0.000,0.000,0.000,20.567,20.200,21.200,1.656,0.900,2.400,910.467,910.200,910.800,-9.800,9.000,9.000,0.782,0.630,0.890,0.252,0.034,0.637,0.655,0.295,84.889,21.522,0.100,,,0.000,
2024-09-15,9.000,0.000,0.000,8.111,0.000,0.000,0.000,91.111,79.000,98.000,1.541,0.330,3.800,21.433,20.300,22.000,1.144,0.200,1.900,913.422,912.700,914.200,0.000,9.000,9.000,0.980,0.960,1.000,0.040,0.011,0.980,0.980,0.960,83.222,23.389,0.000,,,0.000,
2024-09-16,9.000,0.000,0.000,7.778,0.000,0.000,0.000,100.000,100.000,100.000,0.000,0.000,0.000,22.756,21.300,23.100,4.667,3.900,5.300,915.344,914.300,916.200,-25.400,9.000,9.000,0.158,0.040,0.400,0.054,0.052,0.081,0.130,0.000,82.000,24.111,0.000,,,0.000,
2024-09-17,9.000,0.000,0.000,7.444,0.000,0.000,0.000,99.778,98.000,100.000,0.037,0.000,0.330,21.600,21.300,22.000,3.478,1.800,4.700,916.600,915.500,917.500,-27.400,9.000,9.000,0.552,0.140,0.810,0.447,0.294,0.000,0.294,0.100,83.667,23.056,1.500,,,0.000,
2024-09-18,8.000,0.000,0.000,8.125,0.000,0.000,0.000,99.333,98.000,100.000,0.110,0.000,0.330,22.011,21.200,22.700,1.400,0.500,2.700,913.556,912.400,914.800,-9.100,9.000,9.000,0.352,0.150,0.610,0.159,0.120,0.187,0.280,0.088,88.667,22.611,3.200,,,0.000,
2024-09-19,8.000,0.000,0.000,6.875,0.000,0.000,0.000,99.111,97.000,100.000,0.147,0.000,0.500,21.667,20.900,22.000,0.678,0.100,1.400,915.078,914.500,915.600,0.000,9.000,9.000,0.806,0.660,0.900,0.058,0.214,0.743,0.794,0.600,82.222,23.633,0.000,,,0.000,
2024-09-20,9.000,0.000,0.000,8.111,0.000,0.000,0.000,97.333,94.000,100.000,0.446,0.000,1.010,21.667,20.700,22.400,1.689,0.500,2.900,915.211,914.000,916.200,0.000,9.000,9.000,0.971,0.940,0.990,0.023,0.061,0.968,0.971,0.944,86.000,23.644,0.000,,,0.000,
2024-09-21,9.000,0.000,0.000,10.000,0.000,0.000,0.000,100.000,100.000,100.000,0.000,0.000,0.000,21.833,21.200,22.300,2.033,0.300,3.000,914.178,913.800,914.900,67.000,9.000,9.000,1.000,1.000,1.000,0.462,0.791,1.000,1.000,1.000,89.000,22.733,14.200,,,0.000,
2024-09-22,8.000,0.000,0.000,10.000,0.000,0.000,0.000,100.000,100.000,100.000,0.000,0.000,0.000,20.789,20.200,21.300,1.711,0.200,7.800,921.233,920.700,921.800,163.700,9.000,9.000,0.998,0.990,1.000,0.354,0.596,0.997,0.998,0.987,91.444,21.422,7.100,,,0.000,
2024-09-23,9.000,0.000,0.000,10.000,0.000,0.000,0.000,100.000,100.000,100.000,0.000,0.000,0.000,21.189,20.900,21.600,0.967,0.300,1.800,921.589,920.500,922.500,-12.600,9.000,9.000,0.993,0.960,1.000,0.321,0.458,0.991,0.995,0.975,90.111,21.867,2.000,,,0.000,
2024-09-24,9.000,0.000,0.000,10.000,0.000,0.000,0.000,99.889,99.000,100.000,0.018,0.000,0.160,21.167,20.800,21.500,1.656,0.700,2.600,920.811,919.800,921.700,-7.100,9.000,9.000,1.000,1.000,1.000,0.257,0.958,0.997,1.000,1.000,88.444,22.122,4.600,,,0.000,
2024-09-25,9.000,0.000,0.000,9.778,0.000,0.000,0.000,100.000,100.000,100.000,0.000,0.000,0.000,20.856,20.400,21.200,3.300,2.700,3.800,920.078,919.300,920.900,-9.800,9.000,9.000,0.924,0.830,0.980,0.306,0.460,0.849,0.920,0.840,88.333,21.956,2.600,,,0.000,
2024-09-26,9.000,0.000,0.000,9.333,0.000,0.000,0.000,95.778,87.000,99.000,0.709,0.160,2.250,20.733,19.800,21.200,0.689,0.100,1.600,919.567,918.600,920.500,0.000,9.000,9.000,0.781,0.380,0.990,0.202,0.308,0.687,0.728,0.191,83.889,22.167,0.200,,,0.000,
2024-09-27,9.000,0.000,0.000,8.444,0.000,0.000,0.000,99.333,97.000,100.000,0.109,0.000,0.490,20.778,20.600,21.000,1.867,1.100,3.100,918.644,917.600,919.800,-9.600,9.000,9.000,0.428,0.220,0.780,0.260,0.123,0.156,0.263,0.175,88.111,21.333,2.600,,,0.000,
2024-09-28,9.000,0.000,0.000,8.667,0.000,0.000,0.000,99.889,99.000,100.000,0.018,0.000,0.160,21.178,20.900,21.500,2.900,2.300,3.700,918.489,917.200,919.400,21.000,9.000,9.000,0.651,0.390,0.870,0.439,0.278,0.246,0.453,0.318,88.556,21.567,2.000,,,0.000,
2024-09-29,9.000,0.000,0.000,8.333,0.000,0.000,0.000,100.000,100.000,100.000,0.000,0.000,0.000,21.944,21.600,22.200,4.011,3.600,4.700,917.022,915.500,918.100,30.500,9.000,9.000,0.966,0.880,1.000,0.113,0.133,0.957,0.962,0.879,85.000,22.544,1.500,,,0.000,
2024-09-30,9.000,0.000,0.000,10.000,0.000,0.000,0.000,100.000,100.000,100.000,0.000,0.000,0.000,21.367,20.300,21.900,5.067,4.200,6.600,913.189,910.900,915.100,-17.400,9.000,9.000,0.978,0.930,1.000,0.214,0.507,0.948,0.972,0.917,85.889,22.456,0.600,,,0.000,
2024-10-01,9.000,0.000,0.000,10.000,0.000,0.000,0.000,95.667,88.000,100.000,0.731,0.000,2.070,20.811,19.600,21.900,2.967,0.800,4.400,915.311,914.900,915.800,-29.400,9.000,9.000,0.996,0.960,1.000,0.066,0.650,0.956,0.995,0.959,74.778,22.778,0.600,,,0.000,
2024-10-02,9.000,0.000,0.000,10.000,0.000,0.000,0.000,100.000,100.000,100.000,0.000,0.000,0.000,18.556,18.200,18.800,2.244,1.500,3.100,919.767,918.800,920.900,112.500,9.000,9.000,1.000,1.000,1.000,0.991,0.989,0.998,1.000,0.999,89.778,19.400,27.400,,,0.000,
2024-10-03,8.000,0.000,0.000,10.000,0.000,0.000,0.000,99.444,98.000,100.000,0.089,0.000,0.320,18.689,18.000,19.700,2.689,1.300,5.100,920.611,919.800,921.700,125.500,9.000,9.000,1.000,1.000,1.000,0.992,0.963,0.992,1.000,0.999,88.778,19.978,42.700,,,0.000,
2024-10-04,9.000,0.000,0.000,10.000,0.000,0.000,0.000,100.000,100.000,100.000,0.000,0.000,0.000,20.322,19.900,20.700,2.089,0.300,2.800,921.233,920.300,922.100,-20.400,9.000,9.000,1.000,1.000,1.000,0.477,0.797,0.992,0.998,0.991,91.778,20.800,1.300,,,0.000,
2024-10-05,9.000,0.000,0.000,7.889,0.000,0.000,0.000,95.444,90.000,100.000,0.767,0.000,1.710,21.044,20.800,21.200,3.489,2.500,4.200,921.956,921.000,922.900,0.000,9.000,9.000,0.682,0.300,0.960,0.020,0.141,0.631,0.681,0.271,88.778,21.711,0.000,,,0.000,
2024-10-06,9.000,0.000,0.000,6.222,0.000,0.000,0.000,99.333,98.000,100.000,0.109,0.000,0.330,21.011,20.400,21.400,2.722,2.300,3.300,922.611,921.600,923.400,-19.600,9.000,9.000,0.102,0.060,0.140,0.050,0.074,0.000,0.074,0.030,90.333,21.822,0.000,,,0.000,
2024-10-07,8.000,0.000,0.000,10.000,0.000,0.000,0.000,98.667,98.000,99.000,0.217,0.160,0.330,19.722,19.400,19.900,1.389,0.800,1.900,922.856,921.700,923.500,-12.100,9.000,9.000,0.650,0.560,0.810,0.483,0.491,0.020,0.502,0.380,91.111,20.289,5.400,,,0.000,
2024-10-08,9.000,0.000,0.000,10.000,0.000,0.000,0.000,98.111,97.000,99.000,0.302,0.160,0.480,17.722,17.300,17.900,2.211,1.100,3.100,922.867,921.300,923.900,-0.800,9.000,9.000,0.990,0.940,1.000,0.963,0.984,0.000,0.984,0.920,86.000,19.089,3.300,,,0.000,
2024-10-09,9.000,0.000,0.000,9.778,0.000,0.000,0.000,100.000,100.000,100.000,0.000,0.000,0.000,17.200,16.600,17.400,1.122,0.500,2.400,921.578,920.900,922.200,-57.300,9.000,9.000,0.401,0.240,0.660,0.391,0.047,0.000,0.047,0.010,75.778,19.189,0.000,,,0.000,
2024-10-10,8.000,0.000,0.000,7.250,0.000,0.000,0.000,96.667,96.000,98.000,0.531,0.320,0.640,15.556,15.400,15.800,1.656,1.000,2.600,921.778,921.000,922.500,0.000,9.000,9.000,0.282,0.180,0.400,0.280,0.004,0.000,0.004,0.000,67.778,18.500,0.000,,,0.000,
2024-10-11,9.000,0.000,0.000,7.778,0.000,0.000,0.000,97.444,96.000,99.000,0.410,0.160,0.650,17.178,16.900,17.500,1.689,1.200,2.300,923.378,922.500,923.900,0.000,9.000,9.000,0.234,0.040,0.380,0.227,0.009,0.000,0.009,0.000,68.444,19.456,0.000,,,0.000,
2024-10-12,9.000,0.000,0.000,7.889,0.000,0.000,0.000,100.000,100.000,100.000,0.000,0.000,0.000,19.133,18.600,19.500,3.533,2.600,4.700,923.722,922.700,924.600,-16.600,9.000,9.000,0.731,0.250,0.990,0.119,0.126,0.676,0.708,0.203,80.556,20.689,0.000,,,0.000,
2024-10-13,9.000,0.000,0.000,7.111,0.000,0.000,0.000,98.222,96.000,100.000,0.291,0.000,0.660,19.767,19.500,19.900,2.989,2.300,3.700,922.744,921.600,923.500,0.000,9.000,9.000,0.131,0.010,0.290,0.017,0.037,0.097,0.128,0.010,82.667,21.156,0.000,,,0.000,
2024-10-14,9.000,0.000,0.000,6.111,0.000,0.000,0.000,94.889,94.000,96.000,0.848,0.660,1.000,20.089,19.500,20.400,1.433,0.900,1.800,922.656,921.400,923.400,0.000,9.000,9.000,0.129,0.040,0.230,0.084,0.097,0.000,0.097,0.010,86.778,21.189,0.000,,,0.000,
2024-10-15,9.000,0.000,0.000,8.889,0.000,0.000,0.000,98.222,97.000,100.000,0.290,0.000,0.490,19.733,19.500,20.000,2.478,1.200,4.100,923.589,922.900,924.200,-27.900,9.000,9.000,0.678,0.490,0.940,0.102,0.323,0.400,0.669,0.469,82.333,21.633,0.000,,,0.000,
2024-10-16,9.000,0.000,0.000,9.556,0.000,0.000,0.000,99.667,98.000,100.000,0.053,0.000,0.320,19.689,19.500,20.000,1.833,1.100,4.400,923.833,922.200,925.300,-3.300,9.000,9.000,0.737,0.380,0.970,0.259,0.122,0.602,0.646,0.261,86.556,21.400,0.200,,,0.000,
2024-10-17,9.000,0.000,0.000,6.556,0.000,0.000,0.000,98.889,94.000,100.000,0.182,0.000,0.990,20.344,19.300,21.700,2.567,0.900,4.300,922.078,921.200,922.900,-6.800,9.000,9.000,0.082,0.020,0.140,0.068,0.022,0.000,0.022,0.000,89.222,21.733,0.000,,,0.000,
2024-10-18,9.000,0.000,0.000,5.111,0.000,0.000,0.000,97.000,87.000,100.000,0.502,0.000,2.220,20.211,19.500,20.900,0.778,0.100,2.500,922.467,921.800,923.100,0.000,9.000,9.000,0.296,0.010,0.690,0.292,0.010,0.000,0.010,0.000,90.667,21.733,0.000,,,0.000,
2024-10-19,9.000,0.000,0.000,10.000,0.000,0.000,0.000,99.778,99.000,100.000,0.036,0.000,0.160,19.122,18.900,19.600,2.489,1.500,3.600,925.667,925.000,926.500,41.000,9.000,9.000,0.999,0.990,1.000,0.998,0.458,0.000,0.458,0.150,85.222,20.178,1.900,,,0.000,
2024-10-20,9.000,0.000,0.000,8.778,0.000,0.000,0.000,100.000,100.000,100.000,0.000,0.000,0.000,18.433,18.100,18.800,2.522,1.600,4.300,925.111,923.600,926.300,10.000,9.000,9.000,0.863,0.770,0.980,0.863,0.084,0.000,0.084,0.030,79.222,20.033,0.000,,,0.000,
2024-10-21,9.000,0.000,0.000,8.778,0.000,0.000,0.000,100.000,100.000,100.000,0.000,0.000,0.000,19.633,19.400,20.100,3.578,2.700,4.700,923.144,921.800,924.000,14.500,9.000,9.000,0.714,0.610,0.840,0.710,0.063,0.011,0.074,0.000,86.000,20.556,0.200,,,0.000,
2024-10-22,9.000,0.000,0.000,10.000,0.000,0.000,0.000,100.000,100.000,100.000,0.000,0.000,0.000,18.100,17.500,18.400,2.589,1.500,3.900,922.189,921.000,923.200,-19.900,9.000,9.000,0.819,0.250,1.000,0.759,0.396,0.527,0.649,0.050,81.111,19.322,1.000,,,0.000,
2024-10-23,9.000,0.000,0.000,10.000,0.000,0.000,0.000,100.000,100.000,100.000,0.000,0.000,0.000,16.033,15.800,16.400,2.878,2.000,4.400,919.756,917.800,921.600,28.500,9.000,9.000,1.000,1.000,1.000,1.000,0.549,0.998,0.998,0.990,80.444,17.733,2.000,,,0.000,
2024-10-24,9.000,0.000,0.000,10.000,0.000,0.000,0.000,99.000,98.000,100.000,0.160,0.000,0.320,18.689,18.200,19.100,3.511,2.400,5.000,917.200,915.900,918.100,242.500,9.000,9.000,0.997,0.970,1.000,0.990,0.791,0.648,0.857,0.480,87.000,19.144,12.700,,,0.000,
2024-10-25,9.000,0.000,0.000,9.889,0.000,0.000,0.000,93.556,85.000,99.000,1.111,0.160,2.660,22.200,21.400,23.000,5.744,4.800,7.300,914.856,914.100,915.500,0.000,9.000,9.000,0.726,0.250,0.940,0.116,0.079,0.683,0.707,0.193,86.444,22.089,0.000,,,0.000,
2024-10-26,9.000,0.000,0.000,9.667,0.000,0.000,0.000,96.778,94.000,99.000,0.534,0.160,1.010,21.156,20.600,21.700,2.622,1.600,3.500,918.656,918.200,919.300,-9.800,9.000,9.000,0.680,0.410,0.890,0.071,0.553,0.413,0.720,0.404,90.222,21.511,0.400,,,0.000,
2024-10-27,9.000,0.000,0.000,8.222,0.000,0.000,0.000,99.333,97.000,100.000,0.108,0.000,0.490,19.167,18.200,20.300,1.933,0.900,5.500,918.433,917.500,919.100,-33.700,9.000,9.000,0.636,0.410,0.860,0.508,0.371,0.126,0.450,0.336,90.222,19.789,4.100,,,0.000,
2024-10-28,9.000,0.000,0.000,9.889,0.000,0.000,0.000,99.000,98.000,100.000,0.160,0.000,0.320,17.567,17.400,17.800,1.656,1.000,2.300,919.756,918.900,920.500,25.000,9.000,9.000,1.000,1.000,1.000,0.999,0.336,0.282,0.559,0.183,81.889,18.433,1.000,,,0.000,
2024-10-29,9.000,0.000,0.000,10.000,0.000,0.000,0.000,99.111,98.000,100.000,0.142,0.000,0.320,15.844,15.400,16.300,2.978,1.400,4.700,919.989,919.100,920.900,15.000,9.000,9.000,1.000,1.000,1.000,0.999,0.752,0.867,0.977,0.831,77.778,17.956,0.900,,,0.000,
2024-10-30,9.000,0.000,0.000,10.000,0.000,0.000,0.000,100.000,100.000,100.000,0.000,0.000,0.000,20.644,19.900,21.300,4.011,1.700,7.300,914.989,912.700,917.300,92.000,9.000,9.000,1.000,1.000,1.000,0.981,0.666,1.000,1.000,1.000,90.889,20.389,12.200,,,0.000,
2024-10-31,9.000,0.000,0.000,10.000,0.000,0.000,0.000,99.333,98.000,100.000,0.109,0.000,0.330,20.444,19.600,20.900,9.244,2.500,15.100,901.711,897.300,906.900,-36.200,9.000,9.000,0.994,0.960,1.000,0.052,0.774,0.994,0.997,0.976,84.556,21.100,24.100,,,0.000,
2024-11-01,9.000,0.000,0.000,9.667,0.000,0.000,0.000,97.889,92.000,100.000,0.343,0.000,1.310,17.133,16.400,17.700,5.867,3.400,8.700,921.989,920.700,922.800,1.000,9.000,9.000,0.829,0.620,0.970,0.382,0.116,0.721,0.750,0.485,79.000,18.889,0.000,,,0.000,
2024-11-02,9.000,0.000,0.000,9.222,0.000,0.000,0.000,100.000,100.000,100.000,0.000,0.000,0.000,16.811,16.700,16.900,2.733,1.400,3.300,926.656,925.300,927.400,-57.300,9.000,9.000,0.910,0.750,1.000,0.910,0.057,0.000,0.057,0.000,78.333,18.433,0.000,,,0.000,
2024-11-03,9.000,0.000,0.000,7.444,0.000,0.000,0.000,98.778,97.000,100.000,0.196,0.000,0.480,17.578,17.200,18.200,2.378,2.000,2.600,925.278,924.900,925.700,-29.400,9.000,9.000,0.307,0.130,0.590,0.300,0.000,0.010,0.010,0.000,74.222,18.967,0.000,,,0.000,
2024-11-04,9.000,0.000,0.000,9.556,0.000,0.000,0.000,99.333,97.000,100.000,0.107,0.000,0.480,16.678,16.300,17.000,2.022,1.000,3.400,925.967,925.100,926.600,-38.700,9.000,9.000,0.453,0.350,0.550,0.403,0.034,0.081,0.112,0.020,76.000,18.656,0.400,,,0.000,
2024-11-05,9.000,0.000,0.000,10.000,0.000,0.000,0.000,97.778,97.000,98.000,0.346,0.310,0.470,13.767,12.900,14.700,2.900,2.000,4.100,927.456,926.700,928.200,12.000,9.000,9.000,0.972,0.910,1.000,0.680,0.961,0.069,0.962,0.892,71.556,16.478,0.200,,,0.000,
2024-11-06,9.000,0.000,0.000,10.000,0.000,0.000,0.000,92.222,87.000,97.000,1.240,0.470,2.110,13.200,12.700,13.500,2.122,1.500,2.600,927.311,925.800,928.500,-19.600,9.000,9.000,0.964,0.900,1.000,0.963,0.330,0.000,0.330,0.090,60.333,16.067,0.100,,,0.000,
2024-11-07,8.000,0.000,0.000,10.000,0.000,0.000,0.000,100.000,100.000,100.000,0.000,0.000,0.000,14.722,14.500,14.900,3.189,2.300,5.100,926.267,925.100,927.200,9.500,9.000,9.000,1.000,1.000,1.000,1.000,0.520,0.866,0.941,0.915,77.778,16.689,0.900,,,0.000,
2024-11-08,9.000,0.000,0.000,10.000,0.000,0.000,0.000,100.000,100.000,100.000,0.000,0.000,0.000,18.589,18.100,18.900,1.533,0.400,2.600,924.156,923.200,925.000,15.000,9.000,9.000,1.000,1.000,1.000,1.000,0.728,0.940,0.984,0.973,90.556,18.778,1.700,,,0.000,
2024-11-09,9.000,0.000,0.000,7.111,0.000,0.000,0.000,100.000,100.000,100.000,0.000,0.000,0.000,19.044,18.400,19.400,1.689,0.800,3.100,923.811,922.800,924.800,11.000,9.000,9.000,0.907,0.800,1.000,0.892,0.064,0.051,0.112,0.000,92.000,18.856,0.800,,,0.000,
2024-11-10,9.000,0.000,0.000,10.000,0.000,0.000,0.000,100.000,100.000,100.000,0.000,0.000,0.000,17.400,17.000,17.900,2.511,1.200,4.300,924.089,923.100,925.200,-14.600,9.000,9.000,0.962,0.850,1.000,0.903,0.129,0.680,0.738,0.430,88.444,18.000,1.200,,,0.000,
2024-11-11,9.000,0.000,0.000,10.000,0.000,0.000,0.000,100.000,100.000,100.000,0.000,0.000,0.000,19.189,19.000,19.300,2.444,1.800,3.900,922.511,921.600,923.400,26.500,9.000,9.000,0.936,0.850,1.000,0.869,0.491,0.591,0.702,0.149,90.889,19.122,2.000,,,0.000,
2024-11-12,9.000,0.000,0.000,10.000,0.000,0.000,0.000,100.000,100.000,100.000,0.000,0.000,0.000,18.833,18.400,19.200,4.344,2.400,6.300,921.344,920.500,922.500,3.200,9.000,9.000,1.000,1.000,1.000,0.927,0.806,0.834,0.958,0.817,87.556,19.200,1.400,,,0.000,
2024-11-13,9.000,0.000,0.000,8.778,0.000,0.000,0.000,99.556,98.000,100.000,0.072,0.000,0.330,19.522,19.300,19.800,4.533,3.900,6.200,921.144,920.300,922.000,0.000,9.000,9.000,0.868,0.770,0.980,0.378,0.488,0.671,0.835,0.593,89.556,20.044,5.200,,,0.000,
2024-11-14,9.000,0.000,0.000,9.889,0.000,0.000,0.000,93.333,87.000,98.000,1.123,0.330,2.250,20.722,20.300,21.200,4.278,2.900,5.200,919.456,918.400,920.500,-9.800,9.000,9.000,0.519,0.290,0.910,0.003,0.282,0.449,0.557,0.304,90.000,20.000,0.000,,,0.000,
2024-11-15,9.000,0.000,0.000,10.000,0.000,0.000,0.000,94.222,88.000,99.000,0.971,0.160,2.070,20.533,19.400,21.400,2.433,0.100,4.400,916.933,916.400,917.500,0.000,9.000,9.000,0.998,0.990,1.000,0.000,0.630,0.976,0.998,0.993,83.444,20.700,0.800,,,0.000,
2024-11-16,9.000,0.000,0.000,9.889,0.000,0.000,0.000,99.111,98.000,100.000,0.142,0.000,0.320,18.633,18.300,18.900,2.644,1.500,5.000,920.311,920.200,920.500,1.700,9.000,9.000,0.981,0.850,1.000,0.977,0.417,0.000,0.417,0.000,89.889,19.078,2.700,,,0.000,
2024-11-17,9.000,0.000,0.000,10.000,0.000,0.000,0.000,98.333,97.000,100.000,0.267,0.000,0.480,16.300,14.700,17.400,3.200,2.200,3.900,926.733,926.400,927.100,34.500,9.000,9.000,0.952,0.880,1.000,0.706,0.927,0.028,0.931,0.800,82.778,17.467,3.600,,,0.000,
2024-11-18,9.000,0.000,0.000,10.000,0.000,0.000,0.000,100.000,100.000,100.000,0.000,0.000,0.000,13.367,13.100,13.900,2.322,1.500,3.200,928.278,927.100,929.500,23.500,9.000,9.000,1.000,1.000,1.000,0.949,0.952,0.956,0.999,0.996,82.333,14.556,6.900,,,0.000,
2024-11-19,9.000,0.000,0.000,10.000,0.000,0.000,0.000,100.000,100.000,100.000,0.000,0.000,0.000,14.644,14.200,15.200,2.189,1.400,2.900,926.411,925.500,927.200,16.000,9.000,9.000,0.999,0.990,1.000,0.994,0.766,0.376,0.846,0.615,80.889,15.678,2.300,,,0.000,
2024-11-20,9.000,0.000,0.000,10.000,0.000,0.000,0.000,100.000,100.000,100.000,0.000,0.000,0.000,15.122,14.800,15.500,2.022,1.600,2.300,924.844,923.700,925.700,12.500,9.000,9.000,1.000,1.000,1.000,1.000,0.613,0.012,0.618,0.220,85.000,15.733,3.100,,,0.000,
2024-11-21,9.000,0.000,0.000,10.000,0.000,0.000,0.000,100.000,100.000,100.000,0.000,0.000,0.000,13.511,13.400,13.600,1.678,1.200,2.800,925.444,924.500,926.200,17.000,9.000,9.000,1.000,1.000,1.000,1.000,0.739,0.000,0.739,0.530,82.444,14.833,1.500,,,0.000,
2024-11-22,9.000,0.000,0.000,10.000,0.000,0.000,0.000,100.000,100.000,100.000,0.000,0.000,0.000,12.378,12.000,12.700,2.056,1.800,2.500,926.444,926.000,926.900,-15.100,9.000,9.000,0.998,0.980,1.000,0.998,0.620,0.000,0.620,0.350,65.222,15.656,0.000,,,0.000,
2024-11-23,9.000,0.000,0.000,10.000,0.000,0.000,0.000,100.000,100.000,100.000,0.000,0.000,0.000,12.444,11.900,12.700,4.556,2.100,7.100,927.467,926.800,928.100,-25.900,9.000,9.000,0.958,0.920,1.000,0.939,0.180,0.496,0.569,0.140,65.000,15.511,0.000,,,0.000,
2024-11-24,9.000,0.000,0.000,9.444,0.000,0.000,0.000,100.000,100.000,100.000,0.000,0.000,0.000,15.589,15.000,16.100,4.356,2.700,6.900,925.944,924.400,927.600,-35.700,9.000,9.000,0.640,0.240,0.890,0.484,0.203,0.068,0.237,0.030,73.333,17.256,0.000,,,0.000,
2024-11-25,9.000,0.000,0.000,9.222,0.000,0.000,0.000,99.778,98.000,100.000,0.036,0.000,0.320,16.144,15.000,17.100,1.989,0.100,4.600,924.822,924.400,925.500,-9.300,9.000,9.000,0.703,0.480,1.000,0.491,0.480,0.012,0.488,0.310,90.556,17.122,1.800,,,0.000,
2024-11-26,9.000,0.000,0.000,10.000,0.000,0.000,0.000,97.556,94.000,100.000,0.370,0.000,0.920,9.100,8.800,9.300,1.767,1.300,2.300,926.611,926.100,927.300,-28.900,9.000,9.000,0.822,0.600,0.970,0.738,0.238,0.213,0.403,0.059,64.778,12.267,0.000,,,0.000,
2024-11-27,9.000,0.000,0.000,6.000,0.000,0.000,0.000,88.889,86.000,91.000,1.742,1.390,2.220,9.200,8.900,9.400,1.767,1.400,2.200,926.144,925.600,927.000,0.000,9.000,9.000,0.011,0.000,0.040,0.011,0.000,0.000,0.000,0.000,59.889,11.567,0.000,,,0.000,
2024-11-28,9.000,0.000,0.000,6.667,0.000,0.000,0.000,81.444,74.000,96.000,3.042,0.590,4.360,7.644,6.900,8.200,3.244,0.300,4.700,926.844,926.300,927.400,0.000,9.000,9.000,0.218,0.000,0.570,0.026,0.000,0.198,0.198,0.000,60.111,10.633,0.000,,,0.000,
2024-11-29,9.000,0.000,0.000,6.333,0.000,0.000,0.000,87.333,84.000,90.000,1.986,1.550,2.540,8.167,7.800,8.600,4.044,2.900,5.200,924.633,924.000,925.500,0.000,9.000,9.000,0.054,0.000,0.480,0.001,0.000,0.053,0.053,0.000,58.333,10.633,0.000,,,0.000,
2024-11-30,9.000,0.000,0.000,9.000,0.000,0.000,0.000,93.000,87.000,97.000,1.107,0.460,2.110,11.700,10.700,12.500,1.500,0.200,3.100,921.800,921.000,922.500,0.000,9.000,9.000,0.418,0.170,0.820,0.046,0.237,0.219,0.400,0.154,74.111,12.789,0.000,,,0.000,
2024-12-01,9.000,0.000,0.000,6.111,0.000,0.000,0.000,91.444,87.000,96.000,1.370,0.630,2.120,13.156,11.900,13.700,0.922,0.500,1.700,921.478,920.900,921.900,0.000,9.000,9.000,0.708,0.190,0.890,0.010,0.032,0.702,0.710,0.187,86.889,13.944,0.000,,,0.000,
2024-12-02,9.000,0.000,0.000,6.111,0.000,0.000,0.000,93.222,85.000,96.000,1.101,0.640,2.520,15.678,15.400,15.900,2.644,2.000,3.200,922.967,922.500,923.300,0.000,9.000,9.000,0.019,0.000,0.080,0.019,0.000,0.000,0.000,0.000,79.667,16.667,0.000,,,0.000,
2024-12-03,9.000,0.000,0.000,9.556,0.000,0.000,0.000,93.778,91.000,97.000,0.988,0.470,1.440,13.644,13.000,14.300,3.067,2.200,5.600,923.922,923.500,924.200,0.000,9.000,9.000,0.364,0.130,0.740,0.323,0.156,0.000,0.156,0.100,72.889,16.200,0.200,,,0.000,
2024-12-04,9.000,0.000,0.000,10.000,0.000,0.000,0.000,98.000,97.000,99.000,0.308,0.150,0.460,12.044,11.900,12.200,3.422,1.900,5.000,923.456,922.900,923.900,-78.400,9.000,9.000,0.294,0.120,0.430,0.288,0.030,0.000,0.030,0.000,70.333,14.789,0.000,,,0.000,
2024-12-05,9.000,0.000,0.000,9.778,0.000,0.000,0.000,99.889,99.000,100.000,0.017,0.000,0.150,12.278,11.700,12.800,3.933,1.600,5.400,923.389,922.800,924.000,-37.700,9.000,9.000,0.644,0.210,0.910,0.636,0.127,0.000,0.127,0.020,76.000,14.711,0.300,,,0.000,
2024-12-06,9.000,0.000,0.000,9.556,0.000,0.000,0.000,100.000,100.000,100.000,0.000,0.000,0.000,13.456,13.000,13.900,1.878,0.900,2.800,924.422,924.300,924.600,-36.700,9.000,9.000,0.964,0.870,1.000,0.963,0.089,0.000,0.089,0.050,83.778,15.122,1.300,,,0.000,
2024-12-07,9.000,0.000,0.000,10.000,0.000,0.000,0.000,100.000,100.000,100.000,0.000,0.000,0.000,10.967,10.400,12.000,4.211,2.600,5.900,926.756,926.300,927.200,10.000,9.000,9.000,0.999,0.990,1.000,0.999,0.549,0.000,0.549,0.070,79.000,12.811,2.500,,,0.000,
2024-12-08,9.000,0.000,0.000,10.000,0.000,0.000,0.000,100.000,100.000,100.000,0.000,0.000,0.000,9.000,8.700,9.600,1.867,1.200,2.900,927.222,926.500,928.100,12.500,9.000,9.000,0.854,0.620,1.000,0.830,0.686,0.000,0.686,0.500,69.667,11.511,0.100,,,0.000,
2024-12-09,9.000,0.000,0.000,9.667,0.000,0.000,0.000,100.000,100.000,100.000,0.000,0.000,0.000,11.856,11.000,12.400,3.000,2.100,4.100,924.544,924.100,925.000,-47.500,9.000,9.000,0.570,0.410,0.900,0.564,0.083,0.000,0.083,0.040,70.333,13.922,0.000,,,0.000,
2024-12-10,8.000,0.000,0.000,8.250,0.000,0.000,0.000,100.000,100.000,100.000,0.000,0.000,0.000,13.522,12.400,14.200,1.633,0.100,3.200,922.944,922.700,923.200,-9.300,9.000,9.000,0.327,0.190,0.530,0.252,0.097,0.062,0.156,0.000,89.222,14.422,0.000,,,0.000,
2024-12-11,9.000,0.000,0.000,10.000,0.000,0.000,0.000,100.000,100.000,100.000,0.000,0.000,0.000,11.711,11.000,13.100,4.178,2.400,5.300,924.878,924.500,925.200,-0.300,9.000,9.000,0.934,0.810,1.000,0.931,0.153,0.001,0.154,0.040,80.889,13.156,0.700,,,0.000,
2024-12-12,9.000,0.000,0.000,10.000,0.000,0.000,0.000,100.000,100.000,100.000,0.000,0.000,0.000,12.556,12.200,12.700,0.878,0.300,1.300,924.911,924.300,925.300,-15.100,9.000,9.000,0.991,0.930,1.000,0.991,0.062,0.000,0.062,0.010,83.222,13.344,0.800,,,0.000,
2024-12-13,8.000,0.000,0.000,10.000,0.000,0.000,0.000,100.000,100.000,100.000,0.000,0.000,0.000,7.389,6.200,8.700,5.133,4.500,5.900,928.656,927.800,929.200,9.000,9.000,9.000,1.000,1.000,1.000,1.000,0.796,0.000,0.796,0.620,77.000,9.989,2.100,,,0.000,
2024-12-14,9.000,0.000,0.000,10.000,0.000,0.000,0.000,99.778,99.000,100.000,0.033,0.000,0.150,6.344,6.100,6.400,3.844,2.400,4.700,929.789,928.900,930.300,-47.000,9.000,9.000,0.960,0.880,1.000,0.921,0.687,0.000,0.687,0.530,64.000,9.144,0.100,,,0.000,
2024-12-15,9.000,0.000,0.000,10.000,0.000,0.000,0.000,95.333,92.000,98.000,0.694,0.290,1.210,6.133,5.800,6.400,1.700,1.000,2.200,928.322,927.200,929.000,0.000,9.000,9.000,0.826,0.440,0.990,0.620,0.574,0.560,0.742,0.260,61.000,9.322,0.000,,,0.000,
2024-12-16,9.000,0.000,0.000,9.667,0.000,0.000,0.000,100.000,100.000,100.000,0.000,0.000,0.000,8.789,7.700,9.600,3.311,1.300,4.600,926.856,926.200,927.500,0.000,9.000,9.000,0.772,0.490,1.000,0.771,0.012,0.000,0.012,0.000,71.333,10.789,0.000,,,0.000,
2024-12-17,9.000,0.000,0.000,10.000,0.000,0.000,0.000,100.000,100.000,100.000,0.000,0.000,0.000,9.022,8.300,9.500,2.756,1.300,4.700,926.511,926.200,927.000,-68.100,9.000,9.000,0.940,0.810,1.000,0.940,0.302,0.000,0.302,0.010,76.111,11.733,0.600,,,0.000,
2024-12-18,7.000,0.000,0.000,10.000,0.000,0.000,0.000,83.333,77.000,86.000,2.613,2.160,3.720,5.600,5.200,6.000,3.389,2.300,4.500,928.633,927.900,929.600,-9.800,9.000,9.000,0.878,0.620,1.000,0.859,0.483,0.000,0.483,0.140,56.000,8.889,0.000,,,0.000,
2024-12-19,9.000,0.000,0.000,10.000,0.000,0.000,0.000,100.000,100.000,100.000,0.000,0.000,0.000,8.378,7.800,8.900,1.756,0.700,3.100,925.056,924.400,925.700,-1.300,9.000,9.000,0.996,0.980,1.000,0.987,0.794,0.000,0.794,0.560,77.556,9.656,1.200,,,0.000,
2024-12-20,9.000,0.000,0.000,10.000,0.000,0.000,0.000,100.000,100.000,100.000,0.000,0.000,0.000,11.467,11.200,11.800,1.811,1.100,3.600,923.822,923.500,924.100,9.000,9.000,9.000,0.999,0.990,1.000,0.999,0.740,0.000,0.740,0.220,78.556,12.422,0.900,,,0.000,
2024-12-21,9.000,0.000,0.000,10.000,0.000,0.000,0.000,99.000,98.000,100.000,0.148,0.000,0.290,5.778,5.600,6.100,2.778,1.800,4.800,928.211,928.100,928.500,-77.900,9.000,9.000,0.998,0.980,1.000,0.996,0.832,0.000,0.832,0.620,70.111,8.711,0.400,,,0.000,
2024-12-22,9.000,0.000,0.000,10.000,0.000,0.000,0.000,99.000,99.000,99.000,0.150,0.150,0.150,7.544,7.200,8.200,2.122,1.700,3.100,926.800,926.000,927.500,-36.700,9.000,9.000,0.904,0.620,1.000,0.724,0.321,0.779,0.814,0.311,63.222,10.200,0.000,,,0.000,
2024-12-23,0.000,0.000,0.000,,,,,100.000,100.000,100.000,0.000,0.000,0.000,10.078,9.700,10.400,1.922,1.300,2.500,926.878,926.400,927.400,22.000,9.000,9.000,1.000,1.000,1.000,0.997,0.988,0.946,1.000,0.998,81.778,11.367,5.300,,,0.000,
2024-12-24,9.000,0.000,0.000,9.778,0.000,0.000,0.000,100.000,100.000,100.000,0.000,0.000,0.000,13.278,12.300,14.200,3.689,2.500,5.600,926.700,925.600,927.400,21.000,9.000,9.000,0.929,0.690,1.000,0.738,0.710,0.347,0.814,0.654,87.000,13.656,2.200,,,0.000,
2024-12-25,9.000,0.000,0.000,10.000,0.000,0.000,0.000,100.000,100.000,100.000,0.000,0.000,0.000,13.867,12.400,14.800,3.567,0.100,5.100,928.022,927.700,928.300,-7.300,9.000,9.000,1.000,1.000,1.000,1.000,0.386,0.010,0.392,0.250,93.111,14.122,1.900,,,0.000,
2024-12-26,9.000,0.000,0.000,10.000,0.000,0.000,0.000,100.000,100.000,100.000,0.000,0.000,0.000,10.189,9.900,10.500,1.733,1.200,2.000,929.178,928.600,929.500,-16.100,9.000,9.000,0.974,0.900,1.000,0.967,0.448,0.000,0.448,0.090,72.111,11.889,0.000,,,0.000,
2024-12-27,9.000,0.000,0.000,10.000,0.000,0.000,0.000,100.000,100.000,100.000,0.000,0.000,0.000,8.533,5.800,9.800,4.511,1.600,7.500,930.056,929.800,930.400,11.000,9.000,9.000,1.000,1.000,1.000,1.000,0.951,0.000,0.951,0.790,75.444,10.500,0.900,,,0.000,
2024-12-28,9.000,0.000,0.000,9.889,0.000,0.000,0.000,91.111,89.000,92.000,1.330,1.190,1.660,4.778,4.400,5.100,1.889,1.700,2.300,929.878,929.100,930.500,0.000,9.000,9.000,0.906,0.670,1.000,0.906,0.043,0.000,0.043,0.010,59.667,7.633,0.000,,,0.000,
2024-12-29,9.000,0.000,0.000,10.000,0.000,0.000,0.000,91.111,85.000,99.000,1.410,0.150,2.420,10.078,9.400,10.700,2.644,1.100,4.200,926.578,926.000,927.100,-29.400,9.000,9.000,0.120,0.040,0.210,0.104,0.043,0.000,0.043,0.030,66.333,12.211,0.000,,,0.000,
2024-12-30,9.000,0.000,0.000,9.444,0.000,0.000,0.000,69.111,64.000,77.000,5.447,3.840,6.550,10.411,9.800,11.000,3.344,0.400,4.900,926.333,925.500,926.800,0.000,9.000,9.000,0.524,0.090,0.790,0.480,0.121,0.000,0.121,0.090,82.778,11.356,0.000,,,0.000,
2024-12-31,9.000,0.000,0.000,8.000,0.000,0.000,0.000,92.222,90.000,95.000,1.189,0.760,1.550,8.022,7.500,8.800,1.967,1.500,2.600,924.944,923.800,925.800,0.000,9.000,9.000,0.627,0.100,0.940,0.470,0.380,0.000,0.380,0.040,65.333,10.222,0.000,,,0.000,
2025-01-01,8.000,0.000,0.000,10.000,0.000,0.000,0.000,100.000,100.000,100.000,0.000,0.000,0.000,11.856,10.700,12.500,2.044,0.900,3.000,923.944,923.700,924.200,14.500,9.000,9.000,1.000,1.000,1.000,0.927,0.992,0.527,0.999,0.996,85.333,12.467,4.300,,,0.000,
2025-01-02,9.000,0.000,0.000,10.000,0.000,0.000,0.000,99.444,98.000,100.000,0.083,0.000,0.300,10.411,8.800,11.200,2.978,1.400,5.300,924.989,924.700,925.200,-2.800,9.000,9.000,0.998,0.980,1.000,0.998,0.421,0.001,0.421,0.220,78.556,11.878,0.800,,,0.000,
2025-01-03,8.000,0.000,0.000,9.500,0.000,0.000,0.000,92.444,88.000,96.000,1.163,0.610,1.880,8.822,8.500,9.400,3.556,1.200,6.100,926.344,925.500,927.100,-19.600,9.000,9.000,0.837,0.520,1.000,0.837,0.000,0.000,0.000,0.000,60.889,11.367,0.000,,,0.000,
2025-01-04,8.000,0.000,0.000,8.875,0.000,0.000,0.000,97.889,96.000,100.000,0.326,0.000,0.620,11.500,11.000,11.900,3.500,1.800,5.200,925.078,924.400,926.300,-19.600,9.000,9.000,0.269,0.140,0.460,0.169,0.161,0.000,0.161,0.050,66.889,13.333,0.000,,,0.000,
2025-01-05,9.000,0.000,0.000,8.444,0.000,0.000,0.000,100.000,100.000,100.000,0.000,0.000,0.000,9.844,8.800,10.500,4.033,2.300,6.000,924.544,924.200,925.000,0.000,9.000,9.000,0.373,0.090,0.690,0.252,0.230,0.000,0.230,0.000,79.444,11.533,0.200,,,0.000,
2025-01-06,8.000,0.000,0.000,7.500,0.000,0.000,0.000,84.889,81.000,90.000,2.378,1.530,3.040,7.011,6.700,7.600,4.100,1.900,6.500,926.067,925.400,926.700,0.000,9.000,9.000,0.293,0.060,0.800,0.293,0.000,0.000,0.000,0.000,58.000,9.667,0.000,,,0.000,
2025-01-07,9.000,0.000,0.000,10.000,0.000,0.000,0.000,95.889,93.000,100.000,0.621,0.000,1.060,7.767,7.600,8.100,3.022,2.000,4.300,925.711,924.800,926.800,-9.800,9.000,9.000,0.578,0.220,0.830,0.352,0.429,0.000,0.429,0.050,62.556,10.678,0.000,,,0.000,
2025-01-08,8.000,0.000,0.000,10.000,0.000,0.000,0.000,100.000,100.000,100.000,0.000,0.000,0.000,8.956,7.700,9.500,2.456,1.300,3.600,926.756,926.400,927.200,-38.700,9.000,9.000,0.901,0.460,1.000,0.900,0.009,0.000,0.009,0.000,72.444,11.711,0.000,,,0.000,
2025-01-09,9.000,0.000,0.000,10.000,0.000,0.000,0.000,98.222,97.000,99.000,0.256,0.140,0.430,4.556,3.800,5.000,2.978,2.000,4.700,931.633,931.100,932.000,-36.700,9.000,9.000,0.999,0.990,1.000,0.997,0.870,0.000,0.870,0.520,66.222,7.478,0.000,,,0.000,
2025-01-10,9.000,0.000,0.000,10.000,0.000,0.000,0.000,98.889,98.000,100.000,0.159,0.000,0.290,4.800,4.500,5.100,1.811,1.200,2.300,932.578,931.700,933.400,-3.800,9.000,9.000,1.000,1.000,1.000,0.994,0.927,0.000,0.927,0.750,63.778,7.533,0.200,,,0.000,
2025-01-11,9.000,0.000,0.000,10.000,0.000,0.000,0.000,96.000,91.000,100.000,0.593,0.000,1.350,5.089,4.900,5.300,3.922,1.000,5.400,930.422,929.400,931.300,1.500,9.000,9.000,0.748,0.250,1.000,0.692,0.601,0.000,0.601,0.160,67.889,7.722,0.000,,,0.000,
2025-01-12,9.000,0.000,0.000,6.000,0.000,0.000,0.000,69.889,66.000,74.000,5.090,4.290,5.870,5.922,5.500,6.400,3.411,1.400,6.300,930.000,928.900,931.000,0.000,9.000,9.000,0.001,0.000,0.010,0.001,0.000,0.000,0.000,0.000,53.000,7.656,0.000,,,0.000,
2025-01-13,8.000,0.000,0.000,7.250,0.000,0.000,0.000,85.000,80.000,90.000,2.392,1.540,3.290,8.578,8.000,10.000,3.322,2.200,4.400,927.822,927.100,928.600,0.000,9.000,9.000,0.172,0.010,0.340,0.169,0.011,0.000,0.011,0.000,59.222,11.311,0.000,,,0.000,
2025-01-14,9.000,0.000,0.000,9.889,0.000,0.000,0.000,90.444,80.000,100.000,1.564,0.000,3.360,11.389,10.000,12.600,0.533,0.100,2.300,927.889,927.600,928.100,-8.300,9.000,9.000,0.563,0.120,0.890,0.109,0.542,0.001,0.543,0.100,90.778,11.367,0.200,,,0.000,
2025-01-15,8.000,0.000,0.000,9.875,0.000,0.000,0.000,91.444,89.000,94.000,1.277,0.880,1.660,4.678,4.400,5.300,2.933,2.200,4.600,930.744,929.200,931.800,0.000,9.000,9.000,0.893,0.690,0.980,0.892,0.094,0.000,0.094,0.000,67.333,7.356,0.000,,,0.000,
2025-01-16,9.000,0.000,0.000,9.778,0.000,0.000,0.000,95.444,90.000,100.000,0.680,0.000,1.500,5.544,5.000,6.300,1.967,0.900,4.100,929.078,928.200,929.700,-29.400,9.000,9.000,0.278,0.100,0.450,0.274,0.018,0.000,0.018,0.000,62.778,8.111,0.000,,,0.000,
2025-01-17,9.000,0.000,0.000,7.333,0.000,0.000,0.000,89.111,84.000,92.000,1.672,1.210,2.520,6.844,6.100,7.300,3.800,1.600,5.800,926.144,925.300,927.100,0.000,9.000,9.000,0.536,0.470,0.590,0.531,0.030,0.000,0.030,0.000,61.111,9.200,0.000,,,0.000,
2025-01-18,9.000,0.000,0.000,10.000,0.000,0.000,0.000,93.111,82.000,100.000,1.103,0.000,2.960,10.011,9.400,11.000,1.700,0.300,4.700,922.389,921.200,923.200,-15.600,9.000,9.000,0.996,0.970,1.000,0.121,0.994,0.000,0.994,0.960,81.222,11.844,1.500,,,0.000,
2025-01-19,9.000,0.000,0.000,6.111,0.000,0.000,0.000,87.222,77.000,94.000,2.027,0.910,3.800,8.211,7.400,8.700,1.833,0.900,3.100,921.811,921.100,922.200,0.000,9.000,9.000,0.010,0.000,0.030,0.007,0.006,0.000,0.006,0.000,71.000,9.078,0.000,,,0.000,
2025-01-20,9.000,0.000,0.000,8.222,0.000,0.000,0.000,91.222,89.000,93.000,1.354,1.070,1.710,8.878,8.600,9.100,1.856,1.300,2.200,923.367,922.800,923.900,0.000,9.000,9.000,0.179,0.000,0.550,0.179,0.000,0.000,0.000,0.000,63.111,10.844,0.000,,,0.000,
2025-01-21,6.000,0.000,0.000,8.833,0.000,0.000,0.000,91.222,89.000,93.000,1.380,1.090,1.750,10.944,10.500,11.600,3.733,3.100,4.200,924.167,923.100,924.800,0.000,9.000,9.000,0.196,0.080,0.330,0.051,0.169,0.000,0.169,0.060,63.000,13.567,0.000,,,0.000,
2025-01-22,7.000,0.000,0.000,10.000,0.000,0.000,0.000,96.333,93.000,100.000,0.571,0.000,1.100,12.089,11.600,12.800,0.844,0.200,2.800,923.356,922.300,923.800,-49.000,9.000,9.000,0.786,0.610,0.920,0.448,0.583,0.000,0.583,0.530,92.222,12.256,0.000,,,0.000,
2025-01-23,8.000,0.000,0.000,9.875,0.000,0.000,0.000,100.000,100.000,100.000,0.000,0.000,0.000,11.700,10.800,12.200,2.700,0.800,4.700,922.378,921.700,923.000,-57.300,9.000,9.000,0.761,0.580,0.860,0.761,0.003,0.000,0.003,0.000,84.889,11.889,0.400,,,0.000,
2025-01-24,9.000,0.000,0.000,8.778,0.000,0.000,0.000,99.444,98.000,100.000,0.084,0.000,0.310,12.344,11.900,12.800,1.833,1.200,2.300,922.267,921.800,923.100,-36.700,9.000,9.000,0.522,0.380,0.890,0.504,0.063,0.000,0.063,0.000,84.333,13.589,1.200,,,0.000,
2025-01-25,9.000,0.000,0.000,9.889,0.000,0.000,0.000,99.667,99.000,100.000,0.050,0.000,0.150,10.300,9.900,10.800,1.333,0.800,1.800,923.511,922.600,924.000,-47.000,9.000,9.000,0.894,0.560,1.000,0.892,0.029,0.000,0.029,0.000,79.111,12.611,1.100,,,0.000,
2025-01-26,9.000,0.000,0.000,10.000,0.000,0.000,0.000,100.000,100.000,100.000,0.000,0.000,0.000,6.944,4.800,8.400,7.756,7.200,9.000,923.744,923.400,924.300,64.500,9.000,9.000,0.999,0.990,1.000,0.856,0.999,0.001,0.999,0.990,83.222,8.478,6.500,,,0.000,
2025-01-27,7.000,0.000,0.000,8.857,0.000,0.000,0.000,83.111,77.000,88.000,2.611,1.790,3.650,3.356,3.000,3.700,2.689,1.400,4.300,927.622,926.700,928.200,0.000,9.000,9.000,0.337,0.150,0.530,0.337,0.000,0.000,0.000,0.000,64.667,5.167,0.000,,,0.000,
2025-01-28,9.000,0.000,0.000,7.222,0.000,0.000,0.000,83.111,78.000,91.000,2.629,1.340,3.500,4.289,4.000,4.500,2.600,1.600,3.600,930.433,929.500,931.000,0.000,9.000,9.000,0.097,0.000,0.180,0.039,0.069,0.000,0.069,0.000,57.889,6.478,0.000,,,0.000,
2025-01-29,0.000,0.000,0.000,,,,,87.444,85.000,91.000,1.931,1.360,2.330,5.989,5.700,6.300,3.956,3.000,5.700,927.922,927.200,928.600,0.000,9.000,9.000,0.118,0.030,0.170,0.114,0.007,0.000,0.007,0.000,56.111,9.322,0.000,,,0.000,
2025-01-30,9.000,0.000,0.000,8.778,0.000,0.000,0.000,90.111,82.000,95.000,1.576,0.770,2.940,10.944,10.000,11.600,3.411,2.900,4.400,924.533,923.100,925.300,0.000,9.000,9.000,0.051,0.020,0.120,0.027,0.041,0.000,0.041,0.010,64.556,13.378,0.000,,,0.000,
2025-01-31,9.000,0.000,0.000,10.000,0.000,0.000,0.000,98.222,92.000,100.000,0.277,0.000,1.270,13.133,12.100,13.500,1.467,0.400,3.900,922.200,921.100,923.200,-9.600,9.000,9.000,0.844,0.580,1.000,0.054,0.841,0.000,0.841,0.570,93.111,13.211,0.400,,,0.000,
2025-02-01,8.000,0.000,0.000,10.000,0.000,0.000,0.000,99.444,98.000,100.000,0.084,0.000,0.310,11.067,10.700,11.600,2.589,0.700,6.000,920.411,920.000,920.800,-6.600,9.000,9.000,0.999,0.990,1.000,0.993,0.867,0.000,0.867,0.660,86.333,11.800,3.500,,,0.000,
2025-02-02,8.000,0.000,0.000,10.000,0.000,0.000,0.000,100.000,100.000,100.000,0.000,0.000,0.000,10.433,9.800,10.800,1.522,1.000,2.400,921.767,921.400,922.000,8.000,9.000,9.000,0.989,0.920,1.000,0.988,0.541,0.000,0.541,0.230,84.111,11.211,1.700,,,0.000,
2025-02-03,9.000,0.000,0.000,10.000,0.000,0.000,0.000,100.000,100.000,100.000,0.000,0.000,0.000,4.878,3.800,5.800,5.444,4.500,6.300,926.967,926.400,927.500,24.500,9.000,9.000,0.998,0.990,1.000,0.976,0.994,0.006,0.994,0.990,77.889,7.200,4.000,,,0.000,
2025-02-04,9.000,0.000,0.000,9.778,0.000,0.000,0.000,85.444,83.000,88.000,2.230,1.800,2.660,4.322,3.300,5.400,2.956,1.900,3.800,925.644,925.200,926.000,0.000,9.000,9.000,0.262,0.110,0.350,0.087,0.237,0.000,0.237,0.110,59.222,6.856,0.000,,,0.000,
2025-02-05,9.000,0.000,0.000,10.000,0.000,0.000,0.000,97.222,92.000,100.000,0.422,0.000,1.220,8.133,7.700,8.500,3.267,2.300,4.700,924.644,923.900,925.300,-19.600,9.000,9.000,0.784,0.280,0.970,0.276,0.763,0.000,0.763,0.230,63.000,10.867,0.100,,,0.000,
2025-02-06,9.000,0.000,0.000,10.000,0.000,0.000,0.000,100.000,100.000,100.000,0.000,0.000,0.000,10.256,9.200,10.800,2.122,0.800,3.500,924.622,924.400,924.900,-12.100,9.000,9.000,0.996,0.980,1.000,0.817,0.992,0.003,0.992,0.980,84.333,10.978,5.900,,,0.000,
2025-02-07,9.000,0.000,0.000,10.000,0.000,0.000,0.000,99.778,99.000,100.000,0.031,0.000,0.140,3.989,3.000,4.800,2.411,1.700,3.400,929.578,929.200,929.800,-34.200,9.000,9.000,0.999,0.990,1.000,0.986,0.997,0.140,0.997,0.980,77.000,5.778,2.300,,,0.000,
2025-02-08,9.000,0.000,0.000,9.556,0.000,0.000,0.000,95.778,94.000,99.000,0.611,0.140,0.870,3.178,2.500,3.800,1.889,1.300,2.400,929.256,928.700,929.500,-58.800,9.000,9.000,0.997,0.980,1.000,0.996,0.547,0.021,0.560,0.330,67.889,5.411,0.000,,,0.000,
2025-02-09,9.000,0.000,0.000,9.889,0.000,0.000,0.000,98.222,97.000,100.000,0.260,0.000,0.440,5.356,4.800,6.200,3.500,2.200,5.800,928.022,927.000,928.500,0.000,9.000,9.000,0.603,0.430,0.870,0.581,0.091,0.000,0.091,0.010,61.333,8.500,0.000,,,0.000,
2025-02-10,9.000,0.000,0.000,8.333,0.000,0.000,0.000,92.333,83.000,99.000,1.213,0.150,2.780,10.056,9.400,10.900,3.011,1.500,4.300,926.567,925.700,927.200,0.000,9.000,9.000,0.292,0.110,0.420,0.231,0.076,0.032,0.105,0.040,68.444,12.022,0.000,,,0.000,
2025-02-11,9.000,0.000,0.000,10.000,0.000,0.000,0.000,88.556,84.000,90.000,1.871,1.610,2.680,14.344,13.900,14.700,1.356,0.400,2.400,924.767,924.100,925.100,0.000,9.000,9.000,0.769,0.540,0.870,0.020,0.693,0.490,0.845,0.672,85.778,13.656,0.100,,,0.000,
2025-02-12,9.000,0.000,0.000,10.000,0.000,0.000,0.000,99.778,99.000,100.000,0.033,0.000,0.150,11.444,8.900,13.600,2.222,1.400,3.800,926.011,925.100,926.700,26.500,9.000,9.000,1.000,1.000,1.000,0.914,1.000,0.776,1.000,1.000,89.556,11.622,22.300,,,0.000,
2025-02-13,8.000,0.000,0.000,10.000,0.000,0.000,0.000,100.000,100.000,100.000,0.000,0.000,0.000,8.911,8.300,9.400,2.767,1.900,3.500,925.178,923.600,926.300,-57.300,9.000,9.000,0.956,0.860,1.000,0.922,0.236,0.718,0.743,0.535,76.333,10.822,0.200,,,0.000,
2025-02-14,9.000,0.000,0.000,6.667,0.000,0.000,0.000,100.000,100.000,100.000,0.000,0.000,0.000,13.011,12.300,13.500,1.933,0.200,3.100,922.389,921.700,922.800,0.000,9.000,9.000,0.177,0.090,0.330,0.166,0.039,0.000,0.039,0.000,87.889,13.011,0.000,,,0.000,
2025-02-15,8.000,0.000,0.000,6.250,0.000,0.000,0.000,87.000,79.000,97.000,2.180,0.470,3.640,14.289,12.200,16.100,1.689,0.200,3.300,921.533,920.800,921.800,0.000,9.000,9.000,0.900,0.790,0.990,0.899,0.007,0.000,0.007,0.000,94.889,12.644,0.100,,,0.000,
2025-02-16,9.000,0.000,0.000,6.667,0.000,0.000,0.000,91.111,80.000,100.000,1.429,0.000,3.270,9.233,8.900,10.300,2.433,1.400,4.500,926.544,926.200,927.000,0.000,9.000,9.000,0.043,0.000,0.100,0.024,0.020,0.000,0.020,0.000,67.556,11.456,0.000,,,0.000,
2025-02-17,9.000,0.000,0.000,10.000,0.000,0.000,0.000,98.333,90.000,100.000,0.259,0.000,1.570,9.133,8.500,10.000,3.278,1.700,5.300,927.311,926.500,927.800,-36.700,9.000,9.000,0.933,0.670,1.000,0.933,0.189,0.000,0.189,0.040,69.889,11.478,0.000,,,0.000,
2025-02-18,9.000,0.000,0.000,10.000,0.000,0.000,0.000,100.000,100.000,100.000,0.000,0.000,0.000,8.178,7.800,8.700,5.422,2.200,7.700,928.000,927.000,928.600,-23.400,9.000,9.000,0.973,0.850,1.000,0.962,0.824,0.000,0.824,0.600,74.111,10.244,0.100,,,0.000,
2025-02-19,9.000,0.000,0.000,10.000,0.000,0.000,0.000,100.000,100.000,100.000,0.000,0.000,0.000,11.156,10.700,11.400,3.733,1.200,5.500,927.133,926.500,927.700,-17.600,9.000,9.000,0.937,0.570,1.000,0.317,0.936,0.000,0.936,0.570,79.778,12.078,1.100,,,0.000,
2025-02-20,8.000,0.000,0.000,10.000,0.000,0.000,0.000,100.000,100.000,100.000,0.000,0.000,0.000,11.200,10.200,11.900,2.078,0.900,4.600,927.244,926.800,927.600,-14.100,9.000,9.000,1.000,1.000,1.000,1.000,0.539,0.000,0.539,0.180,88.000,12.256,3.100,,,0.000,
2025-02-21,9.000,0.000,0.000,10.000,0.000,0.000,0.000,100.000,100.000,100.000,0.000,0.000,0.000,8.522,8.300,8.800,2.889,1.400,4.700,929.989,928.700,930.800,-44.000,9.000,9.000,0.993,0.970,1.000,0.992,0.316,0.000,0.316,0.090,78.111,10.278,0.100,,,0.000,
2025-02-22,9.000,0.000,0.000,10.000,0.000,0.000,0.000,100.000,100.000,100.000,0.000,0.000,0.000,9.889,9.400,10.100,1.900,0.800,3.200,929.289,928.700,930.000,-2.300,9.000,9.000,1.000,1.000,1.000,1.000,0.993,0.017,0.993,0.960,84.000,11.122,4.500,,,0.000,
2025-02-23,9.000,0.000,0.000,10.000,0.000,0.000,0.000,99.333,99.000,100.000,0.100,0.000,0.150,7.322,6.900,7.700,1.189,0.900,1.600,933.278,932.500,933.900,14.000,9.000,9.000,1.000,1.000,1.000,1.000,0.999,0.000,0.999,0.990,78.222,9.156,1.000,,,0.000,
2025-02-24,9.000,0.000,0.000,9.778,0.000,0.000,0.000,100.000,100.000,100.000,0.000,0.000,0.000,6.156,5.700,6.700,3.522,1.600,6.400,932.267,930.100,933.600,-38.200,9.000,9.000,0.628,0.460,0.770,0.622,0.038,0.000,0.038,0.010,66.889,9.056,0.000,,,0.000,
2025-02-25,8.000,0.000,0.000,10.000,0.000,0.000,0.000,98.444,97.000,100.000,0.236,0.000,0.460,10.511,10.000,11.000,0.489,0.100,1.000,929.322,928.000,930.300,-9.800,9.000,9.000,0.930,0.480,1.000,0.030,0.918,0.840,0.957,0.629,76.444,12.200,0.300,,,0.000,
2025-02-26,8.000,0.000,0.000,10.000,0.000,0.000,0.000,100.000,100.000,100.000,0.000,0.000,0.000,12.644,12.100,13.100,1.678,0.600,2.400,925.756,924.200,926.900,-9.800,9.000,9.000,0.933,0.760,1.000,0.081,0.318,0.917,0.940,0.748,86.556,12.811,0.000,,,0.000,
2025-02-27,9.000,0.000,0.000,6.111,0.000,0.000,0.000,97.222,96.000,98.000,0.429,0.310,0.620,12.478,12.000,13.200,0.367,0.200,0.700,924.911,923.600,925.900,0.000,9.000,9.000,0.018,0.000,0.040,0.016,0.008,0.000,0.008,0.000,89.556,12.267,0.000,,,0.000,
2025-02-28,9.000,0.000,0.000,6.000,0.000,0.000,0.000,97.111,92.000,99.000,0.457,0.150,1.280,14.400,12.800,15.600,1.389,0.200,2.300,924.011,923.300,924.500,0.000,9.000,9.000,0.136,0.050,0.240,0.127,0.079,0.000,0.079,0.020,92.556,13.133,0.000,,,0.000,
2025-03-01,9.000,0.000,0.000,10.000,0.000,0.000,0.000,91.222,85.000,98.000,1.454,0.320,2.540,16.156,15.500,16.800,0.722,0.400,2.100,921.900,921.300,922.400,0.000,9.000,9.000,0.916,0.860,0.970,0.017,0.022,0.914,0.916,0.860,89.667,15.556,0.000,,,0.000,
2025-03-02,9.000,0.000,0.000,10.000,0.000,0.000,0.000,91.667,85.000,97.000,1.401,0.490,2.590,18.656,17.200,19.600,1.533,0.400,2.800,919.667,919.000,920.300,0.000,9.000,9.000,0.610,0.270,1.000,0.073,0.000,0.603,0.603,0.270,85.333,16.167,0.000,,,0.000,
2025-03-03,8.000,0.000,0.000,10.000,0.000,0.000,0.000,99.222,97.000,100.000,0.126,0.000,0.490,16.800,14.900,18.300,3.556,0.800,8.400,920.311,920.000,920.500,32.200,9.000,9.000,0.994,0.970,1.000,0.830,0.316,0.946,0.968,0.918,97.222,15.233,0.400,,,0.000,
2025-03-04,9.000,0.000,0.000,10.000,0.000,0.000,0.000,100.000,100.000,100.000,0.000,0.000,0.000,12.622,11.600,13.800,3.589,0.900,6.900,920.544,919.600,921.600,-12.600,9.000,9.000,1.000,1.000,1.000,0.942,0.826,0.959,0.989,0.915,88.000,12.300,12.000,,,0.000,
2025-03-05,8.000,0.000,0.000,10.000,0.000,0.000,0.000,99.889,99.000,100.000,0.017,0.000,0.150,11.689,11.200,12.200,2.867,1.600,5.200,922.422,922.200,922.800,14.000,9.000,9.000,1.000,1.000,1.000,1.000,0.587,0.217,0.587,0.030,84.111,12.400,4.000,,,0.000,
2025-03-06,9.000,0.000,0.000,9.889,0.000,0.000,0.000,99.444,98.000,100.000,0.083,0.000,0.300,6.933,6.600,7.400,2.389,1.800,3.200,927.767,926.100,928.900,12.500,9.000,9.000,1.000,1.000,1.000,0.998,0.987,0.378,0.987,0.940,75.444,9.111,0.700,,,0.000,
2025-03-07,9.000,0.000,0.000,10.000,0.000,0.000,0.000,100.000,100.000,100.000,0.000,0.000,0.000,8.289,7.900,8.400,2.189,1.200,3.900,925.600,925.000,926.300,-25.400,9.000,9.000,1.000,1.000,1.000,1.000,0.966,0.000,0.966,0.900,81.000,10.367,1.500,,,0.000,
2025-03-08,9.000,0.000,0.000,9.333,0.000,0.000,0.000,100.000,100.000,100.000,0.000,0.000,0.000,9.067,8.400,9.600,3.889,1.800,4.900,927.389,926.900,927.800,-38.700,9.000,9.000,0.973,0.890,1.000,0.971,0.074,0.000,0.074,0.030,73.556,11.433,0.000,,,0.000,
2025-03-09,9.000,0.000,0.000,8.556,0.000,0.000,0.000,100.000,100.000,100.000,0.000,0.000,0.000,12.811,12.400,13.100,2.622,1.000,4.500,927.778,925.300,928.900,-19.600,9.000,9.000,0.323,0.070,0.640,0.316,0.030,0.000,0.030,0.000,78.000,13.567,0.000,,,0.000,
2025-03-10,7.000,0.000,0.000,8.000,0.000,0.000,0.000,93.222,84.000,99.000,1.118,0.160,2.700,15.378,14.500,16.600,0.900,0.600,1.400,925.411,923.900,926.500,0.000,9.000,9.000,0.570,0.010,1.000,0.550,0.144,0.000,0.144,0.000,93.333,12.856,0.000,,,0.000,
2025-03-11,9.000,0.000,0.000,7.778,0.000,0.000,0.000,93.889,88.000,98.000,0.994,0.320,1.990,15.878,14.400,16.900,0.867,0.300,1.800,923.100,921.900,923.900,0.000,9.000,9.000,0.936,0.760,1.000,0.830,0.294,0.676,0.782,0.500,93.667,14.178,0.000,,,0.000,
2025-03-12,9.000,0.000,0.000,9.889,0.000,0.000,0.000,88.556,85.000,91.000,1.933,1.490,2.580,18.633,18.100,19.200,1.667,1.100,2.200,921.444,920.900,922.000,-19.600,9.000,9.000,0.400,0.190,0.740,0.006,0.116,0.334,0.411,0.208,88.000,16.133,0.000,,,0.000,
2025-03-13,9.000,0.000,0.000,10.000,0.000,0.000,0.000,100.000,100.000,100.000,0.000,0.000,0.000,16.600,15.500,17.300,2.322,1.300,3.400,922.444,921.500,923.300,0.000,9.000,9.000,0.972,0.800,1.000,0.924,0.269,0.803,0.850,0.417,90.444,14.589,0.500,,,0.000,
2025-03-14,9.000,0.000,0.000,9.889,0.000,0.000,0.000,99.111,98.000,100.000,0.142,0.000,0.320,16.600,13.800,18.000,2.189,0.600,8.200,921.478,920.200,922.500,-26.400,9.000,9.000,0.932,0.720,1.000,0.707,0.351,0.584,0.732,0.626,95.222,14.067,0.700,,,0.000,
2025-03-15,9.000,0.000,0.000,10.000,0.000,0.000,0.000,100.000,100.000,100.000,0.000,0.000,0.000,8.389,6.900,9.900,6.000,1.700,7.900,922.200,921.400,922.700,-0.300,9.000,9.000,1.000,1.000,1.000,1.000,0.929,0.827,0.987,0.899,85.444,9.667,7.900,,,0.000,
2025-03-16,9.000,0.000,0.000,10.000,0.000,0.000,0.000,88.333,82.000,93.000,1.788,1.050,2.840,5.744,5.000,6.100,3.111,1.200,5.200,925.867,925.300,926.800,-9.800,9.000,9.000,0.712,0.170,0.910,0.687,0.260,0.000,0.260,0.010,57.111,8.722,0.000,,,0.000,
2025-03-17,8.000,0.000,0.000,10.000,0.000,0.000,0.000,89.444,82.000,93.000,1.624,1.040,2.860,6.422,5.300,7.000,3.056,1.800,5.500,925.533,924.500,926.400,0.000,9.000,9.000,0.711,0.220,1.000,0.039,0.703,0.284,0.712,0.200,62.222,8.367,0.100,,,0.000,
2025-03-18,8.000,0.000,0.000,7.750,0.000,0.000,0.000,79.444,75.000,85.000,3.317,2.360,4.120,6.656,6.000,7.500,2.267,1.100,3.400,928.322,928.000,928.600,0.000,9.000,9.000,0.119,0.000,0.490,0.050,0.109,0.000,0.109,0.000,56.778,8.700,0.000,,,0.000,
2025-03-19,8.000,0.000,0.000,6.000,0.000,0.000,0.000,90.222,87.000,93.000,1.490,1.050,2.010,6.511,6.200,6.800,2.944,2.000,4.500,929.944,929.600,930.400,0.000,9.000,9.000,0.002,0.000,0.010,0.002,0.000,0.000,0.000,0.000,62.444,9.089,0.000,,,0.000,
2025-03-20,9.000,0.000,0.000,6.000,0.000,0.000,0.000,53.556,35.000,66.000,9.114,5.900,14.730,8.711,6.400,9.500,1.678,0.700,2.500,928.600,928.200,929.100,0.000,9.000,9.000,0.000,0.000,0.000,0.000,0.000,0.000,0.000,0.000,63.444,9.422,0.000,,,0.000,
2025-03-21,9.000,0.000,0.000,6.000,0.000,0.000,0.000,66.889,28.000,79.000,6.252,3.400,17.490,8.644,7.200,10.000,1.133,0.400,2.100,926.700,925.800,927.600,0.000,9.000,9.000,0.000,0.000,0.000,0.000,0.000,0.000,0.000,0.000,63.111,10.767,0.000,,,0.000,
2025-03-22,9.000,0.000,0.000,6.333,0.000,0.000,0.000,25.778,22.000,31.000,19.188,16.530,21.250,12.489,11.200,14.100,1.189,0.600,1.900,925.022,924.300,925.700,0.000,9.000,9.000,0.007,0.000,0.020,0.007,0.000,0.000,0.000,0.000,77.444,11.378,0.000,,,0.000,
2025-03-23,9.000,0.000,0.000,6.000,0.000,0.000,0.000,72.667,61.000,86.000,4.977,2.290,7.490,14.389,12.800,16.100,1.767,0.800,3.000,921.378,920.100,922.300,0.000,9.000,9.000,0.001,0.000,0.010,0.000,0.001,0.000,0.001,0.000,80.333,12.556,0.000,,,0.000,
2025-03-24,9.000,0.000,0.000,6.000,0.000,0.000,0.000,76.667,57.000,97.000,4.321,0.470,8.550,15.167,13.800,16.500,1.211,0.700,2.100,918.756,917.500,919.800,0.000,9.000,9.000,0.010,0.000,0.020,0.010,0.003,0.000,0.003,0.000,81.778,14.578,0.000,,,0.000,
2025-03-25,9.000,0.000,0.000,7.111,0.000,0.000,0.000,64.556,46.000,86.000,7.093,2.380,11.770,17.944,16.600,19.800,0.844,0.300,1.900,917.133,916.200,917.800,0.000,9.000,9.000,0.192,0.000,0.750,0.000,0.000,0.192,0.192,0.000,86.667,15.500,0.000,,,0.000,
2025-03-26,9.000,0.000,0.000,8.556,0.000,0.000,0.000,86.667,82.000,98.000,2.317,0.320,3.190,19.878,18.500,21.000,2.567,1.300,3.900,915.611,914.800,916.200,0.000,9.000,9.000,0.607,0.140,0.890,0.437,0.043,0.340,0.358,0.140,90.889,17.667,0.000,,,0.000,
2025-03-27,9.000,0.000,0.000,9.778,0.000,0.000,0.000,90.778,84.000,100.000,1.577,0.000,2.800,19.044,16.400,20.400,3.356,1.700,5.900,917.222,915.400,918.500,-9.800,9.000,9.000,0.384,0.010,1.000,0.236,0.146,0.133,0.243,0.000,84.000,18.900,0.800,,,0.000,
2025-03-28,9.000,0.000,0.000,8.778,0.000,0.000,0.000,100.000,100.000,100.000,0.000,0.000,0.000,8.278,7.800,9.000,2.511,2.100,3.800,924.556,923.400,925.000,7.000,9.000,9.000,1.000,1.000,1.000,1.000,0.430,0.021,0.436,0.090,78.222,10.644,1.500,,,0.000,
2025-03-29,9.000,0.000,0.000,9.667,0.000,0.000,0.000,100.000,100.000,100.000,0.000,0.000,0.000,8.000,7.300,8.300,2.367,2.000,3.100,926.467,925.000,927.000,14.000,9.000,9.000,1.000,1.000,1.000,0.999,0.970,0.240,0.972,0.774,80.000,9.744,4.800,,,0.000,
2025-03-30,9.000,0.000,0.000,10.000,0.000,0.000,0.000,100.000,100.000,100.000,0.000,0.000,0.000,8.511,7.100,9.500,3.211,2.100,4.900,925.611,924.100,927.000,21.500,9.000,9.000,0.977,0.820,1.000,0.956,0.867,0.418,0.924,0.729,84.778,9.922,15.800,,,0.000,
2025-03-31,9.000,0.000,0.000,10.000,0.000,0.000,0.000,100.000,100.000,100.000,0.000,0.000,0.000,8.733,8.400,9.000,3.989,2.000,6.400,923.167,921.800,924.200,31.000,9.000,9.000,1.000,1.000,1.000,0.997,0.993,0.208,0.996,0.972,85.889,10.444,12.600,,,0.000,
2025-04-01,9.000,0.000,0.000,10.000,0.000,0.000,0.000,98.333,93.000,100.000,0.251,0.000,1.060,7.411,6.500,8.300,2.378,1.200,4.300,923.256,922.800,923.700,-39.200,9.000,9.000,0.842,0.540,1.000,0.818,0.157,0.000,0.157,0.050,69.889,10.456,0.000,,,0.000,
2025-04-02,9.000,0.000,0.000,9.889,0.000,0.000,0.000,82.778,57.000,97.000,3.008,0.450,8.150,9.400,8.100,10.400,2.644,1.900,3.300,924.333,923.900,924.800,0.000,9.000,9.000,0.284,0.020,0.530,0.011,0.274,0.000,0.274,0.000,63.889,11.900,0.000,,,0.000,
2025-04-03,9.000,0.000,0.000,6.222,0.000,0.000,0.000,91.111,88.000,93.000,1.403,1.090,1.930,11.500,11.000,11.900,3.011,2.100,3.400,925.000,923.900,925.700,0.000,9.000,9.000,0.036,0.000,0.080,0.006,0.021,0.013,0.034,0.000,62.667,13.889,0.000,,,0.000,
2025-04-04,9.000,0.000,0.000,10.000,0.000,0.000,0.000,92.556,89.000,98.000,1.191,0.310,1.780,13.311,12.600,13.700,1.956,0.600,3.600,922.311,921.700,923.000,-9.300,9.000,9.000,0.717,0.280,1.000,0.023,0.706,0.080,0.719,0.277,67.222,15.289,0.800,,,0.000,
2025-04-05,9.000,0.000,0.000,10.000,0.000,0.000,0.000,98.000,94.000,100.000,0.308,0.000,0.930,11.389,11.000,12.200,1.822,0.300,3.600,921.389,920.400,922.200,12.500,9.000,9.000,1.000,1.000,1.000,0.209,0.999,0.677,1.000,1.000,82.667,12.811,4.000,,,0.000,
2025-04-06,9.000,0.000,0.000,7.556,0.000,0.000,0.000,85.444,75.000,96.000,2.426,0.620,4.360,13.144,12.700,13.800,3.744,2.300,5.800,923.967,923.100,924.900,0.000,9.000,9.000,0.197,0.000,0.770,0.001,0.008,0.191,0.195,0.000,68.889,15.233,0.000,,,0.000,
2025-04-07,8.000,0.000,0.000,9.625,0.000,0.000,0.000,89.889,85.000,95.000,1.670,0.800,2.540,15.844,15.000,16.800,1.333,0.400,1.900,923.889,922.900,924.900,0.000,9.000,9.000,0.418,0.020,0.860,0.032,0.144,0.343,0.407,0.000,76.778,15.989,0.000,,,0.000,
2025-04-08,0.000,0.000,0.000,,,,,84.778,70.000,96.000,2.651,0.640,5.530,16.578,15.400,17.500,0.944,0.300,1.700,922.022,920.400,923.200,0.000,9.000,9.000,0.370,0.120,0.770,0.004,0.181,0.237,0.374,0.117,86.000,16.644,0.000,,,0.000,
2025-04-09,9.000,0.000,0.000,10.000,0.000,0.000,0.000,99.556,98.000,100.000,0.071,0.000,0.320,17.522,16.400,18.500,1.556,0.300,2.800,918.089,916.200,919.600,22.700,9.000,9.000,0.984,0.890,1.000,0.812,0.711,0.979,0.989,0.920,90.000,17.189,4.900,,,0.000,
2025-04-10,9.000,0.000,0.000,6.444,0.000,0.000,0.000,99.000,98.000,100.000,0.160,0.000,0.320,15.478,15.100,15.900,3.133,2.000,4.000,918.011,917.600,918.500,0.000,9.000,9.000,0.274,0.120,0.430,0.118,0.057,0.141,0.190,0.000,84.778,15.889,0.000,,,0.000,
2025-04-11,9.000,0.000,0.000,10.000,0.000,0.000,0.000,98.556,97.000,100.000,0.232,0.000,0.490,18.411,17.900,18.700,1.156,0.300,1.600,917.500,916.200,919.200,-49.000,9.000,9.000,0.751,0.350,0.960,0.060,0.336,0.620,0.754,0.329,92.000,18.089,2.200,,,0.000,
2025-04-12,8.000,0.000,0.000,10.000,0.000,0.000,0.000,97.000,81.000,100.000,0.526,0.000,3.400,13.933,8.400,21.300,6.444,3.300,9.800,919.100,916.100,920.800,64.500,9.000,9.000,0.999,0.990,1.000,0.783,0.990,0.516,0.998,0.992,85.222,13.867,27.900,,,0.000,
2025-04-13,9.000,0.000,0.000,9.333,0.000,0.000,0.000,57.556,30.000,87.000,8.926,2.110,17.410,12.367,8.900,14.600,2.833,1.700,4.100,918.422,918.000,918.900,0.000,9.000,9.000,0.536,0.010,0.960,0.002,0.064,0.507,0.536,0.010,59.889,12.022,0.000,,,0.000,
2025-04-14,9.000,0.000,0.000,9.111,0.000,0.000,0.000,77.444,26.000,97.000,4.998,0.470,20.030,16.244,14.600,19.500,2.633,1.200,3.900,919.044,917.600,919.400,0.000,9.000,9.000,0.630,0.000,0.980,0.000,0.024,0.621,0.631,0.000,72.556,16.478,0.000,,,0.000,
2025-04-15,9.000,0.000,0.000,6.111,0.000,0.000,0.000,80.778,65.000,91.000,3.340,1.430,6.480,13.567,12.200,14.400,1.000,0.500,1.500,920.844,919.800,921.700,0.000,9.000,9.000,0.236,0.010,0.580,0.006,0.000,0.233,0.233,0.010,72.667,15.678,0.000,,,0.000,
2025-04-16,8.000,0.000,0.000,8.625,0.000,0.000,0.000,73.556,51.000,92.000,4.886,1.290,10.130,15.211,14.200,16.700,0.822,0.500,1.300,919.856,918.800,920.800,0.000,9.000,9.000,0.803,0.450,0.990,0.036,0.057,0.796,0.799,0.450,76.222,16.611,0.000,,,0.000,
2025-04-17,8.000,0.000,0.000,9.625,0.000,0.000,0.000,92.778,90.000,97.000,1.188,0.480,1.660,17.456,16.200,18.400,1.089,0.200,2.100,917.944,917.400,918.700,0.000,9.000,9.000,0.392,0.110,0.870,0.147,0.090,0.274,0.332,0.070,86.222,17.933,0.000,,,0.000,
2025-04-18,9.000,0.000,0.000,9.778,0.000,0.000,0.000,93.000,91.000,96.000,1.161,0.650,1.510,19.033,18.500,19.200,1.411,0.600,2.100,919.233,918.700,919.600,0.000,9.000,9.000,0.964,0.770,1.000,0.056,0.168,0.960,0.967,0.792,84.444,19.456,0.100,,,0.000,
2025-04-19,9.000,0.000,0.000,10.000,0.000,0.000,0.000,98.889,93.000,100.000,0.183,0.000,1.160,18.900,17.400,21.100,3.200,0.500,11.800,918.378,916.500,919.800,8.600,9.000,9.000,0.993,0.980,1.000,0.036,0.743,0.992,0.996,0.986,90.111,19.778,0.600,,,0.000,
2025-04-20,9.000,0.000,0.000,9.333,0.000,0.000,0.000,98.222,94.000,100.000,0.290,0.000,0.990,18.200,17.600,19.700,1.933,0.400,2.600,920.922,920.300,921.400,0.000,9.000,9.000,0.869,0.710,1.000,0.241,0.129,0.833,0.856,0.676,91.111,18.822,1.400,,,0.000,
2025-04-21,9.000,0.000,0.000,7.444,0.000,0.000,0.000,97.667,92.000,100.000,0.387,0.000,1.340,20.400,19.600,20.700,2.200,1.500,3.700,919.378,918.200,920.400,0.000,9.000,9.000,0.819,0.370,1.000,0.646,0.000,0.421,0.421,0.140,90.222,19.567,0.000,,,0.000,
2025-04-22,9.000,0.000,0.000,7.778,0.000,0.000,0.000,78.222,46.000,94.000,4.323,1.000,12.430,21.356,19.500,25.000,2.700,1.400,3.700,917.356,916.500,918.100,0.000,9.000,9.000,0.572,0.320,0.770,0.212,0.264,0.268,0.468,0.261,76.111,21.267,0.300,,,0.000,
2025-04-23,8.000,0.000,0.000,9.750,0.000,0.000,0.000,100.000,100.000,100.000,0.000,0.000,0.000,18.267,17.400,19.200,0.978,0.500,1.900,918.556,917.900,919.300,-9.300,9.000,9.000,0.993,0.970,1.000,0.983,0.498,0.236,0.628,0.475,85.333,18.267,0.100,,,0.000,
2025-04-24,9.000,0.000,0.000,10.000,0.000,0.000,0.000,100.000,100.000,100.000,0.000,0.000,0.000,18.733,18.500,19.100,1.556,0.500,3.000,918.956,918.000,919.900,-57.800,9.000,9.000,0.998,0.990,1.000,0.312,0.674,0.924,0.998,0.991,86.889,19.222,1.800,,,0.000,
2025-04-25,9.000,0.000,0.000,10.000,0.000,0.000,0.000,100.000,100.000,100.000,0.000,0.000,0.000,13.367,13.000,13.600,3.656,1.300,4.800,922.800,921.700,923.600,-14.600,9.000,9.000,0.996,0.970,1.000,0.891,0.710,0.716,0.921,0.780,79.778,15.522,1.800,,,0.000,
2025-04-26,9.000,0.000,0.000,9.444,0.000,0.000,0.000,100.000,100.000,100.000,0.000,0.000,0.000,15.811,14.500,16.800,3.056,0.900,5.700,922.778,921.300,924.200,0.500,9.000,9.000,0.651,0.340,1.000,0.542,0.426,0.000,0.426,0.140,84.333,17.011,0.600,,,0.000,
2025-04-27,9.000,0.000,0.000,9.556,0.000,0.000,0.000,89.889,78.000,99.000,1.726,0.160,3.950,18.789,18.200,19.900,1.856,1.300,2.500,919.478,918.000,920.700,-19.100,9.000,9.000,0.622,0.080,0.990,0.251,0.586,0.116,0.631,0.059,86.333,18.544,0.900,,,0.000,
2025-04-28,9.000,0.000,0.000,7.000,0.000,0.000,0.000,67.556,58.000,94.000,6.151,0.950,8.180,14.589,13.300,15.700,2.400,1.400,3.500,921.611,920.700,922.500,0.000,9.000,9.000,0.278,0.020,0.820,0.009,0.033,0.241,0.274,0.010,71.000,15.589,0.000,,,0.000,
2025-04-29,9.000,0.000,0.000,6.556,0.000,0.000,0.000,36.222,17.000,55.000,15.653,9.010,25.360,16.422,15.500,17.500,2.844,0.400,6.100,921.767,920.900,922.500,0.000,9.000,9.000,0.101,0.000,0.300,0.007,0.000,0.096,0.096,0.000,72.111,16.189,0.000,,,0.000,
2025-04-30,9.000,0.000,0.000,9.333,0.000,0.000,0.000,92.778,86.000,98.000,1.202,0.320,2.400,17.778,16.600,18.900,0.978,0.500,1.600,920.667,920.200,921.100,0.000,9.000,9.000,0.524,0.310,0.860,0.060,0.181,0.436,0.541,0.298,83.222,18.867,0.000,,,0.000,
2025-05-01,9.000,0.000,0.000,9.889,0.000,0.000,0.000,79.444,65.000,98.000,3.716,0.320,6.720,17.522,15.800,18.800,1.567,0.400,2.700,921.211,920.500,922.100,0.000,9.000,9.000,0.857,0.410,0.970,0.012,0.002,0.850,0.850,0.350,86.111,17.989,0.000,,,0.000,
2025-05-02,9.000,0.000,0.000,7.778,0.000,0.000,0.000,73.667,59.000,86.000,4.873,2.380,8.140,17.644,16.300,18.600,1.700,1.000,2.300,919.267,918.600,919.900,0.000,9.000,9.000,0.443,0.070,0.880,0.004,0.002,0.442,0.444,0.069,76.889,18.589,0.000,,,0.000,
2025-05-03,9.000,0.000,0.000,10.000,0.000,0.000,0.000,93.889,82.000,98.000,1.022,0.320,3.170,18.133,17.200,20.100,1.067,0.400,1.800,919.678,919.000,920.300,-37.700,9.000,9.000,0.833,0.520,0.990,0.006,0.302,0.767,0.836,0.536,83.444,20.011,0.200,,,0.000,
2025-05-04,9.000,0.000,0.000,10.000,0.000,0.000,0.000,100.000,100.000,100.000,0.000,0.000,0.000,18.444,17.600,19.000,2.167,0.500,3.400,918.911,917.300,920.000,-28.900,9.000,9.000,0.958,0.710,1.000,0.019,0.843,0.900,0.958,0.696,87.667,19.478,0.800,,,0.000,
2025-05-05,9.000,0.000,0.000,9.556,0.000,0.000,0.000,100.000,100.000,100.000,0.000,0.000,0.000,20.878,20.400,21.200,2.433,1.400,3.900,916.411,915.600,917.200,0.000,9.000,9.000,0.539,0.220,1.000,0.102,0.116,0.410,0.493,0.147,84.778,21.611,0.100,,,0.000,
2025-05-06,9.000,0.000,0.000,10.000,0.000,0.000,0.000,82.778,58.000,100.000,3.257,0.000,8.390,18.378,17.600,19.000,2.678,1.900,5.200,918.578,917.300,919.500,-29.400,9.000,9.000,0.994,0.970,1.000,0.151,0.982,0.664,0.994,0.967,79.556,19.867,0.200,,,0.000,
2025-05-07,9.000,0.000,0.000,10.000,0.000,0.000,0.000,100.000,100.000,100.000,0.000,0.000,0.000,16.433,15.900,16.900,2.211,0.600,3.800,919.667,918.900,920.500,-9.300,9.000,9.000,0.993,0.970,1.000,0.137,0.898,0.783,0.995,0.984,80.667,17.500,2.400,,,0.000,
2025-05-08,9.000,0.000,0.000,9.333,0.000,0.000,0.000,96.333,90.000,99.000,0.611,0.160,1.710,20.289,19.200,21.400,1.211,0.200,1.900,918.311,916.700,919.500,0.000,9.000,9.000,0.846,0.580,1.000,0.031,0.026,0.832,0.838,0.549,86.444,19.700,0.000,,,0.000,
2025-05-09,9.000,0.000,0.000,10.000,0.000,0.000,0.000,98.889,95.000,100.000,0.184,0.000,0.840,21.233,20.600,21.700,2.233,1.200,3.400,918.644,917.700,919.200,-27.400,9.000,9.000,0.999,0.990,1.000,0.536,0.358,0.990,0.993,0.978,92.222,21.078,1.800,,,0.000,
2025-05-10,9.000,0.000,0.000,10.000,0.000,0.000,0.000,95.111,89.000,100.000,0.807,0.000,1.840,17.356,16.100,17.700,2.756,1.300,3.700,918.456,916.700,919.900,-9.300,9.000,9.000,0.838,0.530,1.000,0.337,0.652,0.502,0.839,0.546,74.778,18.822,1.100,,,0.000,
2025-05-11,8.000,0.000,0.000,10.000,0.000,0.000,0.000,84.778,69.000,99.000,2.601,0.150,5.610,13.756,13.200,14.300,2.778,1.400,4.300,919.056,918.500,919.700,-27.900,9.000,9.000,1.000,1.000,1.000,0.397,1.000,0.999,1.000,1.000,79.778,15.900,0.200,,,0.000,
2025-05-12,8.000,0.000,0.000,8.875,0.000,0.000,0.000,84.333,82.000,89.000,2.649,1.810,3.090,16.067,15.400,17.300,2.589,1.500,3.400,920.344,919.900,920.900,0.000,9.000,9.000,0.290,0.010,0.770,0.048,0.031,0.263,0.280,0.000,68.667,17.956,0.000,,,0.000,
2025-05-13,9.000,0.000,0.000,8.889,0.000,0.000,0.000,98.111,97.000,99.000,0.304,0.160,0.490,18.244,16.900,19.200,1.167,0.200,2.400,922.133,921.500,922.800,0.000,9.000,9.000,0.658,0.230,1.000,0.463,0.524,0.080,0.541,0.100,83.333,19.433,0.000,,,0.000,
2025-05-14,9.000,0.000,0.000,7.889,0.000,0.000,0.000,95.222,93.000,99.000,0.790,0.160,1.170,19.300,17.900,19.900,1.167,0.700,1.700,922.422,921.700,923.000,0.000,9.000,9.000,0.057,0.000,0.110,0.027,0.057,0.000,0.057,0.000,83.667,20.433,0.000,,,0.000,
2025-05-15,9.000,0.000,0.000,7.333,0.000,0.000,0.000,93.222,85.000,98.000,1.142,0.320,2.620,19.911,19.000,21.000,0.900,0.300,1.300,922.178,921.200,923.000,0.000,9.000,9.000,0.242,0.050,0.800,0.004,0.050,0.203,0.239,0.059,84.556,20.978,0.000,,,0.000,
2025-05-16,9.000,0.000,0.000,6.444,0.000,0.000,0.000,96.000,91.000,99.000,0.667,0.160,1.530,20.411,19.400,21.400,1.011,0.200,2.900,920.989,920.200,921.900,0.000,9.000,9.000,0.463,0.150,0.790,0.013,0.088,0.439,0.482,0.158,85.444,21.467,0.000,,,0.000,
2025-05-17,9.000,0.000,0.000,7.889,0.000,0.000,0.000,99.889,99.000,100.000,0.018,0.000,0.160,20.422,20.000,21.200,1.433,0.300,2.800,920.933,919.900,921.900,0.000,9.000,9.000,0.821,0.160,1.000,0.017,0.049,0.817,0.819,0.150,90.667,21.611,0.000,,,0.000,
2025-05-18,9.000,0.000,0.000,8.667,0.000,0.000,0.000,99.889,99.000,100.000,0.018,0.000,0.160,21.422,21.100,21.700,1.000,0.500,1.500,919.978,919.100,921.100,0.000,9.000,9.000,0.999,0.990,1.000,0.090,0.067,0.998,0.998,0.984,92.222,20.956,0.000,,,0.000,
2025-05-19,9.000,0.000,0.000,10.000,0.000,0.000,0.000,93.556,83.000,98.000,1.099,0.330,2.990,21.044,20.600,21.700,1.422,0.300,2.300,919.467,919.000,920.100,-19.600,9.000,9.000,0.968,0.890,1.000,0.120,0.422,0.956,0.976,0.897,87.333,21.900,0.200,,,0.000,
2025-05-20,9.000,0.000,0.000,8.000,0.000,0.000,0.000,94.556,91.000,99.000,0.919,0.160,1.540,21.567,20.900,22.100,1.022,0.200,2.300,919.478,918.400,920.300,0.000,9.000,9.000,0.973,0.860,1.000,0.029,0.022,0.972,0.973,0.855,86.778,22.233,0.000,,,0.000,
2025-05-21,9.000,0.000,0.000,10.000,0.000,0.000,0.000,87.667,74.000,95.000,2.198,0.850,4.880,22.711,21.700,23.300,1.744,1.000,2.800,918.400,917.300,919.500,0.000,9.000,9.000,0.993,0.970,1.000,0.001,0.436,0.993,0.994,0.976,85.333,22.322,0.300,,,0.000,
2025-05-22,9.000,0.000,0.000,10.000,0.000,0.000,0.000,94.556,84.000,100.000,0.928,0.000,2.840,20.800,19.700,22.300,1.333,0.600,2.900,916.489,914.600,918.300,-19.600,9.000,9.000,0.998,0.990,1.000,0.037,0.054,0.997,0.997,0.983,90.556,21.367,0.000,,,0.000,
2025-05-23,8.000,0.000,0.000,10.000,0.000,0.000,0.000,84.333,74.000,90.000,2.806,1.720,4.910,22.622,21.800,23.700,2.256,0.800,3.900,916.611,915.800,917.500,0.000,9.000,9.000,0.980,0.840,1.000,0.009,0.200,0.977,0.983,0.861,73.556,23.800,0.100,,,0.000,
2025-05-24,9.000,0.000,0.000,10.000,0.000,0.000,0.000,99.222,98.000,100.000,0.123,0.000,0.310,15.522,14.100,17.300,2.178,1.000,3.400,921.522,920.700,922.300,-19.900,9.000,9.000,1.000,1.000,1.000,0.790,0.992,0.756,0.996,0.984,77.111,18.022,0.500,,,0.000,
2025-05-25,9.000,0.000,0.000,10.000,0.000,0.000,0.000,94.222,90.000,98.000,0.922,0.310,1.620,14.256,13.600,14.700,2.333,1.400,3.700,922.867,922.000,923.800,-68.100,9.000,9.000,0.988,0.950,1.000,0.330,0.984,0.270,0.986,0.936,68.889,16.733,2.100,,,0.000,
2025-05-26,9.000,0.000,0.000,9.444,0.000,0.000,0.000,100.000,100.000,100.000,0.000,0.000,0.000,15.478,14.900,16.300,3.978,2.900,4.800,922.578,921.900,923.400,0.000,9.000,9.000,0.826,0.480,1.000,0.514,0.130,0.638,0.663,0.049,78.000,17.133,0.200,,,0.000,
2025-05-27,9.000,0.000,0.000,10.000,0.000,0.000,0.000,100.000,100.000,100.000,0.000,0.000,0.000,18.444,18.000,18.700,3.289,2.300,4.800,921.967,920.600,923.200,-35.200,9.000,9.000,0.999,0.990,1.000,0.274,0.602,0.997,0.999,0.992,77.333,20.089,1.400,,,0.000,
2025-05-28,9.000,0.000,0.000,10.000,0.000,0.000,0.000,99.667,98.000,100.000,0.053,0.000,0.320,18.256,18.100,18.400,1.800,0.600,3.200,918.333,917.000,919.400,7.900,9.000,9.000,1.000,1.000,1.000,0.618,0.974,1.000,1.000,1.000,91.778,18.722,20.700,,,0.000,
2025-05-29,9.000,0.000,0.000,10.000,0.000,0.000,0.000,99.111,95.000,100.000,0.142,0.000,0.800,16.356,16.000,16.800,2.800,1.800,4.600,919.300,918.700,919.800,-38.200,9.000,9.000,0.854,0.350,1.000,0.340,0.389,0.782,0.826,0.220,85.889,17.567,0.100,,,0.000,
2025-05-30,9.000,0.000,0.000,9.333,0.000,0.000,0.000,92.444,90.000,95.000,1.230,0.800,1.650,16.222,15.800,16.700,2.300,0.700,4.000,919.622,919.100,920.300,0.000,9.000,9.000,0.826,0.160,1.000,0.066,0.110,0.818,0.823,0.157,63.667,18.733,0.000,,,0.000,
2025-05-31,9.000,0.000,0.000,8.111,0.000,0.000,0.000,91.667,82.000,97.000,1.417,0.490,3.170,19.578,18.500,20.700,0.878,0.200,1.500,915.833,914.500,917.100,0.000,9.000,9.000,0.562,0.050,1.000,0.017,0.079,0.541,0.566,0.050,82.333,20.400,0.000,,,0.000,
2025-06-01,9.000,0.000,0.000,10.000,0.000,0.000,0.000,97.667,95.000,99.000,0.388,0.160,0.840,22.056,21.000,22.900,1.300,0.300,3.000,913.033,911.600,914.200,0.000,9.000,9.000,0.997,0.980,1.000,0.177,0.329,0.994,0.995,0.982,87.111,21.944,0.000,,,0.000,
2025-06-02,8.000,0.000,0.000,10.000,0.000,0.000,0.000,92.333,87.000,95.000,1.318,0.840,2.290,22.956,22.400,23.400,2.433,1.500,3.700,912.167,911.500,913.100,0.000,9.000,9.000,0.998,0.990,1.000,0.123,0.250,0.998,0.998,0.990,84.111,23.211,0.000,,,0.000,
2025-06-03,9.000,0.000,0.000,10.000,0.000,0.000,0.000,100.000,100.000,100.000,0.000,0.000,0.000,18.400,17.500,19.000,1.989,0.300,4.600,915.700,915.000,916.400,-19.100,9.000,9.000,0.998,0.990,1.000,0.721,0.729,0.961,0.992,0.961,88.444,18.811,1.600,,,0.000,
2025-06-04,9.000,0.000,0.000,10.000,0.000,0.000,0.000,99.778,99.000,100.000,0.036,0.000,0.160,18.056,17.200,18.700,3.589,2.100,5.900,918.633,917.900,919.700,-28.400,9.000,9.000,0.766,0.400,1.000,0.068,0.480,0.662,0.789,0.405,78.333,18.544,2.300,,,0.000,
2025-06-05,8.000,0.000,0.000,9.875,0.000,0.000,0.000,100.000,100.000,100.000,0.000,0.000,0.000,20.489,19.900,21.300,1.278,0.400,2.300,918.700,917.700,919.700,-19.600,9.000,9.000,0.313,0.200,0.510,0.266,0.210,0.004,0.214,0.099,87.444,20.244,0.000,,,0.000,
2025-06-06,9.000,0.000,0.000,9.000,0.000,0.000,0.000,98.778,95.000,100.000,0.202,0.000,0.840,21.744,21.000,22.500,0.756,0.400,2.000,918.156,917.400,918.900,0.000,9.000,9.000,0.251,0.060,0.770,0.163,0.148,0.013,0.159,0.050,89.667,22.278,0.000,,,0.000,
2025-06-07,6.000,0.000,0.000,7.500,0.000,0.000,0.000,100.000,100.000,100.000,0.000,0.000,0.000,21.733,21.300,22.300,1.700,0.500,3.500,917.267,916.100,918.100,-9.800,9.000,9.000,0.982,0.950,1.000,0.041,0.041,0.979,0.980,0.954,90.000,22.467,0.000,,,0.000,
2025-06-08,8.000,0.000,0.000,10.000,0.000,0.000,0.000,99.000,96.000,100.000,0.166,0.000,0.670,22.056,21.500,22.600,0.789,0.200,1.600,916.711,916.100,917.600,0.000,9.000,9.000,0.996,0.990,1.000,0.003,0.041,0.996,0.996,0.990,89.778,22.467,0.000,,,0.000,
2025-06-09,8.000,0.000,0.000,9.625,0.000,0.000,0.000,98.444,95.000,100.000,0.259,0.000,0.840,21.944,21.400,22.800,1.189,0.100,2.200,916.333,915.500,917.300,0.000,9.000,9.000,0.951,0.840,0.990,0.003,0.118,0.948,0.953,0.845,89.444,22.489,0.000,,,0.000,
2025-06-10,9.000,6.000,4.000,2.556,1.000,1.000,1.000,97.111,95.000,99.000,0.486,0.170,0.850,22.800,21.900,23.800,1.444,0.600,1.800,916.344,915.700,917.100,0.000,9.000,9.000,0.641,0.470,0.860,0.021,0.043,0.626,0.643,0.474,87.111,23.822,0.000,,,0.000,
2025-06-11,9.000,4.000,4.000,4.000,1.000,0.000,0.000,85.222,78.000,94.000,2.643,1.010,4.070,23.122,22.200,23.700,4.633,4.000,6.500,916.467,915.200,917.100,-9.800,9.000,9.000,0.890,0.670,0.980,0.000,0.058,0.887,0.889,0.670,80.556,23.444,0.000,,,0.000,
2025-06-12,9.000,0.000,0.000,10.000,0.000,0.000,0.000,100.000,100.000,100.000,0.000,0.000,0.000,21.422,20.700,21.700,2.900,0.900,4.600,915.378,915.100,915.700,4.200,9.000,9.000,1.000,1.000,1.000,0.371,0.804,0.998,0.999,0.996,89.222,22.000,4.500,,,0.000,
2025-06-13,9.000,0.000,0.000,10.000,0.000,0.000,0.000,94.222,89.000,98.000,0.977,0.330,1.890,21.367,20.900,21.800,1.822,1.200,2.500,918.089,917.800,918.500,-49.000,9.000,9.000,0.998,0.990,1.000,0.091,0.883,0.992,0.999,0.997,89.556,22.267,2.400,,,0.000,
2025-06-14,8.000,0.000,0.000,9.625,0.000,0.000,0.000,85.333,76.000,92.000,2.638,1.380,4.510,23.511,21.900,24.600,1.633,1.100,2.000,918.511,917.400,919.600,0.000,9.000,9.000,0.550,0.310,0.730,0.117,0.038,0.480,0.499,0.149,86.889,23.578,0.000,,,0.000,
2025-06-15,9.000,0.000,0.000,9.444,0.000,0.000,0.000,91.333,72.000,98.000,1.541,0.330,5.320,22.278,21.300,23.600,1.111,0.300,2.400,916.500,915.900,917.400,0.000,9.000,9.000,0.947,0.840,1.000,0.138,0.093,0.937,0.944,0.828,83.000,23.811,0.000,,,0.000,
2025-06-16,8.000,0.000,0.000,9.625,0.000,0.000,0.000,94.667,85.000,98.000,0.917,0.330,2.660,22.500,21.900,22.900,2.444,1.500,3.700,919.178,918.700,919.900,0.000,9.000,9.000,0.982,0.960,1.000,0.012,0.127,0.980,0.983,0.960,83.889,23.156,0.000,,,0.000,
2025-06-17,8.000,0.000,0.000,10.000,0.000,0.000,0.000,90.556,80.000,98.000,1.647,0.330,3.610,21.567,20.900,22.000,1.656,0.800,2.500,921.056,920.500,921.500,0.000,9.000,9.000,0.984,0.920,1.000,0.000,0.370,0.980,0.987,0.926,83.333,22.433,0.000,,,0.000,
2025-06-18,8.000,0.000,0.000,10.000,0.000,0.000,0.000,94.889,87.000,98.000,0.863,0.330,2.270,21.189,20.800,22.100,1.800,0.100,3.900,921.322,920.600,922.200,0.000,9.000,9.000,0.823,0.390,1.000,0.021,0.046,0.810,0.821,0.379,77.889,23.233,0.000,,,0.000,
2025-06-19,9.000,0.000,0.000,10.000,0.000,0.000,0.000,91.667,76.000,99.000,1.472,0.160,4.450,21.700,21.200,22.700,2.400,0.700,4.700,921.133,919.600,922.300,0.000,9.000,9.000,0.994,0.970,1.000,0.078,0.060,0.994,0.995,0.970,81.444,23.833,0.000,,,0.000,
2025-06-20,9.000,0.000,0.000,8.556,0.000,0.000,0.000,96.778,94.000,99.000,0.536,0.160,1.000,21.711,20.800,22.400,0.867,0.100,1.900,921.156,920.100,922.000,0.000,9.000,9.000,0.774,0.240,1.000,0.098,0.161,0.716,0.765,0.199,79.333,23.767,0.200,,,0.000,
2025-06-21,9.000,0.000,0.000,9.444,0.000,0.000,0.000,93.111,86.000,98.000,1.181,0.330,2.460,22.478,21.700,23.200,2.222,0.900,3.300,919.478,918.500,920.500,0.000,9.000,9.000,0.973,0.900,1.000,0.038,0.050,0.971,0.973,0.897,85.667,23.078,0.000,,,0.000,
2025-06-22,9.000,0.000,0.000,8.111,0.000,0.000,0.000,82.000,74.000,95.000,3.288,0.850,4.880,22.922,22.600,23.200,2.256,1.300,2.800,918.222,917.400,919.000,0.000,9.000,9.000,0.958,0.890,0.990,0.013,0.024,0.957,0.958,0.890,82.778,23.433,0.000,,,0.000,
2025-06-23,9.000,0.000,0.000,8.333,0.000,0.000,0.000,92.556,85.000,97.000,1.276,0.500,2.640,22.100,21.200,22.900,1.089,0.100,2.200,917.500,916.900,918.200,0.000,9.000,9.000,0.840,0.590,1.000,0.029,0.041,0.829,0.842,0.604,85.333,23.211,0.000,,,0.000,
2025-06-24,9.000,3.000,3.000,4.000,1.000,0.000,0.000,89.222,72.000,97.000,1.932,0.500,5.310,21.711,20.200,22.800,0.656,0.200,1.900,919.522,919.000,920.100,0.000,9.000,9.000,0.937,0.810,0.990,0.011,0.022,0.936,0.937,0.806,85.444,23.467,0.000,,,0.000,
2025-06-25,9.000,6.000,6.000,3.000,1.000,1.000,1.000,91.778,85.000,98.000,1.417,0.330,2.630,21.467,20.800,22.100,0.622,0.100,1.600,921.056,919.800,922.000,0.000,9.000,9.000,0.354,0.060,0.940,0.036,0.047,0.319,0.347,0.069,85.000,23.244,0.000,,,0.000,
2025-06-26,9.000,6.000,3.000,2.000,1.000,1.000,1.000,94.667,89.000,98.000,0.898,0.330,1.900,21.289,20.200,22.500,1.189,0.100,2.800,920.289,919.200,921.500,0.000,9.000,9.000,0.050,0.010,0.140,0.017,0.008,0.031,0.039,0.010,83.111,23.133,0.000,,,0.000,
2025-06-27,9.000,9.000,9.000,0.000,1.000,1.000,1.000,92.889,78.000,99.000,1.242,0.160,4.010,20.867,19.400,21.800,1.356,0.500,2.000,919.200,918.400,919.900,0.000,9.000,9.000,0.013,0.000,0.030,0.003,0.011,0.001,0.012,0.000,84.444,21.733,0.000,,,0.000,
2025-06-28,9.000,0.000,0.000,8.333,0.000,0.000,0.000,97.000,96.000,99.000,0.498,0.160,0.670,21.456,20.300,22.400,0.567,0.200,1.000,917.144,916.500,917.900,0.000,9.000,9.000,0.301,0.100,0.440,0.073,0.088,0.219,0.287,0.107,80.333,23.411,0.100,,,0.000,
2025-06-29,9.000,4.000,4.000,5.111,1.000,0.000,0.000,94.333,91.000,99.000,0.953,0.160,1.540,21.433,20.800,22.100,1.133,0.400,2.600,916.822,916.100,917.100,0.000,9.000,9.000,0.610,0.170,1.000,0.000,0.006,0.609,0.610,0.170,84.000,22.889,0.000,,,0.000,
2025-06-30,9.000,4.000,4.000,3.778,1.000,0.000,0.000,86.111,84.000,90.000,2.452,1.720,2.860,22.911,22.500,23.300,2.633,1.000,3.900,918.722,917.700,919.300,0.000,9.000,9.000,0.017,0.000,0.080,0.000,0.002,0.014,0.017,0.000,82.111,23.822,0.000,,,0.000,
2025-07-01,9.000,9.000,9.000,0.667,1.000,1.000,1.000,82.111,73.000,88.000,3.240,2.100,5.100,22.989,22.600,23.500,3.711,2.300,5.900,919.644,919.200,920.200,0.000,9.000,9.000,0.096,0.000,0.330,0.001,0.000,0.094,0.094,0.000,80.556,23.889,0.000,,,0.000,
2025-07-02,9.000,4.000,3.000,3.889,1.000,0.000,0.000,96.333,94.000,98.000,0.612,0.330,1.000,21.833,21.000,22.400,3.267,2.200,3.800,918.844,918.400,919.300,0.000,9.000,9.000,0.680,0.060,0.990,0.079,0.054,0.644,0.653,0.010,82.778,23.733,0.000,,,0.000,
2025-07-03,9.000,9.000,9.000,0.444,1.000,1.000,1.000,86.778,77.000,96.000,2.350,0.670,4.240,22.567,22.200,23.600,4.300,3.700,4.900,916.344,915.600,917.100,0.000,9.000,9.000,0.036,0.000,0.230,0.003,0.011,0.024,0.035,0.000,78.333,23.633,0.000,,,0.000,
2025-07-04,9.000,9.000,9.000,1.000,1.000,1.000,1.000,92.889,89.000,96.000,1.209,0.670,1.910,22.033,21.700,22.900,1.733,0.400,3.400,916.200,915.100,917.500,0.000,9.000,9.000,0.066,0.010,0.160,0.050,0.006,0.014,0.020,0.000,83.111,23.233,0.000,,,0.000,
2025-07-05,9.000,6.000,6.000,2.000,1.000,1.000,1.000,92.889,82.000,99.000,1.231,0.160,3.230,21.500,20.200,22.700,1.700,0.100,4.600,914.944,913.700,916.300,0.000,9.000,9.000,0.084,0.000,0.560,0.000,0.000,0.084,0.084,0.000,81.778,23.278,0.000,,,0.000,
2025-07-06,9.000,0.000,0.000,10.000,0.000,0.000,0.000,94.667,87.000,100.000,0.917,0.000,2.270,21.356,20.300,22.500,4.811,3.700,5.600,907.011,904.000,911.500,-7.800,9.000,9.000,1.000,1.000,1.000,0.044,0.534,1.000,1.000,1.000,82.000,22.844,3.000,,,0.000,
2025-07-07,9.000,0.000,0.000,10.000,0.000,0.000,0.000,88.889,77.000,96.000,1.960,0.670,4.260,22.489,21.800,23.200,2.722,1.600,4.200,911.244,910.400,912.000,0.000,9.000,9.000,1.000,1.000,1.000,0.061,0.311,1.000,1.000,1.000,67.333,23.878,0.000,,,0.000,
2025-07-08,9.000,0.000,0.000,10.000,0.000,0.000,0.000,99.444,97.000,100.000,0.092,0.000,0.500,20.578,18.700,22.100,2.733,0.500,4.400,911.111,910.000,912.000,31.500,9.000,9.000,1.000,1.000,1.000,0.006,0.962,1.000,1.000,1.000,83.333,23.089,2.700,,,0.000,
2025-07-09,9.000,0.000,0.000,10.000,0.000,0.000,0.000,89.667,81.000,93.000,1.770,1.170,3.380,20.433,19.700,21.500,2.000,0.900,3.300,910.900,909.800,911.500,-48.500,9.000,9.000,1.000,1.000,1.000,0.010,0.686,1.000,1.000,1.000,87.111,21.656,1.900,,,0.000,
2025-07-10,9.000,0.000,0.000,10.000,0.000,0.000,0.000,98.000,95.000,100.000,0.331,0.000,0.840,20.778,19.800,21.600,1.933,0.900,3.000,911.556,911.100,912.000,-28.400,9.000,9.000,0.997,0.990,1.000,0.016,0.742,0.989,0.998,0.995,85.444,21.900,2.400,,,0.000,
2025-07-11,9.000,0.000,0.000,10.000,0.000,0.000,0.000,89.778,76.000,97.000,1.798,0.490,4.470,21.211,20.000,23.200,1.444,0.600,3.000,916.300,915.900,916.700,0.000,9.000,9.000,0.999,0.990,1.000,0.021,0.182,0.999,0.999,0.991,87.111,21.844,0.000,,,0.000,
2025-07-12,9.000,0.000,0.000,10.000,0.000,0.000,0.000,99.444,98.000,100.000,0.091,0.000,0.330,22.078,21.700,22.500,1.922,0.800,2.900,917.556,916.500,918.300,-9.300,9.000,9.000,0.993,0.950,1.000,0.048,0.009,0.993,0.993,0.950,88.889,23.089,0.000,,,0.000,
2025-07-13,9.000,0.000,0.000,9.444,0.000,0.000,0.000,97.333,87.000,100.000,0.468,0.000,2.300,22.667,21.800,24.000,3.567,2.200,4.800,915.133,914.400,915.800,0.000,9.000,9.000,0.979,0.910,1.000,0.024,0.031,0.976,0.976,0.901,81.889,23.544,0.000,,,0.000,
2025-07-14,9.000,0.000,0.000,10.000,0.000,0.000,0.000,94.000,90.000,99.000,1.020,0.170,1.720,22.511,22.300,22.900,1.889,1.100,3.000,913.522,912.800,914.300,0.000,9.000,9.000,0.987,0.960,1.000,0.021,0.207,0.981,0.986,0.962,82.889,23.722,0.100,,,0.000,
2025-07-15,9.000,7.000,5.000,2.111,1.000,1.000,1.000,97.333,95.000,99.000,0.446,0.170,0.840,22.422,21.200,23.400,0.856,0.400,1.700,914.489,913.900,915.300,0.000,9.000,9.000,0.440,0.220,0.820,0.074,0.101,0.338,0.414,0.208,85.333,23.978,0.000,,,0.000,
2025-07-16,9.000,0.000,0.000,9.000,0.000,0.000,0.000,98.333,96.000,100.000,0.276,0.000,0.670,21.867,21.100,22.500,1.533,0.500,3.700,915.000,914.800,915.300,0.000,9.000,9.000,0.940,0.900,0.980,0.003,0.003,0.939,0.939,0.900,87.333,23.600,0.000,,,0.000,
2025-07-17,8.000,0.000,0.000,10.000,0.000,0.000,0.000,94.778,92.000,98.000,0.886,0.340,1.370,22.978,22.500,24.100,2.378,1.100,4.000,913.367,911.300,914.700,0.000,9.000,9.000,0.991,0.970,1.000,0.040,0.034,0.991,0.991,0.972,88.111,23.856,0.000,,,0.000,
2025-07-18,9.000,0.000,0.000,10.000,0.000,0.000,0.000,99.667,99.000,100.000,0.053,0.000,0.160,21.622,21.000,22.000,6.278,5.500,7.100,907.833,906.600,908.500,-36.200,9.000,9.000,0.991,0.970,1.000,0.049,0.319,0.986,0.993,0.976,85.111,22.911,5.300,,,0.000,
2025-07-19,9.000,0.000,0.000,10.000,0.000,0.000,0.000,98.667,93.000,100.000,0.224,0.000,1.190,22.033,21.700,22.200,5.544,4.800,6.600,908.111,907.700,908.700,2.000,9.000,9.000,0.992,0.950,1.000,0.131,0.400,0.967,0.992,0.949,88.556,22.200,9.000,,,0.000,
2025-07-20,9.000,0.000,0.000,10.000,0.000,0.000,0.000,99.444,98.000,100.000,0.091,0.000,0.330,21.267,20.300,21.900,2.000,0.700,3.100,912.744,912.000,913.500,-39.000,9.000,9.000,1.000,1.000,1.000,0.097,0.730,0.999,1.000,0.998,93.778,21.744,11.300,,,0.000,
2025-07-21,9.000,0.000,0.000,10.000,0.000,0.000,0.000,94.111,90.000,98.000,0.997,0.330,1.720,21.678,21.300,21.900,3.700,3.100,4.800,915.322,914.100,916.200,-19.600,9.000,9.000,0.999,0.990,1.000,0.016,0.570,0.999,0.999,0.992,90.444,21.833,0.200,,,0.000,
2025-07-22,9.000,0.000,0.000,7.222,0.000,0.000,0.000,99.889,99.000,100.000,0.018,0.000,0.160,21.744,21.600,21.900,3.778,3.200,4.100,915.100,914.400,915.800,-29.200,9.000,9.000,0.897,0.780,0.970,0.049,0.077,0.884,0.893,0.772,86.000,22.200,0.000,,,0.000,
2025-07-23,9.000,2.000,2.000,4.889,0.000,0.000,0.000,100.000,100.000,100.000,0.000,0.000,0.000,21.778,21.400,22.300,3.211,2.400,4.500,913.389,912.600,914.300,0.400,9.000,9.000,0.308,0.140,0.740,0.248,0.133,0.016,0.147,0.050,86.556,22.589,0.700,,,0.000,
2025-07-24,9.000,0.000,0.000,8.889,0.000,0.000,0.000,98.444,95.000,100.000,0.259,0.000,0.840,21.722,21.400,22.300,2.600,0.600,5.000,909.467,907.700,910.700,38.700,9.000,9.000,0.792,0.570,0.980,0.247,0.578,0.520,0.779,0.584,87.556,22.533,10.800,,,0.000,
2025-07-25,8.000,0.000,0.000,8.375,0.000,0.000,0.000,100.000,100.000,100.000,0.000,0.000,0.000,22.900,22.300,23.300,2.300,0.800,3.500,906.600,906.100,907.000,43.000,9.000,9.000,0.797,0.650,0.910,0.521,0.348,0.516,0.679,0.476,91.111,22.478,1.200,,,0.000,
2025-07-26,9.000,0.000,0.000,10.000,0.000,0.000,0.000,93.222,88.000,96.000,1.158,0.670,2.100,22.878,22.500,23.500,1.611,1.000,2.000,910.433,909.500,911.100,0.000,9.000,9.000,0.980,0.930,1.000,0.067,0.340,0.970,0.978,0.925,89.889,23.344,0.000,,,0.000,
2025-07-27,6.000,0.000,0.000,10.000,0.000,0.000,0.000,100.000,100.000,100.000,0.000,0.000,0.000,22.156,21.500,23.000,2.878,1.500,4.800,908.322,907.100,909.300,-3.800,9.000,9.000,1.000,1.000,1.000,0.536,0.801,0.998,0.999,0.994,89.000,22.744,85.500,,,0.000,
2025-07-28,9.000,0.000,0.000,9.333,0.000,0.000,0.000,100.000,100.000,100.000,0.000,0.000,0.000,21.678,20.900,22.400,3.411,2.100,4.800,906.189,904.800,907.100,17.900,9.000,9.000,0.981,0.870,1.000,0.736,0.747,0.944,0.986,0.917,91.111,21.600,1.800,,,0.000,
2025-07-29,9.000,4.000,2.000,3.333,0.000,0.000,0.000,98.778,97.000,100.000,0.203,0.000,0.500,22.200,22.000,22.300,1.622,1.100,2.200,906.222,905.700,906.800,0.000,9.000,9.000,0.812,0.650,0.960,0.007,0.072,0.800,0.815,0.658,83.333,23.289,0.000,,,0.000,
2025-07-30,9.000,3.000,1.000,5.111,0.000,0.000,0.000,93.444,90.000,97.000,1.124,0.500,1.740,23.522,23.100,24.100,2.400,1.200,3.700,907.978,907.300,908.900,0.000,9.000,9.000,0.951,0.810,1.000,0.009,0.016,0.951,0.952,0.812,84.111,23.844,0.000,,,0.000,
2025-07-31,9.000,4.000,4.000,2.889,1.000,0.000,1.000,96.222,90.000,99.000,0.638,0.160,1.720,22.267,21.700,23.200,0.978,0.100,2.300,910.822,910.200,911.600,0.000,9.000,9.000,0.938,0.870,1.000,0.040,0.047,0.931,0.936,0.877,86.889,23.711,0.000,,,0.000,
2025-08-01,9.000,0.000,0.000,9.111,0.000,0.000,0.000,99.778,99.000,100.000,0.038,0.000,0.170,22.200,21.500,22.700,1.067,0.200,2.000,913.356,913.000,914.000,0.000,9.000,9.000,0.901,0.760,0.980,0.199,0.214,0.860,0.891,0.776,87.556,23.267,0.000,,,0.000,
2025-08-02,9.000,1.000,1.000,6.667,0.000,0.000,0.000,93.111,91.000,95.000,1.170,0.840,1.540,22.356,21.800,22.600,2.244,1.000,3.600,914.367,913.700,915.100,0.000,9.000,9.000,0.357,0.140,0.750,0.094,0.211,0.173,0.321,0.107,84.889,23.689,0.000,,,0.000,
2025-08-03,9.000,0.000,0.000,10.000,0.000,0.000,0.000,86.000,80.000,93.000,2.488,1.180,3.660,22.800,21.900,23.800,1.789,0.400,3.600,915.100,914.700,915.700,-9.800,9.000,9.000,0.974,0.940,1.000,0.041,0.441,0.967,0.976,0.943,85.444,23.656,1.500,,,0.000,
2025-08-04,9.000,0.000,0.000,10.000,0.000,0.000,0.000,89.333,78.000,99.000,1.892,0.160,4.060,22.700,21.900,23.600,1.389,0.700,2.300,916.689,915.800,917.700,-19.600,9.000,9.000,0.999,0.990,1.000,0.034,0.406,0.999,0.999,0.992,86.111,23.144,0.300,,,0.000,
2025-08-05,9.000,0.000,0.000,8.444,0.000,0.000,0.000,100.000,100.000,100.000,0.000,0.000,0.000,21.644,21.000,22.000,1.044,0.300,2.000,919.367,918.700,920.300,0.000,9.000,9.000,0.838,0.650,0.980,0.224,0.297,0.770,0.834,0.652,87.000,23.256,0.100,,,0.000,
2025-08-06,9.000,9.000,9.000,0.222,1.000,1.000,1.000,99.667,98.000,100.000,0.054,0.000,0.330,21.344,20.500,22.500,0.611,0.200,1.400,920.000,918.700,921.400,0.000,9.000,9.000,0.101,0.000,0.330,0.096,0.003,0.003,0.007,0.000,85.444,23.256,0.000,,,0.000,
2025-08-07,5.000,3.000,2.000,2.800,,,,90.444,70.000,99.000,1.719,0.160,5.730,21.456,19.500,22.400,0.956,0.300,1.800,919.256,918.300,920.300,0.000,9.000,9.000,0.928,0.670,1.000,0.000,0.001,0.928,0.928,0.673,83.111,23.567,0.000,,,0.000,
2025-08-08,8.000,1.000,1.000,7.500,0.000,0.000,0.000,83.778,64.000,96.000,3.023,0.670,7.170,22.767,21.800,23.500,1.444,1.000,2.600,919.078,918.600,919.500,0.000,9.000,9.000,0.984,0.950,1.000,0.052,0.001,0.984,0.984,0.950,85.222,23.400,0.000,,,0.000,
2025-08-09,9.000,1.000,1.000,7.333,0.000,0.000,0.000,97.556,94.000,100.000,0.412,0.000,1.020,22.867,22.600,23.100,1.422,0.900,1.700,918.400,917.900,918.800,0.000,9.000,9.000,0.882,0.710,0.990,0.376,0.011,0.830,0.833,0.568,85.778,23.967,0.200,,,0.000,
2025-08-10,9.000,2.000,1.000,5.889,0.000,0.000,0.000,89.111,76.000,100.000,1.963,0.000,4.480,22.833,21.700,23.600,1.778,0.500,3.200,918.189,917.500,918.900,0.000,9.000,9.000,0.958,0.880,1.000,0.038,0.037,0.954,0.956,0.875,85.000,23.367,0.000,,,0.000,
2025-08-11,9.000,0.000,0.000,9.556,0.000,0.000,0.000,100.000,100.000,100.000,0.000,0.000,0.000,22.189,21.700,22.800,0.722,0.200,1.200,917.878,917.600,918.300,0.000,9.000,9.000,0.894,0.720,0.980,0.048,0.052,0.883,0.890,0.709,83.111,23.822,0.000,,,0.000,
2025-08-12,9.000,5.000,5.000,3.556,1.000,0.000,0.000,99.000,97.000,100.000,0.166,0.000,0.500,22.156,21.800,22.400,3.389,2.800,4.100,918.467,917.300,919.200,-9.300,9.000,9.000,0.461,0.170,0.780,0.090,0.029,0.393,0.405,0.050,83.222,23.722,0.100,,,0.000,
2025-08-13,9.000,2.000,2.000,6.222,0.000,0.000,0.000,88.222,77.000,94.000,2.066,1.010,4.240,21.944,21.400,22.600,5.856,3.500,8.600,915.256,912.400,917.900,0.000,9.000,9.000,0.482,0.130,0.980,0.002,0.161,0.422,0.521,0.145,80.778,23.056,0.000,,,0.000,
2025-08-14,9.000,8.000,7.000,1.000,1.000,1.000,1.000,91.444,89.000,95.000,1.460,0.840,1.900,21.800,21.600,22.200,4.556,3.700,5.500,919.956,918.500,921.100,0.000,9.000,9.000,0.021,0.010,0.030,0.003,0.020,0.000,0.020,0.000,79.111,23.167,0.000,,,0.000,
2025-08-15,9.000,9.000,9.000,0.333,1.000,1.000,1.000,92.000,88.000,96.000,1.369,0.670,2.080,21.900,21.800,22.100,4.422,4.000,4.900,919.500,918.600,920.500,0.000,9.000,9.000,0.138,0.010,0.660,0.007,0.007,0.127,0.133,0.000,81.333,22.856,0.000,,,0.000,
2025-08-16,9.000,8.000,6.000,0.444,1.000,1.000,1.000,93.556,87.000,97.000,1.096,0.500,2.260,21.589,21.400,21.700,4.300,3.800,4.800,919.289,918.900,919.800,0.000,9.000,9.000,0.108,0.000,0.390,0.019,0.014,0.079,0.091,0.000,80.778,22.800,0.000,,,0.000,
2025-08-17,9.000,9.000,9.000,0.111,1.000,1.000,1.000,91.556,86.000,96.000,1.443,0.670,2.450,21.344,20.100,21.800,2.367,0.400,3.900,921.678,921.300,922.100,0.000,9.000,9.000,0.012,0.000,0.050,0.011,0.003,0.000,0.003,0.000,82.333,22.867,0.000,,,0.000,
2025-08-18,9.000,9.000,9.000,0.111,1.000,1.000,1.000,93.889,83.000,99.000,1.046,0.160,3.020,21.133,19.700,22.100,1.044,0.300,2.500,922.411,921.300,923.500,0.000,9.000,9.000,0.130,0.040,0.230,0.073,0.043,0.043,0.085,0.020,82.667,23.178,0.200,,,0.000,
2025-08-19,9.000,1.000,1.000,8.556,0.000,0.000,0.000,91.667,86.000,96.000,1.434,0.670,2.460,22.178,21.600,23.100,1.600,0.900,2.700,921.056,919.500,922.300,0.000,9.000,9.000,0.470,0.060,0.910,0.022,0.007,0.452,0.458,0.020,82.444,23.322,0.000,,,0.000,
2025-08-20,9.000,3.000,3.000,4.333,1.000,0.000,0.000,73.667,68.000,82.000,4.949,3.190,6.220,21.989,20.700,23.100,1.089,0.300,1.800,921.311,921.000,921.700,0.000,9.000,9.000,0.090,0.000,0.440,0.000,0.000,0.090,0.090,0.000,80.667,21.844,0.000,,,0.000,
2025-08-21,8.000,7.000,4.000,0.875,1.000,1.000,1.000,95.111,81.000,99.000,0.839,0.160,3.410,21.400,20.900,22.400,0.789,0.100,1.600,920.733,920.100,921.200,0.000,9.000,9.000,0.053,0.000,0.170,0.006,0.021,0.034,0.054,0.000,79.778,23.344,0.000,,,0.000,
2025-08-22,9.000,9.000,9.000,0.000,1.000,1.000,1.000,94.889,90.000,98.000,0.864,0.330,1.730,22.022,20.800,23.000,0.856,0.500,1.700,920.033,919.200,920.700,0.000,9.000,9.000,0.049,0.010,0.130,0.009,0.018,0.026,0.043,0.000,84.000,23.900,0.000,,,0.000,
2025-08-23,8.000,7.000,6.000,0.875,1.000,1.000,1.000,98.889,97.000,100.000,0.183,0.000,0.500,22.456,21.600,23.500,0.889,0.500,1.600,921.144,920.600,921.400,0.000,9.000,9.000,0.070,0.000,0.320,0.054,0.001,0.019,0.020,0.000,85.333,23.978,0.000,,,0.000,
2025-08-24,9.000,9.000,9.000,0.444,1.000,1.000,1.000,88.111,80.000,92.000,2.074,1.350,3.640,22.133,21.100,22.900,3.133,1.400,4.500,920.778,920.300,921.200,0.000,9.000,9.000,0.073,0.000,0.220,0.052,0.001,0.021,0.022,0.000,80.333,23.389,0.000,,,0.000,
2025-08-25,9.000,9.000,9.000,0.889,1.000,1.000,1.000,88.778,83.000,91.000,1.942,1.530,3.040,21.856,20.900,22.600,2.267,0.300,4.500,920.689,920.100,921.300,0.000,9.000,9.000,0.101,0.000,0.360,0.011,0.011,0.086,0.095,0.000,82.889,23.033,0.000,,,0.000,
2025-08-26,9.000,2.000,2.000,6.444,0.000,0.000,0.000,79.556,73.000,88.000,3.744,2.080,5.090,22.333,21.900,22.900,3.956,3.200,4.700,918.622,917.500,919.600,0.000,9.000,9.000,0.730,0.560,0.880,0.002,0.020,0.723,0.728,0.560,82.111,22.700,0.000,,,0.000,
2025-08-27,9.000,1.000,1.000,8.333,0.000,0.000,0.000,89.333,80.000,95.000,1.856,0.840,3.630,21.900,21.400,22.600,4.056,3.700,4.500,918.867,917.600,919.900,0.000,9.000,9.000,0.838,0.650,0.930,0.002,0.030,0.833,0.838,0.661,77.444,23.111,0.000,,,0.000,
2025-08-28,8.000,8.000,7.000,0.000,1.000,1.000,1.000,86.111,82.000,91.000,2.442,1.540,3.230,22.222,21.900,22.500,4.267,3.800,4.900,919.444,919.100,919.700,0.000,9.000,9.000,0.014,0.000,0.040,0.000,0.000,0.014,0.014,0.000,79.222,23.478,0.000,,,0.000,
2025-08-29,9.000,9.000,9.000,0.333,1.000,1.000,1.000,87.556,83.000,92.000,2.174,1.360,3.020,22.156,21.700,22.400,3.189,2.400,4.500,921.233,920.800,921.400,0.000,9.000,9.000,0.032,0.010,0.080,0.017,0.020,0.000,0.020,0.000,80.889,23.411,0.000,,,0.000,
2025-08-30,9.000,6.000,5.000,2.889,1.000,1.000,1.000,90.333,76.000,97.000,1.684,0.500,4.410,21.100,19.900,22.100,1.089,0.600,1.900,920.467,919.600,921.200,0.000,9.000,9.000,0.159,0.050,0.380,0.028,0.034,0.121,0.150,0.040,80.444,23.278,0.000,,,0.000,
2025-08-31,9.000,0.000,0.000,10.000,0.000,0.000,0.000,92.000,84.000,98.000,1.380,0.330,2.830,21.856,21.500,22.400,0.844,0.200,2.200,918.744,918.100,919.500,0.000,9.000,9.000,0.988,0.900,1.000,0.068,0.074,0.987,0.988,0.909,78.333,23.778,0.900,,,0.000,
2025-09-01,9.000,0.000,0.000,9.778,0.000,0.000,0.000,93.111,84.000,98.000,1.193,0.330,2.840,21.378,20.700,22.300,1.267,0.200,3.300,918.233,916.900,919.200,0.000,9.000,9.000,0.876,0.480,1.000,0.008,0.343,0.861,0.895,0.561,84.778,23.033,0.300,,,0.000,
2025-09-02,9.000,3.000,3.000,5.667,1.000,0.000,0.000,92.000,86.000,95.000,1.367,0.840,2.450,21.589,20.100,22.400,0.667,0.200,1.000,918.756,917.600,919.800,0.000,9.000,9.000,0.600,0.110,0.830,0.004,0.112,0.556,0.605,0.110,85.667,22.922,0.000,,,0.000,
2025-09-03,9.000,8.000,8.000,0.556,1.000,1.000,1.000,90.889,87.000,95.000,1.562,0.830,2.270,21.500,20.200,22.100,0.933,0.400,2.000,918.644,917.400,919.500,0.000,9.000,9.000,0.034,0.000,0.150,0.004,0.030,0.000,0.030,0.000,80.667,23.233,0.000,,,0.000,
2025-09-04,9.000,9.000,9.000,0.333,1.000,1.000,1.000,88.667,86.000,91.000,1.960,1.530,2.450,21.867,21.400,22.200,2.133,1.300,3.400,918.278,917.200,918.900,0.000,9.000,9.000,0.023,0.000,0.070,0.002,0.004,0.018,0.022,0.000,81.556,23.222,0.000,,,0.000,
2025-09-05,9.000,5.000,4.000,2.667,1.000,0.000,1.000,90.222,85.000,96.000,1.700,0.670,2.660,22.867,22.500,23.100,3.333,2.900,3.900,918.611,917.500,919.500,0.000,9.000,9.000,0.550,0.300,0.840,0.004,0.028,0.532,0.546,0.304,83.667,23.744,0.000,,,0.000,
2025-09-06,9.000,4.000,4.000,6.000,1.000,0.000,0.000,94.111,92.000,98.000,1.000,0.330,1.370,22.533,21.100,23.300,1.244,0.500,1.900,919.789,918.600,920.700,0.000,9.000,9.000,0.281,0.140,0.470,0.188,0.088,0.083,0.160,0.010,82.778,24.400,0.300,,,0.000,
2025-09-07,9.000,0.000,0.000,10.000,0.000,0.000,0.000,97.889,94.000,100.000,0.349,0.000,1.000,21.000,20.500,21.600,1.656,0.700,3.600,921.489,920.900,922.000,33.500,9.000,9.000,0.349,0.250,0.470,0.206,0.300,0.024,0.318,0.240,81.889,22.844,0.500,,,0.000,
2025-09-08,9.000,0.000,0.000,7.000,0.000,0.000,0.000,95.222,91.000,97.000,0.807,0.500,1.540,22.344,21.700,22.600,1.156,0.800,1.500,922.244,921.400,922.700,0.000,9.000,9.000,0.527,0.180,0.900,0.013,0.280,0.270,0.519,0.170,74.889,24.378,0.000,,,0.000,
2025-09-09,9.000,0.000,0.000,10.000,0.000,0.000,0.000,97.556,93.000,100.000,0.412,0.000,1.190,22.333,21.700,22.800,1.533,0.600,2.000,922.200,921.300,922.700,0.000,9.000,9.000,0.982,0.930,1.000,0.009,0.167,0.982,0.983,0.931,80.444,23.767,0.000,,,0.000,
2025-09-10,9.000,0.000,0.000,6.556,0.000,0.000,0.000,97.889,96.000,100.000,0.350,0.000,0.670,21.489,20.800,22.100,1.033,0.400,2.500,921.589,920.800,922.300,0.000,9.000,9.000,0.958,0.860,1.000,0.148,0.056,0.956,0.957,0.860,83.667,22.856,0.300,,,0.000,
2025-09-11,9.000,9.000,9.000,0.333,1.000,1.000,1.000,96.778,91.000,100.000,0.549,0.000,1.540,22.422,22.100,22.800,1.733,1.200,3.000,921.000,920.400,921.500,0.000,9.000,9.000,0.067,0.000,0.270,0.033,0.007,0.030,0.037,0.000,82.222,23.711,0.400,,,0.000,
2025-09-12,9.000,9.000,9.000,0.111,1.000,1.000,1.000,95.222,92.000,98.000,0.801,0.330,1.360,21.300,20.600,22.200,0.889,0.300,1.600,921.333,920.500,922.400,0.000,9.000,9.000,0.036,0.000,0.110,0.019,0.013,0.011,0.024,0.000,81.556,23.378,0.000,,,0.000,
2025-09-13,9.000,9.000,9.000,0.111,1.000,1.000,1.000,93.333,84.000,98.000,1.139,0.330,2.820,21.367,20.000,22.700,1.533,0.200,1.900,922.000,921.600,922.300,0.000,9.000,9.000,0.016,0.000,0.070,0.000,0.006,0.009,0.014,0.000,79.667,23.522,0.000,,,0.000,
2025-09-14,9.000,4.000,4.000,2.333,1.000,0.000,1.000,97.333,95.000,99.000,0.439,0.160,0.830,21.278,20.600,22.000,0.433,0.100,0.800,923.089,922.200,924.000,0.000,9.000,9.000,0.182,0.020,0.350,0.003,0.151,0.050,0.191,0.020,78.222,23.789,0.000,,,0.000,
2025-09-15,9.000,3.000,3.000,5.778,1.000,0.000,0.000,81.000,73.000,90.000,3.458,1.710,5.110,22.578,21.800,23.100,3.311,2.200,4.300,922.200,921.500,923.000,0.000,9.000,9.000,0.268,0.000,0.820,0.000,0.000,0.268,0.268,0.000,79.111,23.911,0.000,,,0.000,
2025-09-16,9.000,6.000,6.000,2.889,1.000,1.000,1.000,90.556,88.000,93.000,1.628,1.190,2.090,22.467,22.100,22.800,4.400,2.900,5.500,920.333,919.600,920.800,0.000,9.000,9.000,0.216,0.030,0.640,0.004,0.018,0.199,0.215,0.020,82.889,23.322,0.000,,,0.000,
2025-09-17,9.000,0.000,0.000,7.889,0.000,0.000,0.000,83.889,73.000,88.000,2.892,2.090,5.130,22.689,22.300,23.600,4.456,4.000,4.800,920.222,919.100,921.100,0.000,9.000,9.000,0.756,0.420,0.990,0.002,0.057,0.748,0.760,0.420,78.444,23.656,0.000,,,0.000,
2025-09-18,9.000,0.000,0.000,10.000,0.000,0.000,0.000,81.222,73.000,87.000,3.409,2.270,5.110,22.600,22.200,23.300,4.389,3.600,5.600,920.533,920.000,921.300,0.000,9.000,9.000,0.998,0.990,1.000,0.000,0.748,0.976,0.996,0.988,81.667,23.044,0.000,,,0.000,
2025-09-19,9.000,0.000,0.000,10.000,0.000,0.000,0.000,95.556,90.000,99.000,0.751,0.160,1.720,21.789,21.400,22.100,1.344,0.300,2.200,920.233,919.000,921.200,0.000,9.000,9.000,1.000,1.000,1.000,0.158,0.222,0.999,0.999,0.990,76.222,23.467,0.000,,,0.000,
2025-09-20,9.000,4.000,3.000,4.111,1.000,0.000,0.000,89.222,84.000,93.000,1.870,1.190,2.850,22.244,21.900,22.800,3.078,2.300,3.800,919.411,918.600,920.500,0.000,9.000,9.000,0.930,0.810,1.000,0.043,0.079,0.921,0.927,0.810,84.778,23.044,0.100,,,0.000,
2025-09-21,9.000,1.000,1.000,8.000,0.000,0.000,0.000,100.000,100.000,100.000,0.000,0.000,0.000,22.078,21.900,22.400,3.056,2.200,4.300,918.789,917.400,919.800,11.500,9.000,9.000,0.682,0.380,0.980,0.418,0.232,0.434,0.575,0.190,85.778,22.756,1.800,,,0.000,
2025-09-22,9.000,0.000,0.000,10.000,0.000,0.000,0.000,100.000,100.000,100.000,0.000,0.000,0.000,21.844,21.600,22.600,6.367,5.400,7.200,914.422,913.200,916.200,-1.800,9.000,9.000,0.993,0.940,1.000,0.374,0.092,0.992,0.993,0.934,85.000,22.633,2.000,,,0.000,
2025-09-23,9.000,0.000,0.000,10.000,0.000,0.000,0.000,97.556,94.000,100.000,0.409,0.000,1.010,21.744,21.600,21.900,6.500,6.100,7.000,914.300,913.200,915.000,-9.800,9.000,9.000,0.998,0.990,1.000,0.059,0.550,0.998,1.000,0.997,83.889,22.422,1.400,,,0.000,
2025-09-24,6.000,2.000,1.000,4.333,0.000,0.000,0.000,91.778,88.000,95.000,1.401,0.830,2.080,21.544,21.100,22.100,4.500,3.700,5.500,918.600,917.500,919.000,0.000,9.000,9.000,0.983,0.950,1.000,0.000,0.006,0.983,0.984,0.951,82.333,22.511,0.000,,,0.000,
2025-09-25,9.000,0.000,0.000,8.889,0.000,0.000,0.000,94.111,91.000,98.000,0.998,0.330,1.540,21.989,21.500,22.500,4.156,3.400,4.800,923.011,922.300,923.200,-9.800,9.000,9.000,0.456,0.220,0.600,0.008,0.087,0.406,0.462,0.218,83.889,23.044,0.000,,,0.000,
2025-09-26,9.000,0.000,0.000,9.111,0.000,0.000,0.000,96.556,91.000,99.000,0.578,0.160,1.530,21.956,21.500,22.400,4.200,3.700,4.600,923.556,922.700,924.400,0.000,9.000,9.000,0.779,0.360,1.000,0.068,0.019,0.761,0.765,0.321,85.000,23.167,0.000,,,0.000,
2025-09-27,9.000,9.000,9.000,0.111,1.000,1.000,1.000,93.222,88.000,98.000,1.156,0.330,2.080,21.989,21.500,22.300,2.833,1.200,4.300,922.989,922.400,923.500,0.000,9.000,9.000,0.249,0.070,0.430,0.116,0.011,0.159,0.167,0.050,86.111,22.767,0.000,,,0.000,
2025-09-28,9.000,9.000,9.000,0.778,1.000,1.000,1.000,98.111,96.000,99.000,0.310,0.160,0.660,21.278,20.900,22.100,0.711,0.100,1.300,923.567,922.200,924.500,0.000,9.000,9.000,0.271,0.170,0.370,0.204,0.196,0.012,0.205,0.099,81.111,23.689,0.100,,,0.000,
2025-09-29,9.000,6.000,6.000,2.778,1.000,1.000,1.000,89.889,83.000,97.000,1.743,0.500,3.010,20.800,19.300,21.800,1.222,0.500,2.100,922.478,921.500,923.400,0.000,9.000,9.000,0.052,0.000,0.240,0.004,0.010,0.039,0.048,0.000,84.889,22.933,0.000,,,0.000,
2025-09-30,9.000,3.000,2.000,6.333,0.000,0.000,0.000,97.222,91.000,100.000,0.462,0.000,1.530,20.933,19.800,21.400,0.711,0.100,2.000,922.156,921.100,922.900,0.000,9.000,9.000,0.710,0.080,1.000,0.042,0.000,0.691,0.691,0.030,80.222,23.000,0.000,,,0.000,
2025-10-01,9.000,9.000,9.000,0.111,1.000,1.000,1.000,88.000,83.000,93.000,2.078,1.170,3.020,21.311,20.200,21.900,3.000,0.900,4.200,922.444,922.000,922.700,0.000,9.000,9.000,0.404,0.130,0.880,0.008,0.000,0.399,0.399,0.130,82.444,23.178,0.000,,,0.000,
2025-10-02,9.000,9.000,9.000,0.000,1.000,1.000,1.000,85.333,80.000,92.000,2.574,1.340,3.600,21.033,20.300,21.800,2.656,0.900,4.000,922.011,921.100,923.200,0.000,9.000,9.000,0.022,0.000,0.110,0.022,0.001,0.000,0.001,0.000,76.000,23.189,0.000,,,0.000,
2025-10-03,9.000,9.000,9.000,0.111,1.000,1.000,1.000,93.444,89.000,97.000,1.110,0.490,1.900,21.500,20.500,22.100,2.478,0.600,3.800,922.489,921.500,923.400,0.000,9.000,9.000,0.010,0.000,0.040,0.000,0.010,0.000,0.010,0.000,76.556,24.000,0.000,,,0.000,
2025-10-04,9.000,9.000,9.000,0.000,1.000,1.000,1.000,89.444,67.000,99.000,1.920,0.160,6.460,22.311,21.800,23.100,1.178,0.200,1.900,923.522,922.900,924.100,0.000,9.000,9.000,0.001,0.000,0.010,0.001,0.000,0.000,0.000,0.000,76.222,23.633,0.000,,,0.000,
2025-10-05,9.000,9.000,9.000,0.111,1.000,1.000,1.000,94.667,92.000,99.000,0.889,0.160,1.350,20.344,19.500,20.800,1.867,1.100,3.100,923.167,921.900,923.900,0.000,9.000,9.000,0.008,0.000,0.060,0.008,0.000,0.000,0.000,0.000,83.000,23.333,0.000,,,0.000,
2025-10-06,9.000,9.000,9.000,0.222,1.000,1.000,1.000,91.778,84.000,97.000,1.400,0.490,2.810,20.911,20.300,21.400,2.578,1.800,3.500,923.289,922.800,923.700,0.000,9.000,9.000,0.043,0.010,0.110,0.033,0.000,0.011,0.011,0.000,79.333,23.033,0.000,,,0.000,
2025-10-07,9.000,9.000,9.000,1.111,1.000,1.000,1.000,98.444,97.000,99.000,0.254,0.160,0.500,21.478,21.200,21.700,3.233,2.500,4.200,923.733,923.000,924.200,0.000,9.000,9.000,0.251,0.160,0.350,0.161,0.140,0.000,0.140,0.000,80.444,23.467,0.400,,,0.000,
2025-10-08,9.000,6.000,6.000,2.222,1.000,1.000,1.000,99.889,99.000,100.000,0.018,0.000,0.160,20.556,19.900,20.900,1.511,0.800,2.000,922.467,921.700,923.200,1.000,9.000,9.000,0.331,0.150,0.490,0.331,0.000,0.000,0.000,0.000,78.556,22.789,0.100,,,0.000,
2025-10-09,9.000,6.000,5.000,2.222,1.000,1.000,1.000,100.000,100.000,100.000,0.000,0.000,0.000,20.556,20.000,20.900,1.922,1.300,2.900,921.967,921.200,922.600,-8.300,9.000,9.000,0.210,0.080,0.330,0.208,0.011,0.001,0.012,0.000,76.111,22.778,0.000,,,0.000,
2025-10-10,9.000,4.000,3.000,3.667,1.000,0.000,0.000,94.222,86.000,98.000,0.976,0.330,2.430,20.800,20.500,21.300,2.289,1.600,2.700,921.167,920.200,922.300,0.000,9.000,9.000,0.054,0.010,0.130,0.039,0.003,0.013,0.017,0.000,84.556,22.656,0.000,,,0.000,
2025-10-11,4.000,0.000,0.000,8.250,,,,80.000,76.000,87.000,3.600,2.220,4.420,20.900,19.600,22.100,1.000,0.400,1.800,921.822,921.100,922.400,0.000,9.000,9.000,0.392,0.020,0.890,0.004,0.023,0.388,0.397,0.020,83.444,22.511,0.000,,,0.000,
2025-10-12,9.000,9.000,9.000,0.111,1.000,1.000,1.000,89.000,76.000,96.000,1.914,0.660,4.370,20.300,19.600,21.100,0.278,0.100,0.700,923.267,922.500,924.000,0.000,9.000,9.000,0.047,0.000,0.330,0.000,0.004,0.042,0.046,0.000,79.889,22.922,0.000,,,0.000,
2025-10-13,9.000,9.000,9.000,0.111,1.000,1.000,1.000,96.333,92.000,99.000,0.608,0.160,1.350,20.589,19.700,21.300,0.944,0.200,2.700,923.278,922.500,923.900,0.000,9.000,9.000,0.020,0.000,0.060,0.017,0.004,0.002,0.007,0.000,79.222,23.333,0.000,,,0.000,
2025-10-14,6.000,6.000,6.000,0.167,1.000,1.000,1.000,85.667,77.000,97.000,2.531,0.490,4.190,20.878,20.600,21.200,2.944,2.300,3.600,922.989,922.300,923.700,0.000,9.000,9.000,0.033,0.000,0.170,0.033,0.000,0.000,0.000,0.000,80.333,22.511,0.000,,,0.000,
2025-10-15,9.000,9.000,9.000,0.111,1.000,1.000,1.000,83.667,75.000,90.000,2.890,1.700,4.600,20.756,20.500,21.000,2.333,1.900,3.100,923.456,922.500,924.000,0.000,9.000,9.000,0.049,0.000,0.080,0.028,0.022,0.014,0.036,0.000,81.556,22.156,0.000,,,0.000,
2025-10-16,9.000,6.000,6.000,3.667,1.000,1.000,0.000,99.889,99.000,100.000,0.018,0.000,0.160,21.211,20.800,21.800,3.522,2.800,3.900,924.167,923.300,924.700,-5.600,9.000,9.000,0.244,0.150,0.430,0.132,0.176,0.041,0.208,0.110,82.333,22.567,0.400,,,0.000,
2025-10-17,9.000,9.000,9.000,0.889,1.000,1.000,1.000,99.444,99.000,100.000,0.089,0.000,0.160,21.400,21.000,21.700,3.067,2.800,3.500,922.867,921.800,923.800,0.000,9.000,9.000,0.066,0.040,0.110,0.059,0.024,0.000,0.024,0.000,81.889,22.767,0.000,,,0.000,
2025-10-18,9.000,2.000,2.000,5.111,0.000,0.000,0.000,100.000,100.000,100.000,0.000,0.000,0.000,20.833,20.500,21.100,3.678,2.600,5.500,922.922,921.700,924.100,0.500,9.000,9.000,0.430,0.220,0.710,0.152,0.238,0.188,0.383,0.192,84.333,22.133,1.500,,,0.000,
2025-10-19,9.000,0.000,0.000,10.000,0.000,0.000,0.000,100.000,100.000,100.000,0.000,0.000,0.000,20.044,19.300,20.600,3.100,1.700,6.800,922.233,921.500,923.200,68.000,9.000,9.000,0.999,0.990,1.000,0.698,0.911,0.999,1.000,0.996,87.444,20.500,48.400,,,0.000,
2025-10-20,9.000,0.000,0.000,10.000,0.000,0.000,0.000,100.000,100.000,100.000,0.000,0.000,0.000,17.911,17.500,18.300,8.611,6.500,9.600,922.644,921.900,923.300,175.500,9.000,9.000,1.000,1.000,1.000,0.987,0.880,0.999,1.000,0.996,87.000,19.311,19.800,,,0.000,
2025-10-21,9.000,0.000,0.000,10.000,0.000,0.000,0.000,100.000,100.000,100.000,0.000,0.000,0.000,17.956,17.400,18.600,9.422,7.200,11.800,922.156,921.400,922.900,190.500,9.000,9.000,1.000,1.000,1.000,0.990,0.983,0.981,1.000,0.999,86.333,18.933,29.100,,,0.000,
2025-10-22,9.000,0.000,0.000,10.000,0.000,0.000,0.000,100.000,100.000,100.000,0.000,0.000,0.000,17.711,17.400,18.000,6.000,2.100,7.700,923.767,922.700,924.500,112.000,9.000,9.000,1.000,1.000,1.000,0.994,1.000,0.753,1.000,1.000,86.444,18.678,10.900,,,0.000,
2025-10-23,9.000,0.000,0.000,10.000,0.000,0.000,0.000,99.778,99.000,100.000,0.036,0.000,0.160,17.644,17.000,18.200,4.444,2.700,5.600,925.300,924.400,926.300,37.000,9.000,9.000,0.889,0.740,1.000,0.679,0.799,0.411,0.879,0.748,79.556,19.267,6.000,,,0.000,
2025-10-24,9.000,0.000,0.000,9.889,0.000,0.000,0.000,99.000,99.000,99.000,0.160,0.160,0.160,17.856,17.400,18.500,3.133,2.200,4.000,923.989,923.300,924.500,34.000,9.000,9.000,0.999,0.990,1.000,0.990,0.998,0.001,0.998,0.980,81.556,19.044,4.700,,,0.000,
2025-10-25,9.000,0.000,0.000,9.556,0.000,0.000,0.000,99.222,99.000,100.000,0.124,0.000,0.160,18.600,18.300,18.900,2.556,1.800,3.700,923.789,923.200,924.200,17.000,9.000,9.000,0.988,0.960,1.000,0.982,0.893,0.000,0.893,0.790,84.556,19.467,2.400,,,0.000,
2025-10-26,9.000,0.000,0.000,9.889,0.000,0.000,0.000,99.667,99.000,100.000,0.053,0.000,0.160,16.256,15.900,16.700,2.200,1.300,2.900,926.089,925.700,926.600,14.000,9.000,9.000,0.818,0.570,1.000,0.769,0.411,0.000,0.411,0.130,74.444,17.978,0.400,,,0.000,
2025-10-27,9.000,0.000,0.000,10.000,0.000,0.000,0.000,100.000,100.000,100.000,0.000,0.000,0.000,16.311,15.800,16.900,2.389,1.200,4.500,925.267,924.400,926.200,16.500,9.000,9.000,0.961,0.900,1.000,0.650,0.896,0.341,0.914,0.810,81.222,17.500,3.100,,,0.000,
2025-10-28,9.000,0.000,0.000,10.000,0.000,0.000,0.000,100.000,100.000,100.000,0.000,0.000,0.000,15.544,15.000,16.200,2.089,1.600,2.900,926.444,925.300,927.200,22.500,9.000,9.000,0.963,0.910,1.000,0.899,0.830,0.561,0.905,0.720,80.556,16.944,1.300,,,0.000,
2025-10-29,9.000,0.000,0.000,10.000,0.000,0.000,0.000,100.000,100.000,100.000,0.000,0.000,0.000,17.711,16.000,18.800,3.989,2.300,8.400,925.067,924.300,925.900,-27.400,9.000,9.000,0.538,0.430,0.820,0.349,0.297,0.096,0.376,0.137,69.778,19.700,0.000,,,0.000,
2025-10-30,9.000,0.000,0.000,9.556,0.000,0.000,0.000,99.889,99.000,100.000,0.018,0.000,0.160,19.278,18.700,19.600,3.056,1.000,5.400,922.967,922.300,923.400,4.000,9.000,9.000,0.891,0.710,1.000,0.599,0.330,0.394,0.575,0.099,89.667,20.078,0.900,,,0.000,
2025-10-31,9.000,0.000,0.000,10.000,0.000,0.000,0.000,98.333,95.000,100.000,0.263,0.000,0.800,15.633,15.100,16.500,3.322,1.500,4.400,925.067,924.500,925.500,-23.900,9.000,9.000,0.674,0.360,0.920,0.133,0.160,0.586,0.646,0.330,68.222,18.156,0.000,,,0.000,
2025-11-01,9.000,0.000,0.000,9.889,0.000,0.000,0.000,99.111,95.000,100.000,0.142,0.000,0.800,15.378,15.200,15.900,3.222,1.200,5.900,925.356,924.800,925.900,0.200,9.000,9.000,0.903,0.430,1.000,0.308,0.897,0.128,0.908,0.446,74.333,17.567,1.700,,,0.000,
2025-11-02,9.000,0.000,0.000,9.889,0.000,0.000,0.000,95.444,90.000,99.000,0.731,0.160,1.630,14.644,14.200,15.100,2.222,1.900,2.600,927.656,926.900,928.200,-14.600,9.000,9.000,0.841,0.360,1.000,0.188,0.828,0.013,0.828,0.320,64.667,17.500,0.600,,,0.000,
2025-11-03,9.000,0.000,0.000,10.000,0.000,0.000,0.000,100.000,100.000,100.000,0.000,0.000,0.000,14.644,14.100,15.300,4.322,2.500,6.300,925.933,924.000,927.400,11.500,9.000,9.000,0.988,0.940,1.000,0.956,0.949,0.239,0.961,0.884,81.333,15.744,2.600,,,0.000,
2025-11-04,9.000,0.000,0.000,10.000,0.000,0.000,0.000,100.000,100.000,100.000,0.000,0.000,0.000,15.911,15.400,16.500,2.467,1.400,3.500,922.878,921.100,924.600,9.000,9.000,9.000,0.988,0.950,1.000,0.931,0.731,0.170,0.786,0.506,87.111,17.089,3.400,,,0.000,
2025-11-05,9.000,3.000,3.000,2.556,1.000,0.000,1.000,100.000,100.000,100.000,0.000,0.000,0.000,17.033,16.900,17.300,2.378,1.700,2.900,922.867,922.100,923.400,-34.700,9.000,9.000,0.353,0.190,0.630,0.341,0.099,0.000,0.099,0.030,81.111,18.900,0.100,,,0.000,
2025-11-06,9.000,0.000,0.000,4.222,0.000,0.000,0.000,100.000,100.000,100.000,0.000,0.000,0.000,18.489,18.000,19.000,3.633,1.800,5.100,923.878,923.500,924.200,-37.200,9.000,9.000,0.199,0.090,0.280,0.196,0.023,0.000,0.023,0.010,82.333,19.600,0.000,,,0.000,
2025-11-07,9.000,4.000,4.000,2.556,1.000,0.000,1.000,100.000,100.000,100.000,0.000,0.000,0.000,18.233,17.700,19.000,3.144,1.800,3.800,924.611,923.600,925.500,-19.100,9.000,9.000,0.206,0.030,0.350,0.176,0.003,0.034,0.038,0.000,81.889,19.944,0.000,,,0.000,
2025-11-08,9.000,6.000,6.000,2.333,1.000,1.000,1.000,99.778,99.000,100.000,0.036,0.000,0.160,18.656,18.400,19.400,3.600,2.300,4.800,923.000,921.300,924.400,-9.800,9.000,9.000,0.077,0.000,0.200,0.077,0.000,0.000,0.000,0.000,85.556,19.667,0.000,,,0.000,
2025-11-09,9.000,0.000,0.000,10.000,0.000,0.000,0.000,100.000,100.000,100.000,0.000,0.000,0.000,17.944,17.400,18.700,2.756,1.700,3.900,920.844,919.800,921.700,37.000,9.000,9.000,0.970,0.790,1.000,0.766,0.550,0.926,0.958,0.731,85.111,18.878,2.000,,,0.000,
2025-11-10,9.000,0.000,0.000,10.000,0.000,0.000,0.000,100.000,100.000,100.000,0.000,0.000,0.000,18.444,17.900,19.300,5.700,4.400,7.400,916.911,915.500,918.200,44.500,9.000,9.000,1.000,1.000,1.000,0.869,0.790,0.978,0.997,0.974,88.889,18.344,13.000,,,0.000,
2025-11-11,9.000,0.000,0.000,10.000,0.000,0.000,0.000,100.000,100.000,100.000,0.000,0.000,0.000,18.211,17.500,19.100,3.022,2.200,3.900,915.844,915.500,916.200,68.000,9.000,9.000,1.000,1.000,1.000,0.998,0.737,0.999,1.000,1.000,87.222,18.133,9.500,,,0.000,
2025-11-12,9.000,0.000,0.000,10.000,0.000,0.000,0.000,100.000,100.000,100.000,0.000,0.000,0.000,19.622,18.600,20.400,2.733,1.600,5.300,915.500,915.100,915.900,59.500,9.000,9.000,0.979,0.860,1.000,0.741,0.781,0.732,0.964,0.821,94.889,19.400,6.900,,,0.000,
2025-11-13,9.000,0.000,0.000,9.889,0.000,0.000,0.000,99.889,99.000,100.000,0.017,0.000,0.150,14.833,13.300,15.800,4.989,4.000,5.900,923.089,922.400,923.500,51.000,9.000,9.000,0.933,0.850,1.000,0.651,0.772,0.567,0.879,0.668,86.000,16.444,4.700,,,0.000,
2025-11-14,9.000,0.000,0.000,8.667,0.000,0.000,0.000,99.444,98.000,100.000,0.087,0.000,0.310,14.333,14.000,14.700,2.133,1.400,2.900,926.956,926.400,927.400,-47.500,9.000,9.000,0.481,0.300,0.800,0.477,0.049,0.000,0.049,0.000,66.222,17.200,0.000,,,0.000,
2025-11-15,9.000,0.000,0.000,5.778,0.000,0.000,0.000,99.000,96.000,100.000,0.160,0.000,0.640,16.100,15.600,16.600,3.633,1.700,5.300,927.911,927.300,928.600,-39.200,9.000,9.000,0.251,0.120,0.430,0.246,0.000,0.012,0.012,0.000,67.444,18.278,0.000,,,0.000,
2025-11-16,9.000,0.000,0.000,6.111,0.000,0.000,0.000,100.000,100.000,100.000,0.000,0.000,0.000,17.900,17.600,18.300,2.567,2.100,4.200,927.478,926.700,928.400,-13.900,9.000,9.000,0.471,0.160,0.840,0.420,0.189,0.000,0.189,0.120,85.333,18.711,1.300,,,0.000,
2025-11-17,9.000,0.000,0.000,10.000,0.000,0.000,0.000,99.333,99.000,100.000,0.104,0.000,0.160,14.611,13.300,15.700,6.356,4.900,7.600,928.189,927.800,928.500,52.000,9.000,9.000,1.000,1.000,1.000,0.853,1.000,0.197,1.000,1.000,83.556,16.044,6.700,,,0.000,
2025-11-18,9.000,0.000,0.000,10.000,0.000,0.000,0.000,100.000,100.000,100.000,0.000,0.000,0.000,10.167,8.600,10.900,4.444,2.200,5.800,929.978,929.200,930.700,11.500,9.000,9.000,1.000,1.000,1.000,1.000,0.996,0.587,0.997,0.980,79.111,11.811,1.400,,,0.000,
2025-11-19,8.000,0.000,0.000,10.000,0.000,0.000,0.000,96.778,94.000,99.000,0.486,0.150,0.910,8.789,8.200,9.300,2.289,1.500,3.400,929.633,928.800,930.400,-58.800,9.000,9.000,1.000,1.000,1.000,0.994,0.189,0.730,0.769,0.130,67.556,11.711,0.000,,,0.000,
2025-11-20,9.000,0.000,0.000,10.000,0.000,0.000,0.000,99.889,99.000,100.000,0.017,0.000,0.150,11.822,11.700,12.100,2.289,1.600,3.300,928.878,928.400,929.200,-67.600,9.000,9.000,0.971,0.790,1.000,0.936,0.829,0.382,0.870,0.502,64.222,14.989,0.000,,,0.000,
2025-11-21,9.000,0.000,0.000,10.000,0.000,0.000,0.000,99.444,97.000,100.000,0.086,0.000,0.460,12.322,12.200,12.500,2.000,1.600,2.300,928.956,928.200,929.600,-56.800,9.000,9.000,0.669,0.400,0.950,0.601,0.472,0.000,0.472,0.330,68.111,15.256,0.100,,,0.000,
2025-11-22,0.000,0.000,0.000,,,,,100.000,100.000,100.000,0.000,0.000,0.000,14.989,14.500,15.500,3.400,2.500,5.300,926.922,926.300,927.500,-49.000,9.000,9.000,0.539,0.230,0.700,0.537,0.028,0.000,0.028,0.010,77.222,16.311,0.000,,,0.000,
2025-11-23,0.000,0.000,0.000,,,,,91.444,82.000,98.000,1.427,0.320,3.090,16.433,16.200,16.700,2.400,1.200,3.700,925.411,924.400,926.000,0.000,9.000,9.000,0.114,0.040,0.250,0.081,0.041,0.000,0.041,0.000,83.778,16.922,0.000,,,0.000,
2025-11-24,0.000,0.000,0.000,,,,,98.444,96.000,100.000,0.248,0.000,0.640,15.200,13.200,16.500,3.700,2.400,5.400,925.578,925.200,925.800,-29.400,9.000,9.000,0.936,0.800,1.000,0.841,0.538,0.000,0.538,0.330,80.556,16.767,4.700,,,0.000,
2025-11-25,0.000,0.000,0.000,,,,,86.889,83.000,90.000,2.088,1.570,2.750,10.033,9.700,10.400,2.333,1.600,3.200,926.867,926.300,927.300,0.000,9.000,9.000,0.861,0.570,1.000,0.353,0.002,0.822,0.823,0.406,60.889,12.933,0.000,,,0.000,
2025-11-26,0.000,0.000,0.000,,,,,92.889,88.000,96.000,1.122,0.620,1.920,12.378,11.800,12.800,2.633,1.000,3.700,926.167,925.900,926.600,-19.600,9.000,9.000,0.648,0.350,0.970,0.468,0.179,0.312,0.416,0.150,63.222,14.978,0.000,,,0.000,
2025-11-27,0.000,0.000,0.000,,,,,88.667,84.000,92.000,1.799,1.250,2.590,10.489,9.900,11.100,1.922,1.500,2.200,925.944,925.000,926.900,0.000,9.000,9.000,0.993,0.970,1.000,0.249,0.728,0.983,0.994,0.968,58.111,13.256,0.000,,,0.000,
2025-11-28,0.000,0.000,0.000,,,,,95.556,90.000,98.000,0.694,0.310,1.590,11.911,11.700,12.300,3.178,2.600,3.700,923.378,922.200,924.200,0.000,9.000,9.000,0.436,0.270,0.640,0.266,0.212,0.037,0.237,0.110,61.333,14.378,0.000,,,0.000,
2025-11-29,0.000,0.000,0.000,,,,,95.778,95.000,98.000,0.667,0.310,0.800,14.633,13.900,15.100,1.767,1.300,2.100,922.767,922.000,923.400,0.000,9.000,9.000,0.032,0.010,0.050,0.032,0.000,0.000,0.000,0.000,82.222,15.244,0.000,,,0.000,
2025-11-30,8.000,0.000,0.000,9.000,0.000,0.000,0.000,95.667,90.000,100.000,0.699,0.000,1.640,15.822,14.900,16.600,1.167,0.400,3.200,922.844,922.300,923.200,0.000,9.000,9.000,0.596,0.320,0.830,0.119,0.523,0.098,0.568,0.331,92.000,16.433,0.200,,,0.000,
2025-12-01,9.000,0.000,0.000,3.111,0.000,0.000,0.000,100.000,100.000,100.000,0.000,0.000,0.000,16.756,16.300,17.200,1.511,0.700,2.300,921.622,921.500,921.800,6.500,9.000,9.000,0.852,0.580,1.000,0.852,0.001,0.000,0.001,0.000,87.778,17.211,0.500,,,0.000,
2025-12-02,9.000,0.000,0.000,8.778,0.000,0.000,0.000,99.778,99.000,100.000,0.036,0.000,0.160,13.844,12.500,14.600,2.222,1.300,3.200,924.656,924.100,925.100,-37.700,9.000,9.000,0.667,0.090,1.000,0.419,0.628,0.000,0.628,0.040,78.111,15.633,1.000,,,0.000,
2025-12-03,9.000,0.000,0.000,9.778,0.000,0.000,0.000,96.333,92.000,98.000,0.552,0.300,1.220,8.456,7.800,9.200,2.456,1.600,3.300,928.944,928.400,929.400,-56.800,9.000,9.000,0.918,0.840,0.970,0.917,0.011,0.000,0.011,0.000,60.111,11.711,0.000,,,0.000,
2025-12-04,9.000,0.000,0.000,9.556,0.000,0.000,0.000,97.889,95.000,100.000,0.321,0.000,0.770,10.722,10.200,11.200,4.656,4.200,5.600,928.078,927.400,928.600,-48.000,9.000,9.000,0.546,0.390,1.000,0.514,0.197,0.000,0.197,0.050,59.556,13.600,0.000,,,0.000,
2025-12-05,9.000,0.000,0.000,9.444,0.000,0.000,0.000,100.000,100.000,100.000,0.000,0.000,0.000,11.211,11.000,11.400,1.711,1.100,2.600,926.111,925.400,926.700,-26.900,9.000,9.000,0.933,0.680,1.000,0.557,0.921,0.000,0.921,0.600,69.778,13.956,0.100,,,0.000,
2025-12-06,9.000,0.000,0.000,4.556,0.000,0.000,0.000,99.000,98.000,100.000,0.154,0.000,0.310,13.756,13.400,14.000,3.622,2.300,5.300,925.989,925.500,926.500,0.000,9.000,9.000,0.353,0.190,0.530,0.353,0.009,0.000,0.009,0.000,68.333,15.578,0.000,,,0.000,
2025-12-07,9.000,4.000,4.000,2.778,1.000,0.000,1.000,87.667,84.000,93.000,2.029,1.120,2.670,14.444,13.600,15.000,2.044,0.700,2.800,925.756,924.900,926.500,0.000,9.000,9.000,0.071,0.040,0.170,0.044,0.047,0.000,0.047,0.020,80.333,15.200,0.100,,,0.000,
2025-12-08,8.000,0.000,0.000,9.875,0.000,0.000,0.000,100.000,100.000,100.000,0.000,0.000,0.000,13.422,12.800,14.100,2.222,1.400,2.800,926.711,925.900,927.600,27.000,9.000,9.000,1.000,1.000,1.000,0.993,1.000,0.009,1.000,1.000,81.111,14.544,4.000,,,0.000,
2025-12-09,9.000,0.000,0.000,6.556,0.000,0.000,0.000,100.000,100.000,100.000,0.000,0.000,0.000,14.533,14.200,15.100,3.389,1.100,5.000,925.844,924.900,926.700,-17.100,9.000,9.000,0.346,0.220,0.490,0.327,0.101,0.000,0.101,0.040,86.222,15.178,0.400,,,0.000,
2025-12-10,9.000,2.000,1.000,3.111,0.000,0.000,0.000,98.111,89.000,100.000,0.300,0.000,1.780,12.656,11.500,13.700,2.589,1.300,5.200,924.533,924.000,925.000,0.000,9.000,9.000,0.556,0.380,0.860,0.549,0.162,0.000,0.162,0.000,88.111,14.544,0.000,,,0.000,
2025-12-11,9.000,0.000,0.000,9.778,0.000,0.000,0.000,99.333,97.000,100.000,0.104,0.000,0.470,13.233,13.000,13.700,1.267,1.100,1.400,926.044,925.300,926.800,-25.400,9.000,9.000,0.702,0.450,1.000,0.677,0.183,0.337,0.423,0.010,73.556,15.344,0.500,,,0.000,
2025-12-12,9.000,0.000,0.000,9.889,0.000,0.000,0.000,100.000,100.000,100.000,0.000,0.000,0.000,14.400,13.900,14.700,2.689,1.100,5.600,925.456,924.900,926.000,-13.600,9.000,9.000,0.993,0.940,1.000,0.988,0.594,0.181,0.602,0.050,80.667,15.478,1.000,,,0.000,
2025-12-13,9.000,0.000,0.000,10.000,0.000,0.000,0.000,100.000,100.000,100.000,0.000,0.000,0.000,9.444,7.900,10.800,6.111,5.300,6.700,927.256,927.000,927.500,-3.800,9.000,9.000,0.999,0.990,1.000,0.978,0.968,0.397,0.980,0.921,74.778,11.378,0.700,,,0.000,
2025-12-14,9.000,0.000,0.000,9.222,0.000,0.000,0.000,92.111,90.000,95.000,1.198,0.740,1.530,7.067,6.500,7.500,2.456,1.900,3.500,927.533,926.400,928.600,0.000,9.000,9.000,0.950,0.840,1.000,0.892,0.000,0.624,0.624,0.430,64.444,9.067,0.000,,,0.000,
2025-12-15,9.000,6.000,6.000,2.111,1.000,1.000,1.000,92.667,89.000,97.000,1.149,0.460,1.750,11.278,10.600,11.800,2.100,1.000,2.900,926.300,925.300,927.100,0.000,9.000,9.000,0.086,0.040,0.150,0.056,0.073,0.000,0.073,0.030,74.222,12.633,0.000,,,0.000,
2025-12-16,9.000,1.000,1.000,4.000,0.000,0.000,0.000,97.778,95.000,99.000,0.346,0.150,0.780,13.344,12.200,14.200,1.356,0.200,3.000,926.278,926.000,926.500,0.000,9.000,9.000,0.154,0.040,0.420,0.144,0.046,0.000,0.046,0.010,88.444,13.522,0.200,,,0.000,
2025-12-17,9.000,0.000,0.000,9.333,0.000,0.000,0.000,100.000,100.000,100.000,0.000,0.000,0.000,12.378,11.900,13.400,2.311,1.800,2.900,927.878,926.800,928.800,-57.300,9.000,9.000,0.529,0.280,0.810,0.473,0.248,0.000,0.248,0.080,80.333,14.400,0.800,,,0.000,
2025-12-18,8.000,0.000,0.000,9.750,0.000,0.000,0.000,100.000,100.000,100.000,0.000,0.000,0.000,15.122,14.500,15.400,3.111,0.600,4.800,924.500,923.700,925.500,-19.100,9.000,9.000,0.640,0.500,0.900,0.279,0.477,0.156,0.559,0.434,89.111,15.489,0.000,,,0.000,
2025-12-19,9.000,0.000,0.000,10.000,0.000,0.000,0.000,95.111,89.000,100.000,0.782,0.000,1.790,14.300,13.700,14.800,1.233,0.500,2.100,924.000,923.300,924.600,-28.900,9.000,9.000,0.996,0.980,1.000,0.876,0.913,0.718,0.954,0.745,93.222,15.467,4.400,,,0.000,
2025-12-20,9.000,1.000,1.000,7.000,0.000,0.000,0.000,92.556,81.000,100.000,1.271,0.000,3.290,16.089,14.700,17.200,2.967,0.500,5.000,925.089,924.800,925.400,11.000,9.000,9.000,0.626,0.320,0.870,0.543,0.123,0.071,0.185,0.050,93.333,15.111,0.600,,,0.000,
2025-12-21,9.000,0.000,0.000,9.778,0.000,0.000,0.000,100.000,100.000,100.000,0.000,0.000,0.000,10.878,10.700,11.000,2.044,1.500,2.300,927.956,927.100,928.800,-36.700,9.000,9.000,0.751,0.480,0.970,0.736,0.259,0.001,0.260,0.190,73.333,12.956,0.700,,,0.000,
2025-12-22,9.000,0.000,0.000,8.667,0.000,0.000,0.000,100.000,100.000,100.000,0.000,0.000,0.000,12.900,12.100,14.000,4.844,3.400,7.200,925.133,924.300,925.900,-77.900,9.000,9.000,0.462,0.260,0.890,0.454,0.031,0.000,0.031,0.010,72.222,14.622,0.000,,,0.000,
2025-12-23,9.000,1.000,1.000,7.222,0.000,0.000,0.000,88.222,62.000,100.000,2.094,0.000,7.310,15.133,13.600,16.500,2.111,0.600,4.000,923.022,922.300,923.500,0.000,9.000,9.000,0.067,0.010,0.240,0.043,0.026,0.000,0.026,0.000,89.778,15.056,0.000,,,0.000,
2025-12-24,9.000,0.000,0.000,10.000,0.000,0.000,0.000,100.000,100.000,100.000,0.000,0.000,0.000,13.111,12.900,13.300,3.244,1.200,4.300,921.333,920.800,921.800,-58.800,9.000,9.000,1.000,1.000,1.000,0.998,0.650,0.000,0.650,0.440,87.111,13.911,2.000,,,0.000,
2025-12-25,9.000,0.000,0.000,9.889,0.000,0.000,0.000,98.889,96.000,100.000,0.163,0.000,0.590,5.778,5.300,6.100,3.567,2.100,4.600,926.678,926.200,927.100,7.500,9.000,9.000,0.999,0.990,1.000,0.997,0.993,0.007,0.993,0.960,71.556,8.756,1.100,,,0.000,
2025-12-26,9.000,0.000,0.000,9.889,0.000,0.000,0.000,100.000,100.000,100.000,0.000,0.000,0.000,8.422,7.800,9.100,4.011,1.800,5.200,925.122,924.400,925.800,11.000,9.000,9.000,0.929,0.800,1.000,0.881,0.651,0.000,0.651,0.420,73.778,10.367,0.600,,,0.000,
2025-12-27,9.000,0.000,0.000,10.000,0.000,0.000,0.000,100.000,100.000,100.000,0.000,0.000,0.000,10.289,10.000,10.600,3.011,1.900,4.600,925.244,923.700,926.400,13.000,9.000,9.000,0.963,0.730,1.000,0.961,0.561,0.000,0.561,0.230,80.444,11.822,0.900,,,0.000,
2025-12-28,9.000,0.000,0.000,9.778,0.000,0.000,0.000,100.000,100.000,100.000,0.000,0.000,0.000,11.678,11.000,12.200,1.767,1.100,2.700,923.678,922.500,924.400,-47.500,9.000,9.000,0.843,0.610,1.000,0.840,0.053,0.000,0.053,0.000,75.889,13.144,0.000,,,0.000,
2025-12-29,9.000,0.000,0.000,8.333,0.000,0.000,0.000,99.333,98.000,100.000,0.106,0.000,0.310,14.256,13.900,14.600,2.711,0.700,4.300,921.522,920.900,922.500,-9.800,9.000,9.000,0.281,0.190,0.390,0.252,0.082,0.000,0.082,0.030,86.333,14.700,0.400,,,0.000,
2025-12-30,9.000,0.000,0.000,9.778,0.000,0.000,0.000,99.444,98.000,100.000,0.084,0.000,0.310,11.789,11.200,12.000,2.356,1.800,3.300,921.400,920.800,922.000,6.000,9.000,9.000,0.908,0.860,0.970,0.788,0.687,0.000,0.687,0.370,81.111,13.478,3.100,,,0.000,
2025-12-31,9.000,0.000,0.000,9.556,0.000,0.000,0.000,99.889,99.000,100.000,0.017,0.000,0.150,11.122,10.200,11.800,2.200,1.300,3.500,921.622,921.000,922.100,23.000,9.000,9.000,1.000,1.000,1.000,1.000,0.982,0.700,0.996,0.987,83.250,12.625,2.100,,,0.000,
2026-01-01,7.000,0.000,0.000,10.000,0.000,0.000,0.000,100.000,100.000,100.000,0.000,0.000,0.000,8.022,7.200,8.700,6.522,6.000,7.100,925.800,925.200,926.100,33.000,9.000,9.000,,,,,,,,,,,,,,0.000,
2026-01-02,9.000,0.000,0.000,7.778,0.000,0.000,0.000,92.111,90.000,95.000,1.173,0.730,1.500,4.367,3.900,4.900,2.900,2.000,4.000,930.289,929.400,930.900,-9.800,9.000,9.000,,,,,,,,,,,,,,0.000,
2026-01-03,9.000,1.000,1.000,4.889,0.000,0.000,0.000,92.667,89.000,97.000,1.118,0.450,1.700,7.689,7.400,8.000,3.589,2.300,5.400,928.411,927.100,929.100,0.000,9.000,9.000,,,,,,,,,,,,,,0.000,
2026-01-04,9.000,8.000,7.000,2.000,1.000,1.000,1.000,90.889,88.000,97.000,1.422,0.450,1.890,9.144,8.400,10.100,0.811,0.100,1.700,925.567,924.500,926.300,0.000,9.000,9.000,,,,,,,,,,,,,,0.000,
2026-01-05,9.000,0.000,0.000,9.556,0.000,0.000,0.000,100.000,100.000,100.000,0.000,0.000,0.000,7.211,6.000,8.600,3.922,2.400,5.400,927.389,926.800,927.900,-15.100,9.000,9.000,,,,,,,,,,,,,,0.000,
2026-01-06,9.000,0.000,0.000,9.333,0.000,0.000,0.000,100.000,100.000,100.000,0.000,0.000,0.000,3.789,2.800,4.300,5.956,5.000,6.800,927.389,927.100,927.600,-47.500,9.000,9.000,,,,,,,,,,,,,,0.000,
2026-01-07,9.000,0.000,0.000,9.667,0.000,0.000,0.000,90.222,87.000,96.000,1.486,0.590,1.990,5.811,5.200,6.300,1.656,1.500,1.800,928.422,927.800,928.800,0.000,9.000,9.000,,,,,,,,,,,,,,0.000,
2026-01-08,9.000,0.000,0.000,6.889,0.000,0.000,0.000,80.111,74.000,86.000,3.144,2.140,4.240,4.333,4.100,4.500,2.033,1.600,3.300,928.478,926.900,929.600,0.000,9.000,9.000,,,,,,,,,,,,,,0.000,
2026-01-09,9.000,5.000,5.000,3.556,1.000,0.000,0.000,95.222,92.000,98.000,0.712,0.290,1.210,6.422,5.400,7.000,1.467,0.400,3.000,925.400,924.600,926.400,0.000,9.000,9.000,,,,,,,,,,,,,,0.000,
2026-01-10,9.000,0.000,0.000,9.111,0.000,0.000,0.000,84.333,79.000,90.000,2.503,1.550,3.430,8.522,8.100,8.900,2.111,1.400,3.300,928.467,927.900,928.800,0.000,9.000,9.000,,,,,,,,,,,,,,0.000,
2026-01-11,9.000,0.000,0.000,8.111,0.000,0.000,0.000,87.444,84.000,91.000,1.934,1.370,2.500,6.144,5.900,6.600,5.044,3.000,7.000,928.889,926.900,930.200,0.000,9.000,9.000,,,,,,,,,,,,,,0.000,
2026-01-12,9.000,0.000,0.000,8.667,0.000,0.000,0.000,60.111,50.000,66.000,7.399,5.970,9.970,9.022,7.800,10.100,3.122,2.100,4.500,924.656,924.000,925.100,0.000,9.000,9.000,,,,,,,,,,,,,,0.000,
2026-01-13,9.000,8.000,4.000,1.778,1.000,1.000,1.000,89.889,85.000,94.000,1.590,0.920,2.410,9.878,9.500,10.200,2.867,1.700,4.300,925.644,925.200,926.100,0.000,9.000,9.000,,,,,,,,,,,,,,0.000,
2026-01-14,9.000,9.000,9.000,1.222,1.000,1.000,1.000,89.889,88.000,96.000,1.603,0.610,1.920,11.100,9.500,11.700,2.089,0.800,2.900,924.067,923.000,924.800,0.000,9.000,9.000,,,,,,,,,,,,,,0.000,
2026-01-15,9.000,0.000,0.000,9.556,0.000,0.000,0.000,71.222,40.000,94.000,5.613,0.940,13.240,12.900,12.400,13.500,1.111,0.300,2.300,921.400,920.700,922.200,0.000,9.000,9.000,,,,,,,,,,,,,,0.000,
2026-01-16,9.000,0.000,0.000,9.667,0.000,0.000,0.000,63.667,42.000,92.000,7.224,1.270,12.750,13.378,12.600,14.300,2.433,0.500,4.000,921.167,919.800,922.100,-19.600,9.000,9.000,,,,,,,,,,,,,,0.000,
2026-01-17,9.000,0.000,0.000,9.333,0.000,0.000,0.000,67.889,35.000,95.000,6.627,0.770,15.260,12.611,11.000,14.400,2.800,1.200,5.300,920.233,919.900,920.500,0.000,9.000,9.000,,,,,,,,,,,,,,0.000,
2026-01-18,9.000,0.000,0.000,6.333,0.000,0.000,0.000,96.111,93.000,100.000,0.607,0.000,1.100,11.756,11.200,12.100,2.056,1.200,3.300,920.989,920.300,921.400,-9.800,9.000,9.000,,,,,,,,,,,,,,0.000,
2026-01-19,9.000,0.000,0.000,7.778,0.000,0.000,0.000,100.000,100.000,100.000,0.000,0.000,0.000,10.733,9.500,11.500,2.956,1.900,6.200,922.600,922.100,923.000,15.000,9.000,9.000,,,,,,,,,,,,,,0.000,
2026-01-20,9.000,0.000,0.000,9.778,0.000,0.000,0.000,100.000,100.000,100.000,0.000,0.000,0.000,6.422,6.100,6.800,4.011,2.900,5.100,926.089,925.600,926.300,15.500,9.000,9.000,,,,,,,,,,,,,,0.000,
2026-01-21,9.000,0.000,0.000,10.000,0.000,0.000,0.000,99.778,99.000,100.000,0.031,0.000,0.140,5.144,4.900,5.300,3.022,1.700,4.900,928.100,927.700,928.300,9.500,9.000,9.000,,,,,,,,,,,,,,0.000,
2026-01-22,9.000,0.000,0.000,10.000,0.000,0.000,0.000,100.000,100.000,100.000,0.000,0.000,0.000,6.656,6.300,6.900,1.656,0.800,2.600,928.322,927.500,929.200,14.500,9.000,9.000,,,,,,,,,,,,,,0.000,
2026-01-23,9.000,0.000,0.000,9.556,0.000,0.000,0.000,100.000,100.000,100.000,0.000,0.000,0.000,10.744,10.300,11.200,2.789,1.100,4.100,927.867,927.000,928.400,-16.600,9.000,9.000,,,,,,,,,,,,,,0.000,
2026-01-24,9.000,0.000,0.000,8.222,0.000,0.000,0.000,100.000,100.000,100.000,0.000,0.000,0.000,11.833,10.800,12.300,4.222,2.800,6.200,926.667,926.300,927.500,-17.100,9.000,9.000,,,,,,,,,,,,,,0.000,
2026-01-25,9.000,0.000,0.000,10.000,0.000,0.000,0.000,94.667,92.000,97.000,0.838,0.460,1.270,13.022,12.800,13.200,1.933,1.300,2.600,926.833,925.800,927.600,0.000,9.000,9.000,,,,,,,,,,,,,,0.000,
2026-01-26,9.000,0.000,0.000,10.000,0.000,0.000,0.000,91.667,73.000,100.000,1.393,0.000,4.800,12.833,11.600,14.800,2.089,0.600,4.200,925.633,925.000,926.100,-9.800,9.000,9.000,,,,,,,,,,,,,,0.000,
2026-01-27,9.000,0.000,0.000,9.667,0.000,0.000,0.000,100.000,100.000,100.000,0.000,0.000,0.000,9.289,8.800,9.800,1.789,1.100,2.400,927.144,926.700,927.700,-12.100,9.000,9.000,,,,,,,,,,,,,,0.000,
2026-01-28,9.000,0.000,0.000,9.111,0.000,0.000,0.000,100.000,100.000,100.000,0.000,0.000,0.000,8.778,8.500,9.100,4.022,1.600,5.700,927.700,927.000,928.600,-7.300,9.000,9.000,,,,,,,,,,,,,,0.000,
2026-01-29,9.000,0.000,0.000,10.000,0.000,0.000,0.000,100.000,100.000,100.000,0.000,0.000,0.000,11.822,11.600,12.000,3.322,2.500,4.400,927.278,926.200,927.900,-19.100,9.000,9.000,,,,,,,,,,,,,,0.000,
2026-01-30,9.000,0.000,0.000,10.000,0.000,0.000,0.000,100.000,100.000,100.000,0.000,0.000,0.000,12.833,12.300,13.600,2.122,0.100,3.400,926.378,925.800,926.800,-29.400,9.000,9.000,,,,,,,,,,,,,,0.000,
2026-01-31,9.000,0.000,0.000,9.667,0.000,0.000,0.000,100.000,100.000,100.000,0.000,0.000,0.000,8.711,8.300,8.900,1.967,1.000,3.800,928.744,928.000,929.200,12.500,9.000,9.000,,,,,,,,,,,,,,0.000,
2026-02-01,9.000,0.000,0.000,9.667,0.000,0.000,0.000,100.000,100.000,100.000,0.000,0.000,0.000,9.611,9.400,9.800,1.789,1.300,2.600,928.811,928.500,929.100,8.000,9.000,9.000,,,,,,,,,,,,,,0.000,
2026-02-02,9.000,0.000,0.000,9.778,0.000,0.000,0.000,100.000,100.000,100.000,0.000,0.000,0.000,7.722,7.400,8.100,2.244,1.800,2.600,931.322,930.900,931.700,-4.800,9.000,9.000,,,,,,,,,,,,,,0.000,
2026-02-03,9.000,0.000,0.000,9.556,0.000,0.000,0.000,99.556,96.000,100.000,0.068,0.000,0.610,10.489,9.800,11.200,2.778,1.100,4.700,927.478,926.600,928.500,0.000,9.000,9.000,,,,,,,,,,,,,,0.000,
2026-02-04,9.000,0.000,0.000,9.889,0.000,0.000,0.000,86.222,82.000,94.000,2.276,0.950,3.030,13.878,13.500,14.300,0.800,0.300,1.100,924.511,924.000,925.000,0.000,9.000,9.000,,,,,,,,,,,,,,0.000,
2026-02-05,9.000,0.000,0.000,5.222,0.000,0.000,0.000,91.000,84.000,95.000,1.474,0.790,2.690,15.122,13.400,16.300,1.589,0.400,2.400,923.200,922.000,923.900,0.000,9.000,9.000,,,,,,,,,,,,,,0.000,
2026-02-06,9.000,0.000,0.000,9.889,0.000,0.000,0.000,100.000,100.000,100.000,0.000,0.000,0.000,11.567,9.200,13.100,4.056,0.300,6.900,923.967,922.800,925.000,-25.400,9.000,9.000,,,,,,,,,,,,,,0.000,
2026-02-07,9.000,0.000,0.000,10.000,0.000,0.000,0.000,100.000,100.000,100.000,0.000,0.000,0.000,5.444,4.300,6.700,2.933,1.900,4.900,929.078,928.600,929.500,7.000,9.000,9.000,,,,,,,,,,,,,,0.000,
2026-02-08,9.000,0.000,0.000,10.000,0.000,0.000,0.000,93.444,90.000,98.000,0.958,0.290,1.480,2.711,2.200,3.500,2.600,1.400,4.200,930.789,928.900,932.000,-68.600,9.000,9.000,,,,,,,,,,,,,,0.000,
2026-02-09,9.000,0.000,0.000,8.444,0.000,0.000,0.000,88.000,85.000,93.000,1.880,1.060,2.390,8.467,7.700,9.200,1.967,0.800,3.500,926.467,926.200,926.700,0.000,9.000,9.000,,,,,,,,,,,,,,0.000,
2026-02-10,9.000,0.000,0.000,9.222,0.000,0.000,0.000,85.889,82.000,93.000,2.299,1.080,2.990,11.344,10.100,12.300,1.222,0.300,3.400,926.533,926.200,927.000,0.000,9.000,9.000,,,,,,,,,,,,,,0.000,
2026-02-11,9.000,0.000,0.000,9.556,0.000,0.000,0.000,100.000,100.000,100.000,0.000,0.000,0.000,8.867,8.300,9.400,2.278,1.300,3.200,927.233,926.200,928.200,-48.000,9.000,9.000,,,,,,,,,,,,,,0.000,
2026-02-12,9.000,1.000,1.000,6.111,0.000,0.000,0.000,100.000,100.000,100.000,0.000,0.000,0.000,11.489,10.600,12.000,1.556,0.300,3.100,925.089,923.700,926.100,0.000,9.000,9.000,,,,,,,,,,,,,,0.000,
2026-02-13,9.000,9.000,9.000,1.778,1.000,1.000,1.000,82.222,67.000,94.000,3.078,0.950,6.070,13.889,12.700,15.100,1.122,0.700,1.900,923.844,923.100,924.300,0.000,9.000,9.000,,,,,,,,,,,,,,0.000,
2026-02-14,9.000,8.000,8.000,1.667,1.000,1.000,1.000,85.667,78.000,94.000,2.411,0.960,3.830,15.178,14.600,15.900,1.589,0.500,2.800,923.767,923.400,923.900,0.000,9.000,9.000,,,,,,,,,,,,,,0.000,
2026-02-15,9.000,5.000,3.000,3.222,1.000,0.000,0.000,91.556,84.000,97.000,1.386,0.470,2.690,15.100,14.300,16.500,1.078,0.600,1.400,922.944,922.100,923.600,0.000,9.000,9.000,,,,,,,,,,,,,,0.000,
2026-02-16,9.000,0.000,0.000,9.444,0.000,0.000,0.000,100.000,100.000,100.000,0.000,0.000,0.000,10.511,9.200,11.100,1.878,1.300,2.900,925.011,924.500,925.400,-26.400,9.000,9.000,,,,,,,,,,,,,,0.000,
2026-02-17,9.000,0.000,0.000,9.778,0.000,0.000,0.000,100.000,100.000,100.000,0.000,0.000,0.000,8.333,8.100,8.500,1.900,1.400,3.000,927.044,926.500,927.500,-15.600,9.000,9.000,,,,,,,,,,,,,,0.000,
2026-02-18,9.000,0.000,0.000,7.111,0.000,0.000,0.000,99.000,96.000,100.000,0.150,0.000,0.600,7.767,7.000,8.500,4.711,2.900,6.400,928.444,927.400,929.300,0.000,9.000,9.000,,,,,,,,,,,,,,0.000,
2026-02-19,9.000,0.000,0.000,9.333,0.000,0.000,0.000,98.889,94.000,100.000,0.171,0.000,0.940,11.189,10.300,12.100,1.122,0.400,2.200,926.089,925.000,926.800,0.000,9.000,9.000,,,,,,,,,,,,,,0.000,
2026-02-20,9.000,0.000,0.000,3.778,0.000,0.000,0.000,96.667,92.000,100.000,0.516,0.000,1.250,10.933,9.900,12.400,0.778,0.100,1.400,922.511,921.100,923.400,0.000,9.000,9.000,,,,,,,,,,,,,,0.000,
2026-02-21,9.000,7.000,7.000,2.333,1.000,1.000,1.000,83.444,71.000,100.000,2.894,0.000,5.210,14.244,13.100,15.300,1.089,0.500,2.000,919.411,919.000,919.800,0.000,9.000,9.000,,,,,,,,,,,,,,0.000,
2026-02-22,9.000,0.000,0.000,5.889,0.000,0.000,0.000,95.778,84.000,100.000,0.692,0.000,2.670,14.178,13.600,14.700,3.711,2.800,5.300,921.600,921.200,922.000,-9.800,9.000,9.000,,,,,,,,,,,,,,0.000,
2026-02-23,9.000,1.000,1.000,8.000,0.000,0.000,0.000,87.556,80.000,93.000,2.078,1.120,3.450,15.500,14.900,15.900,2.133,0.500,3.100,921.189,920.100,921.800,0.000,9.000,9.000,,,,,,,,,,,,,,0.000,
2026-02-24,9.000,0.000,0.000,9.778,0.000,0.000,0.000,100.000,100.000,100.000,0.000,0.000,0.000,14.767,12.800,15.800,2.100,0.500,5.000,922.356,921.700,922.900,-67.600,9.000,9.000,,,,,,,,,,,,,,0.000,
2026-02-25,9.000,0.000,0.000,10.000,0.000,0.000,0.000,100.000,100.000,100.000,0.000,0.000,0.000,12.611,12.400,13.100,4.644,3.600,5.800,921.878,920.300,923.000,-19.600,9.000,9.000,,,,,,,,,,,,,,0.000,
2026-02-26,9.000,0.000,0.000,10.000,0.000,0.000,0.000,99.889,99.000,100.000,0.018,0.000,0.160,15.589,14.400,16.800,2.378,0.700,5.400,917.667,916.900,918.200,3.900,9.000,9.000,,,,,,,,,,,,,,0.000,
2026-02-27,9.000,0.000,0.000,9.889,0.000,0.000,0.000,100.000,100.000,100.000,0.000,0.000,0.000,12.011,11.700,12.300,2.333,1.400,3.400,919.656,919.100,920.200,-77.900,9.000,9.000,,,,,,,,,,,,,,0.000,
2026-02-28,9.000,0.000,0.000,10.000,0.000,0.000,0.000,100.000,100.000,100.000,0.000,0.000,0.000,14.878,14.600,15.100,2.489,2.100,3.100,920.589,919.000,921.400,-57.300,9.000,9.000,,,,,,,,,,,,,,0.000,
2026-03-01,9.000,0.000,0.000,7.667,0.000,0.000,0.000,99.667,97.000,100.000,0.053,0.000,0.480,17.133,16.300,17.900,2.444,0.900,3.800,918.100,917.700,918.600,27.500,9.000,9.000,,,,,,,,,,,,,,0.000,
2026-03-02,9.000,0.000,0.000,9.333,0.000,0.000,0.000,100.000,100.000,100.000,0.000,0.000,0.000,12.733,9.700,17.100,2.656,0.600,4.200,921.289,920.300,921.900,-57.800,9.000,9.000,,,,,,,,,,,,,,0.000,
2026-03-03,9.000,0.000,0.000,10.000,0.000,0.000,0.000,100.000,100.000,100.000,0.000,0.000,0.000,9.222,8.900,9.600,1.889,1.300,2.400,924.800,923.800,925.500,9.000,9.000,9.000,,,,,,,,,,,,,,0.000,
2026-03-04,9.000,0.000,0.000,10.000,0.000,0.000,0.000,100.000,100.000,100.000,0.000,0.000,0.000,13.200,12.800,13.700,3.556,2.200,5.300,922.322,921.200,923.100,2.700,9.000,9.000,,,,,,,,,,,,,,0.000,
2026-03-05,9.000,1.000,1.000,4.000,0.000,0.000,0.000,100.000,100.000,100.000,0.000,0.000,0.000,14.600,13.800,15.000,1.800,0.100,5.400,922.300,921.700,922.700,4.500,9.000,9.000,,,,,,,,,,,,,,0.000,
2026-03-06,9.000,0.000,0.000,9.444,0.000,0.000,0.000,100.000,100.000,100.000,0.000,0.000,0.000,8.189,7.700,9.100,2.789,1.900,3.800,926.622,925.500,927.500,-46.000,9.000,9.000,,,,,,,,,,,,,,0.000,
2026-03-07,9.000,0.000,0.000,8.778,0.000,0.000,0.000,100.000,100.000,100.000,0.000,0.000,0.000,8.122,7.300,9.400,5.744,3.300,7.300,927.589,926.600,928.600,-57.300,9.000,9.000,,,,,,,,,,,,,,0.000,
2026-03-08,9.000,0.000,0.000,9.333,0.000,0.000,0.000,100.000,100.000,100.000,0.000,0.000,0.000,11.011,10.600,11.400,2.667,1.500,4.800,926.933,926.400,927.600,8.500,9.000,9.000,,,,,,,,,,,,,,0.000,
2026-03-09,9.000,0.000,0.000,10.000,0.000,0.000,0.000,99.667,98.000,100.000,0.049,0.000,0.290,6.856,6.300,7.600,3.044,2.200,4.000,929.989,928.600,931.100,-13.100,9.000,9.000,,,,,,,,,,,,,,0.000,
2026-03-10,9.000,0.000,0.000,9.778,0.000,0.000,0.000,100.000,100.000,100.000,0.000,0.000,0.000,6.878,6.500,7.100,2.878,0.700,3.700,926.367,925.200,927.100,-9.800,9.000,9.000,,,,,,,,,,,,,,0.000,
2026-03-11,9.000,5.000,5.000,3.111,1.000,0.000,0.000,94.444,92.000,96.000,0.847,0.600,1.230,9.033,8.700,9.200,5.033,2.200,7.000,924.667,924.300,925.000,0.000,9.000,9.000,,,,,,,,,,,,,,0.000,
2026-03-12,9.000,0.000,0.000,4.667,0.000,0.000,0.000,78.000,72.000,86.000,3.564,2.170,4.680,6.100,5.500,6.500,3.422,1.800,5.200,928.733,927.900,929.500,0.000,9.000,9.000,,,,,,,,,,,,,,0.000,
2026-03-13,9.000,0.000,0.000,6.000,0.000,0.000,0.000,88.333,85.000,93.000,1.814,1.060,2.370,7.833,7.200,8.100,2.411,1.700,3.200,928.411,927.500,929.200,0.000,9.000,9.000,,,,,,,,,,,,,,0.000,
2026-03-14,9.000,4.000,3.000,3.000,1.000,0.000,1.000,90.222,87.000,94.000,1.537,0.920,2.070,10.044,9.600,10.400,4.344,2.400,6.100,927.978,926.900,928.800,0.000,9.000,9.000,,,,,,,,,,,,,,0.000,
2026-03-15,9.000,0.000,0.000,6.111,0.000,0.000,0.000,99.889,99.000,100.000,0.017,0.000,0.150,12.933,12.700,13.000,2.767,2.200,3.100,926.744,925.500,927.500,-68.600,9.000,9.000,,,,,,,,,,,,,,0.000,
2026-03-16,7.000,2.000,2.000,2.714,0.000,0.000,1.000,93.000,91.000,95.000,1.104,0.780,1.430,12.733,12.500,13.000,1.389,0.600,3.000,924.911,923.600,925.500,0.000,9.000,9.000,,,,,,,,,,,,,,0.000,
2026-03-17,9.000,2.000,2.000,3.667,0.000,0.000,0.000,88.556,64.000,98.000,1.950,0.310,6.730,13.411,12.500,14.400,0.967,0.200,1.700,923.789,922.700,924.600,0.000,9.000,9.000,,,,,,,,,,,,,,0.000,
2026-03-18,9.000,6.000,6.000,2.778,1.000,1.000,1.000,87.444,80.000,97.000,2.110,0.470,3.460,15.878,15.300,16.500,2.822,1.900,4.200,922.467,921.700,922.900,0.000,9.000,9.000,,,,,,,,,,,,,,0.000,
2026-03-19,9.000,0.000,0.000,7.444,0.000,0.000,0.000,100.000,100.000,100.000,0.000,0.000,0.000,12.300,12.200,12.500,3.367,2.300,5.400,923.167,922.200,923.900,-9.800,9.000,9.000,,,,,,,,,,,,,,0.000,
2026-03-20,9.000,0.000,0.000,9.778,0.000,0.000,0.000,100.000,100.000,100.000,0.000,0.000,0.000,13.778,11.900,15.200,2.011,0.900,2.900,924.378,923.600,925.000,-9.800,9.000,9.000,,,,,,,,,,,,,,0.000,
2026-03-21,9.000,0.000,0.000,5.556,0.000,0.000,0.000,100.000,100.000,100.000,0.000,0.000,0.000,13.522,12.800,14.300,1.611,0.400,2.300,923.444,922.600,924.200,0.000,9.000,9.000,,,,,,,,,,,,,,0.000,
2026-03-22,9.000,2.000,1.000,2.889,0.000,0.000,1.000,81.667,71.000,95.000,3.237,0.810,5.370,17.544,16.800,18.900,1.622,0.900,2.200,922.944,921.900,923.600,0.000,9.000,9.000,,,,,,,,,,,,,,0.000,
2026-03-23,8.000,1.000,1.000,5.500,0.000,0.000,0.000,100.000,100.000,100.000,0.000,0.000,0.000,15.911,15.500,16.500,1.022,0.600,1.300,921.711,920.100,922.300,0.000,9.000,9.000,,,,,,,,,,,,,,0.000,
2026-03-24,9.000,2.000,1.000,4.889,0.000,0.000,0.000,95.222,90.000,99.000,0.778,0.160,1.660,16.856,16.500,17.200,2.544,1.200,3.900,920.200,919.500,920.700,0.000,9.000,9.000,,,,,,,,,,,,,,0.000,
2026-03-25,9.000,5.000,5.000,2.778,1.000,0.000,1.000,96.556,92.000,100.000,0.537,0.000,1.260,11.800,11.400,12.400,3.756,0.900,6.000,921.600,920.700,922.300,0.000,9.000,9.000,,,,,,,,,,,,,,0.000,
2026-03-26,9.000,0.000,0.000,9.111,0.000,0.000,0.000,100.000,100.000,100.000,0.000,0.000,0.000,14.500,14.100,14.800,2.367,0.500,4.500,920.044,919.200,920.800,-57.300,9.000,9.000,,,,,,,,,,,,,,0.000,
2026-03-27,9.000,0.000,0.000,9.111,0.000,0.000,0.000,100.000,100.000,100.000,0.000,0.000,0.000,14.733,14.500,15.000,1.178,0.300,2.100,920.200,919.400,920.800,-28.400,9.000,9.000,,,,,,,,,,,,,,0.000,
2026-03-28,9.000,0.000,0.000,9.778,0.000,0.000,0.000,100.000,100.000,100.000,0.000,0.000,0.000,16.511,16.300,16.700,1.789,0.800,2.900,919.589,918.500,920.500,-9.800,9.000,9.000,,,,,,,,,,,,,,0.000,
2026-03-29,9.000,0.000,0.000,6.000,0.000,0.000,0.000,96.889,87.000,100.000,0.516,0.000,2.200,16.267,15.300,17.900,1.211,0.100,2.500,919.567,918.000,920.100,0.000,9.000,9.000,,,,,,,,,,,,,,0.000,
2026-03-30,9.000,2.000,1.000,5.222,0.000,0.000,0.000,73.667,63.000,88.000,4.928,2.020,7.320,19.544,18.300,21.000,2.178,1.300,3.400,919.411,918.800,919.900,0.000,9.000,9.000,,,,,,,,,,,,,,0.000,
2026-03-31,9.000,0.000,0.000,9.000,0.000,0.000,0.000,98.889,96.000,100.000,0.178,0.000,0.640,17.644,17.100,18.100,1.989,0.800,5.300,918.389,917.100,919.400,-9.800,9.000,9.000,,,,,,,,,,,,,,0.000,
2026-04-01,9.000,4.000,4.000,3.111,1.000,0.000,0.000,78.111,70.000,95.000,3.783,0.770,5.340,12.822,11.600,13.400,3.511,1.800,4.900,922.800,922.100,923.400,0.000,9.000,9.000,,,,,,,,,,,,,,0.000,
2026-04-02,9.000,0.000,0.000,10.000,0.000,0.000,0.000,95.667,87.000,100.000,0.710,0.000,2.150,13.922,12.200,15.200,1.778,0.600,2.300,921.611,920.100,922.800,-11.600,9.000,9.000,,,,,,,,,,,,,,0.000,
2026-04-03,9.000,0.000,0.000,9.778,0.000,0.000,0.000,99.889,99.000,100.000,0.018,0.000,0.160,16.789,15.500,18.800,3.378,1.400,5.200,915.411,914.400,916.800,0.200,9.000,9.000,,,,,,,,,,,,,,0.000,
2026-04-04,9.000,0.000,0.000,9.556,0.000,0.000,0.000,100.000,100.000,100.000,0.000,0.000,0.000,15.867,14.200,16.300,1.711,0.900,3.600,917.733,917.100,918.300,-21.900,9.000,9.000,,,,,,,,,,,,,,0.000,
2026-04-05,9.000,0.000,0.000,9.000,0.000,0.000,0.000,99.222,97.000,100.000,0.124,0.000,0.480,17.556,17.100,18.300,0.667,0.300,1.000,918.500,916.600,919.800,-4.300,9.000,9.000,,,,,,,,,,,,,,0.000,
2026-04-06,9.000,0.000,0.000,10.000,0.000,0.000,0.000,86.333,78.000,100.000,2.400,0.000,3.960,19.600,19.000,20.100,2.456,1.400,3.700,916.467,915.800,917.600,-28.400,9.000,9.000,,,,,,,,,,,,,,0.000,
2026-04-07,9.000,0.000,0.000,9.778,0.000,0.000,0.000,100.000,100.000,100.000,0.000,0.000,0.000,14.267,14.000,14.700,3.456,2.300,5.000,922.011,921.100,923.000,-46.500,9.000,9.000,,,,,,,,,,,,,,0.000,
2026-04-08,9.000,0.000,0.000,7.556,0.000,0.000,0.000,100.000,100.000,100.000,0.000,0.000,0.000,18.444,17.900,18.900,0.800,0.200,1.300,921.433,920.300,922.200,-29.400,9.000,9.000,,,,,,,,,,,,,,0.000,
2026-04-09,9.000,9.000,9.000,0.889,1.000,1.000,1.000,88.222,62.000,100.000,2.210,0.000,7.600,19.956,18.500,21.600,2.122,1.500,3.200,917.500,917.100,917.900,0.000,9.000,9.000,,,,,,,,,,,,,,0.000,
2026-04-10,9.000,2.000,1.000,3.889,0.000,0.000,0.000,74.333,48.000,97.000,5.211,0.480,11.580,19.889,17.800,22.700,1.400,0.700,2.500,919.100,918.300,919.900,0.000,9.000,9.000,,,,,,,,,,,,,,0.000,
2026-04-11,9.000,7.000,7.000,2.222,1.000,1.000,1.000,98.111,96.000,99.000,0.307,0.160,0.660,19.356,18.400,19.900,0.889,0.400,1.300,919.233,918.300,920.000,0.000,9.000,9.000,,,,,,,,,,,,,,0.000,
2026-04-12,9.000,9.000,9.000,1.111,1.000,1.000,1.000,82.222,75.000,90.000,3.148,1.690,4.550,19.778,19.200,20.500,2.433,1.000,3.500,919.822,919.300,920.200,0.000,9.000,9.000,,,,,,,,,,,,,,0.000,
2026-04-13,9.000,6.000,6.000,2.444,1.000,1.000,1.000,91.333,85.000,96.000,1.463,0.650,2.600,19.356,18.700,20.100,1.811,1.200,3.800,920.700,919.500,921.800,0.000,9.000,9.000,,,,,,,,,,,,,,0.000,
2026-04-14,9.000,1.000,1.000,4.778,0.000,0.000,0.000,96.333,92.000,99.000,0.603,0.160,1.330,19.489,19.000,19.900,1.567,0.600,2.300,919.278,918.800,919.700,0.000,9.000,9.000,,,,,,,,,,,,,,0.000,
2026-04-15,9.000,0.000,0.000,10.000,0.000,0.000,0.000,100.000,100.000,100.000,0.000,0.000,0.000,19.033,18.200,19.400,1.044,0.100,1.900,919.922,919.000,920.700,11.200,9.000,9.000,,,,,,,,,,,,,,0.000,
2026-04-16,9.000,0.000,0.000,7.778,0.000,0.000,0.000,99.333,97.000,100.000,0.108,0.000,0.490,18.622,17.900,19.100,1.978,0.800,3.700,920.089,919.100,921.100,-29.400,9.000,9.000,,,,,,,,,,,,,,0.000,
2026-04-17,9.000,0.000,0.000,7.222,0.000,0.000,0.000,100.000,100.000,100.000,0.000,0.000,0.000,17.978,17.600,18.300,0.878,0.300,2.000,919.878,918.600,920.900,0.000,9.000,9.000,,,,,,,,,,,,,,0.000,
2026-04-18,9.000,0.000,0.000,7.778,0.000,0.000,0.000,99.889,99.000,100.000,0.018,0.000,0.160,16.556,16.100,17.600,1.778,0.400,3.900,919.756,918.900,920.600,0.000,9.000,9.000,,,,,,,,,,,,,,0.000,
2026-04-19,9.000,9.000,9.000,0.556,1.000,1.000,1.000,41.556,34.000,60.000,13.376,7.810,16.040,16.911,15.500,17.800,0.889,0.300,2.000,920.500,919.800,921.100,0.000,9.000,9.000,,,,,,,,,,,,,,0.000,
2026-04-20,8.000,3.000,3.000,5.750,1.000,0.000,0.000,56.111,37.000,95.000,9.816,0.810,15.130,18.389,17.000,19.900,1.611,0.800,2.700,922.011,921.100,922.900,0.000,9.000,9.000,,,,,,,,,,,,,,0.000,
2026-04-21,9.000,0.000,0.000,9.222,0.000,0.000,0.000,94.556,92.000,98.000,0.888,0.320,1.320,17.744,17.100,18.100,0.878,0.100,1.900,919.778,917.700,921.100,0.000,9.000,9.000,,,,,,,,,,,,,,0.000,
2026-04-22,9.000,0.000,0.000,9.556,0.000,0.000,0.000,87.333,74.000,98.000,2.231,0.320,4.750,19.811,18.500,20.900,2.200,0.900,4.100,916.433,915.400,917.100,-18.600,9.000,9.000,,,,,,,,,,,,,,0.000,
2026-04-23,9.000,0.000,0.000,10.000,0.000,0.000,0.000,100.000,100.000,100.000,0.000,0.000,0.000,15.067,14.900,15.200,1.656,0.300,2.900,918.678,918.100,919.600,2.700,9.000,9.000,,,,,,,,,,,,,,0.000,
2026-04-24,7.000,0.000,0.000,10.000,0.000,0.000,0.000,100.000,100.000,100.000,0.000,0.000,0.000,12.867,12.500,13.300,2.122,0.500,4.200,922.389,921.500,923.700,-1.800,9.000,9.000,,,,,,,,,,,,,,0.000,
2026-04-25,9.000,0.000,0.000,7.556,0.000,0.000,0.000,97.222,87.000,100.000,0.442,0.000,2.100,13.389,11.900,14.800,2.122,0.200,4.500,921.711,920.600,922.800,-8.300,9.000,9.000,,,,,,,,,,,,,,0.000,
2026-04-26,8.000,2.000,2.000,4.500,0.000,0.000,0.000,60.889,34.000,82.000,8.088,3.010,15.890,15.300,13.300,16.700,0.722,0.300,1.100,921.067,920.600,921.500,0.000,9.000,9.000,,,,,,,,,,,,,,0.000,
2026-04-27,9.000,1.000,1.000,5.889,0.000,0.000,0.000,90.111,77.000,99.000,1.680,0.160,4.050,16.456,15.600,17.100,1.089,0.300,2.200,921.089,920.000,922.100,0.000,9.000,9.000,,,,,,,,,,,,,,0.000,
2026-04-28,9.000,0.000,0.000,8.444,0.000,0.000,0.000,93.111,90.000,96.000,1.136,0.650,1.670,17.900,17.500,18.500,0.533,0.200,0.700,920.411,918.900,921.500,0.000,9.000,9.000,,,,,,,,,,,,,,0.000,
2026-04-29,9.000,0.000,0.000,10.000,0.000,0.000,0.000,100.000,100.000,100.000,0.000,0.000,0.000,15.378,14.500,17.000,4.011,2.800,4.700,920.878,920.100,921.500,-35.700,9.000,9.000,,,,,,,,,,,,,,0.000,
2026-04-30,9.000,0.000,0.000,9.667,0.000,0.000,0.000,100.000,100.000,100.000,0.000,0.000,0.000,12.867,12.100,13.300,1.778,0.600,3.000,922.911,922.200,923.600,-19.100,9.000,9.000,,,,,,,,,,,,,,0.000,
2026-05-01,7.000,0.000,0.000,9.714,0.000,0.000,0.000,97.111,93.000,99.000,0.467,0.160,1.150,16.822,15.300,18.200,1.022,0.400,2.400,921.544,920.400,922.500,0.000,9.000,9.000,,,,,,,,,,,,,,0.000,
2026-05-02,9.000,3.000,2.000,5.556,0.000,0.000,0.000,93.333,89.000,96.000,1.113,0.660,1.870,19.867,19.400,20.200,2.111,1.400,3.000,919.078,917.600,920.200,0.000,9.000,9.000,,,,,,,,,,,,,,0.000,
2026-05-03,9.000,0.000,0.000,10.000,0.000,0.000,0.000,100.000,100.000,100.000,0.000,0.000,0.000,16.267,13.700,19.000,3.856,1.700,6.300,921.422,920.000,922.500,-38.200,9.000,9.000,,,,,,,,,,,,,,0.000,
2026-05-04,9.000,0.000,0.000,10.000,0.000,0.000,0.000,100.000,100.000,100.000,0.000,0.000,0.000,12.544,11.700,13.800,4.478,2.900,7.400,923.089,921.400,924.900,-24.400,9.000,9.000,,,,,,,,,,,,,,0.000,
2026-05-05,9.000,0.000,0.000,10.000,0.000,0.000,0.000,100.000,100.000,100.000,0.000,0.000,0.000,16.789,16.300,17.100,1.022,0.000,2.200,920.967,919.900,921.900,-1.800,9.000,9.000,,,,,,,,,,,,,,0.000,
2026-05-06,9.000,5.000,4.000,2.667,1.000,0.000,1.000,99.778,99.000,100.000,0.036,0.000,0.160,16.978,16.500,17.500,1.078,0.200,2.400,920.633,919.700,921.500,0.000,9.000,9.000,,,,,,,,,,,,,,0.000,
2026-05-07,9.000,1.000,1.000,6.333,0.000,0.000,0.000,93.889,90.000,99.000,1.012,0.160,1.680,18.444,17.300,19.400,0.656,0.100,2.500,920.778,920.300,921.400,0.000,9.000,9.000,,,,,,,,,,,,,,0.000,
2026-05-08,9.000,0.000,0.000,10.000,0.000,0.000,0.000,100.000,100.000,100.000,0.000,0.000,0.000,14.567,14.100,14.800,2.367,1.700,4.500,923.144,922.200,923.900,-5.300,9.000,9.000,,,,,,,,,,,,,,0.000,
2026-05-09,9.000,0.000,0.000,10.000,0.000,0.000,0.000,100.000,100.000,100.000,0.000,0.000,0.000,16.244,15.300,17.200,3.678,2.000,4.800,921.956,920.800,923.100,-34.200,9.000,9.000,,,,,,,,,,,,,,0.000,
2026-05-10,9.000,0.000,0.000,10.000,0.000,0.000,0.000,100.000,100.000,100.000,0.000,0.000,0.000,18.667,18.400,18.900,1.044,0.000,2.500,920.444,919.100,921.600,0.000,9.000,9.000,,,,,,,,,,,,,,0.000,
2026-05-11,9.000,0.000,0.000,10.000,0.000,0.000,0.000,89.556,79.000,97.000,1.766,0.480,3.690,16.744,16.100,17.600,1.633,0.000,2.700,918.300,917.300,919.400,0.000,9.000,9.000,,,,,,,,,,,,,,0.000,
2026-05-12,9.000,0.000,0.000,10.000,0.000,0.000,0.000,77.778,68.000,88.000,4.020,2.010,6.080,18.689,17.500,19.900,0.667,0.100,1.900,916.833,915.900,917.900,-9.800,9.000,9.000,,,,,,,,,,,,,,0.000,
2026-05-13,9.000,0.000,0.000,10.000,0.000,0.000,0.000,100.000,100.000,100.000,0.000,0.000,0.000,17.689,17.300,18.000,0.722,0.100,1.200,916.311,915.000,918.000,85.500,9.000,9.000,,,,,,,,,,,,,,0.000,
2026-05-14,9.000,0.000,0.000,10.000,0.000,0.000,0.000,99.889,99.000,100.000,0.018,0.000,0.160,17.533,17.000,17.700,1.133,0.400,1.800,918.544,917.900,919.300,0.000,9.000,9.000,,,,,,,,,,,,,,0.000,
2026-05-15,9.000,0.000,0.000,7.778,0.000,0.000,0.000,98.667,96.000,100.000,0.213,0.000,0.640,17.311,17.000,17.700,4.144,3.300,4.800,920.367,920.100,920.600,-9.800,9.000,9.000,,,,,,,,,,,,,,0.000,
2026-05-16,9.000,2.000,1.000,4.000,0.000,0.000,0.000,95.778,94.000,97.000,0.679,0.480,0.980,17.000,16.700,17.500,3.978,3.500,4.700,922.011,921.000,922.800,0.000,9.000,9.000,,,,,,,,,,,,,,0.000,
2026-05-17,8.000,7.000,5.000,1.500,1.000,1.000,1.000,95.444,93.000,97.000,0.736,0.480,1.140,17.011,16.400,17.400,3.367,2.500,4.100,920.333,919.400,921.200,0.000,9.000,9.000,,,,,,,,,,,,,,0.000,
2026-05-18,9.000,8.000,8.000,1.222,1.000,1.000,1.000,93.333,84.000,99.000,1.111,0.160,2.760,17.733,17.000,18.500,0.711,0.200,1.400,919.311,918.000,920.400,0.000,9.000,9.000,,,,,,,,,,,,,,0.000,
2026-05-19,9.000,6.000,6.000,3.111,1.000,1.000,0.000,90.667,85.000,96.000,1.590,0.660,2.600,19.811,19.100,20.100,1.278,0.500,2.100,918.156,917.200,919.000,0.000,9.000,9.000,,,,,,,,,,,,,,0.000,
2026-05-20,9.000,1.000,1.000,7.111,0.000,0.000,0.000,95.667,85.000,100.000,0.750,0.000,2.640,21.333,20.900,21.900,1.433,0.500,2.400,919.178,918.900,919.600,0.000,9.000,9.000,,,,,,,,,,,,,,0.000,
2026-05-21,9.000,0.000,0.000,10.000,0.000,0.000,0.000,97.444,92.000,100.000,0.426,0.000,1.350,21.211,20.800,21.400,1.633,0.700,2.500,920.689,919.900,921.600,-19.600,9.000,9.000,,,,,,,,,,,,,,0.000,
2026-05-22,9.000,0.000,0.000,9.667,0.000,0.000,0.000,92.000,79.000,97.000,1.389,0.500,3.860,22.033,21.500,23.500,2.344,0.800,3.700,919.056,918.400,919.900,0.000,9.000,9.000,,,,,,,,,,,,,,0.000,
2026-05-23,9.000,0.000,0.000,9.778,0.000,0.000,0.000,82.444,80.000,87.000,3.158,2.280,3.650,22.878,22.400,23.300,2.544,0.900,3.600,919.422,918.500,920.200,0.000,9.000,9.000,,,,,,,,,,,,,,0.000,
2026-05-24,9.000,1.000,1.000,5.333,0.000,0.000,0.000,80.333,69.000,95.000,3.666,0.840,6.070,23.333,22.400,24.600,2.167,1.400,3.000,918.189,917.300,919.100,0.000,9.000,9.000,,,,,,,,,,,,,,0.000,
2026-05-25,9.000,4.000,3.000,4.778,1.000,0.000,0.000,72.556,57.000,89.000,5.440,1.900,9.150,24.056,22.100,25.800,1.967,1.600,2.500,916.078,915.400,916.600,0.000,9.000,9.000,,,,,,,,,,,,,,0.000,
2026-05-26,9.000,0.000,0.000,7.222,0.000,0.000,0.000,70.778,61.000,87.000,5.748,2.280,8.080,24.556,22.600,25.600,2.711,1.900,4.300,916.133,915.900,916.500,0.000,9.000,9.000,,,,,,,,,,,,,,0.000,
2026-05-27,9.000,2.000,1.000,4.667,0.000,0.000,0.000,95.444,82.000,100.000,0.809,0.000,3.290,22.767,21.800,25.200,2.467,0.900,3.800,918.922,918.300,920.500,0.000,9.000,9.000,,,,,,,,,,,,,,0.000,
2026-05-28,9.000,4.000,4.000,2.778,1.000,0.000,1.000,99.111,94.000,100.000,0.152,0.000,1.030,23.422,23.200,24.000,0.967,0.100,1.500,919.244,918.400,920.100,-9.300,9.000,9.000,,,,,,,,,,,,,,0.000,
2026-05-29,9.000,0.000,0.000,7.444,0.000,0.000,0.000,91.889,83.000,97.000,1.362,0.490,2.960,18.689,18.400,19.100,2.578,1.800,3.500,919.633,918.600,920.500,0.000,9.000,9.000,,,,,,,,,,,,,,0.000,
2026-05-30,9.000,9.000,9.000,1.000,1.000,1.000,1.000,82.444,69.000,94.000,3.122,0.980,5.740,17.522,17.200,18.100,2.111,1.200,3.400,918.511,917.300,919.600,0.000,9.000,9.000,,,,,,,,,,,,,,0.000,
2026-05-31,9.000,8.000,8.000,2.000,1.000,1.000,1.000,95.111,91.000,100.000,0.801,0.000,1.490,17.744,16.600,18.400,1.622,0.500,5.000,917.556,916.700,918.500,0.000,9.000,9.000,,,,,,,,,,,,,,0.000,
2026-06-01,9.000,9.000,9.000,1.556,1.000,1.000,1.000,100.000,100.000,100.000,0.000,0.000,0.000,19.522,19.100,20.100,1.467,0.000,2.800,916.589,915.800,917.500,0.000,9.000,9.000,,,,,,,,,,,,,,0.000,
2026-06-02,9.000,9.000,9.000,0.333,1.000,1.000,1.000,88.889,78.000,98.000,1.947,0.330,4.020,21.600,20.700,22.900,1.656,0.700,3.200,915.978,915.200,916.800,0.000,9.000,9.000,,,,,,,,,,,,,,0.000,
2026-06-03,9.000,0.000,0.000,10.000,0.000,0.000,0.000,96.111,91.000,100.000,0.658,0.000,1.550,22.178,21.500,22.800,1.256,0.200,2.800,915.056,913.500,916.400,0.000,9.000,9.000,,,,,,,,,,,,,,0.000,
2026-06-04,9.000,0.000,0.000,10.000,0.000,0.000,0.000,100.000,100.000,100.000,0.000,0.000,0.000,21.344,20.300,22.200,2.600,0.500,6.000,914.433,913.700,915.100,-35.200,9.000,9.000,,,,,,,,,,,,,,0.000,
2026-06-05,9.000,0.000,0.000,10.000,0.000,0.000,0.000,99.889,99.000,100.000,0.018,0.000,0.160,21.611,21.400,21.800,4.778,0.800,6.400,913.778,912.700,914.700,44.000,9.000,9.000,,,,,,,,,,,,,,0.000,
2026-06-06,9.000,0.000,0.000,9.556,0.000,0.000,0.000,99.111,97.000,100.000,0.148,0.000,0.500,21.344,21.000,21.700,1.167,0.400,1.900,917.400,917.000,917.700,-18.100,9.000,9.000,,,,,,,,,,,,,,0.000,
2026-06-07,9.000,0.000,0.000,9.778,0.000,0.000,0.000,99.778,99.000,100.000,0.036,0.000,0.160,20.822,20.300,21.700,1.822,0.500,3.200,916.022,915.100,917.000,-9.800,9.000,9.000,,,,,,,,,,,,,,0.000,
2026-06-08,9.000,0.000,0.000,10.000,0.000,0.000,0.000,100.000,100.000,100.000,0.000,0.000,0.000,21.344,21.100,21.400,1.122,0.300,2.200,913.244,911.700,914.500,43.000,9.000,9.000,,,,,,,,,,,,,,0.000,
2026-06-09,9.000,0.000,0.000,10.000,0.000,0.000,0.000,100.000,100.000,100.000,0.000,0.000,0.000,18.700,18.600,18.800,2.078,1.100,3.900,915.011,914.200,915.800,13.000,9.000,9.000,,,,,,,,,,,,,,0.000,
2026-06-10,9.000,0.000,0.000,10.000,0.000,0.000,0.000,100.000,100.000,100.000,0.000,0.000,0.000,17.444,16.400,18.100,1.733,0.400,3.100,919.667,919.300,920.200,-37.700,9.000,9.000,,,,,,,,,,,,,,0.000,
2026-06-11,9.000,0.000,0.000,10.000,0.000,0.000,0.000,100.000,100.000,100.000,0.000,0.000,0.000,18.689,18.300,19.300,2.444,0.700,4.500,921.678,920.600,922.700,-47.500,9.000,9.000,,,,,,,,,,,,,,0.000,
2026-06-12,9.000,0.000,0.000,10.000,0.000,0.000,0.000,100.000,100.000,100.000,0.000,0.000,0.000,18.311,17.700,18.800,2.900,0.600,5.000,920.411,918.700,921.800,-14.100,9.000,9.000,,,,,,,,,,,,,,0.000,
2026-06-13,9.000,0.000,0.000,9.778,0.000,0.000,0.000,99.111,96.000,100.000,0.146,0.000,0.650,20.278,19.100,20.900,1.578,1.000,3.300,916.300,914.700,917.600,0.500,9.000,9.000,,,,,,,,,,,,,,0.000,
2026-06-14,9.000,0.000,0.000,10.000,0.000,0.000,0.000,91.333,86.000,100.000,1.484,0.000,2.440,20.956,19.900,21.600,2.200,1.200,3.700,915.989,915.400,916.500,-9.800,9.000,9.000,,,,,,,,,,,,,,0.000,
2026-06-15,8.000,0.000,0.000,10.000,0.000,0.000,0.000,92.778,83.000,100.000,1.238,0.000,3.020,20.822,20.100,21.800,1.311,0.400,2.600,918.056,916.900,919.200,-8.800,9.000,9.000,,,,,,,,,,,,,,0.000,
2026-06-16,9.000,0.000,0.000,10.000,0.000,0.000,0.000,93.889,89.000,100.000,1.033,0.000,1.900,21.067,20.100,21.800,1.311,0.200,2.700,919.856,919.300,920.400,-29.400,9.000,9.000,,,,,,,,,,,,,,0.000,
2026-06-17,9.000,0.000,0.000,10.000,0.000,0.000,0.000,98.222,95.000,100.000,0.297,0.000,0.840,21.656,21.500,21.900,1.878,1.000,3.300,921.244,920.600,921.900,0.000,9.000,9.000,,,,,,,,,,,,,,0.000,
2026-06-18,9.000,3.000,3.000,6.889,1.000,0.000,0.000,91.778,82.000,98.000,1.422,0.330,3.220,21.900,20.700,22.300,2.111,1.000,2.800,920.922,919.600,922.100,0.000,9.000,9.000,,,,,,,,,,,,,,0.000,
2026-06-19,9.000,0.000,0.000,7.444,0.000,0.000,0.000,93.111,86.000,98.000,1.181,0.330,2.450,22.222,22.000,22.800,2.367,1.100,3.100,920.178,919.300,920.800,0.000,9.000,9.000,,,,,,,,,,,,,,0.000,
2026-06-20,9.000,0.000,0.000,7.556,0.000,0.000,0.000,82.889,76.000,95.000,3.117,0.840,4.470,23.100,22.500,23.600,1.767,0.700,2.800,920.433,919.700,921.300,0.000,9.000,9.000,,,,,,,,,,,,,,0.000,
2026-06-21,9.000,8.000,8.000,0.778,1.000,1.000,1.000,84.111,59.000,100.000,3.016,0.000,8.480,21.967,19.800,23.600,1.489,0.300,2.600,918.322,917.200,919.600,0.000,9.000,9.000,,,,,,,,,,,,,,0.000,
2026-06-22,9.000,5.000,4.000,2.778,1.000,0.000,1.000,96.111,84.000,100.000,0.667,0.000,2.820,21.667,19.600,23.200,1.122,0.200,3.100,914.911,914.100,916.000,0.000,9.000,9.000,,,,,,,,,,,,,,0.000,
2026-06-23,9.000,0.000,0.000,7.667,0.000,0.000,0.000,93.889,79.000,99.000,1.054,0.160,3.800,21.256,19.800,22.500,0.722,0.200,2.000,914.556,913.000,915.500,0.000,9.000,9.000,,,,,,,,,,,,,,0.000,
2026-06-24,9.000,1.000,1.000,7.333,0.000,0.000,0.000,99.222,98.000,100.000,0.129,0.000,0.330,22.311,21.400,22.800,2.789,1.500,5.900,913.711,912.400,914.700,0.000,9.000,9.000,,,,,,,,,,,,,,0.000,
2026-06-25,8.000,0.000,0.000,10.000,0.000,0.000,0.000,100.000,100.000,100.000,0.000,0.000,0.000,21.722,21.500,21.900,2.711,1.500,3.700,913.678,912.800,914.600,168.500,9.000,9.000,,,,,,,,,,,,,,0.000,
2026-06-26,9.000,0.000,0.000,10.000,0.000,0.000,0.000,100.000,100.000,100.000,0.000,0.000,0.000,20.722,20.600,20.800,0.967,0.100,2.200,915.556,914.500,916.700,-0.300,9.000,9.000,,,,,,,,,,,,,,0.000,
2026-06-27,7.000,0.000,0.000,10.000,0.000,0.000,0.000,99.889,99.000,100.000,0.018,0.000,0.160,21.078,20.600,21.500,1.600,0.500,3.200,916.600,915.800,917.600,-26.900,9.000,9.000,,,,,,,,,,,,,,0.000,
2026-06-28,8.000,0.000,0.000,10.000,0.000,0.000,0.000,99.667,98.000,100.000,0.054,0.000,0.330,21.111,20.400,21.800,1.000,0.200,2.500,918.744,917.900,919.300,0.000,9.000,9.000,,,,,,,,,,,,,,0.000,
2026-06-29,8.000,0.000,0.000,8.625,0.000,0.000,0.000,96.444,94.000,99.000,0.593,0.160,1.010,21.578,21.000,22.100,1.656,0.300,3.500,920.644,919.800,921.300,0.000,9.000,9.000,,,,,,,,,,,,,,0.000,
2026-06-30,8.000,0.000,0.000,9.750,0.000,0.000,0.000,96.889,90.000,100.000,0.522,0.000,1.710,21.400,20.400,22.400,1.356,0.400,2.800,920.278,919.300,920.900,0.000,9.000,9.000,,,,,,,,,,,,,,0.000,
2026-07-01,6.000,0.000,0.000,7.500,0.000,0.000,0.000,79.667,70.000,98.000,3.751,0.330,5.820,22.378,20.700,24.300,0.944,0.200,2.100,920.811,920.400,921.500,0.000,9.000,9.000,,,,,,,,,,,,,,0.000,
2026-07-02,8.000,8.000,5.000,0.750,1.000,1.000,1.000,99.444,98.000,100.000,0.090,0.000,0.330,21.533,20.800,22.200,1.122,0.000,1.800,922.778,922.400,923.300,0.000,9.000,9.000,,,,,,,,,,,,,,0.000,
2026-07-03,9.000,0.000,0.000,6.000,0.000,0.000,0.000,98.000,95.000,100.000,0.336,0.000,0.850,22.244,21.700,23.100,0.811,0.500,1.100,922.722,922.200,923.200,-9.800,9.000,9.000,,,,,,,,,,,,,,0.000,
2026-07-04,9.000,0.000,0.000,4.667,0.000,0.000,0.000,96.111,90.000,100.000,0.659,0.000,1.730,22.733,22.300,23.400,1.356,0.700,2.200,921.600,921.000,922.600,0.000,9.000,9.000,,,,,,,,,,,,,,0.000,
2026-07-05,8.000,2.000,2.000,4.875,0.000,0.000,0.000,94.556,87.000,100.000,0.932,0.000,2.280,22.411,21.800,23.000,1.589,0.500,2.500,920.667,919.900,921.400,0.000,9.000,9.000,,,,,,,,,,,,,,0.000,
2026-07-06,9.000,9.000,9.000,0.889,1.000,1.000,1.000,99.222,97.000,100.000,0.130,0.000,0.500,21.700,20.900,22.400,0.800,0.400,1.700,919.778,919.400,920.100,-9.800,9.000,9.000,,,,,,,,,,,,,,0.000,
2026-07-07,6.000,4.000,3.000,1.167,1.000,1.000,1.000,97.889,96.000,100.000,0.350,0.000,0.670,22.078,21.600,22.600,1.167,0.200,2.800,918.689,918.400,919.000,0.000,9.000,9.000,,,,,,,,,,,,,,0.000,
2026-07-08,9.000,9.000,9.000,0.000,1.000,1.000,1.000,89.444,78.000,98.000,1.864,0.330,4.000,21.656,21.000,22.300,0.567,0.200,1.600,917.589,916.800,918.400,0.000,9.000,9.000,,,,,,,,,,,,,,0.000,
2026-07-09,8.000,3.000,2.000,4.500,0.000,0.000,0.000,99.778,99.000,100.000,0.037,0.000,0.170,21.900,21.700,22.200,2.867,1.700,4.700,914.878,913.300,916.000,-38.200,9.000,9.000,,,,,,,,,,,,,,0.000,
2026-07-10,9.000,0.000,0.000,10.000,0.000,0.000,0.000,100.000,100.000,100.000,0.000,0.000,0.000,22.644,22.500,22.900,8.900,3.200,13.100,904.467,898.800,909.200,27.700,9.000,9.000,,,,,,,,,,,,,,0.000,
2026-07-11,9.000,0.000,0.000,10.000,0.000,0.000,0.000,95.333,85.000,100.000,0.812,0.000,2.660,21.456,20.500,23.100,3.567,0.900,5.300,903.711,900.200,906.300,2.500,9.000,9.000,,,,,,,,,,,,,,0.000,
2026-07-12,8.000,0.000,0.000,9.375,0.000,0.000,0.000,98.667,92.000,100.000,0.229,0.000,1.380,23.478,23.100,24.500,0.911,0.100,2.500,914.989,914.100,915.500,0.000,9.000,9.000,,,,,,,,,,,,,,0.000,
2026-07-13,8.000,0.000,0.000,6.000,0.000,0.000,0.000,100.000,100.000,100.000,0.000,0.000,0.000,22.122,21.800,22.300,2.078,0.300,4.200,917.822,917.500,918.100,-9.300,9.000,9.000,,,,,,,,,,,,,,0.000,
2026-07-14,9.000,6.000,3.000,2.000,1.000,1.000,1.000,100.000,100.000,100.000,0.000,0.000,0.000,22.100,21.400,22.500,0.700,0.400,1.600,919.600,918.800,920.300,-9.800,9.000,9.000,,,,,,,,,,,,,,0.000,
2026-07-15,8.000,0.000,0.000,7.500,0.000,0.000,0.000,96.111,93.000,99.000,0.654,0.170,1.190,22.811,22.300,23.200,1.300,0.300,2.000,919.400,918.200,920.500,0.000,9.000,9.000,,,,,,,,,,,,,,0.000,
2026-07-16,9.000,2.000,2.000,5.778,0.000,0.000,0.000,95.333,91.000,100.000,0.790,0.000,1.540,22.611,22.100,23.200,2.022,1.000,3.200,917.522,916.500,918.600,0.000,9.000,9.000,,,,,,,,,,,,,,0.000,
2026-07-17,9.000,3.000,3.000,4.333,1.000,0.000,0.000,93.889,90.000,98.000,1.039,0.330,1.720,22.478,21.900,23.400,1.467,0.800,1.900,916.078,914.600,917.300,0.000,9.000,9.000,,,,,,,,,,,,,,0.000,
2026-07-18,9.000,4.000,4.000,3.667,1.000,0.000,0.000,82.556,79.000,86.000,3.144,2.460,3.860,23.211,22.400,23.800,2.222,1.700,3.300,916.289,915.600,916.800,0.000,9.000,9.000,,,,,,,,,,,,,,0.000,
2026-07-19,9.000,2.000,2.000,6.444,0.000,0.000,0.000,91.778,83.000,99.000,1.432,0.160,3.040,22.011,21.100,23.100,1.822,1.400,2.600,916.989,916.800,917.200,0.500,9.000,9.000,,,,,,,,,,,,,,0.000,
2026-07-20,8.000,2.000,2.000,6.250,0.000,0.000,0.000,99.667,98.000,100.000,0.054,0.000,0.330,21.111,20.200,22.300,0.844,0.200,2.000,918.611,918.300,919.100,1.000,9.000,9.000,,,,,,,,,,,,,,0.000,
2026-07-21,9.000,1.000,1.000,4.556,0.000,0.000,0.000,96.778,87.000,100.000,0.544,0.000,2.250,20.633,20.000,21.300,1.278,0.600,2.600,919.578,918.900,920.400,0.000,9.000,9.000,,,,,,,,,,,,,,0.000,
2026-07-22,9.000,9.000,9.000,0.000,1.000,1.000,1.000,96.556,94.000,100.000,0.577,0.000,1.010,21.867,21.000,22.600,1.022,0.500,1.600,918.856,917.800,919.900,0.000,9.000,9.000,,,,,,,,,,,,,,0.000,
2026-07-23,9.000,9.000,9.000,0.000,1.000,1.000,1.000,94.889,91.000,97.000,0.863,0.500,1.540,22.100,21.700,22.500,3.067,1.900,4.100,917.789,916.200,919.100,0.000,9.000,9.000,,,,,,,,,,,,,,0.000,
2026-07-24,9.000,0.000,0.000,10.000,0.000,0.000,0.000,94.889,91.000,100.000,0.873,0.000,1.550,22.478,22.000,22.800,5.411,4.100,6.600,915.656,914.300,916.800,-9.800,9.000,9.000,,,,,,,,,,,,,,0.000,
2026-07-25,9.000,0.000,0.000,9.889,0.000,0.000,0.000,94.000,89.000,99.000,1.023,0.160,1.900,22.122,21.200,22.900,3.222,1.400,4.800,918.000,917.300,918.500,0.000,9.000,9.000,,,,,,,,,,,,,,0.000,
2026-07-26,9.000,2.000,1.000,6.667,0.000,0.000,0.000,98.111,94.000,100.000,0.316,0.000,1.020,21.756,21.300,22.600,3.822,3.100,4.800,917.211,916.800,917.700,0.000,9.000,9.000,,,,,,,,,,,,,,0.000,
2026-07-27,8.000,0.000,0.000,9.375,0.000,0.000,0.000,98.222,97.000,99.000,0.292,0.160,0.500,21.644,21.300,22.100,1.633,0.100,2.900,920.844,920.400,921.400,0.000,9.000,9.000,,,,,,,,,,,,,,0.000,
2026-07-28,9.000,0.000,0.000,10.000,0.000,0.000,0.000,95.000,88.000,100.000,0.856,0.000,2.090,21.778,20.700,22.600,1.078,0.500,1.700,921.956,921.600,922.500,0.000,9.000,9.000,,,,,,,,,,,,,,0.000,
2026-07-29,9.000,0.000,0.000,10.000,0.000,0.000,0.000,94.778,91.000,97.000,0.886,0.500,1.550,22.822,22.000,23.500,0.933,0.300,1.700,921.056,920.600,921.600,0.000,9.000,9.000,,,,,,,,,,,,,,0.000,
2026-07-30,9.000,0.000,0.000,9.556,0.000,0.000,0.000,96.889,92.000,100.000,0.529,0.000,1.370,22.556,21.900,23.200,0.967,0.500,1.700,920.733,920.200,921.200,0.000,9.000,9.000,,,,,,,,,,,,,,0.000,
2026-07-31,9.000,2.000,2.000,4.667,0.000,0.000,0.000,98.778,97.000,100.000,0.203,0.000,0.500,22.511,22.000,23.400,1.011,0.300,2.000,919.811,919.600,920.000,0.000,9.000,9.000,,,,,,,,,,,,,,0.000,
2026-08-01,9.000,2.000,1.000,6.889,0.000,0.000,0.000,98.333,93.000,100.000,0.280,0.000,1.190,21.900,21.300,22.500,1.000,0.200,1.900,919.667,919.100,920.300,0.000,9.000,9.000,,,,,,,,,,,,,,0.000,
2026-08-02,9.000,0.000,0.000,7.333,0.000,0.000,0.000,99.111,95.000,100.000,0.148,0.000,0.840,21.800,20.400,22.900,0.722,0.200,1.800,918.644,918.400,918.900,0.000,9.000,9.000,,,,,,,,,,,,,,0.000,
2026-08-03,9.000,3.000,3.000,5.889,1.000,0.000,0.000,85.778,78.000,97.000,2.558,0.500,4.030,22.078,21.600,22.600,3.311,2.400,4.000,917.267,916.800,918.000,0.000,9.000,9.000,,,,,,,,,,,,,,0.000,
2026-08-04,9.000,9.000,9.000,0.667,1.000,1.000,1.000,90.667,69.000,97.000,1.674,0.500,5.940,21.767,21.400,22.500,2.144,0.300,3.200,915.311,914.500,916.000,0.000,9.000,9.000,,,,,,,,,,,,,,0.000,
2026-08-05,9.000,9.000,9.000,0.333,1.000,1.000,1.000,93.333,84.000,98.000,1.143,0.330,2.830,22.433,21.500,22.800,1.911,0.600,3.800,914.111,913.400,914.700,0.000,9.000,9.000,,,,,,,,,,,,,,0.000,
2026-08-06,9.000,8.000,8.000,1.333,1.000,1.000,1.000,98.222,92.000,100.000,0.300,0.000,1.360,21.333,19.700,22.800,3.133,1.800,4.700,911.556,910.300,912.400,0.000,9.000,9.000,,,,,,,,,,,,,,0.000,
2026-08-07,9.000,0.000,0.000,10.000,0.000,0.000,0.000,97.889,94.000,100.000,0.356,0.000,1.020,22.344,21.000,22.900,5.789,4.600,7.000,907.789,906.500,909.000,0.000,9.000,9.000,,,,,,,,,,,,,,0.000,
2026-08-08,9.000,0.000,0.000,10.000,0.000,0.000,0.000,100.000,100.000,100.000,0.000,0.000,0.000,21.044,20.300,21.800,6.367,4.300,8.000,900.544,898.100,902.400,91.000,9.000,9.000,,,,,,,,,,,,,,0.000,
2026-08-09,9.000,0.000,0.000,10.000,0.000,0.000,0.000,97.556,93.000,100.000,0.410,0.000,1.180,21.389,20.900,21.800,2.156,0.800,3.900,900.589,899.300,901.100,0.000,9.000,9.000,,,,,,,,,,,,,,0.000,
2026-08-10,9.000,0.000,0.000,10.000,0.000,0.000,0.000,99.444,97.000,100.000,0.092,0.000,0.500,22.500,21.900,23.000,1.489,0.400,3.000,907.533,906.600,908.100,19.000,9.000,9.000,,,,,,,,,,,,,,0.000,
2026-08-11,9.000,0.000,0.000,9.889,0.000,0.000,0.000,99.111,97.000,100.000,0.148,0.000,0.500,22.089,21.400,22.700,0.956,0.300,1.800,911.389,911.000,912.000,0.000,9.000,9.000,,,,,,,,,,,,,,0.000,
2026-08-12,9.000,0.000,0.000,9.222,0.000,0.000,0.000,94.333,86.000,100.000,0.984,0.000,2.480,23.022,22.600,23.900,0.567,0.300,1.000,912.144,911.600,912.400,0.000,9.000,9.000,,,,,,,,,,,,,,0.000,
2026-08-13,9.000,6.000,6.000,3.111,1.000,1.000,0.000,97.778,92.000,100.000,0.372,0.000,1.360,21.933,21.000,22.600,1.078,0.000,2.100,913.633,913.200,914.100,0.000,9.000,9.000,,,,,,,,,,,,,,0.000,
2026-08-14,9.000,8.000,8.000,1.778,1.000,1.000,1.000,98.889,93.000,100.000,0.189,0.000,1.190,22.411,22.000,22.900,1.467,1.000,2.200,915.022,914.200,915.800,0.000,9.000,9.000,,,,,,,,,,,,,,0.000,
2026-08-15,9.000,0.000,0.000,9.000,0.000,0.000,0.000,97.667,91.000,100.000,0.392,0.000,1.550,21.600,21.100,22.600,0.922,0.200,1.700,914.589,913.900,915.100,0.000,9.000,9.000,,,,,,,,,,,,,,0.000,
2026-08-16,9.000,3.000,2.000,5.111,0.000,0.000,0.000,95.889,89.000,100.000,0.702,0.000,1.900,22.433,22.100,22.600,2.078,1.400,2.500,914.144,913.600,914.500,0.000,9.000,9.000,,,,,,,,,,,,,,0.000,
2026-08-17,9.000,5.000,5.000,2.667,1.000,0.000,1.000,100.000,100.000,100.000,0.000,0.000,0.000,22.833,22.500,23.100,3.256,2.700,3.900,914.944,914.500,915.200,13.500,9.000,9.000,,,,,,,,,,,,,,0.000,
2026-08-18,9.000,9.000,9.000,0.333,1.000,1.000,1.000,99.667,97.000,100.000,0.054,0.000,0.490,21.389,20.900,22.000,3.244,2.400,4.100,916.044,915.100,916.800,0.000,9.000,9.000,,,,,,,,,,,,,,0.000,
2026-08-19,9.000,0.000,0.000,9.556,0.000,0.000,0.000,100.000,100.000,100.000,0.000,0.000,0.000,22.156,21.600,22.400,1.378,0.000,2.700,915.111,914.500,915.900,4.500,9.000,9.000,,,,,,,,,,,,,,0.000,
2026-08-20,9.000,0.000,0.000,8.000,0.000,0.000,0.000,100.000,100.000,100.000,0.000,0.000,0.000,21.400,20.700,21.900,3.278,1.900,4.400,915.289,914.300,916.100,5.000,9.000,9.000,,,,,,,,,,,,,,0.000,
2026-08-21,9.000,0.000,0.000,9.333,0.000,0.000,0.000,100.000,100.000,100.000,0.000,0.000,0.000,21.689,21.500,21.800,1.156,0.500,2.200,913.478,912.300,914.600,21.000,9.000,9.000,,,,,,,,,,,,,,0.000,
2026-08-22,9.000,0.000,0.000,10.000,0.000,0.000,0.000,100.000,100.000,100.000,0.000,0.000,0.000,21.700,21.400,22.000,1.000,0.200,1.800,912.933,911.900,913.900,10.000,9.000,9.000,,,,,,,,,,,,,,0.000,
2026-08-23,9.000,0.000,0.000,10.000,0.000,0.000,0.000,100.000,100.000,100.000,0.000,0.000,0.000,21.511,21.100,21.700,6.189,5.400,6.900,910.967,910.300,911.900,-9.800,9.000,9.000,,,,,,,,,,,,,,0.000,
2026-08-24,9.000,0.000,0.000,10.000,0.000,0.000,0.000,100.000,100.000,100.000,0.000,0.000,0.000,21.244,21.000,21.500,3.189,0.800,5.300,914.533,914.200,914.900,3.000,9.000,9.000,,,,,,,,,,,,,,0.000,
2026-08-25,9.000,0.000,0.000,10.000,0.000,0.000,0.000,100.000,100.000,100.000,0.000,0.000,0.000,20.900,20.700,21.100,2.489,1.300,4.500,916.444,915.200,917.500,0.000,9.000,9.000,,,,,,,,,,,,,,0.000,
2026-08-26,9.000,1.000,1.000,8.667,0.000,0.000,0.000,99.556,99.000,100.000,0.071,0.000,0.160,21.833,21.500,22.100,2.811,2.000,4.100,914.400,912.900,915.700,0.000,9.000,9.000,,,,,,,,,,,,,,0.000,
2026-08-27,9.000,0.000,0.000,10.000,0.000,0.000,0.000,89.333,85.000,95.000,1.860,0.840,2.660,22.944,22.400,23.300,1.511,0.700,2.700,910.933,909.800,911.900,0.000,9.000,9.000,,,,,,,,,,,,,,0.000,
2026-08-28,9.000,6.000,6.000,4.000,1.000,1.000,0.000,97.667,86.000,100.000,0.403,0.000,2.460,21.956,21.200,22.600,1.433,0.200,5.000,912.356,911.700,913.200,0.000,9.000,9.000,,,,,,,,,,,,,,0.000,
2026-08-29,9.000,3.000,3.000,6.222,1.000,0.000,0.000,97.111,91.000,100.000,0.489,0.000,1.540,22.022,20.900,23.100,0.522,0.000,1.400,913.311,912.600,914.000,0.000,9.000,9.000,,,,,,,,,,,,,,0.000,
2026-08-30,9.000,9.000,9.000,1.667,1.000,1.000,1.000,99.778,98.000,100.000,0.037,0.000,0.330,22.100,21.800,22.400,2.511,1.600,3.400,912.444,912.100,912.700,0.000,9.000,9.000,,,,,,,,,,,,,,0.000,
2026-08-31,5.000,0.000,0.000,9.800,,,,98.800,95.000,100.000,0.200,0.000,0.840,21.700,21.500,22.100,4.320,3.800,5.100,912.040,911.700,912.200,0.000,5.000,5.000,,,,,,,,,,,,,,0.000,
