night,sat_n_valid,sat_n_clear,sat_longest_clear_run,sat_mean_cloud,sat_def_A,sat_def_B,sat_def_C,rh_mean,rh_min,rh_max,dpd_mean,dpd_min,dpd_max,t_air_mean,t_air_min,t_air_max,wind_mean,wind_min,wind_max,pres_mean,pres_min,pres_max,precip_night,precip_known_hours,n_hours_rh,e_tcc_mean,e_tcc_min,e_tcc_max,e_lcc_mean,e_mcc_mean,e_hcc_mean,e_mh_mean,e_mh_min,e_rh_mean,e_t2m_mean,e_precip_night,manual_cloud_2021_mean,manual_cloud_2021_max,manual_cloud_2021_n,evening_clear,moon_illum,dark_hours,night_hours,dark_frac
2023-01-01,9.000,0.000,0.000,10.000,0.000,0.000,0.000,85.333,80.000,92.000,2.540,1.320,3.550,19.144,18.400,19.700,2.689,1.700,3.300,1020.056,1019.200,1020.600,-77.900,9.000,9.000,0.981,0.960,1.000,0.441,0.976,0.001,0.976,0.960,89.778,18.833,0.000,,,0.000,,0.740,2.920,10.680,0.273
2023-01-02,9.000,0.000,0.000,10.000,0.000,0.000,0.000,89.778,88.000,91.000,1.691,1.470,2.010,16.833,16.400,17.600,2.600,1.400,3.700,1021.344,1020.700,1022.000,-29.400,9.000,9.000,1.000,1.000,1.000,1.000,0.689,0.003,0.690,0.510,94.000,17.322,3.500,,,0.000,,0.822,1.980,10.680,0.185
2023-01-03,9.000,0.000,0.000,10.000,0.000,0.000,0.000,91.444,89.000,94.000,1.383,0.960,1.800,14.689,14.500,15.000,3.044,2.200,3.900,1022.389,1021.700,1022.800,-49.000,9.000,9.000,1.000,1.000,1.000,1.000,0.429,0.000,0.429,0.180,91.778,15.367,1.300,,,0.000,,0.890,1.040,10.670,0.097
2023-01-04,9.000,0.000,0.000,8.778,0.000,0.000,0.000,92.889,89.000,97.000,1.170,0.480,1.830,17.678,17.000,18.100,2.378,0.700,3.500,1019.811,1019.000,1020.600,-9.800,9.000,9.000,0.384,0.210,0.590,0.353,0.086,0.008,0.093,0.030,91.778,16.900,0.200,,,0.000,,0.943,0.110,10.670,0.010
2023-01-05,9.000,0.000,0.000,9.667,0.000,0.000,0.000,93.222,91.000,96.000,1.118,0.650,1.510,18.678,18.300,19.700,1.744,0.600,3.100,1019.689,1018.700,1020.500,-19.100,9.000,9.000,0.919,0.610,1.000,0.919,0.103,0.000,0.103,0.000,94.444,18.811,0.200,,,0.000,,0.978,0.000,10.660,0.000
2023-01-06,9.000,0.000,0.000,9.889,0.000,0.000,0.000,77.889,70.000,82.000,3.926,3.110,5.540,17.767,17.600,18.000,2.011,1.600,2.400,1019.567,1018.900,1020.100,0.000,9.000,9.000,0.441,0.280,0.570,0.371,0.146,0.088,0.223,0.100,86.222,16.933,0.000,,,0.000,,0.996,0.000,10.650,0.000
2023-01-07,8.000,0.000,0.000,9.875,0.000,0.000,0.000,66.778,62.000,71.000,6.258,5.320,7.360,17.344,17.200,17.500,3.411,3.100,3.800,1018.622,1017.400,1019.700,0.000,9.000,9.000,0.337,0.160,0.600,0.133,0.044,0.239,0.269,0.079,70.778,16.056,0.000,,,0.000,,0.996,0.000,10.650,0.000
2023-01-08,9.000,0.000,0.000,10.000,0.000,0.000,0.000,74.111,68.000,79.000,4.773,3.720,6.130,19.656,18.800,20.800,1.144,0.300,2.000,1016.378,1015.600,1017.200,0.000,9.000,9.000,0.803,0.500,1.000,0.026,0.723,0.568,0.836,0.543,84.444,18.344,0.000,,,0.000,,0.979,0.000,10.640,0.000
2023-01-09,9.000,0.000,0.000,10.000,0.000,0.000,0.000,94.667,84.000,97.000,0.892,0.480,2.790,18.611,18.100,20.100,2.211,1.700,2.800,1016.833,1015.500,1017.700,-23.400,9.000,9.000,0.973,0.760,1.000,0.307,0.970,0.290,0.973,0.766,94.556,18.956,7.300,,,0.000,,0.944,0.620,10.630,0.059
2023-01-10,9.000,0.000,0.000,10.000,0.000,0.000,0.000,87.778,86.000,90.000,2.082,1.680,2.410,19.422,19.200,19.700,2.511,1.500,3.400,1014.856,1013.800,1015.700,-39.200,9.000,9.000,0.737,0.430,0.960,0.250,0.626,0.517,0.774,0.400,90.000,19.178,0.000,,,0.000,,0.894,1.510,10.620,0.142
2023-01-11,9.000,0.000,0.000,9.778,0.000,0.000,0.000,75.111,69.000,86.000,4.623,2.420,5.950,21.500,20.000,22.000,2.333,1.200,3.600,1012.933,1012.000,1013.800,0.000,9.000,9.000,0.698,0.310,0.900,0.160,0.658,0.000,0.658,0.240,89.222,20.211,0.000,,,0.000,,0.829,2.370,10.620,0.223
2023-01-12,9.000,0.000,0.000,8.444,0.000,0.000,0.000,87.556,84.000,93.000,2.138,1.160,2.790,19.900,18.900,20.600,0.933,0.500,1.700,1011.300,1009.600,1012.800,0.000,9.000,9.000,0.364,0.110,0.810,0.041,0.242,0.140,0.367,0.119,92.556,19.722,0.200,,,0.000,,0.752,3.230,10.610,0.304
2023-01-13,9.000,0.000,0.000,8.222,0.000,0.000,0.000,79.000,71.000,89.000,3.881,1.880,5.610,22.922,21.000,24.600,1.256,0.600,2.300,1007.411,1006.500,1008.600,0.000,9.000,9.000,0.377,0.100,0.640,0.137,0.354,0.018,0.362,0.070,90.000,21.778,0.000,,,0.000,,0.664,4.080,10.600,0.385
2023-01-14,9.000,0.000,0.000,9.222,0.000,0.000,0.000,87.889,82.000,94.000,2.104,1.010,3.270,20.967,17.900,24.300,2.556,0.500,4.700,1008.511,1006.300,1010.900,-12.600,9.000,9.000,0.941,0.690,1.000,0.937,0.324,0.000,0.324,0.210,94.000,20.767,5.000,,,0.000,,0.567,4.970,10.590,0.469
2023-01-15,9.000,0.000,0.000,6.333,0.000,0.000,0.000,81.333,80.000,83.000,3.126,2.810,3.390,12.889,12.600,13.600,3.022,1.900,3.900,1018.256,1017.400,1018.600,0.000,9.000,9.000,1.000,1.000,1.000,1.000,0.336,0.000,0.336,0.220,88.333,12.767,1.900,,,0.000,,0.464,5.890,10.580,0.557
2023-01-16,9.000,0.000,0.000,10.000,0.000,0.000,0.000,89.333,88.000,90.000,1.719,1.610,1.940,13.211,12.600,13.700,2.111,1.200,3.100,1020.156,1019.100,1020.800,-29.400,9.000,9.000,0.954,0.750,1.000,0.950,0.359,0.000,0.359,0.210,90.444,12.744,0.500,,,0.000,,0.360,6.870,10.570,0.650
2023-01-17,9.000,0.000,0.000,10.000,0.000,0.000,0.000,90.667,86.000,96.000,1.524,0.630,2.340,14.889,14.000,15.700,1.200,0.500,2.200,1021.200,1020.500,1021.400,-38.700,9.000,9.000,1.000,1.000,1.000,1.000,0.304,0.000,0.304,0.010,91.444,14.867,2.100,,,0.000,,0.259,7.930,10.560,0.751
2023-01-18,9.000,0.000,0.000,9.667,0.000,0.000,0.000,82.444,79.000,87.000,2.960,2.130,3.600,14.356,14.000,14.600,2.411,1.800,3.100,1020.700,1020.000,1021.200,0.000,9.000,9.000,1.000,1.000,1.000,1.000,0.110,0.002,0.112,0.020,85.333,14.089,0.400,,,0.000,,0.166,9.050,10.550,0.858
2023-01-19,9.000,0.000,0.000,8.556,0.000,0.000,0.000,82.778,80.000,85.000,2.973,2.560,3.490,17.889,17.600,18.100,2.789,1.900,3.500,1018.833,1018.600,1019.100,0.000,9.000,9.000,0.746,0.350,1.000,0.746,0.010,0.000,0.010,0.000,83.444,17.500,0.500,,,0.000,,0.088,10.190,10.540,0.967
2023-01-20,9.000,0.000,0.000,10.000,0.000,0.000,0.000,86.778,82.000,90.000,2.194,1.630,3.060,15.122,14.900,15.300,3.067,2.600,3.400,1020.122,1018.600,1021.100,-19.600,9.000,9.000,0.989,0.950,1.000,0.966,0.524,0.000,0.524,0.270,84.556,14.967,0.800,,,0.000,,0.033,10.520,10.520,1.000
2023-01-21,9.000,0.000,0.000,3.667,0.000,0.000,0.000,88.778,81.000,97.000,1.924,0.480,3.350,17.822,16.200,19.500,1.733,0.400,3.000,1013.544,1012.500,1014.500,0.000,9.000,9.000,0.138,0.090,0.210,0.119,0.046,0.000,0.046,0.000,95.000,16.711,0.100,,,0.000,,0.005,10.510,10.510,1.000
2023-01-22,9.000,0.000,0.000,8.111,0.000,0.000,0.000,89.333,87.000,91.000,1.778,1.480,2.190,17.644,17.300,18.200,1.156,0.500,2.100,1012.878,1012.400,1013.100,-9.800,9.000,9.000,0.510,0.290,0.910,0.456,0.350,0.007,0.355,0.210,93.000,17.178,0.300,,,0.000,,0.007,10.500,10.500,1.000
2023-01-23,9.000,0.000,0.000,10.000,0.000,0.000,0.000,82.222,78.000,86.000,3.052,2.380,3.790,16.733,14.400,18.000,2.200,1.000,3.400,1015.967,1013.600,1019.400,-19.600,9.000,9.000,1.000,1.000,1.000,1.000,0.499,0.000,0.499,0.210,89.111,16.033,5.900,,,0.000,,0.040,10.190,10.490,0.972
2023-01-24,9.000,0.000,0.000,10.000,0.000,0.000,0.000,59.444,55.000,72.000,7.558,4.770,8.610,9.167,8.600,9.600,2.622,2.300,3.000,1027.056,1026.000,1027.500,-19.600,9.000,9.000,0.932,0.800,0.990,0.932,0.051,0.000,0.051,0.000,74.778,7.589,1.300,,,0.000,,0.100,9.060,10.470,0.865
2023-01-25,9.000,0.000,0.000,9.667,0.000,0.000,0.000,71.667,68.000,74.000,5.030,4.520,5.830,13.511,12.800,14.300,2.000,0.700,3.100,1017.311,1016.800,1018.400,0.000,9.000,9.000,0.327,0.200,0.550,0.260,0.191,0.016,0.204,0.060,78.333,11.978,0.000,,,0.000,,0.181,8.000,10.460,0.764
2023-01-26,9.000,0.000,0.000,9.778,0.000,0.000,0.000,79.000,77.000,83.000,3.637,2.860,4.040,15.556,14.700,16.100,1.056,0.900,1.400,1017.544,1017.000,1018.000,0.000,9.000,9.000,0.530,0.260,0.870,0.441,0.147,0.130,0.260,0.130,87.111,14.456,0.000,,,0.000,,0.275,6.980,10.450,0.669
2023-01-27,9.000,0.000,0.000,9.889,0.000,0.000,0.000,51.444,48.000,55.000,9.592,8.620,10.550,10.189,9.800,10.500,2.378,1.700,2.900,1023.500,1022.600,1024.200,0.000,9.000,9.000,0.834,0.760,0.940,0.819,0.078,0.060,0.130,0.030,63.111,8.811,0.400,,,0.000,,0.378,6.010,10.430,0.576
2023-01-28,9.000,0.000,0.000,9.889,0.000,0.000,0.000,59.778,56.000,63.000,7.533,6.740,8.470,10.956,9.900,11.500,1.989,1.500,2.600,1021.378,1020.100,1022.700,0.000,9.000,9.000,0.823,0.670,0.920,0.821,0.017,0.008,0.024,0.000,67.444,9.411,0.000,,,0.000,,0.482,5.040,10.420,0.484
2023-01-29,0.000,0.000,0.000,,,,,74.000,67.000,81.000,4.539,3.160,5.960,12.444,11.800,13.600,1.956,1.500,2.700,1020.967,1020.600,1021.500,0.000,9.000,9.000,0.082,0.030,0.130,0.082,0.000,0.000,0.000,0.000,81.444,9.867,0.000,,,0.000,,0.584,4.080,10.400,0.393
2023-01-30,9.000,0.000,0.000,4.333,0.000,0.000,0.000,65.889,60.000,77.000,6.314,3.910,7.690,13.944,12.000,14.700,2.778,0.300,3.700,1017.111,1015.700,1018.700,0.000,9.000,9.000,0.026,0.010,0.040,0.026,0.000,0.000,0.000,0.000,78.778,12.200,0.000,,,0.000,,0.680,3.130,10.390,0.301
2023-01-31,9.000,0.000,0.000,4.444,0.000,0.000,0.000,79.556,64.000,89.000,3.573,1.770,6.840,14.533,12.800,16.500,1.078,0.300,1.600,1013.489,1013.000,1014.000,0.000,9.000,9.000,0.803,0.130,1.000,0.803,0.003,0.000,0.003,0.000,89.000,14.078,0.000,,,0.000,,0.766,2.180,10.370,0.210
2023-02-01,0.000,0.000,0.000,,,,,74.778,64.000,83.000,4.598,2.940,6.980,18.444,17.900,19.300,1.278,0.600,2.400,1014.944,1014.100,1015.700,0.000,9.000,9.000,0.409,0.090,1.000,0.400,0.092,0.000,0.092,0.030,86.556,17.356,0.100,,,0.000,,0.842,1.270,10.360,0.122
2023-02-02,0.000,0.000,0.000,,,,,82.111,78.000,86.000,3.078,2.350,3.870,16.667,16.300,17.000,3.178,2.600,3.800,1016.656,1015.400,1017.700,0.000,9.000,9.000,0.999,0.990,1.000,0.999,0.008,0.000,0.008,0.000,85.667,16.211,0.000,,,0.000,,0.904,0.410,10.340,0.039
2023-02-03,0.000,0.000,0.000,,,,,85.667,83.000,89.000,2.420,1.820,2.910,16.789,16.600,17.000,3.200,2.500,3.700,1015.789,1014.800,1016.600,0.000,9.000,9.000,0.774,0.400,1.000,0.698,0.060,0.131,0.179,0.020,88.889,16.411,0.000,,,0.000,,0.951,0.000,10.330,0.000
2023-02-04,0.000,0.000,0.000,,,,,93.333,91.000,96.000,1.093,0.650,1.490,17.700,17.400,18.400,3.100,2.400,4.100,1014.156,1012.300,1015.200,-57.800,9.000,9.000,1.000,1.000,1.000,0.997,0.943,0.851,0.984,0.941,96.556,17.478,3.700,,,0.000,,0.983,0.000,10.310,0.000
2023-02-05,0.000,0.000,0.000,,,,,97.333,96.000,98.000,0.426,0.320,0.640,16.456,15.300,17.300,1.467,1.000,2.300,1012.867,1012.600,1013.100,-18.400,9.000,9.000,1.000,1.000,1.000,1.000,0.862,0.307,0.899,0.774,98.778,17.911,13.900,,,0.000,,0.997,0.000,10.290,0.000
2023-02-06,0.000,0.000,0.000,,,,,93.667,92.000,96.000,1.038,0.650,1.320,18.067,17.700,18.400,1.133,0.600,1.800,1010.844,1010.300,1011.500,-19.600,9.000,9.000,0.456,0.170,0.790,0.248,0.282,0.149,0.365,0.149,95.667,18.200,0.000,,,0.000,,0.994,0.000,10.280,0.000
2023-02-07,0.000,0.000,0.000,,,,,91.111,90.000,92.000,1.473,1.320,1.670,18.022,17.700,18.400,3.633,2.800,4.400,1014.744,1014.000,1015.300,0.000,9.000,9.000,1.000,1.000,1.000,1.000,0.156,0.000,0.156,0.090,94.444,18.222,0.000,,,0.000,,0.973,0.020,10.260,0.002
2023-02-08,0.000,0.000,0.000,,,,,92.667,91.000,95.000,1.222,0.810,1.520,19.333,17.500,20.200,1.889,0.600,3.600,1014.211,1013.800,1014.500,0.000,9.000,9.000,1.000,1.000,1.000,1.000,0.080,0.004,0.084,0.040,98.444,18.956,0.200,,,0.000,,0.934,0.880,10.240,0.086
2023-02-09,0.000,0.000,0.000,,,,,88.222,85.000,90.000,1.980,1.660,2.570,17.833,17.200,18.300,0.567,0.200,1.100,1012.911,1012.400,1013.400,0.000,9.000,9.000,0.968,0.790,1.000,0.959,0.219,0.000,0.219,0.070,94.889,19.044,0.000,,,0.000,,0.879,1.740,10.220,0.170
2023-02-10,0.000,0.000,0.000,,,,,91.222,89.000,93.000,1.454,1.140,1.860,17.867,17.200,19.000,3.489,3.200,4.500,1013.178,1011.400,1015.000,-19.600,9.000,9.000,0.738,0.280,1.000,0.668,0.297,0.000,0.297,0.130,92.333,18.367,0.000,,,0.000,,0.808,2.600,10.200,0.255
2023-02-11,0.000,0.000,0.000,,,,,91.667,82.000,97.000,1.408,0.490,3.170,18.678,18.200,20.200,1.100,0.200,1.900,1012.300,1012.000,1012.600,0.000,9.000,9.000,0.942,0.800,1.000,0.942,0.039,0.000,0.039,0.000,95.333,19.622,0.000,,,0.000,,0.724,3.500,10.190,0.344
2023-02-12,0.000,0.000,0.000,,,,,87.111,80.000,90.000,2.230,1.690,3.590,20.444,19.900,21.100,0.778,0.200,1.200,1010.378,1009.700,1011.000,0.000,9.000,9.000,0.928,0.700,1.000,0.927,0.044,0.000,0.044,0.000,93.556,20.467,0.000,,,0.000,,0.628,4.440,10.170,0.437
2023-02-13,0.000,0.000,0.000,,,,,75.111,74.000,77.000,4.412,4.010,4.670,15.989,14.900,17.200,2.678,2.300,3.300,1015.178,1013.800,1016.000,0.000,9.000,9.000,1.000,1.000,1.000,1.000,0.226,0.000,0.226,0.040,88.556,15.956,2.000,,,0.000,,0.524,5.440,10.150,0.536
2023-02-14,0.000,0.000,0.000,,,,,67.667,59.000,79.000,5.882,3.580,7.780,12.900,12.100,13.800,2.322,1.600,3.700,1020.356,1019.300,1021.300,0.000,9.000,9.000,1.000,1.000,1.000,1.000,0.323,0.000,0.323,0.230,82.111,11.833,0.800,,,0.000,,0.415,6.500,10.130,0.641
2023-02-15,0.000,0.000,0.000,,,,,62.667,60.000,67.000,6.998,6.010,7.630,13.511,13.200,13.700,2.578,1.700,3.700,1024.800,1024.200,1025.400,0.000,9.000,9.000,0.981,0.920,1.000,0.981,0.000,0.000,0.000,0.000,71.111,12.389,0.100,,,0.000,,0.307,7.590,10.110,0.751
2023-02-16,0.000,0.000,0.000,,,,,62.667,57.000,67.000,7.190,6.160,8.610,16.978,16.700,17.400,2.544,2.100,3.100,1020.556,1018.500,1021.600,0.000,9.000,9.000,0.256,0.090,0.470,0.256,0.007,0.000,0.007,0.000,76.556,15.011,0.000,,,0.000,,0.207,8.670,10.090,0.860
2023-02-17,0.000,0.000,0.000,,,,,81.000,75.000,91.000,3.338,1.470,4.530,17.722,15.700,19.000,1.556,0.500,2.300,1016.678,1015.900,1017.600,0.000,9.000,9.000,0.067,0.020,0.240,0.049,0.016,0.017,0.031,0.000,87.889,16.078,0.000,,,0.000,,0.119,9.690,10.070,0.962
2023-02-18,0.000,0.000,0.000,,,,,77.556,63.000,89.000,4.109,1.830,7.380,19.489,17.000,22.100,0.944,0.300,1.600,1014.533,1014.100,1015.000,0.000,9.000,9.000,0.401,0.100,1.000,0.349,0.052,0.149,0.201,0.010,90.556,17.933,0.000,,,0.000,,0.053,10.050,10.050,1.000
2023-02-19,0.000,0.000,0.000,,,,,75.222,64.000,83.000,4.411,2.880,6.750,15.456,14.800,15.700,3.200,2.300,4.400,1018.267,1017.800,1018.800,0.000,9.000,9.000,1.000,1.000,1.000,0.970,0.269,0.939,0.957,0.891,83.556,15.289,0.900,,,0.000,,0.012,10.030,10.030,1.000
2023-02-20,0.000,0.000,0.000,,,,,67.222,61.000,78.000,6.096,3.790,7.510,15.300,14.300,15.800,2.711,1.900,3.400,1020.933,1020.700,1021.200,-39.200,9.000,9.000,0.986,0.950,1.000,0.967,0.324,0.513,0.717,0.618,77.778,14.433,0.700,,,0.000,,0.002,10.010,10.010,1.000
2023-02-21,0.000,0.000,0.000,,,,,86.889,84.000,91.000,2.142,1.440,2.650,13.211,12.700,13.500,2.811,2.000,3.200,1022.178,1020.600,1023.300,-67.600,9.000,9.000,1.000,1.000,1.000,1.000,0.416,0.000,0.416,0.200,85.889,13.311,0.500,,,0.000,,0.021,9.990,9.990,1.000
2023-02-22,0.000,0.000,0.000,,,,,90.444,88.000,92.000,1.580,1.310,2.010,17.322,17.200,17.600,2.267,1.800,2.900,1016.156,1014.900,1017.400,-77.900,9.000,9.000,1.000,1.000,1.000,1.000,0.112,0.000,0.112,0.000,89.000,17.633,0.900,,,0.000,,0.068,9.060,9.970,0.909
2023-02-23,0.000,0.000,0.000,,,,,88.778,87.000,95.000,1.897,0.810,2.220,18.556,17.500,19.100,1.000,0.300,1.900,1013.311,1013.000,1013.700,-9.800,9.000,9.000,1.000,1.000,1.000,1.000,0.014,0.000,0.014,0.000,92.556,18.533,1.700,,,0.000,,0.136,8.030,9.940,0.807
2023-02-24,9.000,0.000,0.000,10.000,0.000,0.000,0.000,77.000,75.000,80.000,4.000,3.420,4.400,14.811,14.500,15.000,2.122,1.800,2.900,1021.778,1021.200,1022.000,-39.200,9.000,9.000,1.000,1.000,1.000,1.000,0.332,0.000,0.332,0.150,87.222,14.222,1.300,,,0.000,,0.221,7.010,9.920,0.707
2023-02-25,9.000,0.000,0.000,9.889,0.000,0.000,0.000,58.556,54.000,64.000,7.991,6.710,9.160,13.611,13.000,14.200,2.556,2.200,3.400,1029.233,1028.600,1029.600,0.000,9.000,9.000,0.998,0.980,1.000,0.998,0.700,0.000,0.700,0.380,77.222,12.633,2.000,,,0.000,,0.315,6.010,9.900,0.607
2023-02-26,9.000,0.000,0.000,9.556,0.000,0.000,0.000,60.333,58.000,63.000,7.583,6.930,8.160,14.222,13.900,14.600,2.678,2.000,3.400,1027.611,1026.000,1028.700,0.000,9.000,9.000,0.727,0.510,0.980,0.713,0.102,0.000,0.102,0.060,72.444,12.644,0.000,,,0.000,,0.414,5.010,9.880,0.507
2023-02-27,9.000,0.000,0.000,6.889,0.000,0.000,0.000,71.556,64.000,77.000,5.236,4.050,6.940,17.844,16.700,18.400,2.367,1.500,2.800,1022.156,1020.400,1023.400,0.000,9.000,9.000,0.148,0.080,0.220,0.106,0.071,0.000,0.071,0.020,81.222,15.789,0.000,,,0.000,,0.514,4.030,9.860,0.409
2023-02-28,9.000,0.000,0.000,3.222,0.000,0.000,0.000,86.333,81.000,90.000,2.321,1.650,3.340,17.633,16.600,19.100,1.144,0.400,1.600,1017.733,1017.000,1018.500,0.000,9.000,9.000,0.243,0.080,0.440,0.210,0.101,0.000,0.101,0.040,89.000,16.367,0.000,,,0.000,,0.610,3.080,9.830,0.313
2023-03-01,9.000,0.000,0.000,8.222,0.000,0.000,0.000,67.444,57.000,73.000,6.159,4.920,8.590,17.933,17.000,18.900,1.956,1.000,2.600,1021.156,1019.900,1022.000,0.000,9.000,9.000,0.523,0.280,0.680,0.520,0.018,0.000,0.018,0.000,81.000,16.756,0.000,,,0.000,,0.701,2.190,9.810,0.223
2023-03-02,9.000,0.000,0.000,7.889,0.000,0.000,0.000,59.444,56.000,63.000,7.866,6.980,8.750,15.144,14.700,15.500,2.433,1.500,3.200,1024.033,1022.700,1025.100,0.000,9.000,9.000,0.478,0.270,0.660,0.478,0.000,0.000,0.000,0.000,69.000,13.400,0.000,,,0.000,,0.783,1.360,9.790,0.139
2023-03-03,9.000,0.000,0.000,6.333,0.000,0.000,0.000,71.556,65.000,79.000,5.197,3.650,6.650,16.678,16.100,17.300,1.856,1.000,2.500,1021.333,1020.600,1021.800,0.000,9.000,9.000,0.302,0.060,0.830,0.079,0.260,0.000,0.260,0.020,82.667,13.633,0.000,,,0.000,,0.855,0.620,9.770,0.063
2023-03-04,9.000,0.000,0.000,4.889,0.000,0.000,0.000,64.556,58.000,73.000,6.698,4.740,8.330,15.378,13.400,17.100,1.656,0.700,2.000,1022.722,1022.100,1023.300,0.000,9.000,9.000,0.061,0.010,0.170,0.057,0.034,0.000,0.034,0.000,77.333,13.111,0.000,,,0.000,,0.915,0.000,9.740,0.000
2023-03-05,9.000,0.000,0.000,3.889,0.000,0.000,0.000,49.444,43.000,56.000,10.661,8.730,12.720,16.267,15.200,17.400,2.011,1.700,2.500,1020.767,1019.600,1021.500,0.000,9.000,9.000,0.008,0.000,0.020,0.008,0.000,0.000,0.000,0.000,72.333,13.022,0.000,,,0.000,,0.959,0.000,9.720,0.000
2023-03-06,9.000,0.000,0.000,3.000,0.000,0.000,1.000,52.111,45.000,57.000,9.994,8.570,12.190,17.744,16.800,18.800,2.133,1.600,2.800,1018.389,1017.500,1018.900,0.000,9.000,9.000,0.072,0.040,0.120,0.072,0.000,0.000,0.000,0.000,72.222,14.522,0.000,,,0.000,,0.988,0.000,9.700,0.000
2023-03-07,9.000,0.000,0.000,3.000,0.000,0.000,1.000,62.889,50.000,73.000,7.332,4.850,10.770,18.078,16.300,20.300,1.256,0.400,2.100,1016.867,1015.700,1017.800,0.000,9.000,9.000,0.058,0.020,0.120,0.058,0.000,0.000,0.000,0.000,80.778,15.167,0.000,,,0.000,,0.999,0.000,9.670,0.000
2023-03-08,9.000,0.000,0.000,5.111,0.000,0.000,0.000,72.000,65.000,76.000,5.173,4.280,6.820,18.589,17.300,20.800,1.289,0.900,1.700,1014.911,1013.900,1015.600,0.000,9.000,9.000,0.118,0.010,0.440,0.027,0.099,0.000,0.099,0.000,85.333,16.367,0.000,,,0.000,,0.991,0.000,9.650,0.000
2023-03-09,9.000,0.000,0.000,3.000,0.000,0.000,1.000,64.222,50.000,83.000,7.057,2.910,10.690,17.944,16.800,20.000,1.178,0.800,1.600,1015.444,1014.500,1016.300,0.000,9.000,9.000,0.041,0.000,0.100,0.041,0.000,0.000,0.000,0.000,81.667,16.144,0.000,,,0.000,,0.963,0.310,9.620,0.032
2023-03-10,9.000,0.000,0.000,3.778,0.000,0.000,0.000,63.667,54.000,70.000,7.197,5.650,9.700,20.533,19.700,21.500,2.311,1.600,3.300,1014.789,1014.200,1015.300,0.000,9.000,9.000,0.119,0.080,0.180,0.113,0.030,0.002,0.032,0.000,77.222,18.433,0.000,,,0.000,,0.917,1.200,9.600,0.125
2023-03-11,9.000,0.000,0.000,3.222,0.000,0.000,0.000,64.444,57.000,70.000,6.999,5.640,8.940,20.989,19.300,22.400,1.578,1.100,2.000,1014.622,1013.500,1015.800,0.000,9.000,9.000,0.376,0.140,0.640,0.291,0.036,0.140,0.172,0.020,82.000,18.289,0.000,,,0.000,,0.852,2.130,9.570,0.223
2023-03-12,9.000,0.000,0.000,10.000,0.000,0.000,0.000,73.111,71.000,76.000,4.800,4.200,5.280,15.411,14.000,17.300,2.156,1.200,2.900,1021.689,1019.900,1022.500,-19.600,9.000,9.000,1.000,1.000,1.000,0.996,0.956,0.000,0.956,0.840,87.778,15.256,7.600,,,0.000,,0.771,3.110,9.550,0.326
2023-03-13,9.000,0.000,0.000,10.000,0.000,0.000,0.000,76.889,70.000,81.000,4.032,3.220,5.440,14.911,14.500,15.400,2.500,1.400,3.000,1015.800,1014.000,1017.400,-19.100,9.000,9.000,0.946,0.780,1.000,0.173,0.924,0.204,0.940,0.740,79.222,14.533,1.000,,,0.000,,0.675,4.140,9.520,0.434
2023-03-14,9.000,0.000,0.000,7.000,0.000,0.000,0.000,78.000,72.000,83.000,3.924,2.930,5.190,18.378,16.900,19.700,1.678,0.800,2.600,1012.433,1012.000,1012.800,0.000,9.000,9.000,0.353,0.050,0.750,0.073,0.008,0.303,0.307,0.000,89.111,16.344,0.000,,,0.000,,0.570,5.200,9.500,0.547
2023-03-15,9.000,0.000,0.000,5.333,0.000,0.000,0.000,84.889,75.000,90.000,2.642,1.680,4.600,20.067,19.400,20.900,2.300,1.500,2.700,1015.167,1014.200,1015.900,0.000,9.000,9.000,0.163,0.100,0.220,0.162,0.031,0.000,0.031,0.000,93.667,19.211,0.000,,,0.000,,0.458,6.260,9.470,0.660
2023-03-16,9.000,0.000,0.000,3.667,0.000,0.000,0.000,85.667,82.000,88.000,2.507,2.060,3.220,21.378,20.900,22.300,1.133,0.400,2.500,1014.600,1013.300,1015.300,0.000,9.000,9.000,0.783,0.190,1.000,0.783,0.021,0.011,0.032,0.000,93.444,19.133,0.000,,,0.000,,0.347,7.260,9.450,0.769
2023-03-17,9.000,0.000,0.000,6.667,0.000,0.000,0.000,80.889,66.000,88.000,3.467,2.030,6.730,20.678,19.000,23.700,1.356,0.300,2.600,1013.467,1013.000,1013.700,0.000,9.000,9.000,0.589,0.050,1.000,0.583,0.081,0.000,0.081,0.030,89.778,19.722,0.100,,,0.000,,0.241,8.180,9.420,0.868
2023-03-18,9.000,0.000,0.000,8.889,0.000,0.000,0.000,89.778,88.000,91.000,1.704,1.490,2.010,17.989,17.600,18.200,2.856,1.900,4.000,1014.367,1012.800,1015.200,0.000,9.000,9.000,0.998,0.980,1.000,0.998,0.153,0.000,0.153,0.090,89.889,17.900,0.000,,,0.000,,0.147,8.990,9.400,0.956
2023-03-19,9.000,0.000,0.000,10.000,0.000,0.000,0.000,87.000,83.000,91.000,2.247,1.510,3.000,20.256,19.300,21.000,1.289,0.400,2.000,1010.744,1009.400,1011.800,0.000,9.000,9.000,0.539,0.240,1.000,0.434,0.266,0.044,0.296,0.149,94.556,18.989,0.400,,,0.000,,0.073,9.370,9.370,1.000
2023-03-20,9.000,0.000,0.000,9.333,0.000,0.000,0.000,83.778,81.000,87.000,2.851,2.240,3.390,20.822,20.200,21.300,0.867,0.400,1.500,1007.067,1006.000,1008.000,0.000,9.000,9.000,0.852,0.350,1.000,0.779,0.028,0.447,0.457,0.109,93.000,20.467,0.000,,,0.000,,0.024,9.350,9.350,1.000
2023-03-21,9.000,0.000,0.000,6.111,0.000,0.000,0.000,84.111,83.000,85.000,2.838,2.660,3.060,23.278,23.100,23.500,1.189,0.400,2.100,1004.567,1003.700,1005.100,0.000,9.000,9.000,0.582,0.090,0.980,0.181,0.060,0.497,0.530,0.020,91.556,23.089,0.000,,,0.000,,0.002,9.320,9.320,1.000
2023-03-22,9.000,0.000,0.000,4.889,0.000,0.000,0.000,78.333,69.000,88.000,4.108,2.090,6.150,24.344,22.400,26.400,1.011,0.400,1.500,1004.044,1003.500,1004.500,0.000,9.000,9.000,0.794,0.180,1.000,0.657,0.009,0.331,0.336,0.129,90.333,22.722,0.000,,,0.000,,0.008,9.290,9.290,1.000
2023-03-23,9.000,0.000,0.000,6.000,0.000,0.000,0.000,82.778,75.000,90.000,3.130,1.700,4.730,22.967,21.000,24.600,1.233,0.400,2.500,1008.756,1007.800,1009.400,0.000,9.000,9.000,0.440,0.070,0.690,0.280,0.071,0.156,0.213,0.030,91.667,21.722,0.000,,,0.000,,0.041,8.880,9.270,0.958
2023-03-24,9.000,0.000,0.000,9.778,0.000,0.000,0.000,88.222,86.000,91.000,2.021,1.520,2.420,20.656,20.100,21.300,3.144,1.700,4.600,1012.367,1010.500,1014.100,0.000,9.000,9.000,0.999,0.990,1.000,0.959,0.127,0.759,0.801,0.337,91.667,20.844,0.100,,,0.000,,0.096,7.840,9.240,0.849
2023-03-25,9.000,0.000,0.000,10.000,0.000,0.000,0.000,93.889,92.000,96.000,1.001,0.650,1.320,17.756,17.300,18.300,1.389,0.600,2.400,1011.511,1010.700,1013.000,-35.200,9.000,9.000,1.000,1.000,1.000,0.999,0.722,0.982,0.994,0.950,95.778,18.233,3.200,,,0.000,,0.168,6.810,9.210,0.739
2023-03-26,9.000,0.000,0.000,10.000,0.000,0.000,0.000,88.556,86.000,90.000,1.901,1.650,2.350,16.600,16.300,16.900,2.289,1.700,2.900,1015.089,1014.300,1015.900,-19.600,9.000,9.000,1.000,1.000,1.000,1.000,0.628,0.458,0.704,0.373,88.000,16.133,0.500,,,0.000,,0.252,5.790,9.190,0.630
2023-03-27,9.000,0.000,0.000,10.000,0.000,0.000,0.000,92.222,88.000,96.000,1.266,0.640,1.980,15.744,15.500,16.100,2.589,2.100,3.300,1016.678,1015.500,1017.600,-56.800,9.000,9.000,1.000,1.000,1.000,0.997,0.636,0.007,0.639,0.453,93.889,15.933,7.300,,,0.000,,0.345,4.790,9.160,0.523
2023-03-28,9.000,0.000,0.000,6.444,0.000,0.000,0.000,93.444,91.000,95.000,1.087,0.820,1.520,19.411,19.100,20.000,2.456,1.500,3.100,1013.544,1011.000,1015.400,0.000,9.000,9.000,0.788,0.500,1.000,0.714,0.230,0.096,0.293,0.100,93.000,19.133,0.000,,,0.000,,0.441,3.850,9.130,0.422
2023-03-29,9.000,0.000,0.000,10.000,0.000,0.000,0.000,93.556,91.000,95.000,1.073,0.820,1.520,19.644,18.900,20.200,1.567,0.900,2.300,1010.900,1009.400,1012.200,-58.800,9.000,9.000,0.997,0.980,1.000,0.990,0.493,0.268,0.674,0.408,97.333,19.489,0.300,,,0.000,,0.537,2.980,9.100,0.328
2023-03-30,9.000,0.000,0.000,10.000,0.000,0.000,0.000,86.444,82.000,93.000,2.316,1.140,3.130,17.833,17.000,18.500,1.500,1.100,1.900,1010.989,1010.200,1011.500,-18.600,9.000,9.000,0.997,0.980,1.000,0.818,0.729,0.467,0.757,0.160,87.556,17.633,1.400,,,0.000,,0.630,2.200,9.080,0.243
2023-03-31,9.000,0.000,0.000,9.889,0.000,0.000,0.000,81.556,76.000,88.000,3.232,2.020,4.320,18.644,18.100,18.800,1.733,1.100,2.200,1010.644,1009.200,1011.900,-19.600,9.000,9.000,0.443,0.220,0.770,0.198,0.320,0.043,0.340,0.049,88.889,17.667,1.900,,,0.000,,0.718,1.500,9.050,0.166
2023-04-01,9.000,0.000,0.000,10.000,0.000,0.000,0.000,96.556,95.000,98.000,0.560,0.320,0.820,18.478,18.200,18.600,0.889,0.400,1.600,1010.178,1009.500,1010.700,0.000,9.000,9.000,0.770,0.670,0.980,0.761,0.230,0.000,0.230,0.100,95.889,18.900,0.400,,,0.000,,0.799,0.870,9.020,0.097
2023-04-02,9.000,0.000,0.000,4.778,0.000,0.000,0.000,73.444,69.000,76.000,4.900,4.340,5.900,19.822,19.300,20.800,3.078,2.300,3.900,1010.322,1009.500,1011.100,0.000,9.000,9.000,0.564,0.110,0.730,0.080,0.000,0.526,0.526,0.090,81.667,19.133,0.000,,,0.000,,0.870,0.300,8.990,0.033
2023-04-03,9.000,0.000,0.000,4.222,0.000,0.000,0.000,65.111,64.000,66.000,6.899,6.670,7.170,22.756,22.500,22.900,2.178,1.600,2.800,1009.667,1007.800,1010.900,0.000,9.000,9.000,0.246,0.110,0.460,0.127,0.031,0.121,0.150,0.010,78.556,20.711,0.000,,,0.000,,0.927,0.000,8.970,0.000
2023-04-04,9.000,0.000,0.000,8.889,0.000,0.000,0.000,74.000,61.000,81.000,4.980,3.400,7.990,22.756,21.500,24.000,1.233,0.800,1.700,1008.489,1007.300,1009.400,0.000,9.000,9.000,0.311,0.120,0.600,0.133,0.159,0.157,0.278,0.117,92.222,20.900,0.000,,,0.000,,0.970,0.000,8.940,0.000
2023-04-05,9.000,0.000,0.000,7.889,0.000,0.000,0.000,93.778,91.000,96.000,1.051,0.670,1.540,21.867,21.000,22.600,1.144,0.500,1.900,1009.056,1008.400,1009.700,-8.800,9.000,9.000,0.703,0.410,0.960,0.187,0.612,0.193,0.670,0.347,95.778,22.222,0.000,,,0.000,,0.994,0.000,8.910,0.000
2023-04-06,9.000,0.000,0.000,9.333,0.000,0.000,0.000,90.889,87.000,96.000,1.570,0.660,2.290,21.678,17.700,23.700,1.411,0.400,3.200,1009.378,1008.400,1011.400,5.000,9.000,9.000,0.991,0.960,1.000,0.987,0.730,0.036,0.733,0.190,95.667,21.711,4.700,,,0.000,,0.999,0.000,8.880,0.000
2023-04-07,9.000,0.000,0.000,7.889,0.000,0.000,0.000,64.444,58.000,72.000,6.826,5.110,8.370,17.667,17.500,17.900,2.767,1.800,3.500,1018.067,1016.800,1018.600,0.000,9.000,9.000,0.613,0.460,0.800,0.598,0.197,0.000,0.197,0.110,71.556,16.622,0.000,,,0.000,,0.982,0.000,8.850,0.000
2023-04-08,5.000,0.000,0.000,7.400,,,,55.556,53.000,58.000,8.984,8.320,9.720,17.244,16.900,17.900,3.600,2.900,4.500,1018.089,1016.500,1019.200,0.000,9.000,9.000,0.698,0.160,1.000,0.059,0.693,0.000,0.693,0.150,61.444,16.411,0.000,,,0.000,,0.944,0.770,8.830,0.087
2023-04-09,9.000,0.000,0.000,5.333,0.000,0.000,0.000,58.556,50.000,62.000,8.402,7.470,10.780,19.844,19.100,20.400,1.678,1.000,2.700,1013.089,1012.500,1013.600,0.000,9.000,9.000,0.169,0.090,0.380,0.167,0.053,0.000,0.053,0.010,76.889,18.022,0.000,,,0.000,,0.884,1.790,8.800,0.204
2023-04-10,9.000,0.000,0.000,6.333,0.000,0.000,0.000,72.556,67.000,81.000,5.202,3.380,6.450,22.056,20.900,22.900,1.811,0.800,3.400,1010.722,1010.200,1011.200,0.000,9.000,9.000,0.201,0.070,0.460,0.183,0.034,0.000,0.034,0.000,83.556,20.644,0.000,,,0.000,,0.805,2.860,8.770,0.326
2023-04-11,9.000,0.000,0.000,3.222,0.000,0.000,0.000,76.778,62.000,84.000,4.383,2.820,7.790,22.878,21.400,25.000,1.144,0.700,1.900,1009.833,1009.200,1010.700,0.000,9.000,9.000,0.053,0.020,0.150,0.017,0.043,0.000,0.043,0.000,85.556,21.411,0.000,,,0.000,,0.710,3.920,8.740,0.448
2023-04-12,9.000,0.000,0.000,7.111,0.000,0.000,0.000,91.556,90.000,95.000,1.449,0.830,1.730,22.489,21.300,23.000,3.178,2.300,4.000,1010.456,1008.900,1011.700,-58.300,9.000,9.000,0.831,0.660,1.000,0.812,0.133,0.000,0.133,0.030,95.889,22.067,0.000,,,0.000,,0.603,4.930,8.710,0.566
2023-04-13,9.000,0.000,0.000,5.222,0.000,0.000,0.000,85.000,73.000,89.000,2.708,1.910,5.210,23.911,23.000,25.800,1.067,0.400,1.800,1008.156,1007.000,1009.300,0.000,9.000,9.000,0.687,0.120,1.000,0.681,0.024,0.160,0.178,0.000,90.556,22.400,0.000,,,0.000,,0.490,5.860,8.680,0.675
2023-04-14,9.000,0.000,0.000,8.000,0.000,0.000,0.000,77.000,72.000,81.000,4.338,3.470,5.440,25.278,24.400,25.900,0.889,0.500,1.300,1004.922,1003.500,1006.000,0.000,9.000,9.000,0.690,0.300,1.000,0.602,0.303,0.009,0.309,0.070,87.333,24.311,0.000,,,0.000,,0.376,6.680,8.660,0.771
2023-04-15,9.000,1.000,1.000,5.444,0.000,0.000,0.000,77.444,69.000,82.000,4.102,3.140,5.930,20.189,19.000,21.500,1.700,1.200,2.400,1005.611,1005.100,1006.000,0.000,9.000,9.000,0.342,0.070,0.590,0.003,0.024,0.329,0.343,0.070,88.556,19.289,0.000,,,0.000,,0.268,7.390,8.630,0.857
2023-04-16,9.000,8.000,8.000,1.667,1.000,1.000,1.000,67.889,59.000,74.000,6.296,4.860,8.360,23.411,21.600,26.200,1.978,1.500,2.600,1007.389,1006.400,1007.700,0.000,9.000,9.000,0.001,0.000,0.010,0.001,0.000,0.000,0.000,0.000,82.889,21.700,0.000,,,0.000,,0.171,8.030,8.600,0.934
2023-04-17,9.000,0.000,0.000,7.222,0.000,0.000,0.000,72.222,64.000,77.000,5.353,4.240,7.350,24.478,22.700,26.200,1.278,0.500,2.300,1010.278,1009.100,1011.100,0.000,9.000,9.000,0.366,0.040,0.870,0.009,0.017,0.357,0.365,0.040,85.111,22.522,0.000,,,0.000,,0.093,8.570,8.570,1.000
2023-04-18,9.000,0.000,0.000,9.111,0.000,0.000,0.000,75.222,69.000,80.000,4.743,3.680,6.190,25.744,24.600,27.300,1.144,0.600,2.000,1004.867,1002.100,1007.000,0.000,9.000,9.000,0.998,0.990,1.000,0.022,0.178,0.998,0.998,0.992,88.111,24.456,0.000,,,0.000,,0.037,8.540,8.540,1.000
2023-04-19,9.000,0.000,0.000,10.000,0.000,0.000,0.000,97.778,95.000,99.000,0.374,0.170,0.850,22.733,22.600,23.000,1.233,0.600,2.100,1000.967,999.600,1002.500,20.700,9.000,9.000,0.738,0.420,1.000,0.076,0.422,0.554,0.748,0.462,91.222,24.167,3.100,,,0.000,,0.006,8.510,8.510,1.000
2023-04-20,9.000,0.000,0.000,7.444,0.000,0.000,0.000,90.111,84.000,97.000,1.721,0.490,2.840,21.611,20.300,22.600,1.022,0.400,1.600,1003.933,1003.200,1004.600,-16.100,9.000,9.000,0.997,0.980,1.000,0.994,0.634,0.040,0.656,0.368,91.667,22.167,3.400,,,0.000,,0.001,8.490,8.490,1.000
2023-04-21,9.000,0.000,0.000,7.667,0.000,0.000,0.000,83.222,79.000,86.000,2.956,2.420,3.800,20.678,20.100,21.400,2.633,2.100,3.800,1008.967,1008.100,1009.700,0.000,9.000,9.000,0.268,0.220,0.330,0.162,0.086,0.101,0.179,0.126,89.556,21.033,0.000,,,0.000,,0.021,8.460,8.460,1.000
2023-04-22,9.000,0.000,0.000,5.556,0.000,0.000,0.000,84.556,84.000,86.000,2.699,2.430,2.810,20.811,20.600,21.000,2.556,2.200,2.800,1010.711,1009.900,1011.600,0.000,9.000,9.000,0.186,0.110,0.280,0.180,0.039,0.000,0.039,0.010,86.778,20.511,0.000,,,0.000,,0.062,7.560,8.430,0.896
2023-04-23,9.000,0.000,0.000,8.111,0.000,0.000,0.000,83.556,82.000,85.000,2.919,2.640,3.220,22.167,22.000,22.300,2.344,1.400,3.800,1010.800,1010.300,1011.400,0.000,9.000,9.000,0.237,0.150,0.330,0.182,0.110,0.006,0.115,0.020,90.333,21.889,0.000,,,0.000,,0.122,6.530,8.400,0.777
2023-04-24,9.000,0.000,0.000,8.889,0.000,0.000,0.000,84.778,83.000,87.000,2.637,2.220,2.970,19.678,19.300,20.200,2.478,1.600,3.000,1012.144,1010.800,1013.500,0.000,9.000,9.000,1.000,1.000,1.000,1.000,0.067,0.083,0.150,0.010,88.000,19.789,0.000,,,0.000,,0.195,5.550,8.370,0.663
2023-04-25,9.000,0.000,0.000,10.000,0.000,0.000,0.000,90.556,89.000,94.000,1.586,0.990,1.870,19.033,18.500,19.700,2.578,1.900,3.500,1011.022,1010.700,1011.400,-68.600,9.000,9.000,1.000,1.000,1.000,1.000,0.676,0.000,0.676,0.420,91.889,19.578,1.200,,,0.000,,0.279,4.630,8.340,0.555
2023-04-26,9.000,0.000,0.000,10.000,0.000,0.000,0.000,73.778,71.000,78.000,4.803,3.930,5.390,19.244,19.100,19.400,3.344,2.600,4.400,1013.500,1012.100,1014.700,0.000,9.000,9.000,0.556,0.360,0.770,0.441,0.363,0.000,0.363,0.280,77.889,18.756,0.000,,,0.000,,0.369,3.810,8.320,0.458
2023-04-27,9.000,0.000,0.000,9.000,0.000,0.000,0.000,85.778,78.000,91.000,2.519,1.520,4.040,21.567,20.500,22.900,1.011,0.200,2.000,1011.733,1010.800,1012.700,0.000,9.000,9.000,0.877,0.670,0.980,0.053,0.040,0.868,0.875,0.667,87.333,21.189,0.000,,,0.000,,0.463,3.070,8.290,0.371
2023-04-28,9.000,0.000,0.000,3.444,0.000,0.000,0.000,85.556,80.000,89.000,2.596,1.910,3.720,24.356,22.900,25.800,0.911,0.300,2.100,1008.700,1007.000,1010.200,0.000,9.000,9.000,0.246,0.030,0.810,0.044,0.003,0.207,0.210,0.000,87.000,23.756,0.000,,,0.000,,0.558,2.420,8.260,0.293
2023-04-29,9.000,0.000,0.000,9.556,0.000,0.000,0.000,85.444,80.000,87.000,2.574,2.270,3.720,22.567,20.500,25.800,3.722,1.700,4.700,1008.833,1008.200,1009.400,-9.800,9.000,9.000,1.000,1.000,1.000,1.000,0.143,0.137,0.257,0.030,88.556,23.156,1.500,,,0.000,,0.651,1.830,8.230,0.222
2023-04-30,9.000,0.000,0.000,10.000,0.000,0.000,0.000,77.778,74.000,81.000,3.999,3.350,4.770,19.800,19.600,20.000,2.467,1.700,3.500,1011.933,1010.900,1013.000,0.000,9.000,9.000,0.943,0.860,0.990,0.658,0.249,0.768,0.827,0.657,82.444,19.922,0.000,,,0.000,,0.739,1.290,8.210,0.157
2023-05-01,9.000,0.000,0.000,3.333,0.000,0.000,0.000,74.222,65.000,82.000,4.859,3.230,6.910,22.478,22.300,22.600,3.411,2.300,4.300,1012.444,1011.300,1013.700,0.000,9.000,9.000,0.133,0.040,0.550,0.070,0.000,0.066,0.066,0.000,75.556,21.278,0.000,,,0.000,,0.819,0.770,8.180,0.094
2023-05-02,9.000,0.000,0.000,4.889,0.000,0.000,0.000,80.556,74.000,87.000,3.629,2.320,5.040,25.967,24.900,27.100,1.856,1.000,2.600,1011.567,1009.800,1013.100,0.000,9.000,9.000,0.086,0.050,0.200,0.062,0.019,0.018,0.036,0.000,90.333,24.322,0.000,,,0.000,,0.889,0.250,8.150,0.031
2023-05-03,9.000,0.000,0.000,5.778,0.000,0.000,0.000,78.444,76.000,82.000,4.079,3.310,4.630,26.911,25.700,28.000,1.511,0.800,3.000,1008.722,1007.200,1009.800,0.000,9.000,9.000,0.461,0.030,0.880,0.052,0.013,0.449,0.456,0.020,87.778,25.289,0.000,,,0.000,,0.945,0.000,8.120,0.000
2023-05-04,9.000,0.000,0.000,10.000,0.000,0.000,0.000,77.889,76.000,81.000,4.211,3.540,4.620,27.467,26.800,27.900,0.956,0.500,1.400,1004.422,1003.700,1005.200,0.000,9.000,9.000,0.838,0.590,1.000,0.220,0.099,0.800,0.814,0.521,87.778,26.333,0.100,,,0.000,,0.982,0.000,8.100,0.000
2023-05-05,9.000,0.000,0.000,7.333,0.000,0.000,0.000,77.889,69.000,84.000,4.260,2.930,6.280,27.933,26.500,29.400,1.256,0.700,1.700,1001.789,1001.200,1002.700,0.000,9.000,9.000,0.922,0.740,1.000,0.220,0.134,0.869,0.904,0.693,89.000,26.933,0.000,,,0.000,,0.999,0.000,8.070,0.000
2023-05-06,9.000,0.000,0.000,10.000,0.000,0.000,0.000,79.111,59.000,90.000,4.073,1.760,8.870,26.789,25.400,29.700,1.489,0.300,2.700,1001.233,998.900,1003.400,-58.300,9.000,9.000,0.999,0.990,1.000,0.022,0.748,0.998,0.999,0.994,91.778,25.889,7.200,,,0.000,,0.993,0.000,8.040,0.000
2023-05-07,9.000,0.000,0.000,10.000,0.000,0.000,0.000,93.000,91.000,96.000,1.166,0.650,1.520,19.444,18.700,20.200,2.456,2.000,2.800,1008.078,1007.100,1008.900,-7.600,9.000,9.000,1.000,1.000,1.000,1.000,0.963,0.956,0.999,0.988,94.444,19.956,11.800,,,0.000,,0.962,0.380,8.020,0.048
2023-05-08,9.000,0.000,0.000,10.000,0.000,0.000,0.000,80.556,75.000,85.000,3.463,2.600,4.580,20.156,20.000,20.300,1.944,1.200,2.700,1011.667,1011.000,1012.500,0.000,9.000,9.000,0.858,0.710,1.000,0.856,0.076,0.079,0.142,0.000,84.667,19.911,0.500,,,0.000,,0.907,1.470,7.990,0.185
2023-05-09,9.000,0.000,0.000,9.889,0.000,0.000,0.000,68.111,66.000,70.000,6.076,5.630,6.560,20.189,19.800,20.400,2.622,2.100,3.500,1011.867,1011.100,1012.600,0.000,9.000,9.000,0.097,0.030,0.180,0.081,0.078,0.000,0.078,0.010,75.111,18.622,0.000,,,0.000,,0.830,2.530,7.970,0.318
2023-05-10,9.000,0.000,0.000,5.556,0.000,0.000,0.000,83.667,79.000,86.000,2.894,2.440,3.810,21.722,21.500,21.900,3.078,2.400,3.900,1011.289,1010.400,1012.100,0.000,9.000,9.000,0.103,0.010,0.260,0.071,0.043,0.000,0.043,0.000,81.111,20.756,0.000,,,0.000,,0.735,3.490,7.940,0.440
2023-05-11,9.000,0.000,0.000,7.111,0.000,0.000,0.000,77.444,76.000,81.000,4.182,3.470,4.490,23.644,22.800,24.100,1.500,0.800,2.600,1010.722,1009.800,1011.500,0.000,9.000,9.000,0.416,0.120,0.590,0.101,0.051,0.323,0.356,0.110,83.889,22.311,0.000,,,0.000,,0.628,4.340,7.920,0.549
2023-05-12,9.000,0.000,0.000,10.000,0.000,0.000,0.000,91.556,87.000,96.000,1.460,0.670,2.290,23.178,22.600,23.700,1.022,0.500,1.800,1010.611,1009.600,1011.200,-38.700,9.000,9.000,0.969,0.790,1.000,0.644,0.383,0.877,0.919,0.673,89.778,23.522,0.100,,,0.000,,0.514,5.080,7.890,0.644
2023-05-13,9.000,0.000,0.000,10.000,0.000,0.000,0.000,79.778,77.000,83.000,3.662,3.020,4.230,22.078,21.700,22.400,1.244,0.500,1.900,1008.944,1007.700,1010.100,0.000,9.000,9.000,0.908,0.730,1.000,0.141,0.824,0.757,0.937,0.769,83.444,22.200,0.000,,,0.000,,0.399,5.730,7.870,0.729
2023-05-14,9.000,0.000,0.000,10.000,0.000,0.000,0.000,77.667,75.000,80.000,4.103,3.600,4.660,22.533,21.700,23.600,1.478,1.100,2.000,1007.300,1006.500,1008.100,-19.600,9.000,9.000,0.982,0.940,1.000,0.000,0.779,0.963,0.989,0.956,83.667,22.578,0.300,,,0.000,,0.291,6.320,7.840,0.806
2023-05-15,9.000,0.000,0.000,9.222,0.000,0.000,0.000,70.333,56.000,78.000,5.804,4.060,9.430,24.133,23.400,25.600,0.911,0.300,1.400,1007.011,1006.000,1007.900,0.000,9.000,9.000,0.831,0.370,0.990,0.062,0.051,0.826,0.833,0.366,85.667,23.289,0.000,,,0.000,,0.194,6.870,7.820,0.879
2023-05-16,9.000,0.000,0.000,8.444,0.000,0.000,0.000,70.222,64.000,75.000,5.857,4.740,7.360,25.822,25.000,26.400,2.178,1.600,3.300,1006.856,1006.100,1007.700,0.000,9.000,9.000,0.572,0.150,0.980,0.046,0.241,0.482,0.582,0.157,82.444,24.644,0.000,,,0.000,,0.114,7.420,7.790,0.952
2023-05-17,9.000,0.000,0.000,7.333,0.000,0.000,0.000,77.222,62.000,82.000,4.388,3.310,8.010,26.744,25.600,28.900,1.467,0.400,2.100,1004.089,1002.800,1005.400,0.000,9.000,9.000,0.414,0.180,0.690,0.028,0.167,0.320,0.422,0.199,88.778,25.978,0.000,,,0.000,,0.053,7.770,7.770,1.000
2023-05-18,9.000,0.000,0.000,9.444,0.000,0.000,0.000,82.556,66.000,98.000,3.490,0.340,7.080,27.556,24.200,30.700,1.311,0.500,2.700,1003.611,1002.300,1004.300,10.500,9.000,9.000,0.428,0.160,0.780,0.063,0.267,0.234,0.440,0.175,84.667,27.511,0.200,,,0.000,,0.015,7.750,7.750,1.000
2023-05-19,9.000,0.000,0.000,7.000,0.000,0.000,0.000,85.333,84.000,87.000,2.608,2.290,2.870,23.567,23.500,23.700,2.478,1.900,3.500,1007.256,1006.100,1008.300,0.000,9.000,9.000,0.440,0.260,0.950,0.308,0.268,0.030,0.290,0.236,87.778,23.522,0.400,,,0.000,,0.001,7.730,7.730,1.000
2023-05-20,9.000,0.000,0.000,7.222,0.000,0.000,0.000,88.889,87.000,92.000,1.962,1.390,2.310,24.744,24.500,25.600,0.900,0.500,1.500,1007.322,1006.700,1007.900,0.000,9.000,9.000,0.610,0.340,0.850,0.090,0.197,0.508,0.600,0.329,89.889,24.933,0.000,,,0.000,,0.008,7.700,7.700,1.000
2023-05-21,9.000,0.000,0.000,7.556,0.000,0.000,0.000,84.778,82.000,86.000,2.768,2.510,3.340,26.100,25.300,27.300,1.211,0.800,1.700,1004.589,1003.500,1005.500,0.000,9.000,9.000,0.906,0.690,1.000,0.003,0.087,0.902,0.911,0.706,90.556,26.444,0.000,,,0.000,,0.037,7.390,7.680,0.962
2023-05-22,9.000,0.000,0.000,10.000,0.000,0.000,0.000,93.000,82.000,97.000,1.212,0.490,3.360,21.711,20.500,27.900,3.189,2.100,4.800,1006.722,1003.500,1007.900,81.500,9.000,9.000,1.000,1.000,1.000,0.738,0.891,0.986,0.998,0.989,90.667,23.633,17.700,,,0.000,,0.084,6.440,7.660,0.841
2023-05-23,9.000,0.000,0.000,8.778,0.000,0.000,0.000,74.444,73.000,77.000,4.743,4.200,5.060,21.589,21.200,21.900,3.089,2.200,4.200,1008.622,1007.200,1009.900,0.000,9.000,9.000,0.364,0.010,0.780,0.112,0.283,0.106,0.341,0.010,78.444,21.356,0.000,,,0.000,,0.146,5.580,7.640,0.730
2023-05-24,9.000,0.000,0.000,9.556,0.000,0.000,0.000,98.444,98.000,99.000,0.259,0.170,0.330,23.044,22.900,23.200,0.933,0.500,1.400,1009.067,1008.600,1009.300,-9.300,9.000,9.000,0.558,0.270,0.810,0.506,0.193,0.043,0.228,0.080,92.889,23.756,0.100,,,0.000,,0.220,4.810,7.620,0.631
2023-05-25,9.000,0.000,0.000,4.444,0.000,0.000,0.000,90.556,88.000,94.000,1.657,1.020,2.140,24.778,23.700,25.600,1.089,0.600,2.400,1009.811,1008.900,1010.500,0.000,9.000,9.000,0.537,0.270,0.860,0.061,0.024,0.493,0.506,0.206,90.222,24.956,0.000,,,0.000,,0.304,4.130,7.600,0.544
2023-05-26,9.000,0.000,0.000,3.000,0.000,0.000,1.000,74.667,73.000,77.000,4.892,4.350,5.300,27.056,26.100,28.100,2.667,1.800,3.500,1008.367,1007.400,1009.100,0.000,9.000,9.000,0.914,0.780,0.970,0.088,0.011,0.908,0.909,0.760,87.444,26.089,0.000,,,0.000,,0.394,3.530,7.580,0.465
2023-05-27,9.000,0.000,0.000,3.000,0.000,0.000,1.000,69.222,64.000,74.000,6.084,4.980,7.330,25.767,25.400,26.300,2.956,1.400,3.800,1007.122,1006.100,1008.300,0.000,9.000,9.000,0.031,0.000,0.120,0.028,0.000,0.003,0.003,0.000,82.444,24.200,0.000,,,0.000,,0.488,2.980,7.570,0.394
2023-05-28,9.000,0.000,0.000,3.000,0.000,0.000,1.000,80.556,70.000,86.000,3.679,2.540,6.010,27.678,26.900,28.500,3.378,2.300,4.000,1005.333,1003.900,1006.700,0.000,9.000,9.000,0.433,0.100,0.860,0.427,0.000,0.020,0.020,0.000,86.667,26.678,0.000,,,0.000,,0.584,2.470,7.550,0.327
2023-05-29,9.000,0.000,0.000,4.556,0.000,0.000,0.000,85.111,80.000,89.000,2.739,1.970,3.790,27.544,27.000,28.400,3.056,2.700,3.600,1002.944,1001.400,1004.200,0.000,9.000,9.000,0.919,0.620,1.000,0.843,0.040,0.320,0.351,0.079,88.444,27.367,0.300,,,0.000,,0.678,1.970,7.530,0.262
2023-05-30,9.000,0.000,0.000,9.222,0.000,0.000,0.000,90.889,85.000,97.000,1.642,0.520,2.770,27.322,26.300,28.300,2.878,1.900,4.100,998.756,997.100,1000.000,-10.600,9.000,9.000,0.882,0.660,1.000,0.869,0.278,0.312,0.502,0.163,89.111,27.767,5.100,,,0.000,,0.767,1.470,7.510,0.195
2023-05-31,9.000,0.000,0.000,9.556,0.000,0.000,0.000,95.444,88.000,99.000,0.791,0.170,2.140,25.167,24.000,26.000,1.567,0.600,2.600,997.167,995.400,998.400,10.500,9.000,9.000,0.999,0.990,1.000,0.764,0.169,0.970,0.977,0.864,93.667,26.189,7.300,,,0.000,,0.847,0.930,7.500,0.124
2023-06-01,9.000,0.000,0.000,8.556,0.000,0.000,0.000,81.333,77.000,87.000,3.487,2.330,4.400,26.978,25.900,27.600,1.133,0.300,1.800,999.322,998.600,999.800,0.000,9.000,9.000,0.680,0.210,1.000,0.638,0.493,0.000,0.493,0.160,84.000,26.833,0.700,,,0.000,,0.915,0.340,7.480,0.046
2023-06-02,7.000,0.000,0.000,4.714,0.000,0.000,0.000,85.000,81.000,87.000,2.769,2.360,3.590,28.011,27.500,28.700,2.489,1.400,4.100,1004.600,1004.000,1005.300,0.000,9.000,9.000,0.502,0.110,0.760,0.090,0.040,0.446,0.463,0.040,90.556,27.333,0.000,,,0.000,,0.965,0.000,7.470,0.000
2023-06-03,9.000,0.000,0.000,10.000,0.000,0.000,0.000,78.889,77.000,81.000,4.006,3.560,4.410,27.856,27.600,28.100,2.667,1.500,3.900,1006.756,1006.200,1007.300,0.000,9.000,9.000,0.477,0.300,0.650,0.070,0.231,0.298,0.464,0.297,89.111,26.911,0.000,,,0.000,,0.994,0.000,7.450,0.000
2023-06-04,9.000,0.000,0.000,10.000,0.000,0.000,0.000,98.778,98.000,99.000,0.208,0.170,0.340,24.989,24.100,26.200,1.556,0.800,2.800,1006.944,1005.400,1008.100,60.200,9.000,9.000,0.912,0.770,0.980,0.278,0.478,0.769,0.890,0.565,91.111,26.800,0.400,,,0.000,,0.997,0.000,7.440,0.000
2023-06-05,8.000,0.000,0.000,8.375,0.000,0.000,0.000,80.444,77.000,84.000,3.698,2.940,4.480,28.300,27.000,30.000,1.978,1.200,3.200,1005.922,1004.400,1007.100,0.000,9.000,9.000,0.761,0.350,0.990,0.039,0.608,0.392,0.748,0.386,86.556,28.244,1.000,,,0.000,,0.974,0.010,7.430,0.001
2023-06-06,9.000,0.000,0.000,7.111,0.000,0.000,0.000,76.222,73.000,82.000,4.590,3.330,5.340,27.822,26.700,29.100,1.700,0.700,2.500,1007.011,1006.500,1007.600,0.000,9.000,9.000,0.619,0.180,0.960,0.127,0.270,0.451,0.614,0.175,86.444,27.678,0.000,,,0.000,,0.923,1.040,7.420,0.141
2023-06-07,9.000,0.000,0.000,9.444,0.000,0.000,0.000,82.111,78.000,85.000,3.362,2.750,4.240,28.633,27.500,29.500,1.256,0.600,1.900,1006.389,1005.800,1006.900,0.000,9.000,9.000,0.976,0.950,1.000,0.091,0.141,0.968,0.973,0.938,91.889,27.011,0.000,,,0.000,,0.849,1.970,7.410,0.266
2023-06-08,9.000,0.000,0.000,10.000,0.000,0.000,0.000,84.111,74.000,98.000,3.062,0.340,5.150,28.633,26.400,30.200,1.400,0.700,2.200,1003.278,1002.400,1004.300,17.500,9.000,9.000,0.998,0.990,1.000,0.378,0.596,0.989,0.995,0.987,93.222,27.456,2.000,,,0.000,,0.756,2.760,7.400,0.373
2023-06-09,9.000,0.000,0.000,10.000,0.000,0.000,0.000,85.111,82.000,89.000,2.727,1.960,3.360,27.044,26.400,27.800,1.400,0.900,1.900,1001.222,999.300,1002.500,0.000,9.000,9.000,1.000,1.000,1.000,0.029,0.901,0.994,1.000,0.998,91.111,26.144,6.500,,,0.000,,0.649,3.450,7.390,0.467
2023-06-10,9.000,0.000,0.000,9.667,0.000,0.000,0.000,93.556,87.000,98.000,1.124,0.340,2.340,25.200,24.900,26.300,1.067,0.600,1.700,999.489,998.200,1000.800,1.500,9.000,9.000,0.763,0.380,1.000,0.050,0.692,0.579,0.762,0.383,93.000,26.278,11.900,,,0.000,,0.536,4.060,7.380,0.551
2023-06-11,9.000,0.000,0.000,10.000,0.000,0.000,0.000,92.444,87.000,99.000,1.339,0.170,2.330,26.156,25.900,26.300,1.567,0.900,2.200,999.900,999.400,1000.400,0.000,9.000,9.000,0.834,0.760,0.890,0.194,0.591,0.568,0.828,0.761,92.333,26.578,0.500,,,0.000,,0.423,4.630,7.370,0.628
2023-06-12,8.000,0.000,0.000,10.000,0.000,0.000,0.000,79.111,76.000,85.000,3.898,2.690,4.570,25.411,24.400,26.400,1.689,1.100,2.700,999.444,998.300,1000.600,0.000,9.000,9.000,0.957,0.820,1.000,0.376,0.461,0.919,0.970,0.888,90.778,25.978,3.200,,,0.000,,0.316,5.180,7.360,0.703
2023-06-13,9.000,0.000,0.000,9.667,0.000,0.000,0.000,81.444,76.000,84.000,3.451,2.920,4.610,26.711,26.100,27.500,1.822,1.200,3.500,1000.133,999.300,1001.000,0.000,9.000,9.000,0.990,0.980,1.000,0.118,0.207,0.988,0.990,0.977,91.000,25.622,0.300,,,0.000,,0.219,5.730,7.350,0.779
2023-06-14,9.000,0.000,0.000,10.000,0.000,0.000,0.000,93.667,86.000,99.000,1.110,0.170,2.520,24.689,23.100,25.800,1.433,1.000,2.100,1004.556,1004.100,1005.300,2.700,9.000,9.000,0.999,0.990,1.000,0.536,0.812,0.962,0.993,0.982,92.556,25.967,2.200,,,0.000,,0.138,6.320,7.350,0.860
2023-06-15,9.000,0.000,0.000,10.000,0.000,0.000,0.000,93.444,86.000,98.000,1.154,0.340,2.520,25.089,24.600,25.600,2.122,1.000,3.000,1006.289,1005.300,1007.300,-8.300,9.000,9.000,0.969,0.870,1.000,0.116,0.809,0.890,0.967,0.883,92.111,25.156,7.500,,,0.000,,0.074,6.960,7.340,0.948
2023-06-16,9.000,0.000,0.000,10.000,0.000,0.000,0.000,98.889,98.000,99.000,0.189,0.170,0.340,25.278,25.100,25.500,0.667,0.300,0.900,1007.400,1006.500,1008.300,-16.100,9.000,9.000,1.000,1.000,1.000,0.413,0.263,0.999,0.999,0.991,93.667,26.922,10.300,,,0.000,,0.030,7.340,7.340,1.000
2023-06-17,9.000,0.000,0.000,10.000,0.000,0.000,0.000,91.111,89.000,95.000,1.584,0.870,1.990,27.289,26.300,28.200,1.089,0.500,1.500,1007.422,1005.600,1008.600,0.000,9.000,9.000,0.940,0.770,1.000,0.321,0.272,0.877,0.897,0.622,95.000,27.133,0.000,,,0.000,,0.006,7.330,7.330,1.000
2023-06-18,9.000,0.000,0.000,9.111,0.000,0.000,0.000,81.111,68.000,89.000,3.631,1.980,6.580,28.856,27.200,30.600,1.478,0.700,2.800,1004.678,1003.300,1006.000,0.000,9.000,9.000,0.759,0.620,0.830,0.128,0.120,0.706,0.739,0.594,88.222,27.556,0.000,,,0.000,,0.002,7.330,7.330,1.000
2023-06-19,8.000,0.000,0.000,7.875,0.000,0.000,0.000,76.667,68.000,86.000,4.581,2.560,6.590,29.200,27.500,30.700,1.322,0.800,2.000,1002.500,1001.700,1003.200,0.000,9.000,9.000,0.938,0.830,1.000,0.000,0.151,0.931,0.938,0.830,82.111,29.022,0.000,,,0.000,,0.019,7.330,7.330,1.000
2023-06-20,8.000,0.000,0.000,8.500,0.000,0.000,0.000,76.222,69.000,82.000,4.673,3.380,6.390,30.033,28.700,31.700,1.333,0.700,2.600,1002.944,1002.300,1003.500,0.000,9.000,9.000,0.993,0.960,1.000,0.000,0.000,0.993,0.993,0.960,87.667,28.822,0.000,,,0.000,,0.053,6.830,7.330,0.932
2023-06-21,9.000,0.000,0.000,9.222,0.000,0.000,0.000,78.222,69.000,84.000,4.260,2.980,6.390,30.078,28.800,31.800,1.311,0.700,2.500,1003.878,1003.500,1004.600,0.000,9.000,9.000,0.971,0.900,1.000,0.058,0.007,0.970,0.971,0.892,89.778,28.767,0.000,,,0.000,,0.104,6.130,7.330,0.837
2023-06-22,8.000,0.000,0.000,10.000,0.000,0.000,0.000,82.667,78.000,87.000,3.263,2.380,4.250,29.033,28.100,29.900,1.133,0.500,1.900,1005.000,1004.500,1005.800,0.000,9.000,9.000,0.951,0.860,1.000,0.124,0.032,0.950,0.950,0.851,91.000,28.678,1.000,,,0.000,,0.168,5.510,7.330,0.752
2023-06-23,8.000,0.000,0.000,9.250,0.000,0.000,0.000,95.556,92.000,99.000,0.770,0.170,1.400,25.911,25.000,26.400,1.189,0.300,2.200,1006.122,1005.300,1007.000,0.000,9.000,9.000,0.976,0.840,1.000,0.151,0.481,0.966,0.972,0.832,91.556,26.778,0.000,,,0.000,,0.244,4.960,7.330,0.677
2023-06-24,9.000,0.000,0.000,9.222,0.000,0.000,0.000,89.667,85.000,96.000,1.848,0.690,2.730,26.544,26.000,27.000,1.111,0.700,2.200,1007.689,1006.300,1008.900,1.000,9.000,9.000,0.959,0.880,1.000,0.086,0.093,0.958,0.960,0.877,88.333,27.178,0.000,,,0.000,,0.330,4.450,7.330,0.607
2023-06-25,9.000,0.000,0.000,6.667,0.000,0.000,0.000,80.000,72.000,86.000,3.829,2.560,5.600,28.800,27.600,30.000,1.344,0.700,2.200,1007.178,1006.600,1008.100,0.000,9.000,9.000,0.553,0.210,0.820,0.169,0.070,0.440,0.477,0.119,85.000,28.167,0.000,,,0.000,,0.423,3.970,7.340,0.541
2023-06-26,9.000,0.000,0.000,5.778,0.000,0.000,0.000,77.778,73.000,81.000,4.286,3.550,5.400,28.856,27.400,30.700,1.544,1.100,2.100,1007.700,1006.900,1008.300,0.000,9.000,9.000,0.392,0.160,0.650,0.033,0.127,0.286,0.383,0.149,83.000,28.378,0.000,,,0.000,,0.519,3.490,7.340,0.476
2023-06-27,9.000,0.000,0.000,5.778,0.000,0.000,0.000,75.000,68.000,80.000,4.914,3.770,6.580,29.022,27.700,30.500,1.911,1.100,2.900,1008.378,1007.300,1009.400,0.000,9.000,9.000,0.863,0.660,0.970,0.061,0.159,0.838,0.869,0.679,84.667,28.544,0.100,,,0.000,,0.618,2.990,7.340,0.408
2023-06-28,9.000,0.000,0.000,5.222,0.000,0.000,0.000,67.222,55.000,71.000,6.741,5.730,10.100,28.856,27.500,31.000,1.556,1.000,2.500,1005.589,1004.900,1006.400,0.000,9.000,9.000,0.839,0.600,1.000,0.004,0.260,0.814,0.841,0.591,84.222,28.244,0.000,,,0.000,,0.714,2.460,7.350,0.334
2023-06-29,9.000,0.000,0.000,9.778,0.000,0.000,0.000,78.000,73.000,82.000,4.209,3.350,5.330,27.978,27.100,29.000,1.889,1.400,3.500,1004.278,1002.900,1005.300,0.000,9.000,9.000,1.000,1.000,1.000,0.269,0.352,1.000,1.000,1.000,87.778,27.633,7.800,,,0.000,,0.804,1.840,7.350,0.251
2023-06-30,9.000,0.000,0.000,10.000,0.000,0.000,0.000,93.778,90.000,98.000,1.091,0.340,1.770,26.444,25.900,26.900,1.378,0.600,2.200,1003.944,1003.300,1004.700,0.000,9.000,9.000,0.992,0.980,1.000,0.104,0.108,0.990,0.990,0.971,90.778,27.822,0.000,,,0.000,,0.883,1.130,7.360,0.154
2023-07-01,9.000,0.000,0.000,8.778,0.000,0.000,0.000,93.444,90.000,98.000,1.157,0.350,1.790,27.211,26.900,27.800,1.211,0.700,2.200,1006.222,1005.300,1006.900,0.500,9.000,9.000,0.939,0.710,1.000,0.029,0.350,0.922,0.940,0.712,87.333,28.300,0.100,,,0.000,,0.945,0.280,7.370,0.039
2023-07-02,9.000,0.000,0.000,6.889,0.000,0.000,0.000,84.889,82.000,88.000,2.777,2.150,3.360,27.411,26.600,28.200,1.378,0.700,2.200,1008.267,1006.600,1009.500,0.000,9.000,9.000,0.913,0.530,1.000,0.052,0.016,0.898,0.903,0.461,85.000,28.322,0.000,,,0.000,,0.985,0.000,7.380,0.000
2023-07-03,9.000,0.000,0.000,7.556,0.000,0.000,0.000,79.778,75.000,84.000,3.857,2.940,4.930,28.633,27.100,30.300,1.811,1.200,3.000,1005.733,1004.700,1006.800,0.000,9.000,9.000,0.928,0.820,1.000,0.098,0.140,0.907,0.922,0.816,85.111,28.911,0.000,,,0.000,,0.998,0.000,7.390,0.000
2023-07-04,9.000,0.000,0.000,7.000,0.000,0.000,0.000,69.556,62.000,79.000,6.236,4.000,8.170,30.233,28.400,31.800,1.844,0.800,2.800,1003.322,1001.900,1004.500,0.000,9.000,9.000,0.980,0.950,1.000,0.000,0.034,0.978,0.979,0.942,69.556,30.122,0.000,,,0.000,,0.982,0.000,7.400,0.000
2023-07-05,9.000,0.000,0.000,8.778,0.000,0.000,0.000,65.222,60.000,71.000,7.334,5.830,8.770,31.078,29.800,32.500,2.022,1.600,2.600,1002.889,1002.400,1003.500,0.000,9.000,9.000,0.986,0.930,1.000,0.000,0.010,0.986,0.986,0.931,63.222,31.011,0.000,,,0.000,,0.938,0.550,7.410,0.074
2023-07-06,8.000,0.000,0.000,3.000,0.000,0.000,1.000,68.000,63.000,74.000,6.611,5.130,7.950,30.800,29.600,32.300,1.544,0.500,2.200,1004.200,1003.800,1004.700,0.000,9.000,9.000,0.214,0.040,0.390,0.009,0.007,0.200,0.205,0.020,75.000,30.400,0.000,,,0.000,,0.868,1.310,7.420,0.177
2023-07-07,9.000,0.000,0.000,3.000,0.000,0.000,1.000,65.778,53.000,79.000,7.348,4.020,10.860,30.822,29.200,33.000,1.044,0.600,1.600,1005.422,1004.800,1005.700,0.000,9.000,9.000,0.451,0.020,1.000,0.003,0.031,0.429,0.447,0.010,71.556,30.189,0.000,,,0.000,,0.778,1.980,7.430,0.266
2023-07-08,9.000,0.000,0.000,3.111,0.000,0.000,0.000,70.778,58.000,82.000,6.030,3.400,9.350,31.000,29.600,32.800,1.167,0.500,1.900,1005.578,1004.800,1006.500,0.000,9.000,9.000,0.039,0.010,0.070,0.001,0.027,0.011,0.038,0.010,78.444,29.367,0.000,,,0.000,,0.674,2.580,7.440,0.347
2023-07-09,9.000,0.000,0.000,3.000,0.000,0.000,1.000,75.667,73.000,79.000,4.787,4.030,5.430,30.278,28.800,31.500,1.556,0.900,2.100,1005.100,1004.500,1005.800,0.000,9.000,9.000,0.073,0.010,0.210,0.036,0.031,0.008,0.038,0.010,85.444,29.878,0.000,,,0.000,,0.564,3.160,7.450,0.424
2023-07-10,9.000,3.000,3.000,2.667,1.000,0.000,1.000,74.667,70.000,80.000,5.028,3.830,6.150,30.522,29.900,31.700,1.333,0.700,2.200,1004.978,1004.500,1005.500,0.000,9.000,9.000,0.188,0.010,0.460,0.026,0.044,0.140,0.171,0.000,82.111,29.433,0.000,,,0.000,,0.453,3.730,7.470,0.499
2023-07-11,9.000,0.000,0.000,3.556,0.000,0.000,0.000,85.222,82.000,88.000,2.701,2.160,3.350,27.067,26.800,27.300,1.333,0.800,2.000,1005.778,1005.200,1006.500,0.000,9.000,9.000,0.347,0.000,0.950,0.047,0.006,0.324,0.326,0.000,85.000,27.378,0.000,,,0.000,,0.348,4.320,7.480,0.577
2023-07-12,9.000,0.000,0.000,3.222,0.000,0.000,0.000,76.000,70.000,79.000,4.689,3.990,6.100,29.389,28.000,30.700,1.467,0.700,2.400,1005.167,1004.200,1006.200,0.000,9.000,9.000,0.178,0.000,0.510,0.084,0.078,0.053,0.131,0.000,83.222,28.011,0.000,,,0.000,,0.252,4.950,7.500,0.660
2023-07-13,9.000,0.000,0.000,9.000,0.000,0.000,0.000,69.444,67.000,80.000,6.221,3.790,6.820,29.800,28.400,30.700,2.500,0.900,3.400,1002.456,1001.200,1003.800,0.000,9.000,9.000,0.662,0.200,0.900,0.000,0.016,0.656,0.662,0.200,82.889,28.144,0.000,,,0.000,,0.169,5.650,7.510,0.751
2023-07-14,9.000,0.000,0.000,3.000,0.000,0.000,1.000,69.778,68.000,73.000,6.158,5.350,6.620,30.589,29.500,31.300,2.933,1.400,4.700,999.122,998.400,999.900,0.000,9.000,9.000,0.282,0.030,0.820,0.006,0.009,0.273,0.279,0.020,83.556,29.111,0.000,,,0.000,,0.101,6.410,7.530,0.852
2023-07-15,9.000,0.000,0.000,3.444,0.000,0.000,0.000,66.667,65.000,68.000,6.923,6.570,7.370,30.778,30.300,31.300,3.044,2.000,4.600,997.833,997.000,998.600,0.000,9.000,9.000,0.159,0.050,0.340,0.007,0.050,0.111,0.154,0.040,83.222,29.211,0.000,,,0.000,,0.050,7.260,7.550,0.962
2023-07-16,9.000,0.000,0.000,5.667,0.000,0.000,0.000,71.556,67.000,75.000,5.730,4.900,6.860,30.322,29.600,31.200,2.000,1.400,3.300,999.900,999.600,1000.700,0.000,9.000,9.000,0.342,0.150,0.910,0.217,0.077,0.164,0.216,0.030,84.667,29.033,0.400,,,0.000,,0.017,7.570,7.570,1.000
2023-07-17,9.000,0.000,0.000,9.556,0.000,0.000,0.000,77.222,73.000,80.000,4.413,3.800,5.380,29.267,28.100,30.400,1.511,0.700,2.600,1004.522,1004.200,1005.100,0.000,9.000,9.000,0.980,0.960,1.000,0.116,0.138,0.974,0.979,0.957,87.111,28.367,0.000,,,0.000,,0.003,7.580,7.580,1.000
2023-07-18,9.000,0.000,0.000,9.556,0.000,0.000,0.000,90.222,86.000,94.000,1.754,1.060,2.550,27.633,27.200,28.100,1.111,0.600,1.600,1006.778,1006.000,1007.500,0.000,9.000,9.000,0.938,0.900,0.990,0.080,0.076,0.929,0.934,0.873,89.889,27.289,0.000,,,0.000,,0.007,7.600,7.600,1.000
2023-07-19,9.000,0.000,0.000,6.000,0.000,0.000,0.000,82.778,81.000,84.000,3.196,2.940,3.560,27.533,27.000,28.200,1.300,0.600,2.000,1005.822,1005.500,1006.200,0.000,9.000,9.000,0.783,0.320,1.000,0.208,0.113,0.739,0.778,0.336,88.556,27.622,0.600,,,0.000,,0.029,7.620,7.620,1.000
2023-07-20,9.000,0.000,0.000,8.333,0.000,0.000,0.000,95.111,91.000,98.000,0.853,0.340,1.590,26.722,26.300,27.300,1.022,0.800,1.300,1006.400,1005.600,1006.800,0.500,9.000,9.000,0.990,0.970,1.000,0.207,0.212,0.988,0.990,0.968,91.444,27.478,1.200,,,0.000,,0.068,7.180,7.640,0.939
2023-07-21,8.000,0.000,0.000,9.875,0.000,0.000,0.000,87.222,78.000,97.000,2.398,0.520,4.270,28.467,27.000,30.400,1.611,1.000,2.300,1008.478,1007.200,1009.200,3.500,9.000,9.000,0.994,0.960,1.000,0.437,0.264,0.992,0.992,0.952,86.889,28.433,1.500,,,0.000,,0.123,6.670,7.660,0.870
2023-07-22,9.000,0.000,0.000,5.000,0.000,0.000,0.000,88.778,86.000,93.000,2.023,1.240,2.560,27.589,27.200,28.000,1.356,0.500,1.800,1008.556,1007.800,1009.400,0.000,9.000,9.000,0.807,0.620,0.940,0.080,0.117,0.773,0.796,0.606,86.556,28.122,0.300,,,0.000,,0.192,6.190,7.680,0.805
2023-07-23,8.000,0.000,0.000,8.500,0.000,0.000,0.000,79.444,73.000,86.000,3.922,2.570,5.350,28.278,27.200,29.400,1.522,0.600,2.400,1005.722,1004.800,1006.900,0.000,9.000,9.000,0.844,0.770,0.910,0.043,0.011,0.839,0.841,0.779,85.111,27.600,0.000,,,0.000,,0.272,5.720,7.700,0.743
2023-07-24,9.000,0.000,0.000,3.444,0.000,0.000,0.000,69.444,66.000,73.000,6.209,5.350,7.080,29.900,29.400,30.600,2.967,2.500,3.500,1003.833,1002.500,1005.000,0.000,9.000,9.000,0.826,0.460,0.970,0.016,0.017,0.820,0.822,0.460,81.000,28.622,0.000,,,0.000,,0.362,5.250,7.720,0.680
2023-07-25,9.000,0.000,0.000,9.444,0.000,0.000,0.000,86.111,76.000,96.000,2.603,0.690,4.680,28.233,26.800,29.500,2.967,2.100,3.300,1002.456,1001.000,1003.700,-24.400,9.000,9.000,0.933,0.690,1.000,0.210,0.382,0.921,0.930,0.671,87.333,27.644,3.400,,,0.000,,0.459,4.750,7.750,0.613
2023-07-26,9.000,0.000,0.000,10.000,0.000,0.000,0.000,79.000,74.000,83.000,4.018,3.160,5.110,28.811,28.100,29.400,4.844,4.100,6.000,997.756,995.900,999.100,2.500,9.000,9.000,1.000,1.000,1.000,0.488,0.274,1.000,1.000,1.000,88.556,27.378,3.200,,,0.000,,0.561,4.190,7.770,0.540
2023-07-27,9.000,0.000,0.000,10.000,0.000,0.000,0.000,65.111,55.000,72.000,7.314,5.560,10.090,29.533,27.800,30.900,4.789,3.500,6.600,993.600,992.400,994.400,-9.800,9.000,9.000,1.000,1.000,1.000,0.253,0.282,1.000,1.000,1.000,83.111,28.056,5.800,,,0.000,,0.663,3.550,7.790,0.456
2023-07-28,8.000,0.000,0.000,10.000,0.000,0.000,0.000,83.444,81.000,87.000,3.062,2.360,3.540,27.556,27.000,28.400,1.211,0.600,2.100,1000.544,999.400,1001.600,0.000,9.000,9.000,1.000,1.000,1.000,0.036,0.931,1.000,1.000,1.000,94.556,26.511,5.000,,,0.000,,0.761,2.790,7.820,0.357
2023-07-29,9.000,0.000,0.000,10.000,0.000,0.000,0.000,77.889,72.000,84.000,4.276,2.960,5.610,29.000,28.000,30.200,1.444,0.900,2.100,1004.133,1003.400,1004.900,0.000,9.000,9.000,0.997,0.990,1.000,0.068,0.116,0.997,0.997,0.990,91.000,27.533,0.000,,,0.000,,0.850,1.890,7.840,0.241
2023-07-30,9.000,0.000,0.000,10.000,0.000,0.000,0.000,83.556,80.000,87.000,3.051,2.380,3.780,27.911,26.700,28.600,1.200,0.800,1.400,1004.300,1003.500,1005.200,0.000,9.000,9.000,0.994,0.980,1.000,0.068,0.441,0.994,0.997,0.985,89.667,27.378,0.000,,,0.000,,0.923,0.840,7.860,0.107
2023-07-31,9.000,0.000,0.000,3.556,0.000,0.000,0.000,81.667,78.000,85.000,3.437,2.740,4.240,27.911,26.800,29.300,1.456,0.800,1.800,1002.300,1001.000,1003.400,0.000,9.000,9.000,0.294,0.130,0.500,0.130,0.150,0.111,0.241,0.040,88.333,27.056,0.500,,,0.000,,0.974,0.000,7.890,0.000
2023-08-01,9.000,0.000,0.000,9.111,0.000,0.000,0.000,97.222,94.000,99.000,0.479,0.170,1.050,26.500,25.800,27.500,1.711,1.100,2.700,999.000,997.700,999.900,29.000,9.000,9.000,0.889,0.730,1.000,0.834,0.352,0.128,0.426,0.243,91.556,27.589,4.400,,,0.000,,0.997,0.000,7.910,0.000
2023-08-02,9.000,0.000,0.000,10.000,0.000,0.000,0.000,80.556,73.000,98.000,3.773,0.340,5.360,28.733,26.200,29.700,2.756,2.100,3.700,995.044,993.400,996.700,22.500,9.000,9.000,0.894,0.630,1.000,0.454,0.276,0.730,0.793,0.422,77.778,28.567,2.700,,,0.000,,0.990,0.000,7.940,0.000
2023-08-03,9.000,0.000,0.000,10.000,0.000,0.000,0.000,77.000,69.000,93.000,4.516,1.230,6.310,29.322,27.400,30.000,6.244,3.200,9.500,992.622,991.300,993.400,6.500,9.000,9.000,0.998,0.980,1.000,0.076,0.438,0.994,0.996,0.970,79.333,29.356,2.100,,,0.000,,0.953,0.120,7.960,0.015
2023-08-04,9.000,0.000,0.000,10.000,0.000,0.000,0.000,68.667,62.000,74.000,6.444,5.130,8.220,30.644,29.500,32.500,4.444,2.500,8.000,996.078,995.600,996.700,0.000,9.000,9.000,0.994,0.980,1.000,0.006,0.239,0.994,0.996,0.987,68.556,31.300,2.400,,,0.000,,0.890,0.780,7.990,0.098
2023-08-05,9.000,0.000,0.000,9.889,0.000,0.000,0.000,73.000,71.000,75.000,5.379,4.900,5.870,30.078,29.500,30.900,1.278,0.800,1.600,996.989,996.000,997.500,0.000,9.000,9.000,0.448,0.170,0.710,0.001,0.107,0.384,0.449,0.183,69.556,30.467,0.000,,,0.000,,0.806,1.390,8.010,0.174
2023-08-06,9.000,0.000,0.000,10.000,0.000,0.000,0.000,71.000,67.000,73.000,5.873,5.410,6.830,30.756,29.600,31.900,1.756,1.000,2.600,996.622,996.100,997.300,0.000,9.000,9.000,0.958,0.930,1.000,0.003,0.121,0.953,0.958,0.928,73.778,29.411,0.000,,,0.000,,0.707,1.990,8.040,0.247
2023-08-07,9.000,0.000,0.000,10.000,0.000,0.000,0.000,71.889,70.000,73.000,5.662,5.380,6.130,30.789,30.000,31.700,2.456,0.800,3.500,997.433,996.500,998.000,0.000,9.000,9.000,0.938,0.600,1.000,0.000,0.012,0.938,0.938,0.600,79.889,29.356,0.000,,,0.000,,0.602,2.600,8.060,0.322
2023-08-08,9.000,0.000,0.000,9.111,0.000,0.000,0.000,73.111,72.000,74.000,5.369,5.140,5.620,30.544,29.900,31.600,1.700,1.100,2.200,999.400,998.800,1000.100,0.000,9.000,9.000,0.757,0.420,0.980,0.082,0.274,0.679,0.759,0.424,79.444,29.711,0.000,,,0.000,,0.495,3.230,8.090,0.400
2023-08-09,9.000,0.000,0.000,3.667,0.000,0.000,0.000,78.111,73.000,81.000,4.257,3.600,5.420,30.233,29.300,31.200,1.256,0.800,1.700,1000.633,1000.300,1001.100,0.000,9.000,9.000,0.213,0.020,0.440,0.016,0.069,0.157,0.214,0.020,85.333,29.200,0.000,,,0.000,,0.391,3.930,8.120,0.484
2023-08-10,9.000,0.000,0.000,8.778,0.000,0.000,0.000,95.889,94.000,97.000,0.709,0.510,1.040,26.122,25.800,26.300,1.300,0.800,1.800,1001.889,1001.200,1002.500,0.000,9.000,9.000,0.964,0.900,0.990,0.400,0.406,0.913,0.953,0.865,90.889,27.667,3.300,,,0.000,,0.295,4.690,8.140,0.576
2023-08-11,9.000,0.000,0.000,8.667,0.000,0.000,0.000,97.333,95.000,99.000,0.456,0.170,0.860,25.789,25.300,26.100,1.000,0.700,1.500,1002.322,1001.700,1003.100,0.000,9.000,9.000,0.589,0.210,0.980,0.087,0.151,0.524,0.599,0.168,92.000,27.267,0.000,,,0.000,,0.209,5.520,8.170,0.675
2023-08-12,9.000,0.000,0.000,4.889,0.000,0.000,0.000,82.667,77.000,86.000,3.241,2.540,4.450,28.089,26.800,29.400,1.289,0.700,1.700,1001.644,1000.800,1002.500,0.000,9.000,9.000,0.242,0.070,0.650,0.141,0.121,0.084,0.194,0.010,87.333,28.878,0.000,,,0.000,,0.136,6.410,8.200,0.782
2023-08-13,9.000,0.000,0.000,3.889,0.000,0.000,0.000,79.444,75.000,84.000,3.919,2.950,4.930,28.400,27.100,30.200,1.367,0.900,2.100,1001.500,1001.000,1001.800,0.000,9.000,9.000,0.592,0.300,0.950,0.220,0.094,0.449,0.506,0.164,85.667,29.078,0.000,,,0.000,,0.077,7.340,8.230,0.893
2023-08-14,9.000,0.000,0.000,3.000,0.000,0.000,1.000,68.333,53.000,76.000,6.562,4.690,10.820,30.200,29.000,32.500,1.278,0.800,1.700,1001.644,1000.800,1002.100,0.000,9.000,9.000,0.063,0.000,0.170,0.001,0.014,0.049,0.062,0.000,77.222,29.322,0.000,,,0.000,,0.035,8.250,8.250,1.000
2023-08-15,9.000,0.000,0.000,8.333,0.000,0.000,0.000,65.556,58.000,69.000,7.244,6.310,9.350,31.122,29.900,32.800,1.756,1.100,2.300,1002.222,1001.500,1003.100,0.000,9.000,9.000,0.958,0.890,1.000,0.002,0.043,0.956,0.959,0.888,78.667,29.389,0.000,,,0.000,,0.009,8.280,8.280,1.000
2023-08-16,9.000,0.000,0.000,4.556,0.000,0.000,0.000,90.778,88.000,93.000,1.646,1.230,2.160,27.333,26.700,28.300,0.956,0.300,1.700,1002.267,1001.200,1003.100,0.000,9.000,9.000,0.833,0.330,1.000,0.033,0.158,0.816,0.832,0.302,89.556,27.789,0.000,,,0.000,,0.002,8.310,8.310,1.000
2023-08-17,8.000,0.000,0.000,10.000,0.000,0.000,0.000,89.444,79.000,98.000,1.913,0.340,3.970,26.100,24.300,27.400,1.211,0.700,2.100,1002.022,1001.400,1002.600,-4.100,9.000,9.000,0.573,0.260,0.970,0.152,0.050,0.511,0.533,0.240,91.778,26.700,0.500,,,0.000,,0.012,8.340,8.340,1.000
2023-08-18,9.000,0.000,0.000,6.889,0.000,0.000,0.000,84.556,80.000,89.000,2.823,1.950,3.760,26.456,25.700,27.600,1.467,1.000,1.800,1003.611,1002.900,1004.200,0.000,9.000,9.000,0.778,0.510,0.990,0.270,0.189,0.570,0.677,0.363,92.444,26.156,1.900,,,0.000,,0.040,8.360,8.360,1.000
2023-08-19,9.000,0.000,0.000,8.778,0.000,0.000,0.000,93.333,89.000,98.000,1.174,0.340,1.960,26.633,25.800,27.200,0.867,0.300,1.400,1005.467,1005.100,1006.000,0.500,9.000,9.000,0.984,0.950,1.000,0.100,0.217,0.978,0.982,0.951,91.667,27.189,0.500,,,0.000,,0.085,7.970,8.390,0.950
2023-08-20,9.000,0.000,0.000,7.222,0.000,0.000,0.000,95.778,94.000,97.000,0.729,0.510,1.040,25.722,24.900,27.100,1.322,0.800,1.900,1006.467,1005.900,1007.200,0.000,9.000,9.000,0.943,0.830,1.000,0.057,0.087,0.939,0.943,0.825,91.556,27.100,0.100,,,0.000,,0.145,7.510,8.420,0.892
2023-08-21,9.000,0.000,0.000,5.333,0.000,0.000,0.000,85.000,80.000,88.000,2.778,2.160,3.810,28.367,27.200,29.400,1.367,1.000,2.100,1004.422,1003.200,1005.300,0.000,9.000,9.000,0.416,0.190,0.710,0.067,0.033,0.370,0.390,0.129,88.444,28.478,0.000,,,0.000,,0.220,7.020,8.450,0.832
2023-08-22,9.000,0.000,0.000,7.444,0.000,0.000,0.000,92.000,88.000,97.000,1.413,0.520,2.150,26.344,26.100,26.600,1.322,0.400,2.600,1003.200,1002.100,1004.300,0.000,9.000,9.000,0.499,0.230,0.790,0.051,0.153,0.394,0.506,0.220,89.556,27.122,0.000,,,0.000,,0.308,6.500,8.470,0.767
2023-08-23,9.000,0.000,0.000,8.889,0.000,0.000,0.000,90.778,88.000,94.000,1.640,1.050,2.160,26.967,26.700,27.300,1.244,0.800,1.900,1004.100,1003.200,1004.700,0.000,9.000,9.000,0.941,0.710,1.000,0.019,0.329,0.934,0.946,0.703,88.889,27.833,0.300,,,0.000,,0.405,5.910,8.500,0.695
2023-08-24,9.000,0.000,0.000,5.222,0.000,0.000,0.000,83.778,77.000,87.000,3.019,2.350,4.440,28.044,27.200,28.900,1.656,0.600,2.600,1004.167,1002.800,1005.400,0.000,9.000,9.000,0.879,0.720,0.980,0.000,0.064,0.870,0.881,0.741,89.556,27.178,0.100,,,0.000,,0.509,5.220,8.530,0.612
2023-08-25,9.000,0.000,0.000,8.000,0.000,0.000,0.000,77.000,69.000,80.000,4.473,3.790,6.330,29.322,28.500,30.300,2.222,1.500,3.200,1002.967,1001.700,1003.900,0.000,9.000,9.000,0.996,0.980,1.000,0.023,0.026,0.996,0.996,0.981,89.333,27.567,0.000,,,0.000,,0.616,4.400,8.560,0.515
2023-08-26,9.000,0.000,0.000,4.000,0.000,0.000,0.000,75.444,67.000,83.000,4.844,3.160,6.830,29.311,27.800,30.600,1.444,0.900,2.300,1001.700,1000.500,1002.500,0.000,9.000,9.000,0.736,0.530,0.930,0.136,0.202,0.661,0.731,0.506,89.444,27.633,0.000,,,0.000,,0.721,3.450,8.590,0.402
2023-08-27,9.000,0.000,0.000,3.556,0.000,0.000,0.000,84.333,82.000,85.000,2.892,2.740,3.390,27.844,26.900,28.900,1.767,1.300,2.400,1000.089,999.300,1001.100,0.000,9.000,9.000,0.908,0.570,1.000,0.241,0.081,0.882,0.889,0.558,87.667,27.744,0.200,,,0.000,,0.818,2.370,8.610,0.275
2023-08-28,9.000,0.000,0.000,5.111,0.000,0.000,0.000,80.667,77.000,84.000,3.660,2.950,4.460,28.556,27.500,29.800,1.578,1.200,2.100,1000.978,1000.500,1001.100,0.000,9.000,9.000,0.767,0.300,0.970,0.178,0.197,0.688,0.746,0.253,84.556,28.467,0.400,,,0.000,,0.899,1.200,8.640,0.139
2023-08-29,9.000,0.000,0.000,9.778,0.000,0.000,0.000,68.889,65.000,73.000,6.366,5.360,7.330,30.356,29.700,30.700,3.433,2.200,4.400,1000.056,999.700,1000.400,0.000,9.000,9.000,0.724,0.320,0.960,0.019,0.432,0.518,0.734,0.315,83.222,28.967,0.000,,,0.000,,0.960,0.010,8.670,0.002
2023-08-30,9.000,0.000,0.000,9.667,0.000,0.000,0.000,87.778,80.000,92.000,2.240,1.420,3.820,28.356,27.700,29.600,3.144,2.600,3.600,1000.456,999.700,1001.300,1.000,9.000,9.000,1.000,1.000,1.000,0.086,0.183,1.000,1.000,1.000,84.889,28.156,0.000,,,0.000,,0.993,0.000,8.700,0.000
2023-08-31,9.000,0.000,0.000,9.889,0.000,0.000,0.000,93.000,87.000,97.000,1.257,0.520,2.380,27.711,26.700,29.000,2.278,1.700,2.900,1001.144,999.900,1002.400,7.000,9.000,9.000,1.000,1.000,1.000,0.558,0.228,1.000,1.000,1.000,93.000,27.333,0.400,,,0.000,,0.996,0.000,8.730,0.000
2023-09-01,9.000,0.000,0.000,8.778,0.000,0.000,0.000,94.111,91.000,96.000,1.040,0.700,1.610,27.667,27.300,27.800,2.078,1.500,2.800,1000.067,998.600,1001.300,0.000,9.000,9.000,0.978,0.910,1.000,0.809,0.373,0.918,0.936,0.762,94.889,27.556,0.700,,,0.000,,0.970,0.000,8.750,0.000
2023-09-02,9.000,0.000,0.000,10.000,0.000,0.000,0.000,94.000,90.000,97.000,1.063,0.520,1.810,27.867,27.100,29.100,2.478,1.200,3.600,998.922,997.800,999.900,7.200,9.000,9.000,0.952,0.830,1.000,0.647,0.397,0.904,0.930,0.793,93.000,28.089,6.200,,,0.000,,0.916,0.380,8.780,0.044
2023-09-03,9.000,0.000,0.000,10.000,0.000,0.000,0.000,87.000,82.000,90.000,2.369,1.790,3.370,27.556,27.200,28.100,4.300,3.400,5.300,994.956,994.000,995.900,3.000,9.000,9.000,0.998,0.980,1.000,0.642,0.501,0.984,0.996,0.977,93.111,27.156,11.300,,,0.000,,0.840,1.010,8.810,0.114
2023-09-04,6.000,0.000,0.000,9.833,0.000,0.000,0.000,83.778,82.000,86.000,3.016,2.570,3.380,28.422,28.100,28.700,2.567,1.600,3.600,999.744,998.900,1000.400,0.000,9.000,9.000,0.998,0.980,1.000,0.603,0.226,0.992,0.993,0.955,93.000,27.511,0.100,,,0.000,,0.750,1.650,8.840,0.187
2023-09-05,9.000,0.000,0.000,6.333,0.000,0.000,0.000,89.222,86.000,91.000,1.943,1.600,2.570,27.844,27.400,28.200,1.978,0.900,3.200,1004.400,1004.000,1004.800,-19.600,9.000,9.000,0.970,0.930,1.000,0.172,0.150,0.962,0.968,0.933,95.000,26.956,0.000,,,0.000,,0.651,2.350,8.870,0.265
2023-09-06,6.000,0.000,0.000,10.000,0.000,0.000,0.000,95.000,89.000,98.000,0.863,0.340,1.940,25.122,24.200,25.800,1.867,1.100,2.700,1006.711,1005.300,1007.800,4.000,9.000,9.000,0.948,0.880,1.000,0.390,0.477,0.898,0.945,0.857,95.889,26.000,1.100,,,0.000,,0.548,3.110,8.890,0.349
2023-09-07,9.000,0.000,0.000,10.000,0.000,0.000,0.000,80.333,77.000,87.000,3.701,2.350,4.410,27.400,26.700,27.800,2.700,2.300,3.300,1006.011,1005.400,1006.500,0.000,9.000,9.000,0.927,0.850,1.000,0.016,0.651,0.871,0.954,0.894,84.778,26.222,3.600,,,0.000,,0.446,3.930,8.920,0.441
2023-09-08,9.000,0.000,0.000,4.444,0.000,0.000,0.000,74.333,66.000,86.000,4.994,2.490,6.920,26.000,24.000,27.400,1.767,0.900,2.800,1006.333,1005.700,1006.900,0.000,9.000,9.000,0.307,0.050,0.830,0.168,0.291,0.001,0.291,0.050,88.444,25.389,0.000,,,0.000,,0.350,4.820,8.950,0.539
2023-09-09,9.000,8.000,8.000,1.889,1.000,1.000,1.000,72.333,66.000,75.000,5.366,4.690,6.920,25.600,23.600,27.400,2.222,1.100,3.100,1005.400,1004.400,1006.200,0.000,9.000,9.000,0.194,0.070,0.460,0.041,0.162,0.027,0.183,0.030,88.222,24.567,0.000,,,0.000,,0.260,5.750,8.980,0.640
2023-09-10,9.000,8.000,8.000,1.667,1.000,1.000,1.000,79.667,78.000,82.000,3.793,3.270,4.180,26.000,24.300,27.800,2.078,1.700,2.800,1004.989,1004.100,1005.800,0.000,9.000,9.000,0.153,0.020,0.620,0.124,0.068,0.007,0.073,0.020,87.000,25.222,0.000,,,0.000,,0.181,6.690,9.000,0.743
2023-09-11,9.000,0.000,0.000,7.111,0.000,0.000,0.000,67.444,63.000,74.000,6.581,4.970,7.700,27.044,25.300,28.700,1.589,1.200,2.000,1005.300,1004.600,1006.100,0.000,9.000,9.000,0.734,0.500,0.980,0.080,0.027,0.709,0.713,0.471,77.667,26.700,0.000,,,0.000,,0.115,7.630,9.030,0.845
2023-09-12,9.000,0.000,0.000,8.778,0.000,0.000,0.000,78.111,75.000,82.000,4.167,3.330,4.860,27.467,26.500,28.300,1.567,0.800,2.500,1005.067,1004.400,1005.700,0.000,9.000,9.000,0.908,0.810,0.990,0.131,0.008,0.893,0.894,0.790,84.889,26.567,0.000,,,0.000,,0.062,8.550,9.060,0.943
2023-09-13,9.000,0.000,0.000,6.111,0.000,0.000,0.000,79.000,72.000,84.000,4.001,2.920,5.560,27.522,26.100,29.000,1.578,1.300,2.200,1005.167,1004.600,1005.500,0.000,9.000,9.000,0.820,0.300,1.000,0.024,0.068,0.809,0.815,0.285,86.667,26.278,0.000,,,0.000,,0.024,9.080,9.080,1.000
2023-09-14,8.000,0.000,0.000,4.750,0.000,0.000,0.000,83.333,80.000,87.000,3.089,2.350,3.730,27.633,26.500,28.500,1.744,1.200,2.300,1006.589,1005.600,1007.400,0.000,9.000,9.000,0.197,0.070,0.400,0.146,0.020,0.057,0.076,0.020,88.444,26.667,0.000,,,0.000,,0.004,9.110,9.110,1.000
2023-09-15,9.000,0.000,0.000,5.222,0.000,0.000,0.000,83.111,81.000,86.000,3.127,2.530,3.570,27.256,26.300,27.900,1.389,0.900,1.800,1008.444,1008.200,1008.900,0.000,9.000,9.000,0.540,0.350,0.760,0.053,0.088,0.477,0.531,0.319,87.556,26.922,0.000,,,0.000,,0.002,9.140,9.140,1.000
2023-09-16,9.000,0.000,0.000,8.889,0.000,0.000,0.000,79.667,73.000,85.000,3.876,2.740,5.340,27.922,26.700,29.300,1.444,0.900,1.700,1008.244,1007.200,1008.900,0.000,9.000,9.000,0.414,0.170,0.710,0.033,0.082,0.364,0.421,0.173,83.667,27.233,0.000,,,0.000,,0.018,9.170,9.170,1.000
2023-09-17,9.000,0.000,0.000,3.222,0.000,0.000,0.000,80.556,76.000,86.000,3.674,2.560,4.640,28.078,27.000,29.000,2.011,1.000,2.600,1007.944,1007.300,1008.600,0.000,9.000,9.000,0.238,0.090,0.490,0.020,0.084,0.159,0.228,0.088,87.000,27.133,0.000,,,0.000,,0.053,9.190,9.190,1.000
2023-09-18,9.000,4.000,3.000,2.556,1.000,0.000,1.000,76.778,70.000,84.000,4.492,2.940,6.030,28.156,26.600,29.000,2.289,0.700,3.200,1008.400,1007.500,1009.600,0.000,9.000,9.000,0.020,0.000,0.090,0.006,0.016,0.001,0.017,0.000,83.667,27.200,0.000,,,0.000,,0.106,8.690,9.220,0.943
2023-09-19,6.000,2.000,2.000,2.667,0.000,0.000,1.000,65.889,63.000,70.000,7.038,5.970,7.790,29.022,27.700,29.800,1.833,1.000,2.700,1007.911,1007.200,1008.600,0.000,9.000,9.000,0.031,0.000,0.070,0.022,0.008,0.003,0.011,0.000,83.889,27.089,0.000,,,0.000,,0.176,8.120,9.240,0.879
2023-09-20,9.000,0.000,0.000,3.000,0.000,0.000,1.000,73.111,68.000,82.000,5.330,3.360,6.550,28.789,27.700,29.900,1.367,0.800,2.300,1006.800,1006.400,1007.400,0.000,9.000,9.000,0.032,0.000,0.120,0.017,0.023,0.000,0.023,0.000,83.444,27.700,0.000,,,0.000,,0.260,7.480,9.270,0.806
2023-09-21,9.000,0.000,0.000,3.444,0.000,0.000,0.000,76.667,70.000,79.000,4.518,4.000,6.050,28.678,28.200,29.400,2.856,2.200,3.400,1007.356,1005.900,1008.400,0.000,9.000,9.000,0.101,0.030,0.210,0.066,0.039,0.018,0.056,0.010,84.556,28.078,0.000,,,0.000,,0.357,6.720,9.300,0.723
2023-09-22,9.000,0.000,0.000,6.444,0.000,0.000,0.000,87.111,82.000,89.000,2.357,1.980,3.390,28.244,27.800,29.100,2.978,2.400,3.400,1008.278,1007.100,1009.200,0.000,9.000,9.000,0.591,0.360,0.730,0.420,0.182,0.202,0.349,0.156,88.222,27.656,0.000,,,0.000,,0.463,5.840,9.320,0.626
2023-09-23,9.000,0.000,0.000,3.333,0.000,0.000,0.000,73.222,69.000,77.000,5.299,4.430,6.300,29.067,28.500,29.800,3.000,2.400,3.900,1007.133,1005.900,1008.000,0.000,9.000,9.000,0.373,0.050,0.700,0.162,0.016,0.247,0.257,0.010,87.111,28.078,0.000,,,0.000,,0.573,4.830,9.350,0.517
2023-09-24,9.000,0.000,0.000,4.222,0.000,0.000,0.000,76.667,74.000,81.000,4.504,3.590,5.070,28.500,28.000,29.500,2.900,2.200,3.400,1007.411,1006.200,1008.200,0.000,9.000,9.000,0.064,0.010,0.150,0.054,0.002,0.008,0.010,0.000,85.333,27.711,0.000,,,0.000,,0.683,3.740,9.370,0.398
2023-09-25,9.000,0.000,0.000,4.000,0.000,0.000,0.000,81.222,78.000,85.000,3.543,2.760,4.220,28.467,27.800,29.000,2.667,2.000,3.800,1007.933,1007.200,1008.500,0.000,9.000,9.000,0.109,0.070,0.160,0.099,0.044,0.000,0.044,0.020,87.000,27.800,0.000,,,0.000,,0.786,2.590,9.400,0.276
2023-09-26,9.000,0.000,0.000,6.222,0.000,0.000,0.000,91.333,83.000,97.000,1.568,0.520,3.190,27.344,26.200,29.200,2.067,1.400,3.300,1008.011,1007.100,1008.700,14.500,9.000,9.000,0.343,0.090,0.660,0.296,0.160,0.000,0.160,0.090,86.556,27.756,0.500,,,0.000,,0.875,1.440,9.430,0.153
2023-09-27,9.000,0.000,0.000,3.778,0.000,0.000,0.000,83.000,78.000,89.000,3.178,1.980,4.220,28.000,27.500,28.600,1.978,1.000,2.700,1008.256,1007.700,1008.900,0.000,9.000,9.000,0.207,0.090,0.360,0.143,0.126,0.021,0.142,0.000,86.444,27.444,0.100,,,0.000,,0.943,0.320,9.450,0.034
2023-09-28,9.000,0.000,0.000,7.444,0.000,0.000,0.000,85.111,77.000,94.000,2.777,1.050,4.460,28.344,27.200,29.400,2.411,2.000,3.100,1008.922,1008.400,1009.400,2.000,9.000,9.000,0.299,0.110,0.670,0.148,0.077,0.144,0.212,0.088,88.556,27.822,0.000,,,0.000,,0.986,0.000,9.480,0.000
2023-09-29,9.000,0.000,0.000,4.667,0.000,0.000,0.000,84.444,82.000,86.000,2.872,2.570,3.350,27.944,27.400,28.400,2.467,1.800,3.100,1007.744,1006.500,1008.800,0.000,9.000,9.000,0.166,0.070,0.260,0.123,0.063,0.024,0.087,0.030,89.000,27.700,0.000,,,0.000,,1.000,0.000,9.500,0.000
2023-09-30,9.000,1.000,1.000,2.889,0.000,0.000,1.000,87.333,85.000,89.000,2.303,1.980,2.760,27.778,27.300,28.100,2.744,2.100,3.200,1006.378,1005.500,1007.200,0.000,9.000,9.000,0.521,0.070,0.890,0.521,0.027,0.000,0.027,0.000,89.444,27.522,0.200,,,0.000,,0.985,0.000,9.530,0.000
2023-10-01,9.000,0.000,0.000,8.667,0.000,0.000,0.000,83.333,79.000,90.000,3.070,1.770,3.940,26.556,26.300,26.700,1.944,1.200,2.700,1008.856,1008.400,1009.400,0.000,9.000,9.000,0.800,0.680,0.910,0.687,0.126,0.189,0.301,0.000,89.667,26.244,3.100,,,0.000,,0.943,0.040,9.550,0.005
2023-10-02,9.000,0.000,0.000,5.222,0.000,0.000,0.000,77.444,70.000,83.000,4.257,3.070,5.910,25.167,24.100,26.200,1.456,1.200,1.900,1008.567,1006.800,1009.900,0.000,9.000,9.000,0.572,0.310,0.770,0.407,0.000,0.282,0.282,0.000,75.444,24.822,0.000,,,0.000,,0.879,0.730,9.570,0.076
2023-10-03,9.000,0.000,0.000,9.889,0.000,0.000,0.000,97.778,97.000,99.000,0.378,0.170,0.510,25.878,25.500,26.200,1.378,0.700,3.000,1004.789,1003.500,1005.700,-25.900,9.000,9.000,0.944,0.800,1.000,0.921,0.672,0.179,0.722,0.420,94.444,26.911,14.600,,,0.000,,0.799,1.480,9.600,0.154
2023-10-04,9.000,0.000,0.000,10.000,0.000,0.000,0.000,96.889,93.000,98.000,0.533,0.340,1.230,25.811,25.200,26.500,2.311,1.400,3.400,1002.289,1000.600,1003.200,30.000,9.000,9.000,1.000,1.000,1.000,0.802,0.487,1.000,1.000,1.000,94.889,26.700,10.100,,,0.000,,0.708,2.300,9.620,0.239
2023-10-05,9.000,0.000,0.000,7.556,0.000,0.000,0.000,83.889,75.000,92.000,3.000,1.400,4.850,26.978,25.800,28.000,4.333,1.700,6.100,1003.589,1002.900,1004.100,0.500,9.000,9.000,0.633,0.230,0.970,0.380,0.081,0.468,0.496,0.188,89.667,26.900,1.500,,,0.000,,0.612,3.180,9.650,0.330
2023-10-06,9.000,0.000,0.000,10.000,0.000,0.000,0.000,92.556,87.000,96.000,1.312,0.690,2.340,26.378,25.900,26.600,1.789,1.200,3.100,1006.667,1005.600,1007.300,1.000,9.000,9.000,0.967,0.930,1.000,0.053,0.866,0.712,0.971,0.921,95.222,25.911,0.000,,,0.000,,0.513,4.110,9.670,0.425
2023-10-07,8.000,0.000,0.000,10.000,0.000,0.000,0.000,97.444,93.000,99.000,0.440,0.170,1.230,25.233,24.700,26.400,1.133,0.600,1.500,1009.722,1009.100,1010.100,-9.100,9.000,9.000,0.984,0.940,1.000,0.796,0.952,0.661,0.973,0.897,97.111,25.500,9.200,,,0.000,,0.417,5.060,9.690,0.522
2023-10-08,9.000,0.000,0.000,10.000,0.000,0.000,0.000,96.222,95.000,98.000,0.646,0.340,0.860,24.722,24.400,25.000,2.311,1.500,3.300,1012.256,1011.100,1013.300,7.000,9.000,9.000,1.000,1.000,1.000,0.998,0.974,0.927,0.996,0.980,96.222,25.122,50.200,,,0.000,,0.324,6.010,9.720,0.618
2023-10-09,9.000,0.000,0.000,9.889,0.000,0.000,0.000,90.444,89.000,92.000,1.668,1.380,1.940,24.356,23.800,24.800,1.922,0.600,3.400,1014.133,1013.600,1014.600,0.000,9.000,9.000,1.000,1.000,1.000,1.000,0.720,0.619,0.867,0.584,92.222,24.878,37.000,,,0.000,,0.239,6.930,9.740,0.711
2023-10-10,8.000,0.000,0.000,9.875,0.000,0.000,0.000,88.556,86.000,94.000,2.004,1.020,2.490,23.400,22.800,24.100,2.733,2.200,3.900,1014.378,1013.600,1014.900,0.000,9.000,9.000,0.994,0.950,1.000,0.960,0.892,0.062,0.899,0.709,90.556,23.789,4.600,,,0.000,,0.164,7.830,9.760,0.802
2023-10-11,9.000,0.000,0.000,8.111,0.000,0.000,0.000,77.222,75.000,80.000,4.237,3.660,4.710,23.889,23.400,24.400,2.056,1.500,2.600,1015.578,1014.400,1016.500,0.000,9.000,9.000,0.931,0.770,1.000,0.897,0.189,0.000,0.189,0.040,80.667,23.611,0.800,,,0.000,,0.100,8.700,9.790,0.889
2023-10-12,8.000,0.000,0.000,4.375,0.000,0.000,0.000,80.444,78.000,82.000,3.591,3.270,4.110,24.533,24.100,25.000,2.189,1.700,2.700,1013.422,1012.000,1014.600,0.000,9.000,9.000,0.617,0.330,0.880,0.614,0.034,0.000,0.034,0.000,82.556,24.289,0.100,,,0.000,,0.050,9.570,9.810,0.976
2023-10-13,9.000,0.000,0.000,7.889,0.000,0.000,0.000,79.667,78.000,82.000,3.736,3.260,4.090,24.044,23.800,24.500,1.878,1.100,3.200,1011.000,1009.900,1011.800,0.000,9.000,9.000,0.034,0.010,0.090,0.031,0.008,0.001,0.009,0.000,84.556,21.956,0.000,,,0.000,,0.016,9.830,9.830,1.000
2023-10-14,9.000,0.000,0.000,10.000,0.000,0.000,0.000,75.333,74.000,77.000,4.618,4.260,4.910,23.433,23.100,23.800,2.256,1.600,3.400,1010.867,1010.100,1011.400,0.000,9.000,9.000,0.266,0.210,0.360,0.210,0.180,0.002,0.182,0.110,80.111,22.911,0.000,,,0.000,,0.001,9.850,9.850,1.000
2023-10-15,9.000,0.000,0.000,9.000,0.000,0.000,0.000,76.333,70.000,80.000,4.437,3.660,5.820,23.844,23.600,24.100,2.078,1.600,2.500,1012.889,1012.600,1013.200,0.000,9.000,9.000,0.329,0.240,0.410,0.166,0.207,0.076,0.267,0.136,76.778,22.722,0.000,,,0.000,,0.005,9.870,9.870,1.000
2023-10-16,9.000,0.000,0.000,8.778,0.000,0.000,0.000,59.222,53.000,65.000,8.460,6.960,10.200,23.856,23.500,24.400,3.156,2.700,3.900,1014.600,1013.700,1015.200,0.000,9.000,9.000,0.532,0.170,0.980,0.192,0.044,0.440,0.455,0.040,67.000,22.400,0.000,,,0.000,,0.029,9.900,9.900,1.000
2023-10-17,9.000,0.000,0.000,9.556,0.000,0.000,0.000,70.556,68.000,76.000,5.747,4.530,6.330,25.178,25.000,25.300,3.433,2.900,3.800,1014.000,1012.900,1015.200,0.000,9.000,9.000,0.552,0.240,0.880,0.109,0.286,0.377,0.540,0.170,77.333,23.411,0.000,,,0.000,,0.074,9.670,9.920,0.975
2023-10-18,9.000,0.000,0.000,7.667,0.000,0.000,0.000,76.222,74.000,82.000,4.527,3.280,5.030,26.033,24.600,26.900,1.689,0.900,2.500,1012.833,1012.400,1013.400,0.000,9.000,9.000,0.826,0.620,0.940,0.046,0.220,0.779,0.820,0.620,88.667,24.167,0.000,,,0.000,,0.138,8.940,9.940,0.900
2023-10-19,9.000,0.000,0.000,10.000,0.000,0.000,0.000,77.556,72.000,82.000,4.272,3.310,5.530,26.756,25.800,28.300,1.444,1.000,2.100,1011.000,1010.100,1011.800,0.000,9.000,9.000,0.953,0.790,1.000,0.367,0.792,0.612,0.933,0.737,89.667,26.600,0.600,,,0.000,,0.220,8.100,9.960,0.813
2023-10-20,9.000,0.000,0.000,10.000,0.000,0.000,0.000,86.444,84.000,89.000,2.369,1.900,2.820,21.944,21.500,22.500,2.533,2.000,3.000,1016.778,1016.200,1017.200,-9.800,9.000,9.000,1.000,1.000,1.000,1.000,0.756,0.876,0.961,0.813,89.556,22.122,5.300,,,0.000,,0.316,7.140,9.980,0.716
2023-10-21,2.000,0.000,0.000,10.000,,,,82.889,77.000,87.000,3.057,2.260,4.240,22.067,21.400,22.600,3.544,2.600,4.500,1017.333,1015.900,1018.400,0.000,9.000,9.000,0.899,0.740,1.000,0.870,0.404,0.053,0.441,0.264,82.222,22.189,0.000,,,0.000,,0.423,6.090,10.000,0.609
2023-10-22,9.000,0.000,0.000,8.111,0.000,0.000,0.000,78.333,74.000,81.000,4.019,3.470,4.940,24.233,24.100,24.500,3.356,2.800,3.800,1015.178,1014.000,1016.200,0.000,9.000,9.000,0.303,0.190,0.560,0.181,0.174,0.002,0.177,0.010,84.111,23.844,0.000,,,0.000,,0.535,4.990,10.020,0.498
2023-10-23,9.000,0.000,0.000,4.556,0.000,0.000,0.000,81.333,78.000,86.000,3.428,2.490,4.120,24.978,24.100,25.400,2.967,2.100,4.000,1013.156,1012.400,1014.000,0.000,9.000,9.000,0.202,0.150,0.260,0.128,0.097,0.004,0.101,0.060,89.667,24.044,0.000,,,0.000,,0.648,3.890,10.040,0.387
2023-10-24,9.000,0.000,0.000,5.667,0.000,0.000,0.000,89.667,87.000,92.000,1.823,1.390,2.330,25.322,24.900,25.700,2.200,1.900,2.900,1012.944,1012.300,1013.400,0.000,9.000,9.000,0.457,0.090,0.920,0.436,0.040,0.000,0.040,0.000,91.444,24.867,0.000,,,0.000,,0.754,2.800,10.060,0.278
2023-10-25,9.000,0.000,0.000,3.000,0.000,0.000,1.000,81.000,80.000,82.000,3.483,3.280,3.680,24.700,24.100,25.500,2.844,2.400,3.400,1011.689,1010.300,1013.100,0.000,9.000,9.000,0.840,0.720,0.950,0.186,0.013,0.802,0.805,0.667,86.889,24.056,0.000,,,0.000,,0.847,1.730,10.080,0.172
2023-10-26,9.000,0.000,0.000,9.333,0.000,0.000,0.000,76.778,70.000,82.000,4.392,3.290,5.890,25.500,25.100,25.800,1.967,1.500,2.900,1011.033,1009.900,1012.100,0.000,9.000,9.000,0.933,0.610,1.000,0.079,0.927,0.019,0.929,0.568,82.667,25.033,1.800,,,0.000,,0.922,0.680,10.100,0.068
2023-10-27,9.000,0.000,0.000,10.000,0.000,0.000,0.000,77.444,72.000,88.000,4.194,2.080,5.350,23.156,22.000,23.600,2.844,2.200,3.600,1012.133,1010.900,1013.100,-9.800,9.000,9.000,0.659,0.280,0.980,0.189,0.610,0.051,0.614,0.070,86.222,22.833,1.000,,,0.000,,0.973,0.000,10.120,0.000
2023-10-28,9.000,0.000,0.000,9.667,0.000,0.000,0.000,75.333,66.000,80.000,4.622,3.630,6.710,22.756,22.500,23.200,3.200,2.600,4.100,1012.922,1011.900,1013.800,0.000,9.000,9.000,0.250,0.200,0.300,0.148,0.187,0.000,0.187,0.150,88.111,21.367,0.000,,,0.000,,0.998,0.000,10.140,0.000
2023-10-29,9.000,0.000,0.000,8.778,0.000,0.000,0.000,76.889,73.000,83.000,4.284,3.040,5.100,22.978,22.800,23.100,2.400,1.800,3.000,1013.744,1012.800,1014.600,0.000,9.000,9.000,0.527,0.300,0.730,0.188,0.490,0.021,0.496,0.250,83.111,21.744,0.000,,,0.000,,0.995,0.000,10.160,0.000
2023-10-30,9.000,0.000,0.000,9.444,0.000,0.000,0.000,85.667,82.000,89.000,2.546,1.910,3.250,23.422,22.900,23.800,2.356,1.500,3.000,1015.300,1014.500,1015.800,0.000,9.000,9.000,0.693,0.470,1.000,0.658,0.332,0.004,0.334,0.150,91.778,22.722,0.100,,,0.000,,0.967,0.000,10.180,0.000
2023-10-31,9.000,0.000,0.000,9.889,0.000,0.000,0.000,86.111,78.000,94.000,2.469,1.010,4.080,22.989,22.200,24.100,2.256,1.600,2.800,1016.100,1015.000,1017.000,-9.800,9.000,9.000,0.411,0.210,0.710,0.244,0.200,0.040,0.235,0.030,88.889,22.856,0.600,,,0.000,,0.918,0.480,10.200,0.047
2023-11-01,9.000,0.000,0.000,6.444,0.000,0.000,0.000,78.222,74.000,81.000,4.052,3.460,4.960,24.433,24.000,25.200,2.789,1.500,3.800,1012.744,1011.400,1014.200,0.000,9.000,9.000,0.193,0.110,0.390,0.118,0.072,0.037,0.107,0.010,88.556,22.967,0.000,,,0.000,,0.851,1.340,10.210,0.132
2023-11-02,9.000,0.000,0.000,4.333,0.000,0.000,0.000,76.667,70.000,82.000,4.408,3.250,5.910,24.778,23.000,26.300,1.100,0.700,1.900,1010.856,1010.200,1011.500,0.000,9.000,9.000,0.360,0.120,0.530,0.128,0.320,0.009,0.327,0.050,88.889,23.211,0.000,,,0.000,,0.771,2.270,10.230,0.222
2023-11-03,9.000,0.000,0.000,3.000,0.000,0.000,1.000,71.000,67.000,76.000,5.650,4.520,6.620,25.256,23.900,26.300,1.578,0.900,2.100,1010.278,1009.900,1010.700,0.000,9.000,9.000,0.111,0.040,0.230,0.078,0.093,0.000,0.093,0.040,86.778,23.456,0.000,,,0.000,,0.682,3.230,10.250,0.315
2023-11-04,9.000,0.000,0.000,3.667,0.000,0.000,0.000,75.333,70.000,80.000,4.704,3.680,5.920,25.456,24.300,26.600,1.244,0.700,1.700,1010.944,1010.300,1011.600,0.000,9.000,9.000,0.092,0.010,0.250,0.084,0.058,0.000,0.058,0.000,88.111,24.244,0.000,,,0.000,,0.589,4.180,10.270,0.407
2023-11-05,9.000,0.000,0.000,3.111,0.000,0.000,0.000,78.556,70.000,82.000,4.013,3.260,5.940,25.111,23.700,26.900,1.400,0.700,2.000,1011.289,1010.500,1011.900,0.000,9.000,9.000,0.528,0.140,0.910,0.000,0.000,0.528,0.528,0.140,88.000,23.289,0.000,,,0.000,,0.494,5.110,10.280,0.497
2023-11-06,9.000,0.000,0.000,9.889,0.000,0.000,0.000,78.333,70.000,84.000,4.001,2.870,5.760,22.711,21.900,24.000,3.344,2.500,4.700,1015.889,1015.000,1016.400,0.000,9.000,9.000,0.981,0.920,1.000,0.979,0.669,0.147,0.719,0.347,86.333,23.233,2.800,,,0.000,,0.400,6.010,10.300,0.584
2023-11-07,9.000,0.000,0.000,5.889,0.000,0.000,0.000,66.111,63.000,69.000,6.681,6.000,7.440,23.089,23.000,23.200,4.056,3.400,4.400,1014.422,1012.500,1016.600,0.000,9.000,9.000,0.222,0.040,0.560,0.072,0.018,0.161,0.175,0.000,71.222,21.700,0.000,,,0.000,,0.310,6.890,10.320,0.668
2023-11-08,9.000,0.000,0.000,9.444,0.000,0.000,0.000,72.333,69.000,77.000,5.331,4.290,6.100,24.822,24.100,25.400,1.833,0.700,3.100,1013.011,1011.900,1014.000,0.000,9.000,9.000,0.826,0.650,0.940,0.070,0.019,0.812,0.816,0.634,85.778,23.533,0.000,,,0.000,,0.226,7.750,10.330,0.750
2023-11-09,9.000,0.000,0.000,6.222,0.000,0.000,0.000,78.222,72.000,83.000,4.098,3.070,5.490,25.544,24.200,27.100,1.267,0.600,1.700,1012.978,1012.700,1013.200,0.000,9.000,9.000,0.224,0.100,0.580,0.077,0.201,0.064,0.237,0.070,87.444,24.611,0.000,,,0.000,,0.151,8.610,10.350,0.831
2023-11-10,9.000,0.000,0.000,10.000,0.000,0.000,0.000,87.333,85.000,90.000,2.219,1.740,2.650,22.733,22.000,23.400,2.344,1.700,2.900,1016.389,1015.900,1016.800,-19.100,9.000,9.000,1.000,1.000,1.000,1.000,0.560,0.000,0.560,0.240,93.000,23.011,3.900,,,0.000,,0.088,9.480,10.360,0.915
2023-11-11,9.000,0.000,0.000,9.444,0.000,0.000,0.000,90.889,89.000,93.000,1.559,1.180,1.900,21.811,21.600,22.100,2.544,2.300,3.100,1017.400,1016.400,1018.200,0.000,9.000,9.000,1.000,1.000,1.000,1.000,0.124,0.000,0.124,0.030,93.889,21.633,1.600,,,0.000,,0.040,10.380,10.380,1.000
2023-11-12,9.000,0.000,0.000,10.000,0.000,0.000,0.000,89.556,86.000,92.000,1.762,1.330,2.390,19.144,18.500,20.100,2.533,1.600,3.400,1021.878,1021.200,1022.400,-57.800,9.000,9.000,1.000,1.000,1.000,1.000,0.980,0.000,0.980,0.850,89.889,19.411,4.500,,,0.000,,0.010,10.400,10.400,1.000
2023-11-13,9.000,0.000,0.000,10.000,0.000,0.000,0.000,75.222,72.000,80.000,4.480,3.510,5.160,18.511,18.100,19.100,2.844,2.000,3.700,1021.378,1019.300,1022.900,-9.800,9.000,9.000,0.807,0.630,1.000,0.767,0.418,0.003,0.420,0.360,78.556,17.944,0.000,,,0.000,,0.000,10.410,10.410,1.000
2023-11-14,9.000,0.000,0.000,10.000,0.000,0.000,0.000,90.556,88.000,93.000,1.584,1.160,2.040,19.011,18.900,19.200,2.978,2.600,3.500,1019.900,1019.200,1020.400,-19.100,9.000,9.000,0.992,0.930,1.000,0.967,0.818,0.057,0.825,0.600,88.333,19.600,2.600,,,0.000,,0.013,10.420,10.420,1.000
2023-11-15,9.000,0.000,0.000,7.778,0.000,0.000,0.000,87.111,80.000,92.000,2.244,1.350,3.590,21.278,21.100,21.700,2.567,0.800,3.900,1017.556,1016.100,1018.900,0.000,9.000,9.000,0.319,0.120,0.530,0.222,0.147,0.001,0.148,0.080,87.778,21.022,0.000,,,0.000,,0.049,10.420,10.440,0.998
2023-11-16,9.000,0.000,0.000,10.000,0.000,0.000,0.000,92.444,89.000,95.000,1.237,0.810,1.820,16.744,16.100,17.800,1.422,0.800,2.300,1021.767,1021.300,1022.200,-45.000,9.000,9.000,0.987,0.950,1.000,0.882,0.812,0.782,0.951,0.865,80.556,17.278,1.200,,,0.000,,0.107,9.480,10.450,0.907
2023-11-17,9.000,0.000,0.000,5.111,0.000,0.000,0.000,70.889,61.000,77.000,5.232,3.930,7.490,13.867,12.800,15.500,1.533,1.000,2.600,1021.500,1021.200,1021.700,0.000,9.000,9.000,0.499,0.030,0.730,0.030,0.000,0.486,0.486,0.030,67.667,12.889,0.000,,,0.000,,0.185,8.440,10.470,0.807
2023-11-18,9.000,0.000,0.000,4.667,0.000,0.000,0.000,65.111,55.000,76.000,6.617,4.170,9.090,15.733,14.200,16.700,2.000,1.000,2.900,1020.222,1018.900,1021.200,0.000,9.000,9.000,0.276,0.030,0.640,0.179,0.000,0.136,0.136,0.000,72.778,13.678,0.000,,,0.000,,0.279,7.350,10.480,0.701
2023-11-19,9.000,0.000,0.000,4.556,0.000,0.000,0.000,71.778,69.000,74.000,5.211,4.720,5.840,18.822,18.500,19.400,2.544,1.600,3.400,1016.444,1015.200,1017.400,0.000,9.000,9.000,0.100,0.020,0.200,0.100,0.001,0.001,0.002,0.000,75.889,16.900,0.000,,,0.000,,0.386,6.250,10.490,0.596
2023-11-20,9.000,0.000,0.000,6.889,0.000,0.000,0.000,71.000,68.000,75.000,5.469,4.590,6.130,20.922,20.600,21.200,2.556,1.900,3.000,1015.756,1014.500,1016.800,0.000,9.000,9.000,0.161,0.060,0.270,0.149,0.049,0.000,0.049,0.010,72.333,19.256,0.000,,,0.000,,0.499,5.180,10.500,0.493
2023-11-21,9.000,0.000,0.000,4.667,0.000,0.000,0.000,69.778,68.000,72.000,5.786,5.260,6.210,22.133,21.400,22.600,2.689,2.000,3.200,1013.122,1012.200,1013.800,0.000,9.000,9.000,0.143,0.060,0.210,0.142,0.008,0.000,0.008,0.000,83.889,19.600,0.000,,,0.000,,0.613,4.140,10.520,0.394
2023-11-22,9.000,0.000,0.000,3.000,0.000,0.000,1.000,76.000,70.000,85.000,4.443,2.590,5.770,21.467,19.600,23.100,1.689,0.500,2.300,1011.722,1011.000,1012.600,0.000,9.000,9.000,0.619,0.420,0.870,0.351,0.310,0.320,0.547,0.358,86.222,19.656,0.000,,,0.000,,0.721,3.120,10.530,0.297
2023-11-23,9.000,0.000,0.000,4.333,0.000,0.000,0.000,76.667,67.000,82.000,4.290,3.200,6.380,21.344,21.000,21.900,2.800,2.300,3.700,1015.822,1015.100,1016.400,0.000,9.000,9.000,0.264,0.000,0.740,0.264,0.002,0.001,0.003,0.000,85.222,20.144,0.200,,,0.000,,0.817,2.120,10.540,0.201
2023-11-24,9.000,0.000,0.000,9.444,0.000,0.000,0.000,70.000,65.000,74.000,5.641,4.770,6.790,19.700,18.900,20.100,3.144,2.500,3.700,1020.267,1019.000,1021.500,-19.600,9.000,9.000,0.828,0.740,0.980,0.816,0.276,0.000,0.276,0.210,78.889,18.344,0.000,,,0.000,,0.896,1.100,10.550,0.104
2023-11-25,9.000,0.000,0.000,9.444,0.000,0.000,0.000,90.333,87.000,94.000,1.636,0.990,2.230,19.611,19.400,19.900,1.922,1.000,2.800,1018.344,1017.600,1019.100,-58.800,9.000,9.000,0.992,0.950,1.000,0.992,0.241,0.000,0.241,0.130,88.222,19.667,0.300,,,0.000,,0.954,0.060,10.560,0.006
2023-11-26,9.000,0.000,0.000,9.667,0.000,0.000,0.000,86.889,81.000,93.000,2.281,1.160,3.380,20.211,19.700,20.700,1.400,0.800,2.400,1014.900,1013.900,1015.700,-19.600,9.000,9.000,0.887,0.690,1.000,0.876,0.107,0.000,0.107,0.030,86.667,20.267,0.000,,,0.000,,0.989,0.000,10.570,0.000
2023-11-27,9.000,0.000,0.000,6.000,0.000,0.000,0.000,80.000,77.000,83.000,3.579,2.990,4.180,20.622,20.400,20.800,2.411,1.600,3.000,1016.511,1016.400,1016.800,0.000,9.000,9.000,0.308,0.170,0.610,0.283,0.069,0.000,0.069,0.030,88.000,19.489,0.000,,,0.000,,0.999,0.000,10.580,0.000
2023-11-28,9.000,0.000,0.000,5.556,0.000,0.000,0.000,60.667,57.000,65.000,7.947,6.850,8.890,21.678,21.400,21.800,3.289,1.900,4.500,1015.711,1014.700,1016.900,0.000,9.000,9.000,0.273,0.060,0.760,0.100,0.228,0.000,0.228,0.040,66.222,20.144,0.000,,,0.000,,0.986,0.000,10.590,0.000
2023-11-29,9.000,0.000,0.000,10.000,0.000,0.000,0.000,73.222,67.000,78.000,5.062,4.010,6.480,22.378,21.700,23.400,1.044,0.600,1.500,1017.167,1016.500,1017.700,-9.800,9.000,9.000,0.816,0.670,0.950,0.073,0.776,0.122,0.811,0.670,86.556,21.900,0.000,,,0.000,,0.952,0.150,10.600,0.014
2023-11-30,9.000,0.000,0.000,10.000,0.000,0.000,0.000,93.000,89.000,95.000,1.159,0.810,1.850,18.478,17.900,18.900,2.489,2.200,2.900,1020.333,1019.700,1020.900,-34.700,9.000,9.000,1.000,1.000,1.000,1.000,0.787,0.058,0.795,0.591,90.444,18.900,1.400,,,0.000,,0.900,1.100,10.610,0.104
2023-12-01,9.000,0.000,0.000,10.000,0.000,0.000,0.000,88.333,85.000,92.000,1.932,1.300,2.520,15.867,15.400,16.200,3.233,2.500,4.100,1021.256,1020.300,1022.200,-49.000,9.000,9.000,1.000,1.000,1.000,1.000,0.482,0.184,0.606,0.299,88.889,15.956,0.800,,,0.000,,0.833,2.060,10.620,0.194
2023-12-02,9.000,0.000,0.000,9.778,0.000,0.000,0.000,91.111,90.000,93.000,1.481,1.160,1.670,18.611,18.200,19.200,3.811,3.400,4.400,1018.400,1017.300,1019.400,0.000,9.000,9.000,0.899,0.660,1.000,0.806,0.614,0.040,0.637,0.463,88.333,18.456,0.400,,,0.000,,0.755,3.010,10.630,0.283
2023-12-03,9.000,0.000,0.000,10.000,0.000,0.000,0.000,94.222,92.000,97.000,0.953,0.490,1.330,19.167,18.900,19.400,2.756,1.600,3.400,1016.289,1013.400,1018.100,-35.700,9.000,9.000,1.000,1.000,1.000,1.000,0.480,0.417,0.729,0.547,93.444,19.378,4.200,,,0.000,,0.668,3.920,10.630,0.368
2023-12-04,9.000,0.000,0.000,10.000,0.000,0.000,0.000,98.111,96.000,99.000,0.307,0.160,0.650,19.278,18.800,19.700,1.033,0.700,1.900,1011.800,1011.100,1012.600,5.000,9.000,9.000,1.000,1.000,1.000,0.996,0.847,0.206,0.869,0.670,95.667,20.000,4.600,,,0.000,,0.577,4.790,10.640,0.450
2023-12-05,7.000,0.000,0.000,10.000,0.000,0.000,0.000,87.556,86.000,90.000,2.123,1.680,2.410,19.400,19.100,19.700,1.889,1.100,2.500,1012.200,1011.100,1013.000,-29.400,9.000,9.000,0.982,0.870,1.000,0.963,0.254,0.517,0.636,0.395,90.000,19.589,0.900,,,0.000,,0.483,5.640,10.650,0.530
2023-12-06,9.000,0.000,0.000,9.000,0.000,0.000,0.000,93.444,89.000,97.000,1.069,0.480,1.830,16.700,15.800,17.500,1.333,0.700,3.000,1014.933,1014.600,1015.200,0.000,9.000,9.000,0.769,0.560,0.970,0.060,0.512,0.604,0.794,0.628,90.667,16.656,0.000,,,0.000,,0.390,6.480,10.650,0.608
2023-12-07,9.000,0.000,0.000,4.222,0.000,0.000,0.000,68.111,62.000,81.000,6.070,3.300,7.470,18.967,17.700,19.400,2.311,0.500,3.200,1013.678,1012.600,1014.500,0.000,9.000,9.000,0.107,0.040,0.160,0.100,0.006,0.010,0.016,0.000,77.111,17.322,0.000,,,0.000,,0.299,7.330,10.660,0.687
2023-12-08,9.000,0.000,0.000,3.667,0.000,0.000,0.000,81.000,77.000,89.000,3.367,1.850,4.190,19.422,18.200,21.100,1.078,0.700,1.400,1012.422,1011.500,1013.100,0.000,9.000,9.000,0.046,0.030,0.070,0.023,0.021,0.000,0.021,0.000,87.222,18.278,0.000,,,0.000,,0.214,8.200,10.670,0.769
2023-12-09,9.000,0.000,0.000,4.000,0.000,0.000,0.000,89.333,85.000,92.000,1.829,1.350,2.640,20.856,19.800,22.100,1.133,0.500,2.200,1011.222,1010.700,1012.100,0.000,9.000,9.000,0.223,0.070,0.410,0.207,0.028,0.006,0.033,0.000,89.111,21.889,0.000,,,0.000,,0.138,9.130,10.670,0.855
2023-12-10,6.000,0.000,0.000,4.500,0.000,0.000,0.000,81.778,76.000,91.000,3.329,1.550,4.520,23.356,21.800,24.900,1.011,0.500,1.700,1010.289,1009.900,1010.800,0.000,9.000,9.000,0.082,0.020,0.120,0.038,0.072,0.000,0.072,0.020,85.667,22.844,0.000,,,0.000,,0.075,10.110,10.680,0.947
2023-12-11,9.000,0.000,0.000,9.222,0.000,0.000,0.000,82.889,79.000,89.000,3.128,1.900,3.940,24.844,22.400,26.500,2.156,0.700,4.100,1011.711,1011.300,1012.200,-9.800,9.000,9.000,0.739,0.170,1.000,0.730,0.222,0.000,0.222,0.110,88.000,24.589,2.500,,,0.000,,0.030,10.680,10.680,1.000
2023-12-12,9.000,0.000,0.000,10.000,0.000,0.000,0.000,91.778,90.000,93.000,1.363,1.150,1.670,18.422,18.100,18.800,3.489,3.000,4.300,1018.044,1017.500,1018.500,-58.800,9.000,9.000,1.000,1.000,1.000,1.000,0.033,0.001,0.034,0.000,90.333,18.844,0.500,,,0.000,,0.005,10.690,10.690,1.000
2023-12-13,9.000,0.000,0.000,3.556,0.000,0.000,0.000,87.000,84.000,94.000,2.269,1.000,2.830,21.422,19.900,22.100,1.944,0.700,3.600,1016.633,1016.100,1017.200,0.000,9.000,9.000,0.103,0.030,0.170,0.103,0.000,0.000,0.000,0.000,90.444,20.544,0.000,,,0.000,,0.004,10.690,10.690,1.000
2023-12-14,9.000,0.000,0.000,3.111,0.000,0.000,0.000,88.111,80.000,93.000,2.086,1.180,3.670,22.144,20.600,24.100,1.022,0.600,1.800,1014.133,1013.300,1014.900,0.000,9.000,9.000,0.132,0.000,0.440,0.132,0.000,0.000,0.000,0.000,94.778,21.389,0.000,,,0.000,,0.029,10.690,10.690,1.000
2023-12-15,9.000,0.000,0.000,6.778,0.000,0.000,0.000,81.556,77.000,87.000,3.339,2.270,4.280,22.844,21.100,24.100,2.167,0.600,3.800,1013.856,1012.800,1015.000,0.000,9.000,9.000,0.471,0.090,1.000,0.444,0.162,0.013,0.174,0.000,87.222,22.478,1.500,,,0.000,,0.080,9.800,10.700,0.917
2023-12-16,9.000,0.000,0.000,9.444,0.000,0.000,0.000,80.889,80.000,82.000,3.202,3.000,3.380,12.856,12.500,13.400,3.322,2.600,4.400,1026.133,1025.600,1026.500,-88.200,9.000,9.000,1.000,1.000,1.000,1.000,0.737,0.032,0.742,0.400,89.222,12.189,1.800,,,0.000,,0.153,8.670,10.700,0.811
2023-12-17,9.000,0.000,0.000,9.111,0.000,0.000,0.000,90.778,89.000,93.000,1.502,1.120,1.800,15.244,14.100,16.400,3.278,2.900,3.800,1022.333,1020.700,1024.200,-19.600,9.000,9.000,1.000,1.000,1.000,0.999,0.182,0.000,0.182,0.070,88.222,15.033,0.300,,,0.000,,0.245,7.570,10.700,0.707
2023-12-18,9.000,0.000,0.000,9.111,0.000,0.000,0.000,85.333,77.000,93.000,2.560,1.160,4.190,19.744,19.100,21.000,1.267,0.400,2.300,1016.989,1016.500,1017.400,-19.600,9.000,9.000,0.354,0.120,0.820,0.327,0.094,0.000,0.094,0.000,91.889,18.000,0.000,,,0.000,,0.350,6.510,10.700,0.608
2023-12-19,9.000,0.000,0.000,10.000,0.000,0.000,0.000,81.778,78.000,84.000,3.132,2.710,3.860,16.611,16.500,16.700,1.778,0.800,3.400,1020.078,1019.800,1020.300,-39.200,9.000,9.000,1.000,1.000,1.000,1.000,0.599,0.308,0.740,0.380,90.333,15.944,3.500,,,0.000,,0.463,5.490,10.700,0.513
2023-12-20,9.000,0.000,0.000,10.000,0.000,0.000,0.000,82.889,80.000,85.000,2.872,2.490,3.390,14.322,13.600,15.300,3.156,2.800,3.500,1022.444,1022.100,1022.700,-78.400,9.000,9.000,1.000,1.000,1.000,1.000,0.994,0.009,0.995,0.982,92.333,13.733,4.100,,,0.000,,0.576,4.490,10.700,0.420
2023-12-21,9.000,0.000,0.000,7.444,0.000,0.000,0.000,75.556,69.000,85.000,4.152,2.420,5.430,10.156,9.800,10.500,2.489,1.900,3.100,1029.700,1029.100,1030.000,-49.000,9.000,9.000,1.000,1.000,1.000,1.000,0.572,0.000,0.572,0.140,86.000,9.289,3.200,,,0.000,,0.683,3.500,10.700,0.327
2023-12-22,9.000,0.000,0.000,10.000,0.000,0.000,0.000,67.778,62.000,77.000,5.852,3.950,7.100,13.044,12.400,13.500,2.233,1.500,2.900,1029.089,1027.600,1030.600,-29.400,9.000,9.000,0.837,0.740,0.950,0.793,0.500,0.007,0.504,0.340,78.333,11.722,0.100,,,0.000,,0.781,2.490,10.700,0.233
2023-12-23,9.000,0.000,0.000,10.000,0.000,0.000,0.000,96.889,95.000,98.000,0.491,0.310,0.800,15.267,14.700,15.500,1.222,0.600,2.100,1024.911,1024.700,1025.100,-25.400,9.000,9.000,1.000,1.000,1.000,1.000,0.810,0.002,0.810,0.730,92.222,15.478,3.600,,,0.000,,0.863,1.460,10.700,0.137
2023-12-24,9.000,0.000,0.000,10.000,0.000,0.000,0.000,63.444,62.000,65.000,6.839,6.480,7.170,14.044,14.000,14.100,2.444,2.000,3.100,1026.533,1025.300,1027.400,0.000,9.000,9.000,0.968,0.860,1.000,0.967,0.052,0.069,0.117,0.000,77.556,12.622,0.300,,,0.000,,0.928,0.430,10.700,0.040
2023-12-25,9.000,0.000,0.000,6.667,0.000,0.000,0.000,64.889,61.000,69.000,6.581,5.660,7.490,15.278,14.700,15.600,2.889,2.400,3.800,1023.789,1022.000,1025.300,0.000,9.000,9.000,0.458,0.270,0.790,0.382,0.000,0.143,0.143,0.000,72.667,13.211,0.000,,,0.000,,0.972,0.000,10.700,0.000
2023-12-26,9.000,0.000,0.000,10.000,0.000,0.000,0.000,67.778,64.000,76.000,6.141,4.310,7.030,19.511,18.300,20.200,1.867,0.800,2.700,1020.278,1019.400,1020.900,0.000,9.000,9.000,0.154,0.120,0.200,0.113,0.029,0.026,0.053,0.010,79.889,17.389,0.000,,,0.000,,0.995,0.000,10.700,0.000
2023-12-27,9.000,0.000,0.000,10.000,0.000,0.000,0.000,94.778,91.000,98.000,0.866,0.320,1.510,19.389,18.500,20.100,1.756,0.800,2.800,1019.256,1018.300,1020.100,-46.500,9.000,9.000,0.937,0.790,1.000,0.248,0.916,0.768,0.972,0.885,92.333,18.889,1.000,,,0.000,,0.996,0.000,10.700,0.000
2023-12-28,9.000,0.000,0.000,10.000,0.000,0.000,0.000,85.222,83.000,89.000,2.561,1.870,2.980,19.822,19.700,20.000,1.456,0.700,2.000,1019.733,1018.600,1020.500,0.000,9.000,9.000,0.966,0.860,1.000,0.959,0.363,0.000,0.363,0.230,93.111,20.056,1.500,,,0.000,,0.978,0.000,10.700,0.000
2023-12-29,9.000,0.000,0.000,6.222,0.000,0.000,0.000,96.111,94.000,98.000,0.638,0.320,0.990,19.311,18.800,19.600,1.867,0.700,2.700,1016.322,1014.800,1017.800,-28.900,9.000,9.000,1.000,1.000,1.000,1.000,0.173,0.080,0.224,0.000,93.556,20.178,0.000,,,0.000,,0.941,0.640,10.690,0.060
2023-12-30,8.000,0.000,0.000,6.750,0.000,0.000,0.000,90.667,89.000,94.000,1.558,0.980,1.850,18.589,17.300,19.900,1.278,0.800,1.700,1014.267,1013.600,1014.800,0.000,9.000,9.000,0.333,0.070,0.520,0.009,0.309,0.071,0.355,0.050,94.778,18.644,0.000,,,0.000,,0.888,1.560,10.690,0.146
2023-12-31,9.000,0.000,0.000,9.667,0.000,0.000,0.000,63.556,60.000,67.000,7.001,6.240,7.840,17.500,16.800,18.400,3.800,2.800,4.700,1019.633,1018.900,1020.200,0.000,9.000,9.000,0.842,0.730,1.000,0.826,0.188,0.000,0.188,0.080,72.556,17.056,0.000,,,0.000,,0.822,2.450,10.690,0.229
2024-01-01,9.000,0.000,0.000,3.667,0.000,0.000,0.000,66.000,62.000,71.000,6.394,5.280,7.330,16.600,16.200,17.100,3.144,2.500,3.600,1017.844,1016.200,1019.100,0.000,9.000,9.000,0.194,0.120,0.400,0.194,0.000,0.000,0.000,0.000,76.889,14.611,0.000,,,0.000,,0.745,3.300,10.680,0.309
2024-01-02,9.000,0.000,0.000,4.333,0.000,0.000,0.000,81.000,71.000,89.000,3.346,1.820,5.410,17.778,16.600,19.700,1.100,0.500,1.800,1014.067,1013.600,1014.600,0.000,9.000,9.000,0.219,0.030,0.800,0.207,0.061,0.000,0.061,0.000,87.667,17.100,0.100,,,0.000,,0.660,4.130,10.680,0.387
2024-01-03,9.000,0.000,0.000,8.556,0.000,0.000,0.000,61.667,58.000,64.000,7.247,6.700,8.120,13.844,13.500,14.300,2.633,1.700,3.800,1020.644,1018.700,1022.000,0.000,9.000,9.000,0.662,0.510,0.800,0.659,0.100,0.000,0.100,0.010,73.667,12.533,0.000,,,0.000,,0.568,4.960,10.670,0.464
2024-01-04,8.000,0.000,0.000,7.500,0.000,0.000,0.000,72.111,66.000,81.000,5.098,3.240,6.440,16.522,15.100,17.800,1.267,0.500,2.400,1016.933,1016.100,1017.600,0.000,9.000,9.000,0.097,0.050,0.160,0.096,0.006,0.000,0.006,0.000,78.667,14.678,0.000,,,0.000,,0.473,5.800,10.670,0.544
2024-01-05,9.000,0.000,0.000,4.222,0.000,0.000,0.000,87.556,84.000,91.000,2.087,1.480,2.710,17.056,16.100,17.700,0.922,0.600,1.500,1017.456,1017.100,1017.700,0.000,9.000,9.000,0.108,0.060,0.160,0.100,0.010,0.000,0.010,0.000,91.111,15.756,0.000,,,0.000,,0.377,6.680,10.660,0.626
2024-01-06,9.000,0.000,0.000,7.444,0.000,0.000,0.000,72.778,66.000,79.000,4.989,3.690,6.450,17.944,17.600,18.200,2.056,1.800,2.700,1019.067,1018.600,1019.400,0.000,9.000,9.000,0.252,0.110,0.470,0.248,0.044,0.000,0.044,0.020,82.889,16.144,0.000,,,0.000,,0.283,7.610,10.650,0.714
2024-01-07,9.000,0.000,0.000,9.222,0.000,0.000,0.000,64.111,61.000,71.000,6.887,5.300,7.630,17.622,17.000,17.900,3.122,2.400,4.200,1019.867,1018.000,1021.000,0.000,9.000,9.000,0.829,0.710,1.000,0.829,0.032,0.000,0.032,0.000,70.667,16.689,0.000,,,0.000,,0.196,8.600,10.650,0.808
2024-01-08,9.000,0.000,0.000,9.778,0.000,0.000,0.000,86.889,79.000,96.000,2.274,0.640,3.740,18.256,17.300,19.300,1.033,0.700,1.600,1015.444,1014.500,1016.100,-28.900,9.000,9.000,0.667,0.280,1.000,0.550,0.382,0.003,0.384,0.260,90.333,16.156,0.000,,,0.000,,0.119,9.660,10.640,0.907
2024-01-09,9.000,0.000,0.000,9.333,0.000,0.000,0.000,88.667,85.000,91.000,1.899,1.490,2.570,17.722,17.500,18.400,1.078,0.600,2.100,1014.067,1013.700,1014.300,-19.600,9.000,9.000,0.554,0.200,1.000,0.423,0.436,0.000,0.436,0.160,92.778,17.133,0.600,,,0.000,,0.058,10.630,10.630,1.000
2024-01-10,9.000,0.000,0.000,7.111,0.000,0.000,0.000,63.667,56.000,71.000,6.769,5.120,8.660,13.078,12.500,14.200,1.956,1.300,2.600,1019.433,1018.600,1020.100,0.000,9.000,9.000,0.130,0.060,0.180,0.130,0.000,0.000,0.000,0.000,72.333,10.989,0.000,,,0.000,,0.017,10.630,10.630,1.000
2024-01-11,9.000,0.000,0.000,5.111,0.000,0.000,0.000,72.222,62.000,82.000,4.997,2.990,7.230,13.811,12.500,15.100,1.767,0.900,3.100,1016.856,1015.700,1017.500,0.000,9.000,9.000,0.003,0.000,0.010,0.003,0.000,0.000,0.000,0.000,81.889,11.122,0.000,,,0.000,,0.002,10.620,10.620,1.000
2024-01-12,9.000,0.000,0.000,3.222,0.000,0.000,0.000,82.000,72.000,90.000,3.131,1.620,5.110,15.756,14.300,17.600,1.667,1.100,2.400,1016.511,1016.100,1016.800,0.000,9.000,9.000,0.016,0.000,0.030,0.010,0.007,0.000,0.007,0.000,87.667,13.189,0.000,,,0.000,,0.015,10.610,10.610,1.000
2024-01-13,9.000,0.000,0.000,3.778,0.000,0.000,0.000,63.444,62.000,66.000,7.076,6.460,7.440,18.444,18.100,18.800,3.033,2.400,3.400,1017.956,1017.300,1018.700,0.000,9.000,9.000,0.118,0.070,0.190,0.117,0.004,0.000,0.004,0.000,74.556,16.056,0.000,,,0.000,,0.056,9.970,10.600,0.941
2024-01-14,9.000,0.000,0.000,3.222,0.000,0.000,0.000,78.333,66.000,87.000,3.873,2.160,6.550,17.722,15.800,20.100,0.956,0.500,1.200,1017.956,1017.700,1018.100,0.000,9.000,9.000,0.148,0.060,0.430,0.148,0.000,0.000,0.000,0.000,85.444,16.222,0.000,,,0.000,,0.122,8.850,10.590,0.835
2024-01-15,9.000,0.000,0.000,10.000,0.000,0.000,0.000,80.222,75.000,85.000,3.439,2.520,4.470,16.656,15.800,17.400,2.644,1.900,3.200,1021.433,1020.900,1021.900,-29.400,9.000,9.000,0.997,0.970,1.000,0.997,0.214,0.000,0.214,0.040,86.111,16.256,1.200,,,0.000,,0.210,7.770,10.580,0.734
2024-01-16,9.000,0.000,0.000,4.556,0.000,0.000,0.000,79.000,78.000,80.000,3.697,3.490,3.890,17.956,17.600,18.200,2.622,2.100,3.200,1019.678,1018.100,1021.300,0.000,9.000,9.000,0.322,0.120,0.820,0.302,0.046,0.010,0.055,0.010,81.778,16.511,0.000,,,0.000,,0.312,6.730,10.570,0.637
2024-01-17,9.000,0.000,0.000,5.444,0.000,0.000,0.000,66.000,48.000,91.000,6.976,1.490,11.510,19.811,17.400,22.100,1.211,0.400,2.300,1015.656,1015.300,1015.900,0.000,9.000,9.000,0.179,0.070,0.280,0.137,0.077,0.000,0.077,0.000,87.778,18.278,0.000,,,0.000,,0.422,5.710,10.560,0.541
2024-01-18,9.000,0.000,0.000,7.222,0.000,0.000,0.000,85.000,81.000,89.000,2.594,1.840,3.360,19.100,17.400,20.200,1.167,0.400,1.700,1014.378,1013.700,1014.900,0.000,9.000,9.000,0.281,0.140,0.540,0.178,0.183,0.000,0.183,0.130,92.778,18.356,0.000,,,0.000,,0.533,4.700,10.550,0.445
2024-01-19,9.000,0.000,0.000,4.444,0.000,0.000,0.000,86.889,84.000,89.000,2.261,1.890,2.780,20.500,18.900,21.600,1.800,0.700,3.200,1012.378,1011.200,1012.900,0.000,9.000,9.000,0.642,0.590,0.720,0.578,0.246,0.000,0.246,0.200,91.889,19.944,0.000,,,0.000,,0.640,3.670,10.540,0.349
2024-01-20,9.000,0.000,0.000,10.000,0.000,0.000,0.000,81.556,78.000,85.000,3.200,2.580,3.860,17.678,15.800,19.300,2.767,1.700,4.000,1016.533,1015.000,1017.500,-19.600,9.000,9.000,1.000,1.000,1.000,1.000,0.546,0.000,0.546,0.100,89.444,17.167,1.800,,,0.000,,0.738,2.640,10.530,0.251
2024-01-21,9.000,0.000,0.000,9.667,0.000,0.000,0.000,86.667,84.000,93.000,2.211,1.120,2.690,14.811,14.500,15.100,2.833,2.000,3.500,1021.033,1019.500,1021.700,-39.200,9.000,9.000,1.000,1.000,1.000,1.000,0.271,0.000,0.271,0.140,88.444,14.356,1.300,,,0.000,,0.824,1.620,10.510,0.154
2024-01-22,9.000,0.000,0.000,10.000,0.000,0.000,0.000,84.222,79.000,94.000,2.560,0.910,3.510,9.956,8.400,11.500,1.789,0.800,2.500,1026.122,1025.000,1026.800,-56.800,9.000,9.000,1.000,1.000,1.000,0.999,0.978,0.000,0.978,0.950,92.111,9.200,7.000,,,0.000,,0.895,0.640,10.500,0.061
2024-01-23,9.000,0.000,0.000,9.556,0.000,0.000,0.000,67.333,64.000,74.000,5.791,4.410,6.500,9.844,9.700,10.000,2.178,1.500,2.800,1027.389,1026.900,1027.900,0.000,9.000,9.000,0.999,0.990,1.000,0.999,0.414,0.000,0.414,0.260,83.778,7.622,1.000,,,0.000,,0.948,0.000,10.490,0.000
2024-01-24,9.000,0.000,0.000,10.000,0.000,0.000,0.000,80.222,77.000,91.000,3.307,1.410,3.900,11.311,10.800,11.800,2.578,1.900,3.200,1025.389,1024.500,1025.700,-19.600,9.000,9.000,0.997,0.980,1.000,0.992,0.294,0.289,0.525,0.358,75.667,10.767,0.000,,,0.000,,0.982,0.000,10.480,0.000
2024-01-25,0.000,0.000,0.000,,,,,88.889,85.000,93.000,1.778,1.100,2.440,11.678,11.500,11.900,1.544,1.000,2.100,1025.667,1024.600,1026.400,-28.900,9.000,9.000,1.000,1.000,1.000,1.000,0.528,0.000,0.528,0.450,87.000,11.900,0.000,,,0.000,,0.997,0.000,10.460,0.000
2024-01-26,9.000,0.000,0.000,10.000,0.000,0.000,0.000,75.889,73.000,78.000,4.191,3.780,4.770,13.944,13.700,14.100,2.378,1.400,3.300,1023.889,1023.000,1024.700,0.000,9.000,9.000,1.000,1.000,1.000,1.000,0.683,0.000,0.683,0.310,78.889,13.544,0.000,,,0.000,,0.994,0.000,10.450,0.000
2024-01-27,9.000,0.000,0.000,10.000,0.000,0.000,0.000,86.111,82.000,90.000,2.282,1.620,3.000,13.500,12.800,14.100,1.978,1.400,2.800,1024.211,1023.800,1024.800,-49.000,9.000,9.000,1.000,1.000,1.000,1.000,0.754,0.014,0.755,0.490,84.444,13.522,0.100,,,0.000,,0.972,0.040,10.440,0.003
2024-01-28,9.000,0.000,0.000,10.000,0.000,0.000,0.000,90.667,82.000,96.000,1.524,0.630,3.030,13.900,13.400,14.200,2.722,2.100,3.100,1023.967,1022.100,1025.200,-47.000,9.000,9.000,0.979,0.900,1.000,0.704,0.894,0.097,0.926,0.812,83.111,14.033,1.100,,,0.000,,0.934,0.900,10.420,0.086
2024-01-29,9.000,0.000,0.000,9.889,0.000,0.000,0.000,86.556,72.000,94.000,2.330,0.980,5.200,18.078,17.300,20.000,0.933,0.400,1.800,1018.533,1017.600,1019.500,0.000,9.000,9.000,0.221,0.050,0.430,0.052,0.169,0.044,0.199,0.030,93.889,16.733,0.000,,,0.000,,0.880,1.740,10.410,0.167
2024-01-30,9.000,0.000,0.000,8.444,0.000,0.000,0.000,90.111,85.000,94.000,1.658,0.980,2.580,18.356,18.000,18.700,0.778,0.300,1.800,1018.078,1016.700,1018.800,0.000,9.000,9.000,0.200,0.090,0.320,0.173,0.070,0.000,0.070,0.020,92.778,18.022,0.000,,,0.000,,0.813,2.560,10.390,0.246
2024-01-31,9.000,0.000,0.000,3.667,0.000,0.000,0.000,95.111,88.000,98.000,0.812,0.320,2.060,18.933,17.800,20.800,0.600,0.400,0.900,1016.022,1015.600,1016.400,0.000,9.000,9.000,0.328,0.130,0.550,0.297,0.053,0.000,0.053,0.000,94.556,19.233,0.000,,,0.000,,0.734,3.380,10.380,0.326
2024-02-01,9.000,0.000,0.000,9.889,0.000,0.000,0.000,80.889,69.000,92.000,3.499,1.340,6.010,22.000,20.200,23.300,0.956,0.700,1.600,1014.856,1014.500,1015.100,0.000,9.000,9.000,0.904,0.730,1.000,0.788,0.196,0.501,0.587,0.275,89.889,22.100,0.000,,,0.000,,0.647,4.230,10.360,0.408
2024-02-02,9.000,0.000,0.000,8.333,0.000,0.000,0.000,93.000,87.000,97.000,1.166,0.490,2.220,18.656,18.200,19.100,1.644,0.700,2.900,1017.578,1017.100,1018.100,-19.600,9.000,9.000,1.000,1.000,1.000,1.000,0.103,0.229,0.318,0.127,95.000,19.433,0.600,,,0.000,,0.552,5.120,10.350,0.495
2024-02-03,9.000,0.000,0.000,7.222,0.000,0.000,0.000,92.444,91.000,94.000,1.266,1.000,1.520,20.011,19.700,20.300,2.844,1.900,4.200,1015.433,1014.500,1016.000,0.000,9.000,9.000,0.970,0.730,1.000,0.968,0.459,0.049,0.490,0.282,97.778,19.544,1.100,,,0.000,,0.453,6.060,10.330,0.587
2024-02-04,9.000,0.000,0.000,9.556,0.000,0.000,0.000,86.889,83.000,91.000,2.197,1.480,2.900,16.378,15.000,19.600,2.089,0.600,4.600,1016.422,1014.400,1017.900,-58.800,9.000,9.000,1.000,1.000,1.000,0.997,0.271,0.404,0.564,0.412,94.667,17.878,0.200,,,0.000,,0.353,7.070,10.310,0.685
2024-02-05,9.000,0.000,0.000,9.222,0.000,0.000,0.000,88.222,87.000,90.000,1.937,1.620,2.160,15.122,14.700,15.600,4.267,3.700,5.000,1019.378,1018.100,1020.100,0.000,9.000,9.000,1.000,1.000,1.000,1.000,0.211,0.000,0.211,0.140,87.111,15.389,0.000,,,0.000,,0.255,8.110,10.300,0.787
2024-02-06,9.000,0.000,0.000,7.556,0.000,0.000,0.000,92.111,91.000,93.000,1.286,1.140,1.470,16.433,16.300,16.700,3.244,0.500,4.300,1016.556,1015.200,1017.400,0.000,9.000,9.000,1.000,1.000,1.000,1.000,0.321,0.000,0.321,0.210,91.444,16.822,0.500,,,0.000,,0.166,9.150,10.280,0.890
2024-02-07,9.000,0.000,0.000,10.000,0.000,0.000,0.000,96.333,94.000,97.000,0.577,0.470,0.950,13.711,13.500,14.000,1.744,0.600,2.600,1015.844,1014.700,1017.200,19.000,9.000,9.000,0.996,0.960,1.000,0.994,0.777,0.207,0.817,0.670,93.111,13.589,7.600,,,0.000,,0.091,10.140,10.260,0.988
2024-02-08,8.000,0.000,0.000,10.000,0.000,0.000,0.000,96.222,92.000,98.000,0.587,0.310,1.270,12.800,12.600,13.100,1.867,0.800,3.900,1017.656,1016.600,1018.600,-7.100,9.000,9.000,1.000,1.000,1.000,1.000,0.988,0.000,0.988,0.970,94.222,12.878,4.800,,,0.000,,0.035,10.240,10.240,1.000
2024-02-09,9.000,0.000,0.000,10.000,0.000,0.000,0.000,76.111,64.000,86.000,4.181,2.280,6.650,12.778,12.400,13.000,1.656,1.300,2.100,1022.400,1022.100,1022.600,-29.400,9.000,9.000,0.878,0.770,1.000,0.829,0.420,0.000,0.420,0.270,81.444,11.900,0.000,,,0.000,,0.005,10.230,10.230,1.000
2024-02-10,9.000,0.000,0.000,7.556,0.000,0.000,0.000,78.556,64.000,90.000,3.741,1.570,6.730,12.478,10.400,14.500,1.244,0.900,1.700,1024.278,1023.500,1024.900,0.000,9.000,9.000,0.078,0.010,0.190,0.008,0.071,0.000,0.071,0.000,81.222,10.511,0.000,,,0.000,,0.005,10.210,10.210,1.000
2024-02-11,9.000,0.000,0.000,3.000,0.000,0.000,1.000,57.000,47.000,63.000,8.548,7.000,11.330,15.422,15.000,16.100,3.078,2.100,3.600,1024.500,1023.200,1025.300,0.000,9.000,9.000,0.090,0.050,0.150,0.090,0.000,0.000,0.000,0.000,65.111,13.333,0.000,,,0.000,,0.035,9.960,10.190,0.977
2024-02-12,9.000,0.000,0.000,3.222,0.000,0.000,0.000,67.000,55.000,82.000,6.331,3.030,9.240,16.822,14.200,18.800,1.344,0.400,2.500,1022.322,1020.900,1023.100,0.000,9.000,9.000,0.134,0.090,0.180,0.113,0.043,0.000,0.043,0.010,75.778,14.122,0.000,,,0.000,,0.093,8.850,10.170,0.871
2024-02-13,9.000,0.000,0.000,5.000,0.000,0.000,0.000,71.889,61.000,80.000,5.167,3.430,7.660,16.478,14.900,18.400,1.667,0.500,2.700,1019.578,1018.700,1020.000,0.000,9.000,9.000,0.078,0.020,0.150,0.074,0.027,0.000,0.027,0.000,82.333,15.756,0.000,,,0.000,,0.173,7.780,10.150,0.766
2024-02-14,9.000,0.000,0.000,3.000,0.000,0.000,1.000,78.111,64.000,86.000,3.930,2.350,7.000,17.622,16.200,19.600,1.500,0.900,2.200,1015.933,1015.400,1016.400,0.000,9.000,9.000,0.020,0.000,0.060,0.020,0.003,0.000,0.003,0.000,82.222,17.067,0.000,,,0.000,,0.269,6.710,10.130,0.662
2024-02-15,8.000,0.000,0.000,9.000,0.000,0.000,0.000,81.778,71.000,85.000,3.174,2.570,5.510,17.400,16.100,22.100,3.222,1.100,5.200,1018.456,1017.100,1019.000,0.000,9.000,9.000,0.889,0.270,1.000,0.888,0.049,0.050,0.096,0.010,85.889,18.033,0.700,,,0.000,,0.375,5.650,10.110,0.559
2024-02-16,9.000,0.000,0.000,9.333,0.000,0.000,0.000,89.222,88.000,90.000,1.782,1.640,2.010,16.500,15.700,17.200,2.422,1.000,3.300,1016.567,1015.000,1017.900,0.000,9.000,9.000,0.621,0.140,1.000,0.618,0.016,0.000,0.016,0.000,90.111,16.000,0.000,,,0.000,,0.484,4.590,10.090,0.454
2024-02-17,9.000,0.000,0.000,5.000,0.000,0.000,0.000,91.667,85.000,97.000,1.394,0.480,2.580,17.922,16.600,18.900,0.800,0.500,1.100,1013.611,1012.900,1014.300,0.000,9.000,9.000,0.918,0.580,1.000,0.918,0.001,0.073,0.074,0.000,93.333,17.833,0.000,,,0.000,,0.589,3.540,10.070,0.351
2024-02-18,9.000,0.000,0.000,7.000,0.000,0.000,0.000,82.667,69.000,89.000,3.110,1.860,5.980,21.022,19.600,22.700,1.067,0.600,1.800,1012.522,1012.200,1012.800,0.000,9.000,9.000,0.749,0.530,0.900,0.089,0.011,0.728,0.732,0.510,87.556,19.700,0.000,,,0.000,,0.689,2.530,10.050,0.252
2024-02-19,9.000,0.000,0.000,10.000,0.000,0.000,0.000,82.111,74.000,89.000,3.247,1.890,4.940,23.033,21.400,24.400,1.000,0.400,2.000,1012.611,1011.700,1013.300,0.000,9.000,9.000,0.947,0.810,1.000,0.102,0.042,0.937,0.943,0.792,87.111,22.511,0.000,,,0.000,,0.777,1.600,10.030,0.160
2024-02-20,9.000,0.000,0.000,3.778,0.000,0.000,0.000,84.667,78.000,89.000,2.750,1.900,4.110,23.467,22.000,25.200,1.111,0.900,1.600,1012.711,1012.200,1013.100,0.000,9.000,9.000,0.197,0.140,0.390,0.186,0.012,0.011,0.023,0.000,88.444,22.100,0.000,,,0.000,,0.854,0.760,10.010,0.076
2024-02-21,9.000,0.000,0.000,4.111,0.000,0.000,0.000,83.778,75.000,87.000,2.928,2.280,4.750,23.622,22.700,25.200,1.278,0.800,2.000,1013.233,1012.200,1013.600,0.000,9.000,9.000,0.703,0.180,1.000,0.679,0.000,0.057,0.057,0.000,88.667,22.289,0.000,,,0.000,,0.915,0.020,9.990,0.002
2024-02-22,9.000,0.000,0.000,7.000,0.000,0.000,0.000,83.111,80.000,86.000,2.873,2.360,3.430,16.233,14.900,17.200,3.400,2.600,4.000,1018.767,1017.300,1020.100,0.000,9.000,9.000,1.000,1.000,1.000,1.000,0.019,0.000,0.019,0.000,88.556,17.211,0.800,,,0.000,,0.961,0.000,9.970,0.000
2024-02-23,9.000,0.000,0.000,6.889,0.000,0.000,0.000,91.444,88.000,95.000,1.390,0.800,1.980,15.222,14.900,15.600,3.589,2.500,4.900,1019.722,1019.300,1020.200,-9.800,9.000,9.000,1.000,1.000,1.000,1.000,0.061,0.000,0.061,0.010,89.222,15.578,0.500,,,0.000,,0.989,0.000,9.950,0.000
2024-02-24,9.000,0.000,0.000,8.333,0.000,0.000,0.000,88.556,87.000,90.000,1.882,1.620,2.160,15.211,14.500,15.800,2.411,1.700,3.400,1019.256,1018.800,1019.800,-19.600,9.000,9.000,0.997,0.980,1.000,0.997,0.141,0.000,0.141,0.070,88.222,15.478,0.000,,,0.000,,0.999,0.000,9.930,0.000
2024-02-25,9.000,0.000,0.000,6.000,0.000,0.000,0.000,83.889,80.000,87.000,2.648,2.100,3.340,11.978,11.600,12.300,3.122,2.100,3.900,1021.111,1020.400,1021.600,0.000,9.000,9.000,1.000,1.000,1.000,1.000,0.531,0.000,0.531,0.290,86.000,11.867,0.000,,,0.000,,0.992,0.000,9.910,0.000
2024-02-26,9.000,0.000,0.000,10.000,0.000,0.000,0.000,90.222,86.000,97.000,1.584,0.470,2.300,13.511,13.400,13.700,1.556,0.600,2.300,1020.144,1019.400,1020.800,-19.600,9.000,9.000,1.000,1.000,1.000,1.000,0.854,0.000,0.854,0.660,90.333,13.311,0.900,,,0.000,,0.967,0.230,9.880,0.024
2024-02-27,9.000,0.000,0.000,9.778,0.000,0.000,0.000,91.000,88.000,93.000,1.464,1.120,1.990,15.156,14.400,16.000,2.667,2.000,3.400,1018.289,1017.000,1019.700,0.000,9.000,9.000,0.991,0.950,1.000,0.928,0.317,0.372,0.539,0.208,88.222,14.833,0.000,,,0.000,,0.925,1.060,9.860,0.107
2024-02-28,9.000,0.000,0.000,4.667,0.000,0.000,0.000,93.000,89.000,95.000,1.131,0.800,1.810,15.689,15.300,15.900,1.189,0.500,2.100,1016.156,1015.700,1016.500,0.000,9.000,9.000,0.940,0.710,1.000,0.940,0.031,0.019,0.049,0.000,93.444,16.822,0.000,,,0.000,,0.868,1.900,9.840,0.193
2024-02-29,9.000,0.000,0.000,9.778,0.000,0.000,0.000,90.556,84.000,96.000,1.542,0.640,2.660,14.711,12.500,16.200,1.878,0.700,3.300,1017.711,1016.900,1018.600,-68.100,9.000,9.000,1.000,1.000,1.000,1.000,0.642,0.001,0.643,0.440,88.000,14.956,2.400,,,0.000,,0.797,2.770,9.820,0.282
2024-03-01,9.000,0.000,0.000,10.000,0.000,0.000,0.000,93.778,91.000,96.000,0.967,0.610,1.420,11.289,11.000,12.000,1.744,1.300,2.200,1020.911,1020.200,1021.800,-25.400,9.000,9.000,0.987,0.890,1.000,0.982,0.860,0.032,0.860,0.490,88.667,11.478,7.600,,,0.000,,0.714,3.680,9.790,0.376
2024-03-02,9.000,0.000,0.000,10.000,0.000,0.000,0.000,96.667,94.000,98.000,0.514,0.310,0.940,12.467,12.300,12.600,1.644,1.300,2.200,1018.089,1017.300,1018.600,-48.000,9.000,9.000,1.000,1.000,1.000,1.000,0.676,0.000,0.676,0.430,92.222,12.722,0.100,,,0.000,,0.620,4.640,9.770,0.475
2024-03-03,9.000,0.000,0.000,6.778,0.000,0.000,0.000,96.556,94.000,98.000,0.548,0.310,0.960,15.367,13.900,16.400,2.333,0.400,4.100,1013.389,1012.700,1014.600,0.000,9.000,9.000,0.238,0.150,0.340,0.209,0.043,0.000,0.043,0.000,89.333,15.356,0.000,,,0.000,,0.519,5.640,9.750,0.578
2024-03-04,9.000,0.000,0.000,9.667,0.000,0.000,0.000,92.333,88.000,97.000,1.280,0.480,2.030,18.667,18.100,19.000,0.744,0.400,1.400,1008.722,1007.100,1009.500,0.000,9.000,9.000,0.750,0.520,0.940,0.561,0.396,0.000,0.396,0.180,93.111,18.856,0.000,,,0.000,,0.415,6.650,9.720,0.684
2024-03-05,9.000,0.000,0.000,6.111,0.000,0.000,0.000,68.111,55.000,83.000,6.512,3.050,9.830,25.244,23.200,27.200,2.022,1.100,3.200,1003.144,1002.800,1003.500,0.000,9.000,9.000,0.240,0.090,0.480,0.006,0.239,0.000,0.239,0.090,77.556,24.078,0.000,,,0.000,,0.310,7.640,9.700,0.787
2024-03-06,9.000,0.000,0.000,10.000,0.000,0.000,0.000,93.556,91.000,95.000,1.024,0.790,1.440,13.911,13.600,14.400,2.378,1.500,3.100,1014.589,1013.900,1015.200,-46.500,9.000,9.000,1.000,1.000,1.000,1.000,0.827,0.000,0.827,0.630,86.111,14.511,1.500,,,0.000,,0.211,8.550,9.680,0.884
2024-03-07,9.000,0.000,0.000,10.000,0.000,0.000,0.000,79.222,70.000,88.000,3.603,1.960,5.400,14.244,14.000,14.400,2.278,1.600,3.100,1016.656,1015.900,1017.100,-29.400,9.000,9.000,0.994,0.980,1.000,0.653,0.979,0.000,0.979,0.920,81.667,14.089,0.600,,,0.000,,0.124,9.380,9.650,0.971
2024-03-08,9.000,0.000,0.000,5.556,0.000,0.000,0.000,50.000,45.000,58.000,10.207,8.060,11.680,12.733,12.500,13.100,3.178,2.000,4.700,1019.922,1017.400,1020.700,0.000,9.000,9.000,0.016,0.000,0.030,0.007,0.016,0.000,0.016,0.000,59.556,10.700,0.000,,,0.000,,0.056,9.630,9.630,1.000
2024-03-09,9.000,0.000,0.000,9.333,0.000,0.000,0.000,62.556,61.000,66.000,7.081,6.320,7.440,14.644,14.200,15.400,3.222,2.500,3.600,1019.622,1018.900,1020.100,0.000,9.000,9.000,0.674,0.310,1.000,0.304,0.554,0.140,0.558,0.170,70.778,13.078,0.000,,,0.000,,0.014,9.600,9.600,1.000
2024-03-10,9.000,0.000,0.000,10.000,0.000,0.000,0.000,79.556,71.000,91.000,3.641,1.480,5.360,17.722,16.600,18.600,1.511,0.700,3.100,1017.656,1015.500,1018.900,-29.400,9.000,9.000,0.997,0.990,1.000,0.107,0.986,0.838,0.999,0.997,86.778,17.167,1.000,,,0.000,,0.000,9.580,9.580,1.000
2024-03-11,9.000,0.000,0.000,10.000,0.000,0.000,0.000,97.444,95.000,98.000,0.407,0.310,0.800,15.767,15.100,16.700,1.333,0.700,2.300,1014.778,1014.100,1015.200,15.000,9.000,9.000,0.874,0.610,1.000,0.803,0.791,0.219,0.791,0.240,97.667,16.456,4.600,,,0.000,,0.018,9.560,9.560,1.000
2024-03-12,9.000,0.000,0.000,4.333,0.000,0.000,0.000,64.333,57.000,71.000,6.791,5.280,8.620,16.522,16.300,17.500,2.600,1.600,3.400,1018.333,1017.100,1018.800,0.000,9.000,9.000,0.072,0.000,0.160,0.043,0.000,0.029,0.029,0.000,68.111,14.967,0.000,,,0.000,,0.065,8.650,9.530,0.907
2024-03-13,9.000,0.000,0.000,9.889,0.000,0.000,0.000,68.556,62.000,77.000,5.931,4.080,7.440,18.356,17.400,18.900,1.678,0.600,2.600,1016.044,1015.100,1016.800,0.000,9.000,9.000,0.736,0.230,0.980,0.103,0.717,0.023,0.719,0.150,72.778,17.556,0.000,,,0.000,,0.136,7.530,9.510,0.793
2024-03-14,9.000,0.000,0.000,7.333,0.000,0.000,0.000,72.444,70.000,78.000,5.108,3.920,5.660,19.667,18.200,20.600,1.356,0.400,2.100,1014.544,1013.800,1015.200,0.000,9.000,9.000,0.400,0.020,0.900,0.031,0.384,0.000,0.384,0.000,89.667,17.589,0.000,,,0.000,,0.225,6.420,9.480,0.677
2024-03-15,9.000,0.000,0.000,6.667,0.000,0.000,0.000,96.556,95.000,99.000,0.558,0.160,0.820,18.267,17.600,18.900,0.989,0.600,1.500,1015.911,1015.200,1016.400,-9.800,9.000,9.000,0.334,0.080,0.960,0.141,0.296,0.000,0.296,0.060,95.667,18.178,0.000,,,0.000,,0.324,5.320,9.450,0.562
2024-03-16,9.000,0.000,0.000,5.111,0.000,0.000,0.000,92.111,85.000,97.000,1.337,0.490,2.630,19.967,18.900,21.400,0.922,0.600,1.300,1014.144,1013.400,1014.900,0.000,9.000,9.000,0.214,0.090,0.410,0.029,0.207,0.000,0.207,0.070,92.667,19.689,0.000,,,0.000,,0.428,4.260,9.430,0.451
2024-03-17,9.000,0.000,0.000,8.111,0.000,0.000,0.000,85.556,83.000,90.000,2.480,1.690,2.960,18.867,17.800,20.200,3.367,2.700,4.000,1014.578,1013.800,1015.100,0.000,9.000,9.000,1.000,1.000,1.000,1.000,0.046,0.000,0.046,0.000,91.444,19.856,0.800,,,0.000,,0.532,3.270,9.400,0.348
2024-03-18,8.000,0.000,0.000,8.625,0.000,0.000,0.000,90.000,87.000,95.000,1.667,0.800,2.200,17.278,15.000,18.300,2.022,1.100,2.900,1014.822,1014.100,1015.500,-29.400,9.000,9.000,0.662,0.300,1.000,0.652,0.402,0.000,0.402,0.000,92.667,17.067,0.300,,,0.000,,0.631,2.380,9.380,0.254
2024-03-19,9.000,0.000,0.000,5.222,0.000,0.000,0.000,73.667,71.000,78.000,4.660,3.790,5.240,14.544,13.800,15.400,1.900,1.700,2.200,1021.044,1020.400,1021.400,0.000,9.000,9.000,0.107,0.050,0.170,0.053,0.069,0.010,0.079,0.030,80.556,12.956,0.000,,,0.000,,0.723,1.610,9.350,0.172
2024-03-20,9.000,0.000,0.000,4.556,0.000,0.000,0.000,56.667,48.000,63.000,8.641,6.990,11.040,15.489,15.000,16.300,3.489,2.900,4.600,1019.089,1016.600,1021.300,0.000,9.000,9.000,0.230,0.010,0.770,0.062,0.000,0.180,0.180,0.000,64.889,13.911,0.000,,,0.000,,0.805,0.930,9.330,0.099
2024-03-21,9.000,0.000,0.000,9.000,0.000,0.000,0.000,58.333,54.000,64.000,8.411,6.930,9.580,19.178,18.200,19.900,1.889,0.400,2.500,1012.589,1011.500,1013.600,0.000,9.000,9.000,0.609,0.250,1.000,0.226,0.539,0.099,0.551,0.150,76.000,17.600,0.000,,,0.000,,0.875,0.330,9.300,0.035
2024-03-22,9.000,0.000,0.000,9.111,0.000,0.000,0.000,76.556,62.000,83.000,4.330,2.960,7.660,20.744,19.300,22.800,1.256,0.800,1.900,1010.633,1009.500,1011.300,0.000,9.000,9.000,0.881,0.480,1.000,0.059,0.104,0.869,0.878,0.465,83.111,19.944,0.000,,,0.000,,0.930,0.000,9.270,0.000
2024-03-23,9.000,0.000,0.000,8.000,0.000,0.000,0.000,92.444,88.000,98.000,1.298,0.340,2.090,22.944,21.600,24.500,1.167,0.500,2.100,1011.822,1011.300,1012.200,-8.800,9.000,9.000,0.939,0.820,0.990,0.484,0.242,0.882,0.912,0.837,88.333,23.500,0.000,,,0.000,,0.970,0.000,9.250,0.000
2024-03-24,9.000,0.000,0.000,8.111,0.000,0.000,0.000,88.444,84.000,92.000,2.046,1.370,2.920,24.300,22.700,26.000,1.133,0.500,1.500,1011.278,1009.800,1012.600,0.000,9.000,9.000,0.760,0.210,0.960,0.019,0.008,0.760,0.761,0.210,88.778,23.856,0.000,,,0.000,,0.994,0.000,9.220,0.000
2024-03-25,9.000,0.000,0.000,3.556,0.000,0.000,0.000,87.333,81.000,92.000,2.279,1.380,3.540,25.278,23.600,26.900,0.989,0.400,1.500,1010.889,1010.300,1011.200,0.000,9.000,9.000,0.026,0.000,0.050,0.012,0.013,0.000,0.013,0.000,90.333,24.133,0.000,,,0.000,,1.000,0.000,9.190,0.000
2024-03-26,9.000,0.000,0.000,9.000,0.000,0.000,0.000,81.111,79.000,86.000,3.284,2.360,3.690,17.544,17.100,17.800,4.022,3.000,5.400,1018.378,1016.800,1019.500,0.000,9.000,9.000,0.884,0.650,0.990,0.858,0.007,0.244,0.251,0.069,82.778,17.844,0.000,,,0.000,,0.987,0.000,9.170,0.000
2024-03-27,9.000,0.000,0.000,6.000,0.000,0.000,0.000,79.889,77.000,84.000,3.628,2.810,4.220,21.522,20.900,22.000,1.433,0.900,2.000,1012.200,1009.300,1014.400,0.000,9.000,9.000,0.478,0.010,0.870,0.020,0.000,0.463,0.463,0.000,87.111,20.611,0.000,,,0.000,,0.957,0.470,9.140,0.052
2024-03-28,9.000,0.000,0.000,10.000,0.000,0.000,0.000,79.667,75.000,85.000,3.790,2.680,4.800,25.556,23.800,26.500,1.411,0.600,2.500,1009.711,1008.900,1010.500,0.000,9.000,9.000,0.929,0.670,1.000,0.183,0.151,0.903,0.933,0.679,83.111,23.922,0.100,,,0.000,,0.909,1.370,9.110,0.151
2024-03-29,9.000,0.000,0.000,9.889,0.000,0.000,0.000,76.667,73.000,81.000,4.321,3.420,5.110,22.544,22.100,23.100,1.333,0.800,2.700,1011.111,1010.600,1011.600,0.000,9.000,9.000,0.993,0.970,1.000,0.012,0.018,0.993,0.993,0.970,86.000,21.811,0.000,,,0.000,,0.845,2.310,9.080,0.255
2024-03-30,9.000,0.000,0.000,5.556,0.000,0.000,0.000,86.444,79.000,90.000,2.411,1.730,3.900,23.389,22.400,24.900,1.144,0.600,1.900,1009.422,1008.300,1010.400,0.000,9.000,9.000,0.826,0.410,1.000,0.128,0.027,0.821,0.823,0.390,93.333,22.456,0.000,,,0.000,,0.766,3.290,9.060,0.364
2024-03-31,9.000,0.000,0.000,10.000,0.000,0.000,0.000,94.444,85.000,98.000,0.946,0.330,2.610,22.300,20.100,23.800,1.822,0.700,3.400,1008.744,1007.100,1009.400,-8.300,9.000,9.000,0.999,0.990,1.000,0.557,0.346,0.998,0.998,0.984,85.889,23.511,1.500,,,0.000,,0.674,4.290,9.030,0.475
2024-04-01,9.000,0.000,0.000,8.222,0.000,0.000,0.000,85.556,78.000,96.000,2.591,0.670,4.060,22.611,21.500,23.500,1.089,0.400,1.700,1008.256,1007.100,1009.400,-48.500,9.000,9.000,0.801,0.200,0.980,0.084,0.082,0.764,0.776,0.079,85.778,22.633,0.000,,,0.000,,0.572,5.260,9.000,0.584
2024-04-02,9.000,0.000,0.000,4.000,0.000,0.000,0.000,83.333,77.000,91.000,3.076,1.570,4.390,26.133,24.600,27.400,1.256,0.300,2.400,1005.867,1005.200,1006.700,0.000,9.000,9.000,0.650,0.240,0.960,0.412,0.056,0.406,0.437,0.050,90.111,25.611,0.000,,,0.000,,0.464,6.170,8.970,0.688
2024-04-03,9.000,0.000,0.000,7.111,0.000,0.000,0.000,78.444,72.000,87.000,4.097,2.320,5.530,26.933,25.400,28.100,1.478,0.900,2.200,1007.978,1007.500,1008.800,0.000,9.000,9.000,0.638,0.360,0.990,0.587,0.064,0.144,0.196,0.060,89.444,26.067,0.300,,,0.000,,0.354,7.000,8.950,0.782
2024-04-04,9.000,0.000,0.000,10.000,0.000,0.000,0.000,90.778,89.000,93.000,1.577,1.200,1.890,21.800,20.500,23.400,2.056,0.900,4.100,1011.378,1009.500,1014.300,-19.600,9.000,9.000,1.000,1.000,1.000,0.938,0.427,1.000,1.000,1.000,93.333,23.322,0.200,,,0.000,,0.249,7.740,8.920,0.868
2024-04-05,9.000,0.000,0.000,10.000,0.000,0.000,0.000,89.222,87.000,96.000,1.838,0.660,2.230,20.089,19.800,20.400,2.411,1.200,3.600,1012.656,1012.000,1013.400,-9.800,9.000,9.000,0.987,0.920,1.000,0.848,0.359,0.932,0.984,0.943,88.667,21.156,1.500,,,0.000,,0.154,8.410,8.890,0.946
2024-04-06,9.000,0.000,0.000,10.000,0.000,0.000,0.000,93.889,92.000,97.000,1.024,0.490,1.350,21.144,20.700,21.600,2.744,2.000,3.500,1010.600,1009.200,1011.800,-29.400,9.000,9.000,1.000,1.000,1.000,1.000,0.890,0.989,0.999,0.998,96.222,21.956,6.800,,,0.000,,0.077,8.860,8.860,1.000
2024-04-07,9.000,0.000,0.000,10.000,0.000,0.000,0.000,94.778,92.000,97.000,0.880,0.500,1.360,21.978,21.700,22.100,2.233,0.700,3.800,1008.611,1007.600,1009.600,-19.600,9.000,9.000,0.978,0.880,1.000,0.874,0.532,0.400,0.754,0.546,95.778,22.878,2.000,,,0.000,,0.025,8.830,8.830,1.000
2024-04-08,9.000,0.000,0.000,9.667,0.000,0.000,0.000,95.444,91.000,97.000,0.754,0.490,1.540,19.556,18.400,22.500,2.456,1.600,3.300,1012.233,1010.600,1012.900,-5.600,9.000,9.000,1.000,1.000,1.000,1.000,0.830,0.030,0.831,0.620,92.556,20.456,2.800,,,0.000,,0.001,8.800,8.800,1.000
2024-04-09,9.000,0.000,0.000,9.889,0.000,0.000,0.000,81.778,74.000,90.000,3.224,1.690,4.760,19.678,18.900,20.200,3.411,2.600,4.400,1014.456,1013.000,1016.100,-38.700,9.000,9.000,0.630,0.360,0.930,0.604,0.146,0.000,0.146,0.070,83.111,19.611,0.100,,,0.000,,0.008,8.780,8.780,1.000
2024-04-10,9.000,0.000,0.000,7.889,0.000,0.000,0.000,81.778,77.000,89.000,3.290,1.880,4.250,22.100,20.800,22.800,1.700,0.600,2.300,1012.944,1011.700,1013.800,0.000,9.000,9.000,0.201,0.080,0.440,0.109,0.058,0.096,0.149,0.040,86.000,21.078,0.000,,,0.000,,0.043,8.280,8.750,0.947
2024-04-11,9.000,0.000,0.000,5.556,0.000,0.000,0.000,86.889,77.000,93.000,2.342,1.190,4.310,23.178,22.400,24.700,1.233,1.000,1.500,1011.078,1010.100,1012.100,0.000,9.000,9.000,0.340,0.100,0.750,0.018,0.010,0.317,0.323,0.000,89.222,23.322,0.000,,,0.000,,0.102,7.140,8.720,0.818
2024-04-12,9.000,0.000,0.000,6.444,0.000,0.000,0.000,85.333,80.000,89.000,2.661,1.940,3.730,25.333,24.600,26.300,0.844,0.600,1.100,1009.144,1008.400,1009.700,0.000,9.000,9.000,0.416,0.060,0.910,0.029,0.060,0.368,0.409,0.040,90.667,24.444,0.000,,,0.000,,0.181,6.010,8.690,0.692
2024-04-13,9.000,0.000,0.000,5.333,0.000,0.000,0.000,88.333,86.000,91.000,2.072,1.560,2.520,25.233,24.100,25.800,1.411,0.800,2.900,1008.811,1007.900,1009.700,0.000,9.000,9.000,0.938,0.740,1.000,0.792,0.031,0.297,0.314,0.010,90.778,24.189,0.000,,,0.000,,0.271,4.960,8.660,0.572
2024-04-14,9.000,0.000,0.000,5.222,0.000,0.000,0.000,89.889,86.000,94.000,1.792,1.030,2.540,25.556,24.400,26.500,0.844,0.400,1.700,1008.333,1007.700,1008.900,0.000,9.000,9.000,0.129,0.050,0.210,0.066,0.006,0.068,0.073,0.000,91.556,25.400,0.000,,,0.000,,0.369,4.000,8.630,0.463
2024-04-15,9.000,0.000,0.000,4.111,0.000,0.000,0.000,90.444,84.000,92.000,1.698,1.400,2.950,26.167,25.600,27.700,1.933,0.800,2.900,1009.600,1008.400,1010.500,0.000,9.000,9.000,0.432,0.220,0.640,0.186,0.061,0.298,0.339,0.109,91.556,25.589,0.000,,,0.000,,0.470,3.170,8.610,0.368
2024-04-16,4.000,0.000,0.000,5.750,,,,86.778,81.000,91.000,2.388,1.570,3.540,25.767,24.700,26.900,1.522,0.800,2.500,1007.444,1006.500,1008.700,0.000,9.000,9.000,0.321,0.030,0.830,0.184,0.001,0.173,0.174,0.000,92.667,24.800,0.000,,,0.000,,0.568,2.440,8.580,0.285
2024-04-17,9.000,0.000,0.000,9.000,0.000,0.000,0.000,75.333,68.000,81.000,4.761,3.520,6.450,26.667,25.700,27.800,1.467,0.800,3.200,1004.922,1004.300,1005.800,0.000,9.000,9.000,0.981,0.950,1.000,0.031,0.222,0.976,0.982,0.955,73.444,26.167,0.000,,,0.000,,0.662,1.810,8.550,0.212
2024-04-18,9.000,0.000,0.000,9.000,0.000,0.000,0.000,79.778,77.000,83.000,3.664,3.030,4.230,22.233,21.900,22.600,3.156,2.200,4.400,1007.867,1006.300,1009.100,-9.800,9.000,9.000,0.698,0.180,1.000,0.081,0.214,0.673,0.720,0.177,85.000,21.933,0.600,,,0.000,,0.749,1.250,8.520,0.147
2024-04-19,9.000,0.000,0.000,9.889,0.000,0.000,0.000,89.556,87.000,92.000,1.829,1.390,2.310,24.133,23.400,24.900,1.267,0.600,2.200,1005.989,1004.600,1007.100,0.000,9.000,9.000,0.684,0.180,1.000,0.108,0.173,0.658,0.711,0.178,91.667,24.133,0.000,,,0.000,,0.826,0.740,8.490,0.087
2024-04-20,9.000,0.000,0.000,8.667,0.000,0.000,0.000,97.111,94.000,98.000,0.490,0.340,1.020,24.344,23.500,25.300,1.267,0.700,1.600,1006.211,1005.000,1007.300,5.000,9.000,9.000,0.708,0.050,1.000,0.006,0.000,0.708,0.708,0.050,95.000,24.511,0.000,,,0.000,,0.891,0.250,8.460,0.030
2024-04-21,9.000,0.000,0.000,9.889,0.000,0.000,0.000,78.556,76.000,82.000,4.037,3.300,4.600,26.356,25.500,27.100,1.122,0.800,2.000,1007.056,1005.800,1008.400,0.000,9.000,9.000,0.939,0.820,1.000,0.024,0.449,0.789,0.947,0.831,90.222,25.400,0.000,,,0.000,,0.943,0.000,8.440,0.000
2024-04-22,9.000,0.000,0.000,10.000,0.000,0.000,0.000,92.222,88.000,96.000,1.366,0.680,2.160,25.511,24.800,26.700,1.589,0.800,2.800,1006.000,1004.800,1007.100,-48.500,9.000,9.000,0.873,0.700,1.000,0.004,0.504,0.763,0.889,0.723,92.889,25.111,0.300,,,0.000,,0.979,0.000,8.410,0.000
2024-04-23,9.000,0.000,0.000,10.000,0.000,0.000,0.000,85.889,74.000,98.000,2.621,0.340,5.070,25.978,24.100,27.900,0.878,0.500,1.800,1006.189,1005.200,1006.900,-28.900,9.000,9.000,0.901,0.650,1.000,0.303,0.486,0.708,0.884,0.657,89.556,25.389,3.200,,,0.000,,0.997,0.000,8.380,0.000
2024-04-24,9.000,0.000,0.000,8.111,0.000,0.000,0.000,92.111,90.000,95.000,1.334,0.830,1.710,21.000,20.000,21.700,2.689,1.700,3.400,1007.633,1005.600,1009.100,-9.800,9.000,9.000,0.922,0.500,1.000,0.303,0.147,0.908,0.917,0.489,91.444,21.033,0.000,,,0.000,,0.997,0.000,8.350,0.000
2024-04-25,9.000,0.000,0.000,9.889,0.000,0.000,0.000,98.444,98.000,99.000,0.260,0.170,0.340,22.867,22.000,23.700,1.111,0.500,1.800,1004.844,1003.700,1006.400,-3.300,9.000,9.000,0.973,0.850,1.000,0.132,0.733,0.946,0.968,0.808,97.778,22.878,51.400,,,0.000,,0.978,0.000,8.320,0.000
2024-04-26,9.000,0.000,0.000,8.889,0.000,0.000,0.000,95.667,94.000,97.000,0.733,0.500,1.030,23.311,22.700,24.300,1.300,0.800,2.300,1003.789,1003.300,1004.200,0.000,9.000,9.000,0.896,0.660,1.000,0.648,0.243,0.659,0.743,0.199,96.333,23.689,0.900,,,0.000,,0.938,0.920,8.300,0.111
2024-04-27,9.000,0.000,0.000,10.000,0.000,0.000,0.000,92.333,91.000,94.000,1.332,1.030,1.580,24.956,24.600,25.400,1.367,0.800,2.200,1006.867,1004.400,1008.200,-19.600,9.000,9.000,1.000,1.000,1.000,0.333,0.608,0.998,0.999,0.989,93.778,24.500,1.700,,,0.000,,0.880,1.920,8.270,0.232
2024-04-28,9.000,0.000,0.000,5.889,0.000,0.000,0.000,81.000,70.000,86.000,3.520,2.490,5.940,24.878,23.600,27.000,1.489,0.900,2.500,1006.667,1005.900,1007.100,0.000,9.000,9.000,0.267,0.030,0.810,0.001,0.019,0.256,0.272,0.040,90.444,24.867,0.000,,,0.000,,0.804,2.890,8.240,0.351
2024-04-29,9.000,0.000,0.000,7.889,0.000,0.000,0.000,76.556,68.000,85.000,4.534,2.730,6.500,27.767,26.400,28.800,1.267,0.500,2.100,1004.156,1003.300,1005.200,0.000,9.000,9.000,0.991,0.930,1.000,0.088,0.311,0.991,0.992,0.933,87.111,26.578,0.200,,,0.000,,0.713,3.820,8.210,0.465
2024-04-30,9.000,0.000,0.000,10.000,0.000,0.000,0.000,72.111,59.000,96.000,5.649,0.680,8.740,26.111,23.700,27.600,2.278,0.700,5.000,1003.878,1001.400,1005.900,-28.400,9.000,9.000,0.978,0.860,1.000,0.036,0.528,0.967,0.981,0.867,89.889,25.289,3.200,,,0.000,,0.610,4.650,8.180,0.568
2024-05-01,9.000,0.000,0.000,10.000,0.000,0.000,0.000,89.556,87.000,94.000,1.789,1.000,2.250,21.067,20.600,21.300,2.756,2.100,3.500,1009.600,1009.000,1010.000,-54.800,9.000,9.000,0.994,0.960,1.000,0.911,0.818,0.632,0.927,0.767,94.444,21.233,1.600,,,0.000,,0.500,5.400,8.160,0.662
2024-05-02,9.000,0.000,0.000,7.000,0.000,0.000,0.000,76.444,75.000,79.000,4.321,3.800,4.630,21.511,21.400,21.700,2.744,1.500,4.000,1011.567,1010.400,1012.700,0.000,9.000,9.000,0.997,0.980,1.000,0.996,0.151,0.236,0.343,0.138,82.000,22.000,0.000,,,0.000,,0.387,6.070,8.130,0.746
2024-05-03,9.000,0.000,0.000,5.444,0.000,0.000,0.000,86.889,84.000,89.000,2.310,1.920,2.860,23.122,22.600,23.300,3.644,3.100,4.400,1009.344,1008.200,1010.400,0.000,9.000,9.000,0.673,0.100,0.980,0.234,0.008,0.593,0.595,0.010,87.222,23.322,0.000,,,0.000,,0.278,6.680,8.100,0.824
2024-05-04,9.000,0.000,0.000,6.556,0.000,0.000,0.000,84.667,80.000,87.000,2.781,2.320,3.740,25.489,24.800,26.800,1.389,0.800,1.800,1006.300,1004.700,1007.500,0.000,9.000,9.000,0.840,0.610,0.980,0.609,0.109,0.482,0.535,0.117,90.444,25.300,0.000,,,0.000,,0.179,7.260,8.080,0.899
2024-05-05,9.000,0.000,0.000,4.444,0.000,0.000,0.000,83.667,81.000,86.000,2.994,2.540,3.500,26.411,25.500,27.100,1.167,0.800,1.700,1006.989,1006.400,1007.700,0.000,9.000,9.000,0.146,0.080,0.260,0.054,0.110,0.003,0.113,0.060,90.778,25.900,0.000,,,0.000,,0.097,7.850,8.050,0.975
2024-05-06,9.000,0.000,0.000,8.111,0.000,0.000,0.000,81.778,78.000,85.000,3.352,2.700,4.140,25.389,24.900,26.100,2.744,2.100,3.300,1010.189,1009.800,1010.800,0.000,9.000,9.000,0.976,0.880,1.000,0.794,0.001,0.942,0.942,0.800,90.667,25.811,0.000,,,0.000,,0.038,8.020,8.020,1.000
2024-05-07,9.000,0.000,0.000,9.667,0.000,0.000,0.000,72.444,65.000,78.000,5.324,4.080,7.060,24.789,24.300,25.400,3.344,2.500,3.800,1010.511,1009.600,1011.400,0.000,9.000,9.000,0.394,0.210,0.700,0.007,0.174,0.270,0.402,0.208,82.444,23.967,0.000,,,0.000,,0.006,8.000,8.000,1.000
2024-05-08,9.000,0.000,0.000,6.889,0.000,0.000,0.000,59.222,53.000,63.000,8.410,7.430,10.190,23.011,21.700,24.200,2.911,2.300,3.700,1014.344,1013.900,1014.800,0.000,9.000,9.000,0.960,0.910,0.990,0.044,0.002,0.959,0.959,0.911,74.333,22.278,0.000,,,0.000,,0.003,7.970,7.970,1.000
2024-05-09,9.000,0.000,0.000,10.000,0.000,0.000,0.000,73.222,68.000,77.000,5.047,4.240,6.210,22.456,22.100,22.800,3.744,3.100,4.500,1013.311,1012.000,1014.600,0.000,9.000,9.000,0.983,0.950,1.000,0.026,0.311,0.979,0.985,0.954,71.000,21.389,0.000,,,0.000,,0.026,7.920,7.950,0.997
2024-05-10,9.000,0.000,0.000,6.111,0.000,0.000,0.000,68.333,61.000,72.000,6.279,5.380,8.170,25.356,24.500,27.100,1.456,0.600,2.100,1011.333,1010.000,1012.600,0.000,9.000,9.000,0.611,0.090,0.990,0.039,0.013,0.588,0.594,0.030,85.667,23.467,0.000,,,0.000,,0.073,6.810,7.920,0.860
2024-05-11,9.000,0.000,0.000,10.000,0.000,0.000,0.000,71.333,67.000,75.000,5.627,4.750,6.680,26.511,25.200,27.800,1.389,0.900,2.000,1009.500,1008.700,1010.100,0.000,9.000,9.000,0.799,0.510,0.960,0.017,0.018,0.796,0.800,0.510,81.111,25.189,0.000,,,0.000,,0.140,5.790,7.900,0.733
2024-05-12,9.000,0.000,0.000,10.000,0.000,0.000,0.000,92.111,88.000,95.000,1.354,0.850,2.060,23.156,20.800,26.500,2.656,1.400,4.300,1008.322,1007.400,1008.800,25.500,9.000,9.000,0.999,0.990,1.000,0.924,0.612,0.973,0.990,0.968,93.000,24.211,10.500,,,0.000,,0.220,4.880,7.870,0.620
2024-05-13,9.000,0.000,0.000,10.000,0.000,0.000,0.000,81.222,75.000,89.000,3.303,1.830,4.500,18.189,17.000,19.400,1.733,1.300,2.700,1011.178,1009.900,1012.800,-16.100,9.000,9.000,0.961,0.880,1.000,0.132,0.503,0.933,0.966,0.886,73.889,18.678,0.300,,,0.000,,0.310,4.100,7.850,0.523
2024-05-14,8.000,0.000,0.000,4.875,0.000,0.000,0.000,76.556,65.000,87.000,4.322,2.210,6.880,20.411,18.600,22.000,1.533,0.700,2.400,1011.556,1010.700,1012.500,0.000,9.000,9.000,0.267,0.150,0.380,0.251,0.006,0.016,0.021,0.000,84.333,20.367,0.000,,,0.000,,0.405,3.430,7.820,0.439
2024-05-15,9.000,0.000,0.000,7.222,0.000,0.000,0.000,57.111,44.000,69.000,8.957,5.880,12.720,21.111,20.100,23.000,1.322,0.500,2.200,1014.311,1013.500,1014.700,0.000,9.000,9.000,0.297,0.040,0.750,0.044,0.003,0.266,0.268,0.050,75.222,19.189,0.000,,,0.000,,0.502,2.850,7.800,0.365
2024-05-16,9.000,0.000,0.000,8.444,0.000,0.000,0.000,65.889,63.000,70.000,6.739,5.760,7.450,23.133,22.700,23.400,2.422,1.200,4.000,1010.311,1009.100,1011.400,0.000,9.000,9.000,0.500,0.200,0.880,0.092,0.029,0.448,0.467,0.167,75.889,21.111,0.300,,,0.000,,0.597,2.320,7.780,0.299
2024-05-17,9.000,0.000,0.000,8.778,0.000,0.000,0.000,74.111,64.000,84.000,4.961,2.840,7.330,24.044,22.600,25.900,1.533,0.800,2.100,1008.178,1007.400,1008.900,0.000,9.000,9.000,0.989,0.940,1.000,0.024,0.056,0.988,0.989,0.940,84.889,22.978,0.000,,,0.000,,0.687,1.830,7.750,0.237
2024-05-18,9.000,0.000,0.000,9.667,0.000,0.000,0.000,78.333,70.000,82.000,4.072,3.290,5.920,25.511,25.000,26.500,2.667,2.300,3.000,1005.867,1004.700,1006.900,0.000,9.000,9.000,0.930,0.790,1.000,0.149,0.084,0.919,0.926,0.772,87.111,24.911,0.000,,,0.000,,0.771,1.360,7.730,0.176
2024-05-19,9.000,0.000,0.000,10.000,0.000,0.000,0.000,77.778,75.000,81.000,4.197,3.520,4.790,26.322,26.000,26.600,2.700,1.500,4.000,1005.356,1004.400,1006.400,0.000,9.000,9.000,0.996,0.980,1.000,0.092,0.292,0.992,0.993,0.976,87.111,25.756,0.100,,,0.000,,0.846,0.880,7.710,0.114
2024-05-20,9.000,0.000,0.000,10.000,0.000,0.000,0.000,89.556,85.000,93.000,1.848,1.210,2.710,25.233,24.900,25.700,2.533,1.900,3.700,1007.311,1006.200,1008.200,-9.800,9.000,9.000,1.000,1.000,1.000,1.000,0.413,0.999,0.999,0.993,94.778,25.811,7.100,,,0.000,,0.908,0.380,7.690,0.049
2024-05-21,9.000,0.000,0.000,10.000,0.000,0.000,0.000,94.333,92.000,96.000,0.978,0.680,1.390,25.089,24.700,25.500,1.000,0.600,1.300,1006.544,1005.600,1007.500,-19.600,9.000,9.000,0.996,0.970,1.000,0.230,0.706,0.987,0.992,0.934,96.111,25.478,4.200,,,0.000,,0.956,0.000,7.670,0.000
2024-05-22,9.000,0.000,0.000,10.000,0.000,0.000,0.000,89.667,89.000,91.000,1.806,1.560,1.930,24.100,24.000,24.200,1.500,1.200,2.100,1006.867,1005.700,1008.000,-38.700,9.000,9.000,1.000,1.000,1.000,0.727,0.599,0.997,0.999,0.994,94.000,24.567,1.300,,,0.000,,0.987,0.000,7.650,0.000
2024-05-23,9.000,0.000,0.000,10.000,0.000,0.000,0.000,95.222,94.000,97.000,0.816,0.510,1.030,24.144,23.900,24.300,0.889,0.400,1.400,1007.200,1006.700,1007.700,-58.800,9.000,9.000,0.994,0.990,1.000,0.193,0.853,0.989,0.998,0.985,93.222,25.133,1.800,,,0.000,,0.999,0.000,7.630,0.000
2024-05-24,9.000,0.000,0.000,10.000,0.000,0.000,0.000,90.000,87.000,93.000,1.764,1.210,2.330,25.400,24.600,26.000,0.678,0.500,0.800,1008.356,1007.100,1009.600,-19.600,9.000,9.000,0.976,0.920,1.000,0.036,0.172,0.973,0.980,0.932,93.111,25.278,0.400,,,0.000,,0.989,0.000,7.610,0.000
2024-05-25,9.000,0.000,0.000,10.000,0.000,0.000,0.000,83.222,79.000,87.000,3.090,2.330,3.980,26.444,25.600,27.800,0.878,0.500,1.500,1006.756,1005.800,1007.700,-9.800,9.000,9.000,0.931,0.770,1.000,0.014,0.754,0.841,0.950,0.825,91.333,26.567,1.300,,,0.000,,0.958,0.460,7.590,0.061
2024-05-26,9.000,0.000,0.000,5.000,0.000,0.000,0.000,91.556,88.000,93.000,1.479,1.210,2.150,25.200,24.500,26.100,0.844,0.500,1.500,1003.489,1002.100,1005.100,0.000,9.000,9.000,0.401,0.160,0.810,0.111,0.204,0.274,0.402,0.154,90.889,25.778,1.600,,,0.000,,0.905,1.420,7.570,0.187
2024-05-27,9.000,0.000,0.000,10.000,0.000,0.000,0.000,88.778,86.000,91.000,2.011,1.600,2.530,26.633,26.000,27.600,0.656,0.300,1.200,997.211,996.100,998.100,-19.600,9.000,9.000,0.994,0.980,1.000,0.567,0.214,0.982,0.988,0.974,95.778,26.778,0.000,,,0.000,,0.832,2.290,7.550,0.303
2024-05-28,9.000,0.000,0.000,9.222,0.000,0.000,0.000,71.778,70.000,76.000,5.362,4.450,5.760,22.678,22.500,22.800,2.756,2.100,3.300,1005.467,1005.200,1005.800,-9.800,9.000,9.000,0.856,0.650,1.000,0.840,0.127,0.302,0.388,0.089,81.667,22.211,0.000,,,0.000,,0.741,3.060,7.530,0.407
2024-05-29,9.000,0.000,0.000,7.889,0.000,0.000,0.000,84.667,80.000,87.000,2.758,2.300,3.670,24.433,24.100,24.800,2.367,1.000,4.100,1004.678,1004.100,1005.700,-9.800,9.000,9.000,0.418,0.160,0.760,0.183,0.368,0.009,0.375,0.100,86.333,24.444,1.500,,,0.000,,0.638,3.750,7.520,0.499
2024-05-30,9.000,0.000,0.000,6.222,0.000,0.000,0.000,77.667,66.000,83.000,4.319,3.130,7.030,27.978,26.500,29.700,1.356,0.500,2.300,1006.044,1005.600,1006.500,0.000,9.000,9.000,0.837,0.400,1.000,0.253,0.337,0.646,0.730,0.226,89.667,27.511,0.000,,,0.000,,0.526,4.370,7.500,0.582
2024-05-31,9.000,0.000,0.000,10.000,0.000,0.000,0.000,86.889,82.000,91.000,2.399,1.600,3.380,27.778,26.900,28.600,1.244,0.800,1.900,1007.944,1007.400,1008.300,-29.400,9.000,9.000,0.907,0.720,1.000,0.641,0.493,0.676,0.825,0.447,96.667,28.033,0.500,,,0.000,,0.411,4.940,7.490,0.660
2024-06-01,9.000,0.000,0.000,10.000,0.000,0.000,0.000,90.667,90.000,92.000,1.633,1.390,1.760,24.722,24.400,25.600,2.311,1.800,2.800,1007.044,1005.500,1008.200,2.000,9.000,9.000,1.000,1.000,1.000,1.000,0.369,0.931,0.955,0.832,96.000,25.978,4.700,,,0.000,,0.301,5.510,7.470,0.737
2024-06-02,9.000,0.000,0.000,10.000,0.000,0.000,0.000,92.889,92.000,94.000,1.193,1.000,1.350,20.800,20.400,21.200,2.222,1.000,3.800,1005.522,1004.500,1006.600,-16.100,9.000,9.000,1.000,1.000,1.000,0.982,0.899,0.452,0.900,0.590,94.778,21.400,10.800,,,0.000,,0.200,6.090,7.460,0.816
2024-06-03,9.000,0.000,0.000,10.000,0.000,0.000,0.000,71.556,68.000,75.000,5.417,4.640,6.220,22.811,22.200,23.300,2.700,2.000,3.300,1007.889,1006.500,1009.500,-49.000,9.000,9.000,0.946,0.710,1.000,0.204,0.908,0.529,0.962,0.749,75.556,22.767,0.300,,,0.000,,0.116,6.710,7.440,0.902
2024-06-04,9.000,0.000,0.000,10.000,0.000,0.000,0.000,68.222,67.000,70.000,6.304,5.830,6.610,25.767,24.500,26.200,1.967,0.800,3.000,1008.544,1007.800,1009.100,-19.600,9.000,9.000,0.959,0.860,1.000,0.070,0.852,0.693,0.961,0.878,74.444,24.044,4.200,,,0.000,,0.053,7.410,7.430,0.997
2024-06-05,9.000,0.000,0.000,10.000,0.000,0.000,0.000,97.556,96.000,98.000,0.406,0.330,0.670,23.044,22.900,23.300,0.589,0.300,0.900,1008.400,1007.000,1009.700,-4.600,9.000,9.000,0.981,0.870,1.000,0.838,0.888,0.321,0.916,0.632,97.222,23.944,1.400,,,0.000,,0.014,7.420,7.420,1.000
2024-06-06,9.000,0.000,0.000,9.667,0.000,0.000,0.000,97.111,96.000,98.000,0.481,0.330,0.670,23.122,23.000,23.200,0.800,0.400,1.300,1006.778,1005.800,1007.700,-19.100,9.000,9.000,0.781,0.670,0.940,0.684,0.468,0.003,0.470,0.234,97.667,23.900,1.700,,,0.000,,0.002,7.410,7.410,1.000
2024-06-07,9.000,0.000,0.000,6.444,0.000,0.000,0.000,86.889,84.000,89.000,2.356,1.950,2.920,25.833,25.600,26.300,0.789,0.200,1.600,1004.578,1003.600,1006.100,0.000,9.000,9.000,0.606,0.480,0.830,0.562,0.170,0.023,0.192,0.000,92.333,26.267,0.000,,,0.000,,0.014,7.400,7.400,1.000
2024-06-08,9.000,0.000,0.000,9.222,0.000,0.000,0.000,83.667,82.000,88.000,2.991,2.140,3.330,26.233,25.900,26.600,1.556,0.400,3.500,1005.244,1004.700,1006.000,0.000,9.000,9.000,0.483,0.300,0.730,0.262,0.227,0.184,0.364,0.190,92.222,26.433,0.300,,,0.000,,0.048,6.890,7.390,0.933
2024-06-09,9.000,0.000,0.000,9.111,0.000,0.000,0.000,89.333,87.000,92.000,1.904,1.410,2.350,26.722,26.200,27.500,1.056,0.800,1.500,1007.356,1006.500,1008.000,0.000,9.000,9.000,0.993,0.980,1.000,0.246,0.402,0.987,0.994,0.974,94.000,26.789,1.500,,,0.000,,0.102,6.060,7.380,0.821
2024-06-10,9.000,0.000,0.000,9.889,0.000,0.000,0.000,77.444,70.000,83.000,4.379,3.140,6.090,28.811,27.300,30.500,1.411,0.600,1.900,1005.333,1004.300,1006.500,0.000,9.000,9.000,0.997,0.980,1.000,0.568,0.718,0.899,0.994,0.973,91.556,28.189,0.100,,,0.000,,0.172,5.340,7.370,0.725
2024-06-11,9.000,0.000,0.000,10.000,0.000,0.000,0.000,68.111,65.000,73.000,6.542,5.340,7.350,30.133,29.100,31.200,2.000,1.100,3.400,1002.456,1001.600,1003.400,0.000,9.000,9.000,0.992,0.960,1.000,0.537,0.112,0.964,0.968,0.878,89.333,28.411,0.000,,,0.000,,0.252,4.730,7.360,0.642
2024-06-12,9.000,0.000,0.000,10.000,0.000,0.000,0.000,65.778,59.000,78.000,7.187,4.210,9.000,30.189,28.500,31.700,1.511,0.700,2.200,1000.978,1000.100,1001.800,0.000,9.000,9.000,0.999,0.990,1.000,0.496,0.312,0.996,0.996,0.975,87.333,28.456,0.000,,,0.000,,0.341,4.190,7.360,0.569
2024-06-13,9.000,0.000,0.000,10.000,0.000,0.000,0.000,69.222,62.000,74.000,6.292,5.090,8.170,29.733,28.500,31.500,1.511,0.800,2.800,1001.011,1000.000,1001.800,0.000,9.000,9.000,1.000,1.000,1.000,0.304,0.574,0.999,0.999,0.992,92.778,28.378,0.500,,,0.000,,0.434,3.690,7.350,0.503
2024-06-14,9.000,0.000,0.000,10.000,0.000,0.000,0.000,72.111,60.000,78.000,5.602,4.200,8.710,29.422,28.000,31.600,1.578,0.800,2.500,1001.056,999.800,1002.100,0.000,9.000,9.000,0.991,0.980,1.000,0.498,0.299,0.981,0.986,0.968,92.222,27.967,0.000,,,0.000,,0.529,3.230,7.340,0.439
2024-06-15,9.000,0.000,0.000,10.000,0.000,0.000,0.000,76.667,72.000,80.000,4.549,3.790,5.620,29.533,28.600,31.000,1.367,0.700,2.300,1004.122,1003.500,1004.900,-19.600,9.000,9.000,1.000,1.000,1.000,0.369,0.120,1.000,1.000,1.000,91.333,28.700,0.000,,,0.000,,0.622,2.760,7.340,0.377
2024-06-16,9.000,0.000,0.000,10.000,0.000,0.000,0.000,91.889,88.000,96.000,1.434,0.690,2.150,26.622,26.400,26.900,0.989,0.400,1.300,1004.867,1003.900,1005.600,-9.800,9.000,9.000,1.000,1.000,1.000,0.099,0.270,1.000,1.000,1.000,95.889,27.522,1.800,,,0.000,,0.712,2.280,7.340,0.311
2024-06-17,9.000,0.000,0.000,10.000,0.000,0.000,0.000,77.556,69.000,85.000,4.402,2.770,6.340,29.700,28.700,30.900,1.278,0.400,2.700,1004.122,1003.100,1005.000,0.000,9.000,9.000,1.000,1.000,1.000,0.570,0.403,0.999,0.999,0.994,91.889,28.456,0.500,,,0.000,,0.795,1.770,7.330,0.241
2024-06-18,9.000,0.000,0.000,9.667,0.000,0.000,0.000,88.556,86.000,93.000,2.059,1.230,2.550,26.956,26.600,27.400,1.033,0.400,1.600,1004.767,1003.900,1005.600,0.000,9.000,9.000,0.997,0.980,1.000,0.039,0.020,0.997,0.997,0.980,92.333,27.411,0.000,,,0.000,,0.868,1.180,7.330,0.161
2024-06-19,9.000,0.000,0.000,9.889,0.000,0.000,0.000,86.000,84.000,88.000,2.556,2.170,2.940,27.478,26.800,28.000,1.567,0.600,2.300,1003.244,1002.100,1004.300,0.000,9.000,9.000,0.908,0.800,0.990,0.108,0.101,0.896,0.909,0.798,89.778,27.822,0.000,,,0.000,,0.928,0.510,7.330,0.070
2024-06-20,9.000,0.000,0.000,10.000,0.000,0.000,0.000,80.889,73.000,85.000,3.640,2.760,5.390,29.178,28.200,30.400,1.433,0.900,1.900,1003.144,1002.200,1004.200,0.000,9.000,9.000,0.996,0.980,1.000,0.141,0.132,0.996,0.996,0.984,90.333,28.689,0.000,,,0.000,,0.972,0.000,7.330,0.000
2024-06-21,8.000,0.000,0.000,4.875,0.000,0.000,0.000,87.000,84.000,89.000,2.374,1.980,2.960,28.122,27.600,28.600,1.233,0.900,1.600,1003.367,1002.700,1004.100,0.000,9.000,9.000,1.000,1.000,1.000,0.113,0.010,1.000,1.000,1.000,90.000,28.656,0.000,,,0.000,,0.995,0.000,7.330,0.000
2024-06-22,9.000,0.000,0.000,5.556,0.000,0.000,0.000,83.889,78.000,88.000,3.042,2.190,4.290,29.933,28.900,30.900,1.222,0.900,1.800,1004.300,1003.800,1005.000,0.000,9.000,9.000,0.967,0.920,1.000,0.216,0.102,0.958,0.962,0.891,87.889,29.833,0.000,,,0.000,,0.996,0.000,7.330,0.000
2024-06-23,9.000,0.000,0.000,5.333,0.000,0.000,0.000,88.444,85.000,94.000,2.077,1.040,2.740,26.567,26.100,26.900,1.478,0.700,3.000,1005.633,1005.300,1006.200,0.500,9.000,9.000,0.907,0.640,0.970,0.284,0.184,0.872,0.900,0.673,87.222,28.533,0.100,,,0.000,,0.972,0.000,7.330,0.000
2024-06-24,9.000,0.000,0.000,9.111,0.000,0.000,0.000,89.111,84.000,95.000,1.952,0.870,2.920,26.289,25.600,26.800,1.611,1.200,2.100,1007.333,1006.800,1008.000,-19.600,9.000,9.000,0.972,0.940,1.000,0.053,0.193,0.964,0.971,0.931,89.222,27.333,0.000,,,0.000,,0.924,0.820,7.330,0.112
2024-06-25,9.000,0.000,0.000,9.778,0.000,0.000,0.000,90.444,87.000,96.000,1.701,0.690,2.360,26.600,26.000,27.500,1.456,0.800,2.200,1009.889,1009.200,1010.700,-18.600,9.000,9.000,0.973,0.910,1.000,0.126,0.250,0.961,0.973,0.917,87.556,27.789,2.600,,,0.000,,0.853,1.560,7.340,0.212
2024-06-26,9.000,0.000,0.000,5.556,0.000,0.000,0.000,87.444,85.000,90.000,2.286,1.800,2.770,28.100,27.300,28.800,1.389,0.700,2.300,1010.111,1009.700,1010.400,0.000,9.000,9.000,0.762,0.600,0.950,0.132,0.074,0.717,0.737,0.549,83.000,28.344,0.000,,,0.000,,0.764,2.210,7.340,0.301
2024-06-27,9.000,0.000,0.000,9.556,0.000,0.000,0.000,74.333,66.000,81.000,5.117,3.590,7.130,30.100,28.700,31.500,1.333,0.700,1.800,1007.833,1007.100,1008.800,0.000,9.000,9.000,0.997,0.990,1.000,0.054,0.093,0.996,0.996,0.990,87.222,28.722,0.100,,,0.000,,0.660,2.810,7.350,0.382
2024-06-28,8.000,0.000,0.000,6.250,0.000,0.000,0.000,84.000,82.000,86.000,2.932,2.530,3.340,26.767,26.200,27.300,1.311,0.500,2.400,1006.600,1005.600,1007.500,0.000,9.000,9.000,0.981,0.950,1.000,0.019,0.111,0.981,0.983,0.952,88.778,28.022,0.000,,,0.000,,0.547,3.380,7.350,0.460
2024-06-29,9.000,0.000,0.000,8.556,0.000,0.000,0.000,85.222,82.000,88.000,2.730,2.180,3.390,28.567,28.000,29.200,1.278,0.900,1.600,1005.133,1004.000,1006.400,-9.800,9.000,9.000,0.993,0.980,1.000,0.319,0.201,0.982,0.989,0.969,87.333,28.778,0.000,,,0.000,,0.433,3.950,7.360,0.537
2024-06-30,9.000,0.000,0.000,9.222,0.000,0.000,0.000,81.444,77.000,84.000,3.510,2.950,4.480,28.900,27.700,30.000,1.433,0.600,2.000,1004.356,1003.800,1005.100,0.000,9.000,9.000,0.979,0.900,1.000,0.146,0.056,0.974,0.976,0.894,86.556,29.178,0.000,,,0.000,,0.322,4.560,7.370,0.619
2024-07-01,8.000,0.000,0.000,6.750,0.000,0.000,0.000,94.111,92.000,96.000,1.039,0.700,1.420,27.922,27.200,28.400,1.044,0.600,1.600,1003.744,1002.900,1004.800,-19.600,9.000,9.000,0.542,0.230,0.810,0.174,0.097,0.457,0.494,0.156,88.111,29.389,2.500,,,0.000,,0.222,5.220,7.370,0.708
2024-07-02,9.000,0.000,0.000,3.667,0.000,0.000,0.000,85.778,83.000,87.000,2.589,2.340,3.140,26.989,26.300,27.500,1.389,0.900,2.000,1008.000,1007.400,1008.800,0.000,9.000,9.000,0.213,0.010,0.680,0.036,0.046,0.164,0.195,0.000,87.778,27.833,0.000,,,0.000,,0.137,5.970,7.380,0.808
2024-07-03,9.000,0.000,0.000,3.000,0.000,0.000,1.000,79.000,74.000,83.000,4.011,3.150,5.120,28.378,27.500,29.300,1.500,1.000,2.900,1011.222,1010.400,1012.000,0.000,9.000,9.000,0.119,0.070,0.210,0.093,0.058,0.000,0.058,0.030,85.667,28.989,0.400,,,0.000,,0.070,6.810,7.390,0.921
2024-07-04,9.000,3.000,2.000,2.667,0.000,0.000,1.000,75.333,70.000,80.000,4.851,3.800,6.120,29.556,28.200,31.100,1.767,0.900,3.100,1007.556,1006.700,1008.500,0.000,9.000,9.000,0.031,0.000,0.120,0.018,0.017,0.000,0.017,0.000,86.556,28.378,0.000,,,0.000,,0.026,7.400,7.400,1.000
2024-07-05,9.000,0.000,0.000,3.333,0.000,0.000,0.000,71.778,64.000,77.000,5.680,4.440,7.650,29.967,28.700,31.800,1.478,0.800,1.900,1005.522,1005.100,1006.000,0.000,9.000,9.000,0.289,0.130,0.750,0.287,0.022,0.000,0.022,0.000,84.333,29.100,0.000,,,0.000,,0.004,7.410,7.410,1.000
2024-07-06,9.000,0.000,0.000,3.556,0.000,0.000,0.000,81.333,79.000,87.000,3.513,2.380,4.010,28.278,27.800,28.700,1.189,0.900,1.600,1007.422,1007.000,1007.700,0.000,9.000,9.000,0.134,0.030,0.260,0.119,0.041,0.000,0.041,0.000,86.333,28.156,0.100,,,0.000,,0.005,7.430,7.430,1.000
2024-07-07,9.000,0.000,0.000,3.222,0.000,0.000,0.000,79.333,77.000,84.000,3.930,2.940,4.460,28.222,27.000,29.600,1.267,0.800,2.100,1006.811,1006.000,1007.500,0.000,9.000,9.000,0.044,0.010,0.130,0.036,0.018,0.002,0.020,0.000,83.889,27.867,0.000,,,0.000,,0.028,7.440,7.440,1.000
2024-07-08,9.000,0.000,0.000,3.889,0.000,0.000,0.000,81.556,78.000,85.000,3.397,2.700,4.130,25.378,24.800,25.900,1.300,0.400,2.200,1005.856,1004.900,1007.300,0.000,9.000,9.000,0.002,0.000,0.010,0.000,0.002,0.000,0.002,0.000,85.111,25.611,0.000,,,0.000,,0.069,6.920,7.450,0.929
2024-07-09,9.000,0.000,0.000,3.667,0.000,0.000,0.000,91.000,84.000,95.000,1.606,0.870,2.940,26.733,25.900,27.300,1.100,0.600,1.700,1006.000,1005.600,1006.600,-9.800,9.000,9.000,0.130,0.030,0.270,0.001,0.101,0.039,0.134,0.020,87.889,27.322,0.000,,,0.000,,0.126,6.360,7.470,0.852
2024-07-10,9.000,0.000,0.000,9.111,0.000,0.000,0.000,84.222,79.000,92.000,2.897,1.410,3.940,26.300,25.800,27.100,1.544,0.700,2.400,1004.867,1004.300,1005.600,0.000,9.000,9.000,0.970,0.840,1.000,0.000,0.043,0.963,0.971,0.848,87.556,27.711,0.000,,,0.000,,0.197,5.860,7.480,0.783
2024-07-11,8.000,0.000,0.000,7.500,0.000,0.000,0.000,81.667,75.000,85.000,3.464,2.750,4.930,28.667,27.400,30.400,1.400,0.500,2.100,1002.411,1001.400,1003.600,0.000,9.000,9.000,0.908,0.610,1.000,0.006,0.140,0.890,0.912,0.623,84.778,28.778,0.100,,,0.000,,0.278,5.390,7.490,0.719
2024-07-12,8.000,0.000,0.000,9.750,0.000,0.000,0.000,78.889,74.000,82.000,4.073,3.390,5.190,29.800,28.600,31.200,1.689,1.100,2.400,1001.644,1000.600,1002.700,0.000,9.000,9.000,0.983,0.950,1.000,0.013,0.001,0.983,0.983,0.950,81.000,29.467,0.000,,,0.000,,0.366,4.940,7.510,0.657
2024-07-13,9.000,0.000,0.000,5.667,0.000,0.000,0.000,78.556,77.000,81.000,4.089,3.550,4.440,28.178,27.400,28.800,1.622,1.000,2.700,1004.700,1004.300,1005.200,0.000,9.000,9.000,0.914,0.550,1.000,0.001,0.012,0.910,0.911,0.550,82.556,28.222,0.000,,,0.000,,0.459,4.480,7.530,0.595
2024-07-14,9.000,0.000,0.000,7.778,0.000,0.000,0.000,71.111,65.000,75.000,5.841,4.900,7.390,30.222,29.100,31.700,1.556,1.100,2.200,1006.211,1005.700,1006.800,0.000,9.000,9.000,0.976,0.940,1.000,0.019,0.004,0.976,0.976,0.940,83.000,28.722,0.000,,,0.000,,0.555,3.990,7.540,0.529
2024-07-15,8.000,0.000,0.000,7.875,0.000,0.000,0.000,65.778,61.000,71.000,7.163,5.820,8.440,30.611,29.500,31.600,1.822,1.100,3.300,1006.411,1005.900,1007.000,0.000,9.000,9.000,0.266,0.040,0.480,0.006,0.000,0.260,0.260,0.040,81.333,27.900,0.000,,,0.000,,0.649,3.450,7.560,0.456
2024-07-16,9.000,0.000,0.000,4.667,0.000,0.000,0.000,70.222,68.000,76.000,5.988,4.610,6.550,29.044,27.500,31.000,1.744,1.100,2.400,1007.444,1006.900,1008.300,-9.800,9.000,9.000,0.043,0.000,0.140,0.000,0.043,0.000,0.043,0.000,79.444,28.289,0.000,,,0.000,,0.740,2.830,7.580,0.374
2024-07-17,9.000,0.000,0.000,3.111,0.000,0.000,0.000,73.111,65.000,79.000,5.393,4.000,7.410,30.256,28.600,32.000,1.489,0.400,3.300,1007.322,1006.400,1008.400,0.000,9.000,9.000,0.304,0.050,0.790,0.010,0.022,0.282,0.304,0.040,84.889,28.567,0.000,,,0.000,,0.824,2.110,7.600,0.278
2024-07-18,9.000,0.000,0.000,4.444,0.000,0.000,0.000,74.556,68.000,79.000,5.061,4.030,6.640,30.567,29.300,31.800,1.411,0.900,1.800,1006.878,1005.700,1008.000,0.000,9.000,9.000,0.609,0.400,0.820,0.046,0.012,0.588,0.595,0.370,87.556,28.900,0.000,,,0.000,,0.895,1.270,7.620,0.167
2024-07-19,8.000,0.000,0.000,3.500,0.000,0.000,0.000,71.889,65.000,77.000,5.673,4.450,7.400,30.367,29.200,31.800,1.256,0.900,1.800,1005.778,1004.400,1007.100,0.000,9.000,9.000,0.073,0.010,0.170,0.058,0.003,0.013,0.016,0.000,85.111,29.300,0.000,,,0.000,,0.951,0.300,7.640,0.039
2024-07-20,9.000,0.000,0.000,3.000,0.000,0.000,1.000,66.222,62.000,73.000,7.062,5.350,8.170,30.867,29.400,31.800,1.967,1.100,2.900,1005.911,1004.900,1006.700,0.000,9.000,9.000,0.137,0.020,0.220,0.094,0.028,0.022,0.049,0.000,85.222,28.933,0.000,,,0.000,,0.987,0.000,7.660,0.000
2024-07-21,9.000,0.000,0.000,4.889,0.000,0.000,0.000,67.778,64.000,75.000,6.681,4.920,7.650,30.911,29.800,31.800,1.900,0.700,3.000,1004.989,1004.300,1005.900,0.000,9.000,9.000,0.510,0.340,0.770,0.006,0.000,0.509,0.509,0.340,80.778,29.122,0.000,,,0.000,,0.998,0.000,7.680,0.000
2024-07-22,9.000,0.000,0.000,4.333,0.000,0.000,0.000,76.000,67.000,88.000,4.763,2.180,6.880,30.444,28.400,31.700,2.822,2.000,4.000,1000.322,999.000,1001.400,-19.600,9.000,9.000,0.129,0.000,0.250,0.109,0.042,0.003,0.045,0.000,86.667,29.456,0.000,,,0.000,,0.983,0.000,7.700,0.000
2024-07-23,6.000,0.000,0.000,9.833,0.000,0.000,0.000,87.556,75.000,94.000,2.297,1.050,4.880,28.178,27.500,29.000,2.989,2.300,4.500,992.744,989.200,995.200,55.000,9.000,9.000,0.990,0.950,1.000,0.691,0.709,0.971,0.989,0.949,91.444,28.122,32.000,,,0.000,,0.941,0.300,7.720,0.038
2024-07-24,9.000,0.000,0.000,10.000,0.000,0.000,0.000,90.222,82.000,94.000,1.770,1.050,3.380,27.911,27.400,28.600,3.111,2.800,4.000,972.933,968.900,977.400,12.000,9.000,9.000,0.999,0.990,1.000,0.702,0.639,0.999,0.999,0.990,94.667,28.278,19.900,,,0.000,,0.873,0.940,7.740,0.121
2024-07-25,9.000,0.000,0.000,10.000,0.000,0.000,0.000,96.000,92.000,98.000,0.692,0.340,1.410,25.944,25.600,26.400,1.333,0.400,2.400,985.433,981.300,988.000,-11.100,9.000,9.000,1.000,1.000,1.000,0.101,0.973,1.000,1.000,1.000,94.889,27.311,16.500,,,0.000,,0.785,1.540,7.760,0.199
2024-07-26,9.000,0.000,0.000,10.000,0.000,0.000,0.000,95.333,94.000,97.000,0.812,0.520,1.050,26.800,26.400,27.300,1.333,0.600,2.000,999.489,997.900,1001.200,-18.600,9.000,9.000,0.999,0.990,1.000,0.488,0.557,0.998,0.998,0.982,95.556,27.744,0.600,,,0.000,,0.683,2.140,7.790,0.274
2024-07-27,9.000,0.000,0.000,9.222,0.000,0.000,0.000,81.778,79.000,86.000,3.421,2.550,4.010,28.222,27.300,29.200,1.244,0.700,1.800,1006.856,1006.000,1007.800,0.000,9.000,9.000,0.856,0.320,1.000,0.599,0.103,0.669,0.707,0.030,91.444,28.156,0.000,,,0.000,,0.571,2.750,7.810,0.352
2024-07-28,9.000,0.000,0.000,6.667,0.000,0.000,0.000,66.222,63.000,72.000,6.983,5.540,7.850,29.478,28.400,30.600,2.056,1.000,3.400,1005.811,1004.500,1006.900,0.000,9.000,9.000,0.319,0.000,0.980,0.016,0.007,0.310,0.312,0.000,86.444,28.644,0.000,,,0.000,,0.458,3.400,7.830,0.434
2024-07-29,8.000,0.000,0.000,3.500,0.000,0.000,0.000,75.889,74.000,78.000,4.692,4.200,5.130,29.000,28.100,29.600,2.078,1.000,3.400,1003.633,1003.200,1004.200,0.000,9.000,9.000,0.193,0.070,0.420,0.092,0.114,0.049,0.154,0.050,88.333,27.911,0.000,,,0.000,,0.349,4.130,7.860,0.525
2024-07-30,9.000,0.000,0.000,6.667,0.000,0.000,0.000,80.556,78.000,82.000,3.671,3.360,4.210,28.289,27.700,28.800,1.333,0.700,2.200,1006.078,1005.500,1006.700,0.000,9.000,9.000,0.313,0.180,0.480,0.216,0.199,0.004,0.202,0.030,89.000,28.211,0.300,,,0.000,,0.248,4.940,7.880,0.626
2024-07-31,9.000,0.000,0.000,6.778,0.000,0.000,0.000,93.556,91.000,97.000,1.132,0.520,1.600,26.989,26.400,27.300,1.044,0.500,1.500,1006.167,1005.500,1006.700,-9.300,9.000,9.000,0.309,0.110,0.860,0.059,0.223,0.132,0.306,0.110,91.222,28.322,0.000,,,0.000,,0.162,5.840,7.910,0.739
2024-08-01,8.000,0.000,0.000,3.000,0.000,0.000,1.000,78.778,73.000,82.000,4.104,3.390,5.430,29.944,28.900,31.600,1.300,1.100,1.600,1004.556,1004.000,1004.900,0.000,9.000,9.000,0.004,0.000,0.020,0.003,0.001,0.000,0.001,0.000,87.333,29.767,0.000,,,0.000,,0.092,6.810,7.930,0.859
2024-08-02,9.000,0.000,0.000,3.000,0.000,0.000,1.000,70.889,59.000,76.000,5.939,4.650,9.060,30.444,28.600,32.700,1.456,1.100,2.100,1004.567,1003.800,1005.100,0.000,9.000,9.000,0.046,0.010,0.070,0.044,0.003,0.001,0.004,0.000,82.556,29.700,0.000,,,0.000,,0.042,7.820,7.960,0.984
2024-08-03,9.000,0.000,0.000,3.000,0.000,0.000,1.000,71.000,60.000,78.000,5.939,4.230,8.770,30.511,29.100,32.500,1.289,0.400,2.000,1005.000,1004.300,1005.700,0.000,9.000,9.000,0.203,0.040,0.480,0.149,0.043,0.056,0.092,0.000,80.778,30.067,0.000,,,0.000,,0.011,7.980,7.980,1.000
2024-08-04,9.000,5.000,5.000,2.333,1.000,0.000,1.000,73.556,68.000,78.000,5.269,4.220,6.620,30.211,28.800,31.400,1.567,1.100,2.400,1003.878,1003.100,1004.500,0.000,9.000,9.000,0.133,0.000,0.690,0.133,0.000,0.000,0.000,0.000,87.000,28.822,0.000,,,0.000,,0.001,8.010,8.010,1.000
2024-08-05,9.000,0.000,0.000,3.000,0.000,0.000,1.000,73.333,69.000,77.000,5.277,4.400,6.340,29.078,27.700,30.700,1.767,1.200,2.700,1002.389,1001.600,1003.400,0.000,9.000,9.000,0.326,0.010,0.920,0.024,0.003,0.313,0.314,0.000,85.111,28.022,0.000,,,0.000,,0.011,8.030,8.030,1.000
2024-08-06,8.000,0.000,0.000,9.125,0.000,0.000,0.000,76.556,75.000,78.000,4.568,4.230,4.940,29.744,28.900,30.500,1.567,1.000,2.500,1002.889,1002.100,1003.400,0.000,9.000,9.000,0.977,0.950,1.000,0.179,0.570,0.950,0.980,0.961,84.889,28.489,0.300,,,0.000,,0.040,8.060,8.060,1.000
2024-08-07,9.000,0.000,0.000,8.444,0.000,0.000,0.000,81.778,80.000,84.000,3.418,2.980,3.800,28.267,27.500,28.900,1.656,1.200,2.200,1002.811,1002.100,1003.600,-9.800,9.000,9.000,0.961,0.910,1.000,0.024,0.147,0.952,0.957,0.897,87.778,27.989,0.100,,,0.000,,0.085,7.670,8.080,0.949
2024-08-08,9.000,0.000,0.000,4.333,0.000,0.000,0.000,76.444,68.000,82.000,4.633,3.390,6.610,29.700,28.400,31.200,1.144,0.700,1.600,1002.356,1001.700,1003.200,0.000,9.000,9.000,0.303,0.090,0.840,0.031,0.074,0.243,0.292,0.079,84.444,29.144,0.000,,,0.000,,0.146,7.220,8.110,0.890
2024-08-09,8.000,0.000,0.000,3.500,0.000,0.000,0.000,82.111,80.000,84.000,3.337,2.940,3.770,27.711,26.900,28.600,1.444,1.000,2.000,1001.022,1000.500,1001.500,0.000,9.000,9.000,0.298,0.100,0.640,0.097,0.094,0.198,0.263,0.049,86.778,28.633,0.500,,,0.000,,0.218,6.760,8.140,0.831
2024-08-10,9.000,0.000,0.000,8.333,0.000,0.000,0.000,87.222,84.000,91.000,2.327,1.600,2.950,27.756,27.500,28.200,1.100,0.400,1.500,1000.211,999.900,1000.700,-19.600,9.000,9.000,0.562,0.110,0.770,0.021,0.132,0.541,0.584,0.079,86.778,28.300,0.200,,,0.000,,0.301,6.300,8.160,0.771
2024-08-11,9.000,0.000,0.000,3.333,0.000,0.000,0.000,80.444,78.000,85.000,3.698,2.750,4.210,28.322,27.300,29.400,1.400,0.500,2.000,1000.222,999.900,1000.700,0.000,9.000,9.000,0.172,0.040,0.370,0.024,0.068,0.102,0.163,0.040,83.778,29.289,0.000,,,0.000,,0.391,5.790,8.190,0.707
2024-08-12,9.000,0.000,0.000,9.889,0.000,0.000,0.000,83.889,81.000,87.000,2.989,2.360,3.580,28.156,27.300,28.900,1.100,0.800,1.300,1002.089,1001.600,1002.800,0.000,9.000,9.000,0.872,0.630,1.000,0.122,0.129,0.859,0.877,0.644,83.444,29.200,0.000,,,0.000,,0.487,5.220,8.220,0.635
2024-08-13,9.000,0.000,0.000,8.444,0.000,0.000,0.000,79.333,77.000,83.000,3.926,3.140,4.440,28.122,27.300,28.900,1.789,0.800,2.800,1003.344,1002.100,1004.200,0.000,9.000,9.000,0.926,0.730,1.000,0.196,0.424,0.908,0.925,0.727,85.000,28.633,4.000,,,0.000,,0.586,4.560,8.250,0.553
2024-08-14,9.000,0.000,0.000,9.000,0.000,0.000,0.000,88.000,86.000,93.000,2.150,1.230,2.530,26.111,25.900,26.500,1.600,1.200,2.300,1003.167,1002.300,1003.900,0.000,9.000,9.000,0.922,0.750,1.000,0.044,0.766,0.777,0.927,0.746,90.444,27.567,1.600,,,0.000,,0.683,3.780,8.270,0.457
2024-08-15,8.000,0.000,0.000,9.875,0.000,0.000,0.000,91.000,88.000,94.000,1.591,1.040,2.140,26.133,25.500,26.900,1.267,0.600,2.100,1002.300,1001.800,1002.800,0.000,9.000,9.000,0.993,0.980,1.000,0.012,0.231,0.991,0.993,0.974,91.444,27.144,0.200,,,0.000,,0.776,2.880,8.300,0.347
2024-08-16,9.000,0.000,0.000,9.778,0.000,0.000,0.000,79.778,76.000,83.000,3.841,3.160,4.680,28.256,27.400,29.400,1.500,0.700,2.600,1003.344,1002.700,1003.900,0.000,9.000,9.000,0.992,0.980,1.000,0.118,0.378,0.988,0.992,0.979,92.333,27.378,1.700,,,0.000,,0.859,1.860,8.330,0.224
2024-08-17,9.000,0.000,0.000,7.556,0.000,0.000,0.000,78.667,75.000,82.000,4.083,3.380,4.900,28.767,28.100,29.400,1.233,0.700,1.900,1004.933,1003.900,1005.800,0.000,9.000,9.000,0.998,0.990,1.000,0.231,0.372,0.997,0.998,0.990,91.111,27.811,3.800,,,0.000,,0.927,0.760,8.360,0.091
2024-08-18,9.000,0.000,0.000,9.111,0.000,0.000,0.000,77.444,73.000,81.000,4.349,3.610,5.350,28.833,28.300,29.600,0.989,0.400,1.500,1002.822,1001.500,1003.800,0.000,9.000,9.000,0.999,0.990,1.000,0.213,0.642,0.997,0.998,0.994,90.889,28.233,0.000,,,0.000,,0.975,0.000,8.380,0.000
2024-08-19,9.000,0.000,0.000,10.000,0.000,0.000,0.000,96.222,94.000,97.000,0.657,0.520,1.050,26.911,26.500,27.300,1.056,0.600,1.600,1003.611,1003.200,1003.900,-30.200,9.000,9.000,1.000,1.000,1.000,0.150,0.823,1.000,1.000,1.000,94.111,27.678,1.700,,,0.000,,0.998,0.000,8.410,0.000
2024-08-20,8.000,0.000,0.000,8.625,0.000,0.000,0.000,95.889,94.000,97.000,0.709,0.510,1.040,25.889,25.400,26.300,0.867,0.400,1.400,1006.622,1005.900,1007.200,-8.800,9.000,9.000,0.997,0.990,1.000,0.423,0.910,0.943,0.996,0.989,88.111,27.622,34.100,,,0.000,,0.992,0.000,8.440,0.000
2024-08-21,9.000,0.000,0.000,4.000,0.000,0.000,0.000,86.333,84.000,89.000,2.494,1.960,2.970,27.622,26.500,28.700,1.378,1.000,1.800,1007.100,1006.200,1007.700,0.000,9.000,9.000,0.672,0.260,0.990,0.283,0.126,0.460,0.553,0.165,91.111,27.944,0.800,,,0.000,,0.957,0.000,8.470,0.000
2024-08-22,9.000,0.000,0.000,3.222,0.000,0.000,0.000,74.333,68.000,78.000,5.049,4.200,6.560,28.889,28.000,30.200,1.811,1.200,2.500,1007.144,1006.500,1007.600,0.000,9.000,9.000,0.060,0.030,0.100,0.036,0.013,0.023,0.036,0.000,85.556,29.367,0.000,,,0.000,,0.895,0.520,8.500,0.061
2024-08-23,7.000,0.000,0.000,5.286,0.000,0.000,0.000,87.778,84.000,95.000,2.202,0.870,2.920,26.356,25.800,26.900,1.422,0.600,2.100,1007.011,1006.500,1007.400,0.000,9.000,9.000,0.140,0.050,0.340,0.108,0.051,0.017,0.067,0.050,86.222,27.956,0.200,,,0.000,,0.811,1.150,8.520,0.135
2024-08-24,9.000,0.000,0.000,3.889,0.000,0.000,0.000,79.444,72.000,82.000,3.923,3.350,5.610,28.600,27.400,30.200,1.211,0.600,1.900,1005.678,1005.300,1006.200,0.000,9.000,9.000,0.457,0.010,0.900,0.121,0.024,0.413,0.427,0.010,86.667,27.656,0.000,,,0.000,,0.711,1.810,8.550,0.211
2024-08-25,9.000,0.000,0.000,3.000,0.000,0.000,1.000,76.222,67.000,81.000,4.614,3.530,6.800,28.233,26.700,30.000,1.578,0.800,2.200,1004.111,1003.000,1004.900,0.000,9.000,9.000,0.180,0.080,0.300,0.074,0.061,0.089,0.147,0.079,87.222,27.878,0.000,,,0.000,,0.602,2.530,8.580,0.295
2024-08-26,9.000,0.000,0.000,7.556,0.000,0.000,0.000,76.889,69.000,81.000,4.496,3.580,6.330,29.011,28.100,30.500,1.300,0.800,1.700,1002.267,1001.400,1003.100,0.000,9.000,9.000,0.514,0.000,0.940,0.019,0.000,0.509,0.509,0.000,86.556,28.633,0.000,,,0.000,,0.491,3.330,8.610,0.387
2024-08-27,9.000,0.000,0.000,3.778,0.000,0.000,0.000,72.667,65.000,77.000,5.474,4.430,7.400,29.944,28.700,31.900,1.311,0.700,2.100,1000.067,999.300,1000.800,0.000,9.000,9.000,0.254,0.000,0.860,0.000,0.007,0.248,0.254,0.000,77.667,28.989,0.000,,,0.000,,0.384,4.210,8.640,0.488
2024-08-28,9.000,0.000,0.000,4.111,0.000,0.000,0.000,75.778,70.000,81.000,4.730,3.570,6.060,28.989,28.000,30.600,1.444,0.600,1.900,1001.411,1001.000,1001.900,0.000,9.000,9.000,0.400,0.290,0.980,0.080,0.111,0.301,0.372,0.230,87.556,28.833,0.000,,,0.000,,0.284,5.170,8.660,0.597
2024-08-29,8.000,0.000,0.000,3.000,0.000,0.000,1.000,90.333,87.000,93.000,1.723,1.230,2.350,26.944,26.200,27.800,1.344,0.800,2.000,1004.289,1003.500,1004.600,0.000,9.000,9.000,0.709,0.240,0.960,0.062,0.041,0.677,0.687,0.116,89.222,28.156,0.000,,,0.000,,0.196,6.180,8.690,0.711
2024-08-30,9.000,2.000,2.000,2.778,0.000,0.000,1.000,75.111,71.000,82.000,4.889,3.360,5.820,29.222,27.800,30.400,1.656,0.900,2.300,1005.033,1004.500,1005.700,0.000,9.000,9.000,0.094,0.020,0.180,0.008,0.011,0.078,0.088,0.010,85.111,28.344,0.000,,,0.000,,0.122,7.180,8.720,0.824
2024-08-31,9.000,0.000,0.000,3.333,0.000,0.000,0.000,74.222,67.000,82.000,5.120,3.360,6.850,29.467,27.900,31.000,1.644,0.700,2.800,1005.144,1004.200,1006.100,0.000,9.000,9.000,0.057,0.010,0.110,0.042,0.000,0.014,0.014,0.000,85.778,28.322,0.000,,,0.000,,0.064,8.160,8.750,0.933
2024-09-01,9.000,4.000,4.000,2.444,1.000,0.000,1.000,72.556,66.000,79.000,5.502,3.990,7.160,29.967,28.200,32.100,1.611,1.000,2.500,1004.089,1003.700,1004.500,0.000,9.000,9.000,0.122,0.010,0.400,0.032,0.017,0.091,0.105,0.000,83.222,28.867,0.000,,,0.000,,0.025,8.780,8.780,1.000
2024-09-02,9.000,9.000,9.000,0.222,1.000,1.000,1.000,65.889,61.000,75.000,7.102,4.870,8.390,29.733,28.600,30.700,3.111,2.100,3.900,1003.978,1003.000,1004.900,0.000,9.000,9.000,0.207,0.090,0.300,0.014,0.000,0.193,0.193,0.060,81.667,28.222,0.000,,,0.000,,0.004,8.800,8.800,1.000
2024-09-03,9.000,0.000,0.000,3.333,0.000,0.000,0.000,70.556,67.000,75.000,5.952,4.890,6.820,30.078,29.300,30.600,2.833,1.800,3.900,1001.011,999.800,1002.000,0.000,9.000,9.000,0.036,0.020,0.050,0.019,0.022,0.000,0.022,0.000,85.111,28.667,0.000,,,0.000,,0.002,8.830,8.830,1.000
2024-09-04,9.000,0.000,0.000,3.222,0.000,0.000,0.000,68.333,67.000,70.000,6.498,6.080,6.840,30.522,30.200,30.800,3.589,2.400,4.400,999.111,998.500,999.600,0.000,9.000,9.000,0.022,0.000,0.040,0.013,0.012,0.002,0.014,0.000,82.444,29.111,0.000,,,0.000,,0.018,8.860,8.860,1.000
2024-09-05,9.000,0.000,0.000,3.000,0.000,0.000,1.000,66.222,63.000,68.000,7.040,6.570,7.890,30.778,30.400,31.400,2.600,1.900,3.600,1001.067,1000.300,1001.700,0.000,9.000,9.000,0.023,0.000,0.080,0.006,0.008,0.014,0.022,0.000,84.667,28.256,0.000,,,0.000,,0.051,8.890,8.890,1.000
2024-09-06,9.000,0.000,0.000,5.111,0.000,0.000,0.000,68.889,66.000,73.000,6.386,5.360,7.130,30.667,29.700,31.500,1.978,1.000,3.000,1005.667,1004.900,1006.200,0.000,9.000,9.000,0.090,0.020,0.200,0.012,0.014,0.067,0.081,0.010,83.333,28.822,0.000,,,0.000,,0.100,8.520,8.910,0.956
2024-09-07,9.000,0.000,0.000,9.222,0.000,0.000,0.000,93.333,90.000,96.000,1.171,0.690,1.780,26.733,26.400,27.000,1.300,0.700,2.300,1008.289,1007.000,1009.200,24.500,9.000,9.000,0.786,0.620,1.000,0.110,0.087,0.728,0.757,0.541,90.111,27.644,0.200,,,0.000,,0.164,8.030,8.940,0.898
2024-09-08,8.000,0.000,0.000,3.250,0.000,0.000,0.000,76.889,73.000,80.000,4.460,3.770,5.350,28.567,27.800,29.400,2.467,1.900,2.800,1005.033,1003.500,1006.600,0.000,9.000,9.000,0.116,0.060,0.170,0.024,0.048,0.059,0.103,0.010,87.778,26.822,0.000,,,0.000,,0.241,7.490,8.970,0.835
2024-09-09,9.000,0.000,0.000,4.889,0.000,0.000,0.000,72.000,69.000,74.000,5.551,5.070,6.210,28.689,27.300,30.000,1.622,1.000,2.700,1003.533,1002.200,1004.500,0.000,9.000,9.000,0.310,0.100,0.430,0.053,0.011,0.262,0.271,0.000,86.556,27.467,0.000,,,0.000,,0.328,6.870,9.000,0.764
2024-09-10,9.000,0.000,0.000,4.556,0.000,0.000,0.000,73.333,70.000,77.000,5.258,4.400,6.020,28.833,27.700,30.100,1.556,0.500,2.200,1003.789,1003.500,1004.200,0.000,9.000,9.000,0.039,0.010,0.230,0.010,0.003,0.028,0.031,0.000,78.556,27.733,0.000,,,0.000,,0.423,6.160,9.020,0.683
2024-09-11,9.000,0.000,0.000,6.444,0.000,0.000,0.000,71.556,67.000,78.000,5.707,4.200,6.840,29.433,28.000,30.800,1.767,1.100,2.400,1005.067,1004.800,1005.300,0.000,9.000,9.000,0.969,0.910,1.000,0.044,0.016,0.967,0.967,0.910,81.667,28.644,0.000,,,0.000,,0.524,5.330,9.050,0.589
2024-09-12,9.000,0.000,0.000,3.333,0.000,0.000,0.000,70.889,68.000,74.000,5.843,5.110,6.560,29.367,28.700,30.100,2.789,1.500,3.600,1003.178,1001.800,1004.600,0.000,9.000,9.000,0.098,0.030,0.350,0.037,0.023,0.050,0.072,0.000,85.000,28.433,0.000,,,0.000,,0.626,4.390,9.080,0.484
2024-09-13,9.000,0.000,0.000,10.000,0.000,0.000,0.000,83.889,70.000,93.000,3.079,1.220,6.060,27.311,25.400,29.600,1.644,1.100,2.600,999.667,997.900,1001.400,-3.800,9.000,9.000,0.977,0.880,1.000,0.062,0.583,0.867,0.984,0.934,85.333,27.178,2.000,,,0.000,,0.727,3.350,9.110,0.368
2024-09-14,9.000,0.000,0.000,5.333,0.000,0.000,0.000,93.889,91.000,96.000,1.059,0.680,1.580,25.389,24.700,26.000,1.467,0.800,2.500,997.033,996.500,997.400,-19.600,9.000,9.000,0.828,0.590,0.940,0.147,0.011,0.737,0.746,0.199,90.333,25.867,0.000,,,0.000,,0.820,2.240,9.130,0.246
2024-09-15,9.000,0.000,0.000,5.667,0.000,0.000,0.000,74.889,72.000,79.000,4.906,3.970,5.530,28.744,27.500,30.000,1.322,0.700,2.100,999.522,998.800,1000.300,0.000,9.000,9.000,0.971,0.940,1.000,0.091,0.000,0.967,0.967,0.920,88.333,27.267,0.000,,,0.000,,0.900,1.120,9.160,0.122
2024-09-16,9.000,0.000,0.000,7.000,0.000,0.000,0.000,76.556,69.000,83.000,4.589,3.180,6.350,29.844,28.800,30.900,3.456,2.600,4.600,1002.000,1001.200,1002.600,-29.400,9.000,9.000,0.118,0.030,0.250,0.024,0.023,0.079,0.100,0.000,84.111,29.167,0.000,,,0.000,,0.959,0.010,9.190,0.001
2024-09-17,9.000,0.000,0.000,5.556,0.000,0.000,0.000,76.667,69.000,86.000,4.553,2.570,6.310,28.978,28.200,30.000,3.178,2.400,4.300,1003.233,1002.100,1004.000,-9.800,9.000,9.000,0.568,0.210,0.990,0.534,0.194,0.000,0.194,0.000,85.333,28.322,0.500,,,0.000,,0.993,0.000,9.210,0.000
2024-09-18,8.000,0.000,0.000,5.625,0.000,0.000,0.000,94.333,91.000,97.000,0.992,0.520,1.600,26.789,25.800,27.300,1.500,0.800,2.500,1000.033,999.000,1001.300,8.500,9.000,9.000,0.357,0.100,0.780,0.237,0.080,0.139,0.206,0.030,91.667,27.811,0.800,,,0.000,,0.998,0.000,9.240,0.000
2024-09-19,8.000,0.000,0.000,5.000,0.000,0.000,0.000,94.111,92.000,96.000,1.031,0.690,1.410,26.978,26.300,27.600,1.000,0.500,1.600,1001.400,1000.700,1001.900,0.000,9.000,9.000,0.769,0.510,0.940,0.104,0.222,0.686,0.736,0.451,87.333,28.189,0.000,,,0.000,,0.972,0.000,9.260,0.000
2024-09-20,9.000,0.000,0.000,6.222,0.000,0.000,0.000,79.333,73.000,84.000,3.957,2.970,5.380,28.889,27.700,30.100,2.167,1.000,3.400,1001.567,1000.600,1002.600,0.000,9.000,9.000,0.982,0.960,1.000,0.188,0.072,0.977,0.979,0.960,88.556,28.356,0.000,,,0.000,,0.918,0.230,9.290,0.025
2024-09-21,9.000,0.000,0.000,10.000,0.000,0.000,0.000,96.667,94.000,98.000,0.574,0.340,1.050,26.333,26.100,26.600,1.000,0.700,1.400,1000.822,1000.400,1001.400,7.500,9.000,9.000,1.000,1.000,1.000,0.504,0.801,0.999,1.000,0.998,95.556,27.733,15.100,,,0.000,,0.841,0.950,9.320,0.102
2024-09-22,8.000,0.000,0.000,10.000,0.000,0.000,0.000,97.444,96.000,98.000,0.436,0.340,0.690,25.322,25.100,25.500,0.856,0.300,1.400,1008.922,1008.300,1009.400,59.200,9.000,9.000,0.999,0.990,1.000,0.144,0.586,0.997,0.998,0.988,96.889,26.122,7.500,,,0.000,,0.747,1.750,9.340,0.187
2024-09-23,9.000,0.000,0.000,10.000,0.000,0.000,0.000,96.111,93.000,98.000,0.669,0.340,1.220,25.711,25.300,26.300,0.989,0.400,1.600,1009.222,1008.200,1010.100,-7.300,9.000,9.000,0.997,0.980,1.000,0.649,0.268,0.972,0.978,0.863,95.556,26.800,5.600,,,0.000,,0.643,2.630,9.370,0.280
2024-09-24,9.000,0.000,0.000,10.000,0.000,0.000,0.000,88.444,76.000,98.000,2.177,0.340,4.660,26.933,25.400,28.900,0.767,0.200,1.300,1008.322,1007.200,1009.200,-2.800,9.000,9.000,1.000,1.000,1.000,0.234,0.939,0.999,1.000,1.000,93.556,27.589,3.800,,,0.000,,0.536,3.590,9.390,0.382
2024-09-25,9.000,0.000,0.000,9.667,0.000,0.000,0.000,80.000,77.000,83.000,3.784,3.150,4.430,28.089,27.700,28.500,0.833,0.300,1.400,1007.511,1006.700,1008.300,0.000,9.000,9.000,0.918,0.800,0.990,0.423,0.417,0.771,0.889,0.772,92.778,27.344,0.700,,,0.000,,0.430,4.590,9.420,0.488
2024-09-26,9.000,0.000,0.000,7.333,0.000,0.000,0.000,84.111,79.000,87.000,2.924,2.340,3.980,27.089,26.500,27.800,1.344,0.400,1.900,1006.911,1005.900,1007.900,0.000,9.000,9.000,0.810,0.230,0.970,0.183,0.263,0.749,0.785,0.126,89.333,26.867,0.000,,,0.000,,0.331,5.610,9.440,0.594
2024-09-27,9.000,0.000,0.000,7.000,0.000,0.000,0.000,93.444,90.000,97.000,1.143,0.510,1.770,25.444,25.200,25.800,1.800,1.400,2.300,1006.144,1005.000,1007.600,0.200,9.000,9.000,0.399,0.230,0.730,0.289,0.099,0.119,0.207,0.128,91.778,26.111,0.800,,,0.000,,0.240,6.600,9.470,0.697
2024-09-28,9.000,0.000,0.000,7.444,0.000,0.000,0.000,85.889,84.000,90.000,2.570,1.780,2.950,26.944,26.600,27.400,2.600,1.800,3.000,1005.744,1004.300,1006.900,-8.800,9.000,9.000,0.858,0.690,1.000,0.703,0.247,0.401,0.539,0.319,91.556,26.756,0.800,,,0.000,,0.162,7.540,9.490,0.795
2024-09-29,9.000,0.000,0.000,7.556,0.000,0.000,0.000,85.000,81.000,90.000,2.766,1.790,3.580,27.744,27.300,28.300,3.656,3.200,4.200,1003.644,1001.800,1005.000,-9.300,9.000,9.000,0.984,0.950,1.000,0.187,0.128,0.982,0.984,0.953,88.444,27.567,0.800,,,0.000,,0.097,8.450,9.520,0.888
2024-09-30,9.000,0.000,0.000,10.000,0.000,0.000,0.000,82.778,74.000,89.000,3.224,1.960,5.090,27.356,26.200,28.600,3.689,2.900,4.600,999.889,997.500,1001.300,-7.800,9.000,9.000,0.997,0.980,1.000,0.546,0.372,0.988,0.992,0.978,89.222,27.233,0.400,,,0.000,,0.048,9.330,9.540,0.977
2024-10-01,9.000,0.000,0.000,10.000,0.000,0.000,0.000,69.667,57.000,75.000,6.118,4.800,9.420,28.078,26.600,29.600,2.533,0.800,5.100,1001.589,1001.000,1001.900,-19.600,9.000,9.000,0.994,0.970,1.000,0.000,0.721,0.922,0.997,0.978,77.444,27.467,0.000,,,0.000,,0.016,9.570,9.570,1.000
2024-10-02,9.000,0.000,0.000,10.000,0.000,0.000,0.000,89.667,87.000,91.000,1.804,1.560,2.300,23.744,23.500,24.200,4.322,3.200,5.800,1007.100,1005.700,1008.400,15.500,9.000,9.000,1.000,1.000,1.000,1.000,0.977,0.993,1.000,0.998,96.444,24.156,22.800,,,0.000,,0.001,9.590,9.590,1.000
2024-10-03,8.000,0.000,0.000,10.000,0.000,0.000,0.000,90.222,88.000,91.000,1.700,1.550,2.100,23.622,22.900,24.300,3.811,2.400,5.200,1008.378,1007.000,1009.500,-12.100,9.000,9.000,1.000,1.000,1.000,0.997,0.807,0.982,0.995,0.982,92.333,25.300,27.900,,,0.000,,0.004,9.620,9.620,1.000
2024-10-04,9.000,0.000,0.000,10.000,0.000,0.000,0.000,96.778,96.000,98.000,0.548,0.340,0.680,24.356,24.000,24.600,0.900,0.300,1.400,1009.289,1008.500,1010.200,-27.900,9.000,9.000,1.000,1.000,1.000,0.364,0.902,0.992,0.999,0.996,97.667,25.578,2.200,,,0.000,,0.025,9.640,9.640,1.000
2024-10-05,9.000,0.000,0.000,6.111,0.000,0.000,0.000,80.667,78.000,83.000,3.619,3.130,4.180,27.211,26.600,27.700,2.578,1.900,3.300,1009.367,1008.600,1010.100,0.000,9.000,9.000,0.781,0.540,0.940,0.074,0.176,0.734,0.779,0.473,91.556,26.478,0.000,,,0.000,,0.063,9.660,9.660,1.000
2024-10-06,9.000,0.000,0.000,3.444,0.000,0.000,0.000,83.333,81.000,86.000,3.088,2.550,3.570,27.522,27.000,27.900,3.211,2.300,3.600,1009.911,1008.800,1010.600,0.000,9.000,9.000,0.370,0.230,0.550,0.222,0.077,0.191,0.253,0.210,91.778,26.911,0.000,,,0.000,,0.118,9.070,9.690,0.936
2024-10-07,8.000,0.000,0.000,10.000,0.000,0.000,0.000,95.111,94.000,96.000,0.839,0.680,1.040,24.856,24.400,25.100,1.978,1.200,2.400,1011.122,1010.100,1011.900,-0.100,9.000,9.000,0.720,0.540,0.970,0.652,0.383,0.020,0.396,0.300,94.222,25.667,2.400,,,0.000,,0.187,8.400,9.710,0.865
2024-10-08,9.000,0.000,0.000,10.000,0.000,0.000,0.000,88.222,87.000,90.000,2.063,1.730,2.290,23.500,23.200,23.700,1.911,1.300,2.500,1011.778,1010.300,1012.900,-39.200,9.000,9.000,0.996,0.960,1.000,0.988,0.812,0.000,0.812,0.760,91.333,23.956,2.400,,,0.000,,0.270,7.620,9.730,0.783
2024-10-09,9.000,0.000,0.000,9.556,0.000,0.000,0.000,81.222,79.000,83.000,3.414,3.060,3.860,23.744,23.500,23.900,2.133,1.400,2.800,1010.467,1009.700,1011.100,-9.800,9.000,9.000,0.777,0.650,0.960,0.773,0.106,0.000,0.106,0.020,85.667,24.078,0.400,,,0.000,,0.364,6.740,9.760,0.691
2024-10-10,8.000,0.000,0.000,6.750,0.000,0.000,0.000,69.556,68.000,71.000,5.891,5.560,6.270,23.467,22.900,23.900,2.611,1.800,3.100,1010.956,1010.100,1011.700,0.000,9.000,9.000,0.512,0.270,0.770,0.512,0.010,0.000,0.010,0.000,77.667,22.633,0.000,,,0.000,,0.466,5.760,9.780,0.589
2024-10-11,9.000,0.000,0.000,7.778,0.000,0.000,0.000,75.778,70.000,81.000,4.564,3.460,5.840,24.189,23.800,24.600,2.289,1.400,3.500,1012.300,1011.400,1013.000,0.000,9.000,9.000,0.221,0.160,0.310,0.204,0.029,0.000,0.029,0.010,78.111,23.278,0.000,,,0.000,,0.572,4.720,9.800,0.481
2024-10-12,9.000,0.000,0.000,5.222,0.000,0.000,0.000,82.333,81.000,84.000,3.238,2.910,3.510,25.600,25.400,25.700,3.056,2.600,3.800,1011.744,1010.700,1012.700,0.000,9.000,9.000,0.772,0.300,1.000,0.116,0.177,0.721,0.759,0.247,87.444,25.167,0.000,,,0.000,,0.678,3.640,9.830,0.370
2024-10-13,9.000,0.000,0.000,5.111,0.000,0.000,0.000,76.222,72.000,80.000,4.559,3.730,5.500,26.978,26.400,27.500,2.978,2.400,3.500,1010.433,1009.300,1011.200,0.000,9.000,9.000,0.256,0.130,0.370,0.080,0.060,0.154,0.202,0.030,87.889,25.700,0.000,,,0.000,,0.779,2.560,9.850,0.260
2024-10-14,9.000,0.000,0.000,3.222,0.000,0.000,0.000,76.000,66.000,81.000,4.651,3.530,6.980,27.411,26.500,28.700,1.789,1.100,2.600,1010.156,1008.900,1010.900,0.000,9.000,9.000,0.140,0.080,0.210,0.083,0.102,0.006,0.107,0.020,88.333,25.811,0.000,,,0.000,,0.868,1.480,9.870,0.150
2024-10-15,9.000,0.000,0.000,8.111,0.000,0.000,0.000,80.667,73.000,86.000,3.612,2.530,5.250,26.456,26.100,26.800,2.633,1.400,3.300,1011.578,1010.800,1012.300,-9.800,9.000,9.000,0.780,0.600,0.990,0.227,0.352,0.533,0.776,0.587,88.000,26.789,0.000,,,0.000,,0.939,0.400,9.890,0.040
2024-10-16,9.000,0.000,0.000,9.222,0.000,0.000,0.000,88.333,83.000,92.000,2.088,1.400,3.130,25.811,25.300,26.600,2.100,1.400,2.900,1011.944,1010.200,1013.300,-28.900,9.000,9.000,0.786,0.370,1.000,0.433,0.101,0.623,0.658,0.338,89.778,26.544,0.000,,,0.000,,0.984,0.000,9.910,0.000
2024-10-17,9.000,0.000,0.000,3.444,0.000,0.000,0.000,84.333,80.000,88.000,2.876,2.160,3.730,26.889,26.100,27.300,2.267,0.900,3.100,1009.467,1008.500,1010.200,0.000,9.000,9.000,0.129,0.040,0.220,0.118,0.020,0.000,0.020,0.000,90.000,26.744,0.000,,,0.000,,1.000,0.000,9.930,0.000
2024-10-18,9.000,7.000,7.000,2.222,1.000,1.000,1.000,76.667,73.000,80.000,4.472,3.730,5.330,27.311,26.000,29.000,1.322,0.500,2.000,1009.911,1009.300,1010.400,0.000,9.000,9.000,0.587,0.040,1.000,0.581,0.022,0.000,0.022,0.000,91.333,26.833,0.000,,,0.000,,0.985,0.000,9.960,0.000
2024-10-19,9.000,0.000,0.000,10.000,0.000,0.000,0.000,87.000,83.000,91.000,2.320,1.560,3.090,24.700,24.100,25.400,3.378,2.400,4.500,1014.500,1013.900,1015.200,-48.500,9.000,9.000,1.000,1.000,1.000,1.000,0.433,0.001,0.434,0.080,92.000,25.367,8.100,,,0.000,,0.942,0.000,9.980,0.000
2024-10-20,9.000,0.000,0.000,7.333,0.000,0.000,0.000,88.000,86.000,89.000,2.116,1.930,2.490,24.133,23.700,24.500,2.656,2.100,3.200,1013.833,1012.200,1015.200,0.000,9.000,9.000,1.000,1.000,1.000,1.000,0.109,0.000,0.109,0.050,88.556,24.822,0.900,,,0.000,,0.875,0.860,10.000,0.086
2024-10-21,9.000,0.000,0.000,7.222,0.000,0.000,0.000,85.556,84.000,87.000,2.603,2.320,2.920,25.500,25.200,26.100,3.556,2.100,4.400,1011.022,1009.700,1012.000,-9.800,9.000,9.000,0.891,0.670,1.000,0.888,0.091,0.009,0.100,0.000,90.889,25.811,0.400,,,0.000,,0.790,1.820,10.020,0.182
2024-10-22,9.000,0.000,0.000,10.000,0.000,0.000,0.000,86.000,79.000,92.000,2.509,1.380,3.910,24.033,23.200,25.300,2.711,1.800,3.700,1011.267,1010.200,1012.200,-24.400,9.000,9.000,0.933,0.670,1.000,0.927,0.391,0.567,0.682,0.089,89.222,24.389,7.700,,,0.000,,0.694,2.840,10.040,0.283
2024-10-23,9.000,0.000,0.000,10.000,0.000,0.000,0.000,86.556,81.000,91.000,2.351,1.530,3.420,21.667,21.200,22.400,3.167,2.400,4.100,1009.411,1007.400,1011.100,-67.600,9.000,9.000,1.000,1.000,1.000,1.000,0.659,0.998,0.998,0.990,89.000,22.322,10.200,,,0.000,,0.593,3.880,10.060,0.385
2024-10-24,9.000,0.000,0.000,10.000,0.000,0.000,0.000,91.778,90.000,94.000,1.416,1.020,1.730,23.344,23.000,23.700,4.311,3.200,5.400,1005.000,1003.500,1006.100,10.000,9.000,9.000,1.000,1.000,1.000,1.000,0.909,0.609,0.931,0.755,93.556,24.500,26.400,,,0.000,,0.490,4.890,10.080,0.485
2024-10-25,9.000,0.000,0.000,9.889,0.000,0.000,0.000,68.778,66.000,73.000,6.354,5.310,7.050,29.433,28.500,30.000,4.089,2.000,6.200,1002.044,1001.500,1002.600,0.000,9.000,9.000,0.854,0.460,0.970,0.373,0.059,0.804,0.814,0.370,89.333,27.711,0.000,,,0.000,,0.392,5.860,10.100,0.580
2024-10-26,9.000,0.000,0.000,9.000,0.000,0.000,0.000,74.111,70.000,79.000,5.064,3.970,6.010,28.022,27.400,28.700,2.733,2.500,3.300,1005.567,1005.100,1006.200,0.000,9.000,9.000,0.787,0.680,0.930,0.190,0.490,0.578,0.812,0.696,91.556,26.989,2.000,,,0.000,,0.299,6.780,10.120,0.670
2024-10-27,9.000,0.000,0.000,8.222,0.000,0.000,0.000,81.778,79.000,85.000,3.356,2.730,3.960,25.756,24.400,27.300,2.567,1.800,4.000,1006.267,1005.900,1006.600,-29.400,9.000,9.000,0.810,0.500,1.000,0.716,0.381,0.203,0.507,0.386,92.000,25.633,4.300,,,0.000,,0.215,7.650,10.140,0.755
2024-10-28,9.000,0.000,0.000,9.889,0.000,0.000,0.000,85.333,82.000,89.000,2.608,1.910,3.260,23.311,22.800,23.900,2.678,1.400,3.300,1008.533,1007.700,1009.100,-29.400,9.000,9.000,1.000,1.000,1.000,1.000,0.421,0.344,0.664,0.265,90.667,23.322,6.400,,,0.000,,0.143,8.500,10.150,0.837
2024-10-29,9.000,0.000,0.000,10.000,0.000,0.000,0.000,78.889,72.000,88.000,3.881,2.070,5.330,22.456,21.300,23.300,2.444,1.400,3.200,1009.700,1008.600,1010.600,0.000,9.000,9.000,1.000,1.000,1.000,1.000,0.746,0.904,0.989,0.915,87.778,22.589,3.100,,,0.000,,0.084,9.340,10.170,0.918
2024-10-30,9.000,0.000,0.000,10.000,0.000,0.000,0.000,93.222,91.000,95.000,1.174,0.860,1.580,25.100,24.500,25.700,4.211,3.400,4.800,1002.356,999.300,1004.900,87.000,9.000,9.000,1.000,1.000,1.000,0.993,0.829,1.000,1.000,1.000,94.000,26.144,22.900,,,0.000,,0.039,10.190,10.190,1.000
2024-10-31,9.000,0.000,0.000,10.000,0.000,0.000,0.000,81.222,71.000,97.000,3.597,0.510,5.760,26.633,24.900,28.200,5.456,1.100,11.100,989.956,987.200,993.500,-33.700,9.000,9.000,0.999,0.990,1.000,0.229,0.700,0.999,1.000,0.996,90.111,26.256,29.600,,,0.000,,0.011,10.210,10.210,1.000
2024-11-01,9.000,0.000,0.000,9.222,0.000,0.000,0.000,84.667,79.000,90.000,2.750,1.730,3.880,23.600,22.600,24.400,1.167,0.500,2.400,1010.989,1009.800,1011.600,0.500,9.000,9.000,0.874,0.730,1.000,0.571,0.036,0.768,0.776,0.405,89.333,24.044,0.000,,,0.000,,0.001,10.230,10.230,1.000
2024-11-02,9.000,0.000,0.000,8.889,0.000,0.000,0.000,82.333,80.000,84.000,3.178,2.850,3.640,23.078,22.900,23.200,2.944,2.600,3.700,1016.100,1014.800,1016.900,0.000,9.000,9.000,1.000,1.000,1.000,1.000,0.054,0.000,0.054,0.030,87.000,23.433,0.000,,,0.000,,0.009,10.250,10.250,1.000
2024-11-03,9.000,0.000,0.000,4.333,0.000,0.000,0.000,78.333,75.000,82.000,4.014,3.260,4.720,24.033,23.600,24.300,2.367,1.400,3.100,1014.522,1013.900,1015.100,0.000,9.000,9.000,0.138,0.070,0.260,0.134,0.008,0.000,0.008,0.000,83.889,22.867,0.000,,,0.000,,0.035,10.260,10.260,1.000
2024-11-04,9.000,0.000,0.000,8.556,0.000,0.000,0.000,75.333,74.000,78.000,4.640,4.060,4.940,24.067,23.500,24.400,2.422,1.500,3.100,1015.433,1014.500,1016.200,-9.800,9.000,9.000,0.729,0.680,0.790,0.703,0.038,0.118,0.150,0.059,82.333,23.611,0.500,,,0.000,,0.080,9.870,10.280,0.960
2024-11-05,9.000,0.000,0.000,10.000,0.000,0.000,0.000,72.889,65.000,81.000,5.092,3.390,6.860,21.289,20.600,21.600,2.444,1.400,3.600,1017.922,1017.500,1018.500,-19.600,9.000,9.000,0.994,0.950,1.000,0.908,0.831,0.047,0.839,0.720,82.556,21.122,3.100,,,0.000,,0.142,9.020,10.300,0.876
2024-11-06,9.000,0.000,0.000,10.000,0.000,0.000,0.000,60.222,57.000,66.000,8.049,6.610,8.890,21.400,21.000,21.700,2.922,2.100,3.800,1018.233,1016.700,1019.600,-19.600,9.000,9.000,0.976,0.930,1.000,0.974,0.244,0.006,0.249,0.070,71.444,20.244,0.400,,,0.000,,0.220,8.080,10.310,0.784
2024-11-07,8.000,0.000,0.000,10.000,0.000,0.000,0.000,86.889,83.000,90.000,2.268,1.700,3.000,20.556,20.300,20.900,3.489,2.800,4.200,1016.344,1015.400,1017.300,-9.800,9.000,9.000,1.000,1.000,1.000,1.000,0.429,0.893,0.942,0.910,89.111,21.133,2.800,,,0.000,,0.312,7.080,10.330,0.685
2024-11-08,9.000,0.000,0.000,10.000,0.000,0.000,0.000,92.111,89.000,96.000,1.359,0.670,1.920,23.233,23.000,23.400,1.633,0.900,2.800,1012.933,1011.800,1013.900,-39.200,9.000,9.000,1.000,1.000,1.000,1.000,0.451,0.980,0.989,0.976,93.444,23.800,1.300,,,0.000,,0.414,6.040,10.350,0.584
2024-11-09,9.000,0.000,0.000,4.222,0.000,0.000,0.000,91.222,87.000,93.000,1.524,1.200,2.300,24.000,23.800,24.300,2.567,2.300,3.100,1012.433,1011.200,1013.500,0.000,9.000,9.000,0.998,0.980,1.000,0.998,0.052,0.066,0.113,0.030,93.111,24.789,0.900,,,0.000,,0.522,5.000,10.360,0.482
2024-11-10,9.000,0.000,0.000,9.889,0.000,0.000,0.000,87.222,85.000,91.000,2.250,1.550,2.670,23.133,22.700,23.500,2.744,2.300,3.400,1013.344,1012.100,1014.300,-29.400,9.000,9.000,0.988,0.940,1.000,0.978,0.037,0.674,0.691,0.218,91.444,23.411,0.900,,,0.000,,0.632,3.960,10.380,0.382
2024-11-11,9.000,0.000,0.000,10.000,0.000,0.000,0.000,93.778,93.000,95.000,1.064,0.850,1.200,23.822,23.700,24.000,2.644,1.900,3.300,1010.978,1009.900,1011.900,-67.100,9.000,9.000,1.000,1.000,1.000,1.000,0.223,0.698,0.733,0.154,94.111,24.656,1.700,,,0.000,,0.739,2.930,10.390,0.282
2024-11-12,9.000,0.000,0.000,10.000,0.000,0.000,0.000,91.333,87.000,94.000,1.506,1.030,2.310,23.778,23.400,24.400,4.056,2.800,5.000,1009.478,1008.500,1011.300,-43.000,9.000,9.000,1.000,1.000,1.000,1.000,0.829,0.861,0.977,0.913,93.000,24.889,1.900,,,0.000,,0.835,1.880,10.410,0.181
2024-11-13,9.000,0.000,0.000,7.111,0.000,0.000,0.000,76.222,74.000,79.000,4.528,3.930,5.020,26.344,25.900,26.600,2.911,2.300,4.500,1009.100,1008.000,1010.100,0.000,9.000,9.000,0.937,0.800,0.990,0.700,0.412,0.634,0.797,0.574,90.333,25.789,6.500,,,0.000,,0.913,0.810,10.420,0.077
2024-11-14,9.000,0.000,0.000,9.444,0.000,0.000,0.000,77.667,69.000,91.000,4.331,1.570,6.210,26.800,25.000,28.100,2.144,0.200,4.000,1007.144,1006.100,1008.400,-9.800,9.000,9.000,0.518,0.260,0.990,0.030,0.309,0.419,0.537,0.275,91.333,25.611,0.000,,,0.000,,0.968,0.000,10.430,0.000
2024-11-15,9.000,0.000,0.000,10.000,0.000,0.000,0.000,73.667,65.000,79.000,5.147,3.970,7.220,27.167,26.000,28.500,1.567,0.500,3.200,1004.022,1003.700,1004.600,-9.800,9.000,9.000,1.000,1.000,1.000,0.002,0.733,0.982,1.000,1.000,86.222,25.911,3.600,,,0.000,,0.996,0.000,10.450,0.000
2024-11-16,9.000,0.000,0.000,9.778,0.000,0.000,0.000,87.444,85.000,90.000,2.219,1.740,2.680,24.067,23.800,24.300,2.078,1.100,3.900,1008.656,1008.500,1009.100,-29.400,9.000,9.000,0.999,0.990,1.000,0.998,0.440,0.000,0.440,0.030,93.556,24.822,5.100,,,0.000,,0.994,0.000,10.460,0.000
2024-11-17,9.000,0.000,0.000,10.000,0.000,0.000,0.000,83.889,79.000,88.000,2.870,2.100,3.870,22.456,21.100,24.000,3.256,2.700,3.900,1016.667,1015.500,1017.700,-68.100,9.000,9.000,0.997,0.970,1.000,0.923,0.984,0.019,0.985,0.960,88.222,22.778,9.400,,,0.000,,0.965,0.000,10.480,0.000
2024-11-18,9.000,0.000,0.000,10.000,0.000,0.000,0.000,90.111,87.000,94.000,1.662,0.990,2.210,18.867,18.600,19.100,2.856,2.300,3.200,1019.522,1018.000,1020.600,-25.400,9.000,9.000,1.000,1.000,1.000,0.979,0.967,0.973,0.999,0.994,91.000,18.989,8.300,,,0.000,,0.912,0.760,10.490,0.072
2024-11-19,9.000,0.000,0.000,10.000,0.000,0.000,0.000,92.778,91.000,94.000,1.200,0.990,1.510,19.567,19.200,19.700,3.011,2.500,3.700,1016.756,1015.600,1017.900,-56.800,9.000,9.000,0.999,0.990,1.000,0.998,0.660,0.388,0.764,0.481,91.111,20.389,1.600,,,0.000,,0.839,1.820,10.500,0.173
2024-11-20,9.000,0.000,0.000,10.000,0.000,0.000,0.000,89.111,87.000,91.000,1.859,1.520,2.240,20.600,20.200,20.900,2.878,1.800,3.600,1014.778,1013.600,1015.600,-9.800,9.000,9.000,1.000,1.000,1.000,1.000,0.442,0.004,0.445,0.130,93.222,20.822,4.500,,,0.000,,0.754,2.870,10.510,0.273
2024-11-21,9.000,0.000,0.000,10.000,0.000,0.000,0.000,91.333,90.000,93.000,1.446,1.160,1.680,18.756,18.600,19.000,2.956,2.400,3.500,1016.189,1015.200,1016.900,-58.800,9.000,9.000,1.000,1.000,1.000,1.000,0.376,0.000,0.376,0.200,91.778,19.489,1.000,,,0.000,,0.660,3.870,10.520,0.368
2024-11-22,9.000,0.000,0.000,10.000,0.000,0.000,0.000,72.556,68.000,75.000,5.086,4.550,6.090,19.856,19.600,20.100,2.589,1.900,3.200,1017.322,1016.900,1017.800,0.000,9.000,9.000,1.000,1.000,1.000,1.000,0.357,0.000,0.357,0.190,77.222,19.956,0.000,,,0.000,,0.563,4.820,10.540,0.457
2024-11-23,9.000,0.000,0.000,9.778,0.000,0.000,0.000,74.444,71.000,81.000,4.690,3.340,5.430,19.844,19.100,20.100,3.156,2.300,4.200,1018.456,1017.800,1019.300,0.000,9.000,9.000,0.999,0.990,1.000,0.999,0.173,0.578,0.616,0.059,76.222,19.744,0.100,,,0.000,,0.465,5.710,10.550,0.541
2024-11-24,9.000,0.000,0.000,8.000,0.000,0.000,0.000,83.222,75.000,90.000,2.990,1.710,4.650,21.544,21.100,22.400,3.622,2.800,4.500,1015.456,1013.600,1017.300,0.000,9.000,9.000,0.399,0.110,0.720,0.308,0.089,0.019,0.102,0.000,84.556,20.956,0.000,,,0.000,,0.371,6.560,10.560,0.621
2024-11-25,9.000,0.000,0.000,7.556,0.000,0.000,0.000,83.889,82.000,85.000,2.877,2.650,3.260,23.011,22.300,23.900,1.033,0.500,1.400,1014.344,1013.900,1014.800,0.000,9.000,9.000,0.641,0.410,1.000,0.547,0.340,0.009,0.346,0.230,91.667,22.411,3.800,,,0.000,,0.283,7.390,10.570,0.699
2024-11-26,9.000,0.000,0.000,10.000,0.000,0.000,0.000,61.889,59.000,65.000,7.414,6.660,8.120,17.744,17.600,17.900,3.067,2.300,4.100,1018.122,1017.400,1018.700,0.000,9.000,9.000,0.892,0.750,0.990,0.842,0.069,0.243,0.298,0.010,75.111,16.844,0.200,,,0.000,,0.202,8.230,10.580,0.778
2024-11-27,9.000,0.000,0.000,3.000,0.000,0.000,1.000,63.556,57.000,74.000,7.003,4.600,8.610,16.433,14.900,17.300,1.978,1.100,2.800,1018.100,1017.500,1019.000,0.000,9.000,9.000,0.020,0.000,0.040,0.020,0.003,0.000,0.003,0.000,72.889,14.411,0.000,,,0.000,,0.132,9.080,10.590,0.857
2024-11-28,9.000,0.000,0.000,4.889,0.000,0.000,0.000,75.333,61.000,81.000,4.408,3.220,7.600,15.233,13.700,17.300,1.356,0.900,2.400,1019.344,1018.800,1019.800,0.000,9.000,9.000,0.122,0.000,0.510,0.007,0.003,0.114,0.118,0.000,74.444,14.889,0.000,,,0.000,,0.075,9.960,10.600,0.940
2024-11-29,9.000,0.000,0.000,3.444,0.000,0.000,0.000,61.778,58.000,68.000,7.339,5.880,8.270,15.678,15.400,16.300,3.044,2.000,3.800,1016.611,1015.900,1017.600,0.000,9.000,9.000,0.121,0.020,0.560,0.064,0.004,0.060,0.064,0.000,71.778,13.289,0.000,,,0.000,,0.033,10.610,10.610,1.000
2024-11-30,9.000,0.000,0.000,7.667,0.000,0.000,0.000,71.111,66.000,80.000,5.356,3.470,6.490,18.244,16.900,18.900,1.633,0.700,3.000,1012.178,1011.600,1012.800,0.000,9.000,9.000,0.404,0.160,0.780,0.147,0.151,0.207,0.323,0.089,83.222,15.744,0.000,,,0.000,,0.008,10.620,10.620,1.000
2024-12-01,9.000,0.000,0.000,3.556,0.000,0.000,0.000,84.222,77.000,88.000,2.726,2.000,4.160,18.267,16.900,20.100,0.989,0.400,1.400,1011.344,1010.700,1012.000,0.000,9.000,9.000,0.747,0.200,0.930,0.073,0.046,0.720,0.729,0.098,91.778,17.233,0.000,,,0.000,,0.002,10.620,10.620,1.000
2024-12-02,9.000,0.000,0.000,3.000,0.000,0.000,1.000,71.444,65.000,75.000,5.438,4.630,6.940,22.389,21.900,23.100,2.700,2.300,3.000,1011.922,1011.400,1012.300,0.000,9.000,9.000,0.049,0.020,0.160,0.049,0.000,0.000,0.000,0.000,86.444,20.478,0.000,,,0.000,,0.016,10.630,10.630,1.000
2024-12-03,9.000,0.000,0.000,8.889,0.000,0.000,0.000,66.667,63.000,74.000,6.493,4.830,7.340,21.578,21.000,22.000,2.878,2.400,3.800,1013.922,1013.600,1014.100,0.000,9.000,9.000,0.560,0.240,1.000,0.528,0.234,0.000,0.234,0.130,79.667,20.933,0.300,,,0.000,,0.050,10.440,10.640,0.981
2024-12-04,9.000,0.000,0.000,10.000,0.000,0.000,0.000,67.889,66.000,71.000,6.124,5.410,6.560,20.156,19.800,20.300,3.056,2.100,3.800,1014.022,1013.500,1014.500,0.000,9.000,9.000,0.594,0.280,0.750,0.592,0.027,0.000,0.027,0.000,80.556,19.767,0.400,,,0.000,,0.105,9.440,10.650,0.887
2024-12-05,9.000,0.000,0.000,9.111,0.000,0.000,0.000,74.222,70.000,78.000,4.733,3.930,5.660,19.822,19.100,20.700,2.900,1.800,4.200,1013.878,1013.600,1014.100,0.000,9.000,9.000,0.870,0.650,1.000,0.867,0.154,0.000,0.154,0.000,85.222,19.689,0.700,,,0.000,,0.178,8.410,10.650,0.789
2024-12-06,9.000,0.000,0.000,9.556,0.000,0.000,0.000,79.000,73.000,83.000,3.778,2.980,5.040,20.411,20.000,21.300,2.644,1.600,3.300,1014.822,1014.400,1015.000,0.000,9.000,9.000,0.999,0.990,1.000,0.999,0.027,0.000,0.027,0.010,89.444,20.478,1.500,,,0.000,,0.266,7.380,10.660,0.692
2024-12-07,9.000,0.000,0.000,10.000,0.000,0.000,0.000,79.000,74.000,88.000,3.727,2.000,4.700,18.000,16.800,19.100,2.233,0.900,3.800,1018.278,1017.300,1019.100,-19.600,9.000,9.000,1.000,1.000,1.000,1.000,0.398,0.000,0.398,0.040,87.889,17.911,4.900,,,0.000,,0.368,6.360,10.670,0.596
2024-12-08,9.000,0.000,0.000,10.000,0.000,0.000,0.000,81.444,76.000,87.000,3.186,2.150,4.230,15.611,15.100,16.100,2.456,1.300,3.700,1019.633,1018.800,1020.600,-49.000,9.000,9.000,0.898,0.730,1.000,0.884,0.519,0.000,0.519,0.280,84.111,15.611,0.400,,,0.000,,0.478,5.350,10.670,0.502
2024-12-09,9.000,0.000,0.000,8.333,0.000,0.000,0.000,80.222,71.000,89.000,3.524,1.840,5.380,18.256,17.700,18.900,2.844,2.000,3.900,1015.567,1015.000,1016.200,-19.600,9.000,9.000,0.552,0.390,0.660,0.547,0.061,0.004,0.065,0.000,84.111,17.300,0.100,,,0.000,,0.590,4.350,10.680,0.408
2024-12-10,8.000,0.000,0.000,5.750,0.000,0.000,0.000,91.444,90.000,94.000,1.423,0.980,1.680,18.489,17.500,19.300,1.989,0.200,4.100,1013.122,1012.700,1013.700,0.000,9.000,9.000,0.278,0.150,0.400,0.129,0.031,0.151,0.181,0.050,94.222,18.278,0.000,,,0.000,,0.700,3.330,10.680,0.312
2024-12-11,9.000,0.000,0.000,10.000,0.000,0.000,0.000,77.667,76.000,80.000,3.990,3.540,4.340,18.856,18.100,20.000,2.211,0.900,3.000,1015.867,1015.000,1016.300,-9.800,9.000,9.000,0.991,0.960,1.000,0.991,0.271,0.016,0.285,0.158,88.778,18.278,4.600,,,0.000,,0.800,2.270,10.690,0.213
2024-12-12,9.000,0.000,0.000,10.000,0.000,0.000,0.000,86.889,83.000,90.000,2.231,1.670,2.950,18.422,18.200,18.700,1.800,1.100,3.100,1015.800,1015.000,1016.300,-9.800,9.000,9.000,1.000,1.000,1.000,1.000,0.024,0.104,0.127,0.010,92.667,18.189,0.400,,,0.000,,0.885,1.160,10.690,0.109
2024-12-13,8.000,0.000,0.000,10.000,0.000,0.000,0.000,72.111,67.000,79.000,5.012,3.590,6.060,15.322,14.200,16.500,1.878,1.000,3.000,1021.644,1020.200,1022.700,-29.400,9.000,9.000,1.000,1.000,1.000,1.000,0.683,0.000,0.683,0.510,86.778,14.811,3.300,,,0.000,,0.948,0.020,10.690,0.002
2024-12-14,9.000,0.000,0.000,10.000,0.000,0.000,0.000,68.556,64.000,76.000,5.739,4.160,6.740,14.367,13.800,14.600,1.500,1.000,2.300,1023.233,1022.100,1023.900,-9.800,9.000,9.000,1.000,1.000,1.000,1.000,0.637,0.000,0.637,0.490,79.444,13.244,0.400,,,0.000,,0.986,0.000,10.700,0.000
2024-12-15,9.000,0.000,0.000,10.000,0.000,0.000,0.000,61.000,60.000,62.000,7.440,7.190,7.680,14.533,14.300,14.700,2.211,1.300,3.000,1021.622,1020.500,1022.400,0.000,9.000,9.000,0.920,0.740,1.000,0.854,0.642,0.391,0.708,0.290,69.556,13.822,0.000,,,0.000,,0.998,0.000,10.700,0.000
2024-12-16,9.000,0.000,0.000,9.222,0.000,0.000,0.000,76.667,71.000,81.000,4.092,3.230,5.240,15.522,14.900,16.200,2.711,1.100,4.300,1019.100,1018.000,1020.100,0.000,9.000,9.000,0.721,0.440,1.000,0.720,0.003,0.000,0.003,0.000,81.778,14.900,0.000,,,0.000,,0.984,0.000,10.700,0.000
2024-12-17,9.000,0.000,0.000,9.556,0.000,0.000,0.000,76.556,71.000,81.000,4.141,3.260,5.300,16.222,15.500,17.100,2.978,1.500,4.500,1018.656,1018.300,1018.900,-19.600,9.000,9.000,0.998,0.980,1.000,0.998,0.169,0.000,0.169,0.000,85.889,16.733,0.700,,,0.000,,0.946,0.470,10.700,0.044
2024-12-18,7.000,0.000,0.000,10.000,0.000,0.000,0.000,53.222,49.000,57.000,9.407,8.400,10.580,14.211,13.700,14.700,2.533,2.000,3.300,1022.533,1021.800,1023.400,-9.800,9.000,9.000,0.904,0.670,1.000,0.880,0.594,0.000,0.594,0.440,65.000,13.322,0.500,,,0.000,,0.888,1.520,10.700,0.142
2024-12-19,9.000,0.000,0.000,10.000,0.000,0.000,0.000,91.667,85.000,97.000,1.346,0.470,2.470,13.700,13.500,13.900,1.444,0.900,2.300,1017.800,1017.100,1018.600,-68.100,9.000,9.000,1.000,1.000,1.000,0.999,0.714,0.000,0.714,0.480,88.111,13.889,0.900,,,0.000,,0.815,2.500,10.700,0.234
2024-12-20,9.000,0.000,0.000,9.778,0.000,0.000,0.000,92.444,88.000,95.000,1.236,0.800,2.000,16.578,16.300,17.000,1.867,0.400,2.700,1015.289,1014.900,1015.700,-58.800,9.000,9.000,0.999,0.990,1.000,0.999,0.622,0.000,0.622,0.310,90.222,16.978,1.300,,,0.000,,0.732,3.430,10.700,0.320
2024-12-21,9.000,0.000,0.000,10.000,0.000,0.000,0.000,67.222,63.000,71.000,5.992,5.170,6.940,13.911,13.700,14.400,2.556,1.500,3.300,1021.611,1021.400,1021.900,0.000,9.000,9.000,0.999,0.990,1.000,0.999,0.763,0.000,0.763,0.600,82.111,13.400,1.300,,,0.000,,0.642,4.300,10.700,0.402
2024-12-22,9.000,0.000,0.000,10.000,0.000,0.000,0.000,70.222,67.000,74.000,5.391,4.590,6.090,15.011,14.600,15.200,2.556,1.700,3.200,1019.478,1018.500,1020.500,0.000,9.000,9.000,0.871,0.500,1.000,0.731,0.171,0.679,0.696,0.030,75.667,14.067,0.000,,,0.000,,0.548,5.140,10.700,0.480
2024-12-23,0.000,0.000,0.000,,,,,93.111,92.000,94.000,1.111,0.960,1.300,15.533,15.300,15.700,2.378,1.900,2.700,1019.011,1018.600,1019.400,13.500,9.000,9.000,1.000,1.000,1.000,0.969,0.993,0.867,0.999,0.996,94.000,15.767,7.200,,,0.000,,0.453,5.970,10.700,0.557
2024-12-24,9.000,0.000,0.000,9.667,0.000,0.000,0.000,91.556,90.000,93.000,1.398,1.150,1.670,18.189,17.600,18.800,2.856,1.500,3.700,1017.544,1016.200,1018.400,-39.200,9.000,9.000,0.930,0.610,1.000,0.770,0.532,0.561,0.791,0.530,94.111,18.022,0.600,,,0.000,,0.361,6.800,10.700,0.635
2024-12-25,9.000,0.000,0.000,9.889,0.000,0.000,0.000,90.000,83.000,92.000,1.688,1.330,2.950,19.289,18.900,19.900,1.211,0.800,1.900,1018.933,1018.300,1019.600,0.000,9.000,9.000,1.000,1.000,1.000,1.000,0.157,0.003,0.159,0.080,96.000,19.278,2.000,,,0.000,,0.274,7.660,10.700,0.716
2024-12-26,9.000,0.000,0.000,10.000,0.000,0.000,0.000,77.444,73.000,82.000,3.994,3.090,4.900,17.311,16.700,17.700,2.867,2.600,3.000,1021.178,1020.600,1021.600,0.000,9.000,9.000,0.996,0.980,1.000,0.992,0.361,0.000,0.361,0.090,83.667,16.722,0.000,,,0.000,,0.193,8.560,10.700,0.800
2024-12-27,9.000,0.000,0.000,10.000,0.000,0.000,0.000,84.000,83.000,85.000,2.690,2.480,2.880,15.344,13.600,16.100,1.956,1.200,2.700,1022.900,1022.100,1023.500,-39.200,9.000,9.000,1.000,1.000,1.000,1.000,0.838,0.017,0.840,0.640,87.222,15.500,3.000,,,0.000,,0.123,9.490,10.700,0.888
2024-12-28,9.000,0.000,0.000,9.556,0.000,0.000,0.000,56.333,54.000,58.000,8.526,8.100,9.140,13.367,13.000,13.600,2.978,2.000,3.500,1023.756,1022.600,1024.600,0.000,9.000,9.000,0.944,0.830,1.000,0.944,0.164,0.000,0.164,0.030,66.667,12.067,0.000,,,0.000,,0.067,10.460,10.690,0.978
2024-12-29,9.000,0.000,0.000,9.778,0.000,0.000,0.000,66.444,64.000,70.000,6.318,5.500,6.890,17.200,16.600,17.500,1.844,0.700,3.000,1018.378,1017.500,1019.600,0.000,9.000,9.000,0.134,0.100,0.170,0.128,0.013,0.000,0.013,0.000,77.333,15.700,0.000,,,0.000,,0.026,10.690,10.690,1.000
2024-12-30,9.000,0.000,0.000,8.444,0.000,0.000,0.000,77.000,71.000,86.000,4.084,2.330,5.310,16.911,15.300,18.000,0.856,0.500,1.100,1018.011,1017.400,1018.400,0.000,9.000,9.000,0.658,0.060,1.000,0.634,0.083,0.000,0.083,0.060,92.111,15.789,0.000,,,0.000,,0.005,10.690,10.690,1.000
2024-12-31,9.000,0.000,0.000,8.222,0.000,0.000,0.000,61.667,57.000,64.000,7.363,6.800,8.510,15.900,15.600,16.300,2.756,2.000,3.700,1017.344,1015.800,1018.400,0.000,9.000,9.000,0.606,0.270,0.950,0.344,0.464,0.000,0.464,0.070,74.111,14.333,0.000,,,0.000,,0.005,10.680,10.680,1.000
2025-01-01,8.000,0.000,0.000,10.000,0.000,0.000,0.000,96.111,93.000,98.000,0.624,0.320,1.140,16.533,16.300,16.700,1.622,0.500,2.900,1015.144,1014.700,1015.300,12.500,9.000,9.000,1.000,1.000,1.000,0.773,0.998,0.482,0.999,0.997,93.667,17.189,4.600,,,0.000,,0.028,10.680,10.680,1.000
2025-01-02,9.000,0.000,0.000,10.000,0.000,0.000,0.000,84.000,71.000,89.000,2.752,1.820,5.280,16.711,16.000,17.900,2.411,1.800,3.100,1016.922,1016.500,1017.100,-9.800,9.000,9.000,1.000,1.000,1.000,1.000,0.292,0.002,0.293,0.060,89.889,17.122,2.900,,,0.000,,0.074,9.720,10.670,0.911
2025-01-03,8.000,0.000,0.000,8.500,0.000,0.000,0.000,60.778,57.000,63.000,7.614,7.100,8.560,16.556,16.400,17.000,2.867,1.800,3.900,1018.956,1017.800,1020.000,0.000,9.000,9.000,0.678,0.460,0.870,0.678,0.000,0.000,0.000,0.000,71.111,15.667,0.000,,,0.000,,0.141,8.680,10.670,0.813
2025-01-04,8.000,0.000,0.000,7.125,0.000,0.000,0.000,72.556,70.000,78.000,5.030,3.880,5.590,18.400,17.600,18.700,2.667,0.800,3.700,1016.200,1015.200,1017.300,0.000,9.000,9.000,0.280,0.170,0.540,0.183,0.158,0.000,0.158,0.010,79.111,16.944,0.000,,,0.000,,0.228,7.650,10.660,0.718
2025-01-05,9.000,0.000,0.000,7.778,0.000,0.000,0.000,80.889,75.000,84.000,3.314,2.710,4.460,17.033,15.400,17.700,0.767,0.300,1.200,1016.344,1016.000,1016.600,0.000,9.000,9.000,0.706,0.580,0.890,0.626,0.317,0.000,0.317,0.010,89.222,16.789,0.400,,,0.000,,0.328,6.650,10.660,0.624
2025-01-06,8.000,0.000,0.000,5.625,0.000,0.000,0.000,55.667,54.000,58.000,8.822,8.230,9.250,15.300,14.500,16.500,3.667,3.000,4.600,1018.922,1017.700,1019.900,0.000,9.000,9.000,0.316,0.080,0.610,0.316,0.000,0.000,0.000,0.000,67.222,13.767,0.000,,,0.000,,0.438,5.640,10.650,0.530
2025-01-07,9.000,0.000,0.000,10.000,0.000,0.000,0.000,64.222,60.000,71.000,6.778,5.240,7.780,15.811,15.400,16.200,3.200,2.600,4.200,1018.133,1016.800,1019.300,0.000,9.000,9.000,0.441,0.340,0.670,0.272,0.293,0.000,0.293,0.080,74.111,14.922,0.000,,,0.000,,0.552,4.610,10.640,0.433
2025-01-08,8.000,0.000,0.000,10.000,0.000,0.000,0.000,76.000,72.000,81.000,4.251,3.250,5.080,16.233,15.300,16.800,2.533,1.900,3.200,1018.944,1018.600,1019.200,-9.800,9.000,9.000,0.963,0.670,1.000,0.963,0.080,0.000,0.080,0.020,84.444,16.378,0.100,,,0.000,,0.663,3.550,10.640,0.333
2025-01-09,9.000,0.000,0.000,10.000,0.000,0.000,0.000,68.222,61.000,72.000,5.720,4.920,7.310,12.567,12.000,13.000,2.422,1.600,3.400,1025.989,1025.100,1026.300,-68.600,9.000,9.000,1.000,1.000,1.000,1.000,0.839,0.000,0.839,0.560,80.444,12.044,2.100,,,0.000,,0.766,2.440,10.630,0.230
2025-01-10,9.000,0.000,0.000,10.000,0.000,0.000,0.000,71.000,66.000,78.000,5.141,3.720,6.190,12.456,12.100,12.800,2.400,1.100,3.500,1027.011,1026.000,1028.100,-29.400,9.000,9.000,0.999,0.990,1.000,0.994,0.834,0.000,0.834,0.590,80.111,11.556,1.200,,,0.000,,0.854,1.320,10.620,0.125
2025-01-11,9.000,0.000,0.000,10.000,0.000,0.000,0.000,85.111,83.000,90.000,2.430,1.590,2.800,12.022,11.900,12.100,1.122,0.700,1.700,1024.500,1023.200,1025.400,-19.600,9.000,9.000,0.891,0.680,1.000,0.878,0.560,0.000,0.560,0.290,82.556,12.156,0.300,,,0.000,,0.924,0.240,10.610,0.022
2025-01-12,9.000,0.000,0.000,3.444,0.000,0.000,0.000,52.556,48.000,59.000,9.498,7.760,10.790,12.756,11.800,13.300,2.244,0.700,3.500,1023.544,1022.000,1024.900,0.000,9.000,9.000,0.020,0.000,0.040,0.020,0.000,0.000,0.000,0.000,65.889,9.989,0.000,,,0.000,,0.972,0.000,10.600,0.000
2025-01-13,8.000,0.000,0.000,4.125,0.000,0.000,0.000,57.444,55.000,60.000,8.414,7.770,9.040,16.033,15.900,16.200,2.667,1.800,3.900,1019.711,1018.800,1020.600,0.000,9.000,9.000,0.118,0.040,0.170,0.113,0.011,0.000,0.011,0.000,70.778,14.100,0.000,,,0.000,,0.995,0.000,10.590,0.000
2025-01-14,9.000,0.000,0.000,9.778,0.000,0.000,0.000,75.222,60.000,90.000,4.552,1.630,7.900,17.422,15.400,18.200,1.122,0.600,1.800,1019.489,1018.900,1020.100,-19.100,9.000,9.000,0.783,0.400,0.980,0.330,0.731,0.000,0.731,0.270,91.556,16.044,0.600,,,0.000,,0.996,0.000,10.580,0.000
2025-01-15,8.000,0.000,0.000,9.500,0.000,0.000,0.000,60.444,58.000,63.000,7.490,6.920,8.070,13.067,12.800,13.600,2.622,2.200,3.200,1025.344,1023.900,1026.100,0.000,9.000,9.000,0.951,0.830,1.000,0.950,0.116,0.000,0.116,0.020,79.111,12.189,0.300,,,0.000,,0.973,0.000,10.570,0.000
2025-01-16,9.000,0.000,0.000,9.778,0.000,0.000,0.000,67.556,58.000,74.000,5.959,4.540,8.130,13.589,13.300,13.900,1.656,1.100,2.300,1022.611,1021.800,1023.300,-19.600,9.000,9.000,0.384,0.240,0.620,0.371,0.142,0.000,0.142,0.080,73.667,12.522,0.000,,,0.000,,0.932,0.940,10.560,0.089
2025-01-17,9.000,0.000,0.000,4.556,0.000,0.000,0.000,61.444,58.000,64.000,7.311,6.710,8.130,14.033,13.800,14.300,2.656,2.100,3.600,1018.911,1017.700,1020.300,0.000,9.000,9.000,0.333,0.260,0.440,0.326,0.031,0.000,0.031,0.000,71.778,12.489,0.000,,,0.000,,0.873,1.840,10.550,0.175
2025-01-18,9.000,0.000,0.000,10.000,0.000,0.000,0.000,75.111,59.000,93.000,4.654,1.130,8.160,16.733,15.300,18.400,1.078,0.400,1.800,1013.878,1013.300,1014.300,-48.500,9.000,9.000,0.999,0.990,1.000,0.150,0.999,0.000,0.999,0.990,86.889,16.478,1.700,,,0.000,,0.802,2.700,10.540,0.257
2025-01-19,9.000,0.000,0.000,4.111,0.000,0.000,0.000,85.889,82.000,88.000,2.311,1.940,3.040,12.856,12.100,14.400,1.178,0.700,2.000,1014.022,1013.400,1014.400,0.000,9.000,9.000,0.022,0.010,0.040,0.018,0.007,0.000,0.007,0.000,88.000,11.933,0.000,,,0.000,,0.720,3.540,10.530,0.336
2025-01-20,9.000,0.000,0.000,6.667,0.000,0.000,0.000,62.778,58.000,67.000,7.146,6.110,8.330,16.444,15.600,17.100,2.500,2.300,3.100,1015.222,1014.700,1015.800,0.000,9.000,9.000,0.173,0.070,0.330,0.163,0.058,0.000,0.058,0.010,74.111,13.978,0.000,,,0.000,,0.632,4.370,10.520,0.416
2025-01-21,6.000,0.000,0.000,9.167,0.000,0.000,0.000,62.444,61.000,64.000,7.336,6.980,7.670,18.867,18.500,19.200,3.078,2.700,3.700,1015.144,1013.900,1016.000,0.000,9.000,9.000,0.281,0.200,0.440,0.134,0.212,0.000,0.212,0.100,72.889,17.322,0.000,,,0.000,,0.539,5.220,10.510,0.497
2025-01-22,7.000,0.000,0.000,10.000,0.000,0.000,0.000,87.222,72.000,94.000,2.209,0.980,5.180,17.878,17.000,19.500,0.878,0.400,1.800,1014.444,1013.800,1014.900,-38.200,9.000,9.000,0.753,0.520,1.000,0.597,0.412,0.000,0.412,0.310,91.000,17.211,0.000,,,0.000,,0.445,6.090,10.490,0.580
2025-01-23,8.000,0.000,0.000,9.000,0.000,0.000,0.000,80.444,76.000,88.000,3.397,1.990,4.260,16.533,15.800,17.300,0.789,0.300,1.300,1013.778,1012.900,1014.600,-9.800,9.000,9.000,0.893,0.730,0.990,0.893,0.003,0.000,0.003,0.000,88.111,16.678,0.300,,,0.000,,0.352,7.000,10.480,0.668
2025-01-24,9.000,0.000,0.000,7.556,0.000,0.000,0.000,79.778,78.000,81.000,3.578,3.330,3.940,19.111,18.600,19.600,2.244,1.900,2.700,1012.867,1012.400,1013.500,-19.600,9.000,9.000,0.802,0.720,0.990,0.797,0.023,0.000,0.023,0.000,90.111,19.033,0.700,,,0.000,,0.263,7.950,10.470,0.759
2025-01-25,9.000,0.000,0.000,9.667,0.000,0.000,0.000,69.111,66.000,75.000,5.763,4.500,6.440,18.089,17.700,18.600,2.311,1.800,3.000,1014.833,1014.100,1015.400,-9.800,9.000,9.000,0.971,0.800,1.000,0.970,0.018,0.000,0.018,0.000,86.889,17.911,1.900,,,0.000,,0.181,8.910,10.450,0.853
2025-01-26,9.000,0.000,0.000,10.000,0.000,0.000,0.000,91.111,88.000,93.000,1.417,1.120,1.910,12.911,11.100,14.100,1.889,0.800,4.100,1017.322,1016.800,1017.800,-0.300,9.000,9.000,1.000,1.000,1.000,1.000,0.999,0.000,0.999,0.990,89.778,13.511,10.400,,,0.000,,0.110,9.860,10.440,0.945
2025-01-27,7.000,0.000,0.000,7.571,0.000,0.000,0.000,66.333,58.000,76.000,6.039,4.000,7.970,10.056,8.700,11.300,1.733,0.800,2.700,1022.244,1021.200,1022.900,0.000,9.000,9.000,0.307,0.220,0.450,0.307,0.000,0.000,0.000,0.000,77.667,8.211,0.000,,,0.000,,0.053,10.420,10.420,1.000
2025-01-28,9.000,0.000,0.000,6.222,0.000,0.000,0.000,56.889,54.000,60.000,8.314,7.540,9.040,12.222,12.000,12.800,2.878,2.400,3.500,1024.500,1023.700,1025.100,0.000,9.000,9.000,0.133,0.040,0.200,0.018,0.127,0.000,0.127,0.030,72.889,9.122,0.000,,,0.000,,0.016,10.410,10.410,1.000
2025-01-29,0.000,0.000,0.000,,,,,58.778,58.000,60.000,7.940,7.640,8.150,13.867,13.700,14.100,3.833,3.100,4.400,1020.856,1019.700,1021.800,0.000,9.000,9.000,0.153,0.110,0.190,0.150,0.016,0.000,0.016,0.000,67.667,12.622,0.000,,,0.000,,0.001,10.400,10.400,1.000
2025-01-30,9.000,0.000,0.000,8.000,0.000,0.000,0.000,64.111,54.000,71.000,6.960,5.340,9.470,18.122,17.900,18.400,2.622,1.900,3.100,1015.711,1013.800,1016.800,0.000,9.000,9.000,0.158,0.110,0.200,0.133,0.071,0.000,0.071,0.020,75.222,16.811,0.000,,,0.000,,0.012,10.380,10.380,1.000
2025-01-31,9.000,0.000,0.000,10.000,0.000,0.000,0.000,96.111,95.000,97.000,0.629,0.480,0.810,17.467,17.000,17.800,1.178,0.900,1.500,1012.956,1011.800,1013.600,0.200,9.000,9.000,0.838,0.460,1.000,0.309,0.826,0.000,0.826,0.420,97.889,17.944,0.800,,,0.000,,0.049,9.820,10.370,0.947
2025-02-01,8.000,0.000,0.000,10.000,0.000,0.000,0.000,91.000,88.000,95.000,1.481,0.800,2.000,16.600,16.100,17.500,1.922,1.200,3.400,1011.878,1011.400,1012.300,-13.600,9.000,9.000,1.000,1.000,1.000,1.000,0.791,0.021,0.797,0.654,94.556,17.356,3.200,,,0.000,,0.110,8.770,10.350,0.847
2025-02-02,8.000,0.000,0.000,10.000,0.000,0.000,0.000,87.889,86.000,90.000,2.014,1.640,2.340,16.300,15.700,16.700,2.011,1.800,2.400,1013.433,1013.000,1013.700,-29.400,9.000,9.000,1.000,1.000,1.000,1.000,0.387,0.000,0.387,0.220,94.111,16.400,2.000,,,0.000,,0.193,7.720,10.330,0.748
2025-02-03,9.000,0.000,0.000,10.000,0.000,0.000,0.000,92.000,89.000,95.000,1.257,0.770,1.740,11.333,10.400,11.800,1.211,0.800,1.700,1021.233,1020.500,1022.100,-0.300,9.000,9.000,1.000,1.000,1.000,0.984,0.994,0.012,0.994,0.980,91.000,11.589,6.300,,,0.000,,0.292,6.670,10.320,0.647
2025-02-04,9.000,0.000,0.000,9.778,0.000,0.000,0.000,56.778,55.000,59.000,8.341,7.740,8.800,12.278,11.400,13.000,2.633,2.100,3.000,1019.511,1018.400,1020.300,0.000,9.000,9.000,0.307,0.220,0.400,0.063,0.287,0.000,0.287,0.220,71.444,10.044,0.000,,,0.000,,0.402,5.600,10.300,0.544
2025-02-05,9.000,0.000,0.000,9.889,0.000,0.000,0.000,71.778,62.000,81.000,5.152,3.230,7.270,15.189,14.500,15.800,3.356,2.400,4.100,1016.600,1015.700,1017.200,0.000,9.000,9.000,0.769,0.330,0.960,0.332,0.738,0.000,0.738,0.290,75.889,14.578,0.100,,,0.000,,0.515,4.500,10.280,0.438
2025-02-06,9.000,0.000,0.000,10.000,0.000,0.000,0.000,89.111,83.000,97.000,1.812,0.470,2.890,15.889,15.100,16.400,2.511,0.100,3.500,1016.278,1016.000,1016.600,-5.300,9.000,9.000,0.987,0.960,1.000,0.814,0.931,0.021,0.932,0.860,93.333,15.967,1.700,,,0.000,,0.626,3.390,10.270,0.330
2025-02-07,9.000,0.000,0.000,10.000,0.000,0.000,0.000,80.778,73.000,87.000,3.202,2.070,4.690,10.944,10.100,12.100,2.722,1.500,3.800,1024.289,1023.900,1024.600,-68.100,9.000,9.000,1.000,1.000,1.000,0.998,0.990,0.238,0.991,0.960,89.222,10.611,2.800,,,0.000,,0.730,2.300,10.250,0.225
2025-02-08,9.000,0.000,0.000,9.111,0.000,0.000,0.000,73.222,66.000,90.000,4.658,1.560,6.070,10.011,9.200,10.400,2.167,1.800,2.800,1024.211,1023.800,1024.800,-39.200,9.000,9.000,0.999,0.990,1.000,0.997,0.440,0.219,0.572,0.401,83.111,9.322,0.200,,,0.000,,0.821,1.280,10.230,0.125
2025-02-09,9.000,0.000,0.000,9.333,0.000,0.000,0.000,67.667,63.000,74.000,5.847,4.510,6.900,12.744,12.300,13.200,2.556,1.300,4.000,1021.389,1020.200,1022.000,0.000,9.000,9.000,0.490,0.190,0.920,0.466,0.099,0.000,0.099,0.060,72.444,12.122,0.000,,,0.000,,0.896,0.370,10.210,0.036
2025-02-10,9.000,0.000,0.000,5.889,0.000,0.000,0.000,70.778,67.000,72.000,5.333,5.050,6.180,16.500,16.000,17.000,2.456,1.800,3.300,1018.167,1017.000,1018.800,0.000,9.000,9.000,0.234,0.140,0.450,0.169,0.037,0.067,0.100,0.020,79.778,14.967,0.000,,,0.000,,0.951,0.000,10.190,0.000
2025-02-11,9.000,0.000,0.000,10.000,0.000,0.000,0.000,73.667,64.000,83.000,4.906,2.930,7.100,19.822,18.100,21.600,1.133,0.400,2.000,1015.000,1014.900,1015.100,0.000,9.000,9.000,0.662,0.410,0.940,0.074,0.602,0.374,0.730,0.471,89.778,17.978,0.000,,,0.000,,0.986,0.000,10.180,0.000
2025-02-12,9.000,0.000,0.000,10.000,0.000,0.000,0.000,93.556,90.000,97.000,1.047,0.480,1.640,16.378,14.700,17.300,2.100,0.300,3.700,1017.556,1016.300,1018.600,28.500,9.000,9.000,1.000,1.000,1.000,0.962,0.996,0.730,0.998,0.982,96.667,17.122,26.800,,,0.000,,0.999,0.000,10.160,0.000
2025-02-13,8.000,0.000,0.000,10.000,0.000,0.000,0.000,82.444,80.000,85.000,2.973,2.510,3.430,15.078,14.600,15.400,3.989,3.300,5.000,1017.367,1015.500,1018.700,-19.600,9.000,9.000,0.961,0.860,1.000,0.930,0.388,0.630,0.724,0.478,88.667,15.111,0.000,,,0.000,,0.992,0.000,10.140,0.000
2025-02-14,9.000,0.000,0.000,3.111,0.000,0.000,0.000,90.111,86.000,95.000,1.650,0.800,2.380,17.522,16.100,18.300,1.556,0.100,2.700,1012.767,1012.400,1013.100,0.000,9.000,9.000,0.159,0.080,0.260,0.147,0.049,0.000,0.049,0.010,92.778,17.000,0.000,,,0.000,,0.965,0.270,10.120,0.027
2025-02-15,8.000,0.000,0.000,3.750,0.000,0.000,0.000,87.222,84.000,91.000,2.164,1.490,2.760,18.022,17.600,18.500,0.756,0.200,1.500,1012.033,1011.100,1012.500,0.000,9.000,9.000,1.000,1.000,1.000,1.000,0.000,0.000,0.000,0.000,96.556,18.244,0.000,,,0.000,,0.921,1.120,10.100,0.111
2025-02-16,9.000,0.000,0.000,4.556,0.000,0.000,0.000,67.556,60.000,72.000,6.076,5.080,7.800,16.856,16.100,17.800,2.533,1.500,3.200,1018.800,1018.100,1019.200,0.000,9.000,9.000,0.144,0.010,0.530,0.126,0.029,0.000,0.029,0.010,82.556,15.844,0.000,,,0.000,,0.863,1.960,10.080,0.195
2025-02-17,9.000,0.000,0.000,9.778,0.000,0.000,0.000,72.333,57.000,88.000,5.179,1.970,8.670,16.644,14.700,18.300,3.244,2.500,4.100,1019.400,1018.700,1020.100,-39.200,9.000,9.000,0.798,0.440,1.000,0.797,0.132,0.000,0.132,0.030,76.778,16.678,0.100,,,0.000,,0.791,2.810,10.060,0.279
2025-02-18,9.000,0.000,0.000,9.444,0.000,0.000,0.000,80.667,74.000,86.000,3.309,2.320,4.600,14.711,14.400,14.900,3.389,2.900,3.900,1020.711,1019.400,1021.400,0.000,9.000,9.000,0.980,0.890,1.000,0.973,0.613,0.000,0.613,0.380,86.111,14.911,0.000,,,0.000,,0.710,3.670,10.040,0.365
2025-02-19,9.000,0.000,0.000,10.000,0.000,0.000,0.000,82.444,80.000,85.000,3.022,2.540,3.490,17.189,16.800,17.600,3.322,2.500,4.200,1018.500,1017.600,1019.200,0.000,9.000,9.000,0.931,0.820,1.000,0.299,0.917,0.000,0.917,0.820,88.000,16.722,0.000,,,0.000,,0.621,4.560,10.020,0.455
2025-02-20,8.000,0.000,0.000,10.000,0.000,0.000,0.000,82.889,78.000,91.000,2.966,1.480,3.910,17.778,16.400,19.100,1.556,0.600,2.800,1018.856,1018.100,1019.400,-49.000,9.000,9.000,1.000,1.000,1.000,1.000,0.428,0.000,0.428,0.130,93.778,17.811,2.500,,,0.000,,0.527,5.480,10.000,0.548
2025-02-21,9.000,0.000,0.000,9.222,0.000,0.000,0.000,85.444,84.000,88.000,2.421,1.960,2.680,14.733,14.400,15.000,3.244,3.000,3.500,1023.044,1021.500,1024.000,-29.400,9.000,9.000,0.996,0.980,1.000,0.994,0.210,0.000,0.210,0.050,90.444,14.956,0.200,,,0.000,,0.430,6.430,9.980,0.644
2025-02-22,9.000,0.000,0.000,10.000,0.000,0.000,0.000,91.333,87.000,96.000,1.413,0.630,2.160,15.289,14.800,15.700,2.644,1.300,3.600,1021.833,1021.200,1022.500,-46.500,9.000,9.000,1.000,1.000,1.000,1.000,0.922,0.006,0.923,0.800,92.444,16.378,2.000,,,0.000,,0.334,7.370,9.960,0.741
2025-02-23,9.000,0.000,0.000,10.000,0.000,0.000,0.000,85.222,83.000,88.000,2.439,1.950,2.840,13.544,13.100,13.900,2.656,2.100,2.900,1027.089,1026.400,1027.800,-48.500,9.000,9.000,1.000,1.000,1.000,1.000,0.890,0.000,0.890,0.790,89.333,14.144,1.900,,,0.000,,0.242,8.280,9.930,0.834
2025-02-24,9.000,0.000,0.000,9.556,0.000,0.000,0.000,76.000,71.000,80.000,4.156,3.360,5.180,13.300,12.500,14.000,3.711,2.800,4.300,1025.778,1022.800,1027.600,0.000,9.000,9.000,0.481,0.280,0.640,0.474,0.037,0.000,0.037,0.010,81.111,12.644,0.000,,,0.000,,0.158,9.130,9.910,0.921
2025-02-25,8.000,0.000,0.000,10.000,0.000,0.000,0.000,81.000,75.000,85.000,3.288,2.520,4.480,16.478,15.900,17.300,1.322,0.800,1.900,1021.478,1020.200,1022.200,-9.800,9.000,9.000,0.860,0.310,0.990,0.100,0.838,0.574,0.895,0.306,84.889,16.300,0.400,,,0.000,,0.087,9.890,9.890,1.000
2025-02-26,8.000,0.000,0.000,9.875,0.000,0.000,0.000,86.889,82.000,92.000,2.234,1.310,3.150,18.078,16.600,19.300,1.411,0.600,3.200,1016.678,1015.300,1017.700,0.000,9.000,9.000,0.868,0.670,0.960,0.116,0.249,0.840,0.876,0.637,90.333,17.422,0.000,,,0.000,,0.034,9.870,9.870,1.000
2025-02-27,9.000,0.000,0.000,3.000,0.000,0.000,1.000,87.444,77.000,93.000,2.138,1.130,4.120,17.111,15.800,18.900,0.722,0.100,1.300,1015.133,1013.800,1016.300,0.000,9.000,9.000,0.081,0.010,0.160,0.077,0.031,0.000,0.031,0.000,91.333,17.256,0.000,,,0.000,,0.005,9.850,9.850,1.000
2025-02-28,9.000,0.000,0.000,3.222,0.000,0.000,0.000,83.111,73.000,90.000,2.977,1.660,5.040,19.211,17.700,21.300,0.689,0.300,1.000,1013.756,1013.300,1014.200,0.000,9.000,9.000,0.206,0.140,0.390,0.197,0.087,0.001,0.088,0.040,91.444,19.200,0.000,,,0.000,,0.003,9.820,9.820,1.000
2025-03-01,9.000,0.000,0.000,10.000,0.000,0.000,0.000,76.444,72.000,80.000,4.364,3.600,5.370,22.411,21.000,24.200,1.222,0.800,2.000,1010.722,1010.200,1011.300,0.000,9.000,9.000,0.866,0.720,0.950,0.084,0.029,0.857,0.859,0.700,88.667,21.833,0.000,,,0.000,,0.029,9.680,9.800,0.988
2025-03-02,9.000,0.000,0.000,10.000,0.000,0.000,0.000,80.444,75.000,86.000,3.562,2.450,4.700,22.733,21.700,23.800,0.811,0.300,1.200,1008.067,1007.300,1008.600,0.000,9.000,9.000,0.568,0.280,1.000,0.036,0.004,0.559,0.559,0.280,88.889,22.356,0.000,,,0.000,,0.084,8.590,9.780,0.879
2025-03-03,8.000,0.000,0.000,10.000,0.000,0.000,0.000,91.111,82.000,97.000,1.553,0.490,3.260,21.278,19.500,23.800,1.744,0.600,4.000,1009.489,1008.200,1010.200,27.200,9.000,9.000,1.000,1.000,1.000,0.932,0.334,0.933,0.956,0.879,96.444,22.244,0.200,,,0.000,,0.162,7.480,9.750,0.767
2025-03-04,9.000,0.000,0.000,10.000,0.000,0.000,0.000,90.444,86.000,93.000,1.592,1.140,2.390,17.967,17.100,18.600,3.567,2.600,4.300,1010.944,1010.200,1012.100,-3.300,9.000,9.000,1.000,1.000,1.000,1.000,0.843,0.909,0.966,0.749,94.000,18.733,13.700,,,0.000,,0.258,6.340,9.730,0.652
2025-03-05,8.000,0.000,0.000,9.875,0.000,0.000,0.000,92.000,89.000,94.000,1.313,0.980,1.830,17.133,16.800,17.300,3.022,1.800,3.900,1013.544,1013.300,1014.100,-8.300,9.000,9.000,1.000,1.000,1.000,1.000,0.528,0.058,0.528,0.020,93.667,17.578,2.300,,,0.000,,0.365,5.200,9.710,0.535
2025-03-06,9.000,0.000,0.000,9.778,0.000,0.000,0.000,82.222,78.000,90.000,2.989,1.600,3.780,13.600,13.100,14.100,2.978,2.000,3.400,1021.189,1019.400,1022.300,-19.600,9.000,9.000,1.000,1.000,1.000,1.000,0.903,0.238,0.914,0.790,89.111,13.667,1.100,,,0.000,,0.477,4.070,9.680,0.421
2025-03-07,9.000,0.000,0.000,10.000,0.000,0.000,0.000,89.667,88.000,91.000,1.677,1.450,1.960,14.289,14.100,14.400,2.200,0.700,3.200,1018.211,1017.600,1019.000,-36.700,9.000,9.000,1.000,1.000,1.000,1.000,0.924,0.000,0.924,0.860,89.111,15.467,1.500,,,0.000,,0.587,3.020,9.660,0.313
2025-03-08,9.000,0.000,0.000,8.333,0.000,0.000,0.000,76.444,74.000,78.000,4.146,3.820,4.640,16.022,15.400,16.600,2.489,2.100,3.500,1019.700,1019.200,1020.100,0.000,9.000,9.000,0.990,0.930,1.000,0.990,0.070,0.000,0.070,0.010,84.667,15.922,0.000,,,0.000,,0.690,2.070,9.640,0.215
2025-03-09,9.000,0.000,0.000,6.556,0.000,0.000,0.000,86.111,84.000,89.000,2.371,1.840,2.760,18.344,17.700,18.700,3.300,1.400,4.200,1018.556,1015.600,1019.800,0.000,9.000,9.000,0.230,0.050,0.360,0.226,0.011,0.000,0.011,0.000,86.778,17.378,0.000,,,0.000,,0.783,1.240,9.610,0.129
2025-03-10,7.000,0.000,0.000,6.286,0.000,0.000,0.000,87.667,83.000,92.000,2.088,1.310,2.950,17.811,17.000,18.800,0.889,0.400,1.700,1015.800,1014.400,1016.700,0.000,9.000,9.000,0.789,0.040,1.000,0.786,0.106,0.000,0.106,0.000,92.222,18.478,0.000,,,0.000,,0.862,0.530,9.590,0.055
2025-03-11,9.000,0.000,0.000,6.889,0.000,0.000,0.000,87.778,85.000,90.000,2.079,1.680,2.590,19.067,18.700,19.400,0.733,0.400,1.900,1012.778,1011.400,1013.800,0.000,9.000,9.000,0.954,0.850,1.000,0.863,0.200,0.773,0.820,0.696,92.333,20.522,0.000,,,0.000,,0.924,0.000,9.560,0.000
2025-03-12,9.000,0.000,0.000,9.667,0.000,0.000,0.000,78.000,68.000,84.000,4.094,2.830,6.310,23.422,22.200,24.800,1.067,0.500,1.600,1009.978,1009.500,1010.500,0.000,9.000,9.000,0.363,0.150,0.660,0.003,0.097,0.303,0.373,0.163,86.556,23.100,0.000,,,0.000,,0.968,0.000,9.540,0.000
2025-03-13,9.000,0.000,0.000,9.889,0.000,0.000,0.000,89.000,88.000,90.000,1.872,1.690,2.040,20.111,19.000,20.900,2.189,0.400,3.500,1011.933,1010.700,1013.500,0.000,9.000,9.000,0.923,0.640,1.000,0.617,0.204,0.820,0.851,0.483,93.222,21.044,0.300,,,0.000,,0.994,0.000,9.510,0.000
2025-03-14,9.000,0.000,0.000,9.556,0.000,0.000,0.000,93.444,88.000,95.000,1.083,0.810,2.040,18.456,17.500,19.200,1.522,0.500,2.000,1011.122,1009.700,1012.100,-17.600,9.000,9.000,0.731,0.600,0.920,0.491,0.238,0.408,0.552,0.346,94.667,20.122,0.300,,,0.000,,1.000,0.000,9.490,0.000
2025-03-15,9.000,0.000,0.000,10.000,0.000,0.000,0.000,90.222,84.000,94.000,1.596,0.960,2.700,14.467,13.000,16.000,1.411,0.500,2.400,1014.689,1013.000,1015.700,-25.400,9.000,9.000,1.000,1.000,1.000,1.000,0.840,0.790,0.942,0.688,91.778,14.967,7.700,,,0.000,,0.987,0.000,9.460,0.000
2025-03-16,9.000,0.000,0.000,10.000,0.000,0.000,0.000,57.444,54.000,60.000,8.288,7.640,9.190,14.044,13.400,14.300,2.389,1.100,3.000,1019.367,1018.500,1020.600,0.000,9.000,9.000,0.758,0.270,1.000,0.739,0.291,0.000,0.291,0.140,63.778,13.289,0.100,,,0.000,,0.957,0.470,9.440,0.050
2025-03-17,8.000,0.000,0.000,10.000,0.000,0.000,0.000,64.444,60.000,68.000,6.604,5.810,7.600,13.767,13.200,14.300,2.067,1.300,4.100,1018.444,1017.700,1019.200,0.000,9.000,9.000,0.833,0.440,1.000,0.209,0.820,0.246,0.825,0.410,75.444,12.256,0.700,,,0.000,,0.911,1.330,9.410,0.141
2025-03-18,8.000,0.000,0.000,7.000,0.000,0.000,0.000,60.111,54.000,68.000,7.620,5.750,9.160,13.133,12.500,13.900,1.633,0.900,2.500,1021.400,1021.100,1021.600,0.000,9.000,9.000,0.186,0.030,0.490,0.081,0.164,0.000,0.164,0.030,70.889,11.256,0.000,,,0.000,,0.850,2.210,9.380,0.235
2025-03-19,8.000,0.000,0.000,4.250,0.000,0.000,0.000,65.000,58.000,77.000,6.507,3.900,8.180,13.611,11.800,14.700,2.233,0.900,3.600,1023.122,1022.700,1023.500,0.000,9.000,9.000,0.113,0.040,0.340,0.111,0.016,0.000,0.016,0.000,74.444,12.422,0.000,,,0.000,,0.776,3.110,9.360,0.333
2025-03-20,9.000,0.000,0.000,3.333,0.000,0.000,0.000,60.444,55.000,70.000,7.643,5.350,9.040,14.644,13.000,15.900,1.700,1.200,2.400,1021.011,1020.500,1021.600,0.000,9.000,9.000,0.012,0.000,0.060,0.012,0.000,0.000,0.000,0.000,73.889,12.178,0.000,,,0.000,,0.692,4.040,9.330,0.433
2025-03-21,9.000,0.000,0.000,3.333,0.000,0.000,0.000,54.778,45.000,64.000,9.259,6.690,12.190,16.278,13.700,18.800,1.356,0.400,3.000,1018.267,1017.400,1019.200,0.000,9.000,9.000,0.001,0.000,0.010,0.001,0.000,0.000,0.000,0.000,71.778,13.433,0.000,,,0.000,,0.600,4.970,9.310,0.534
2025-03-22,9.000,0.000,0.000,4.111,0.000,0.000,0.000,64.222,57.000,69.000,6.881,5.680,8.790,17.689,15.400,20.200,1.400,0.500,2.500,1015.689,1015.200,1016.400,0.000,9.000,9.000,0.024,0.000,0.060,0.024,0.000,0.000,0.000,0.000,79.444,15.067,0.000,,,0.000,,0.502,5.880,9.280,0.633
2025-03-23,9.000,0.000,0.000,3.333,0.000,0.000,0.000,67.778,51.000,78.000,6.203,3.860,10.550,18.922,16.900,21.300,1.200,0.800,1.600,1011.489,1010.500,1012.400,0.000,9.000,9.000,0.013,0.000,0.030,0.013,0.000,0.000,0.000,0.000,81.333,16.944,0.000,,,0.000,,0.401,6.730,9.250,0.727
2025-03-24,9.000,0.000,0.000,3.000,0.000,0.000,1.000,67.778,61.000,75.000,6.218,4.520,7.960,20.944,18.600,23.600,1.233,1.000,1.800,1007.811,1007.000,1008.400,0.000,9.000,9.000,0.037,0.000,0.060,0.034,0.020,0.000,0.020,0.000,81.111,19.633,0.000,,,0.000,,0.301,7.510,9.230,0.814
2025-03-25,9.000,0.000,0.000,4.556,0.000,0.000,0.000,63.000,59.000,66.000,7.392,6.540,8.460,22.156,19.900,25.100,1.578,0.700,2.700,1004.978,1004.300,1005.500,0.000,9.000,9.000,0.194,0.000,0.690,0.001,0.000,0.193,0.193,0.000,85.556,20.700,0.000,,,0.000,,0.206,8.220,9.200,0.893
2025-03-26,9.000,0.000,0.000,7.778,0.000,0.000,0.000,77.889,73.000,81.000,4.107,3.450,5.190,23.889,22.500,25.200,1.122,0.700,1.600,1003.267,1002.600,1003.700,0.000,9.000,9.000,0.777,0.180,1.000,0.706,0.068,0.271,0.312,0.160,91.111,23.744,0.000,,,0.000,,0.123,8.860,9.170,0.966
2025-03-27,9.000,0.000,0.000,9.667,0.000,0.000,0.000,70.222,66.000,80.000,5.908,3.670,6.940,26.233,24.000,27.800,1.822,0.600,3.400,1004.722,1002.500,1006.700,0.000,9.000,9.000,0.609,0.000,1.000,0.529,0.246,0.244,0.404,0.000,85.444,25.356,0.700,,,0.000,,0.057,9.140,9.140,1.000
2025-03-28,9.000,0.000,0.000,7.444,0.000,0.000,0.000,80.556,80.000,82.000,3.323,3.070,3.450,15.156,14.500,16.000,3.722,2.800,4.600,1016.644,1015.200,1017.200,-39.200,9.000,9.000,1.000,1.000,1.000,1.000,0.298,0.012,0.305,0.040,87.778,15.600,1.300,,,0.000,,0.014,9.120,9.120,1.000
2025-03-29,9.000,0.000,0.000,9.444,0.000,0.000,0.000,88.889,83.000,92.000,1.813,1.280,2.840,14.022,13.800,14.200,3.322,2.900,4.200,1019.067,1018.000,1019.600,-55.800,9.000,9.000,1.000,1.000,1.000,1.000,0.886,0.131,0.893,0.451,90.778,14.100,2.700,,,0.000,,0.000,9.090,9.090,1.000
2025-03-30,9.000,0.000,0.000,10.000,0.000,0.000,0.000,93.778,90.000,96.000,0.989,0.630,1.610,13.911,13.100,14.600,2.222,1.500,3.100,1018.089,1016.000,1019.900,-1.300,9.000,9.000,0.984,0.880,1.000,0.970,0.857,0.287,0.897,0.745,94.333,14.111,13.200,,,0.000,,0.016,9.060,9.060,1.000
2025-03-31,9.000,0.000,0.000,10.000,0.000,0.000,0.000,95.778,94.000,97.000,0.666,0.470,0.950,13.844,13.600,14.200,0.967,0.100,1.300,1015.489,1013.600,1016.400,16.700,9.000,9.000,1.000,1.000,1.000,0.998,0.940,0.227,0.946,0.800,95.333,14.700,14.700,,,0.000,,0.062,8.180,9.040,0.905
2025-04-01,9.000,0.000,0.000,10.000,0.000,0.000,0.000,87.333,81.000,92.000,2.088,1.280,3.210,14.233,13.800,14.400,1.000,0.600,1.400,1015.633,1015.200,1016.000,-19.600,9.000,9.000,0.933,0.740,1.000,0.918,0.377,0.000,0.377,0.300,85.222,14.556,0.000,,,0.000,,0.133,6.990,9.010,0.776
2025-04-02,9.000,0.000,0.000,10.000,0.000,0.000,0.000,65.889,63.000,67.000,6.412,6.140,7.100,16.644,16.200,17.000,2.611,1.400,3.400,1016.011,1015.200,1017.000,0.000,9.000,9.000,0.488,0.180,0.770,0.054,0.477,0.000,0.477,0.160,74.667,15.389,0.000,,,0.000,,0.223,5.800,8.980,0.646
2025-04-03,9.000,0.000,0.000,4.667,0.000,0.000,0.000,66.111,62.000,68.000,6.474,6.020,7.460,18.889,18.600,19.200,2.722,2.100,3.300,1015.278,1014.000,1016.000,0.000,9.000,9.000,0.137,0.050,0.310,0.088,0.083,0.000,0.083,0.010,72.000,17.233,0.000,,,0.000,,0.326,4.680,8.950,0.523
2025-04-04,9.000,0.000,0.000,9.667,0.000,0.000,0.000,64.778,61.000,74.000,6.927,4.770,7.830,21.033,19.700,21.600,2.111,0.800,3.500,1012.000,1011.300,1012.700,-9.800,9.000,9.000,0.664,0.260,0.960,0.152,0.600,0.088,0.626,0.188,74.667,19.967,0.800,,,0.000,,0.434,3.670,8.920,0.411
2025-04-05,9.000,0.000,0.000,10.000,0.000,0.000,0.000,94.778,91.000,97.000,0.843,0.480,1.480,16.633,16.400,17.100,1.167,0.600,1.600,1012.244,1011.400,1013.100,-18.900,9.000,9.000,1.000,1.000,1.000,0.337,1.000,0.622,1.000,1.000,93.000,17.600,5.400,,,0.000,,0.542,2.790,8.900,0.313
2025-04-06,9.000,0.000,0.000,6.444,0.000,0.000,0.000,66.889,61.000,79.000,6.341,3.720,7.730,19.100,18.800,19.600,2.222,1.700,2.700,1014.122,1013.100,1015.200,0.000,9.000,9.000,0.241,0.060,0.790,0.081,0.068,0.166,0.209,0.000,79.556,18.844,0.000,,,0.000,,0.645,2.030,8.870,0.229
2025-04-07,8.000,0.000,0.000,9.000,0.000,0.000,0.000,71.889,68.000,75.000,5.302,4.610,6.190,21.644,21.100,22.300,1.311,0.300,2.500,1013.144,1012.100,1014.200,0.000,9.000,9.000,0.499,0.070,0.900,0.071,0.170,0.394,0.469,0.030,81.556,20.567,0.000,,,0.000,,0.739,1.390,8.840,0.157
2025-04-08,0.000,0.000,0.000,,,,,76.333,72.000,81.000,4.413,3.420,5.360,23.244,21.900,24.000,0.878,0.400,1.500,1010.633,1009.200,1011.700,0.000,9.000,9.000,0.411,0.100,0.660,0.029,0.219,0.273,0.419,0.088,84.000,22.144,0.000,,,0.000,,0.822,0.820,8.810,0.093
2025-04-09,9.000,0.000,0.000,10.000,0.000,0.000,0.000,90.444,68.000,96.000,1.727,0.670,6.340,22.489,21.000,25.500,1.000,0.100,3.800,1006.600,1004.700,1008.200,-11.600,9.000,9.000,0.987,0.890,1.000,0.880,0.784,0.964,0.985,0.888,92.000,22.822,4.500,,,0.000,,0.890,0.300,8.780,0.034
2025-04-10,9.000,0.000,0.000,4.333,0.000,0.000,0.000,92.111,86.000,96.000,1.347,0.660,2.450,20.644,19.600,21.800,0.789,0.100,1.500,1006.722,1006.300,1007.200,0.000,9.000,9.000,0.691,0.620,0.770,0.610,0.058,0.167,0.211,0.000,92.556,21.400,0.000,,,0.000,,0.943,0.000,8.760,0.000
2025-04-11,9.000,0.000,0.000,10.000,0.000,0.000,0.000,82.000,73.000,90.000,3.317,1.730,5.200,24.200,23.300,25.600,1.256,0.500,2.900,1005.300,1004.000,1007.000,-49.000,9.000,9.000,0.730,0.400,0.960,0.032,0.357,0.591,0.733,0.393,91.333,23.578,2.700,,,0.000,,0.979,0.000,8.730,0.000
2025-04-12,8.000,0.000,0.000,10.000,0.000,0.000,0.000,86.222,63.000,93.000,2.564,1.140,7.690,20.322,15.400,27.700,1.933,0.600,3.600,1008.711,1002.600,1012.400,27.900,9.000,9.000,0.978,0.870,1.000,0.720,0.914,0.603,0.978,0.937,89.778,20.200,20.000,,,0.000,,0.997,0.000,8.700,0.000
2025-04-13,9.000,0.000,0.000,9.778,0.000,0.000,0.000,64.222,54.000,74.000,6.849,4.610,9.450,16.344,15.300,17.900,1.522,0.200,2.800,1008.733,1008.100,1009.600,0.000,9.000,9.000,0.502,0.050,0.950,0.007,0.123,0.413,0.495,0.050,66.778,16.256,0.000,,,0.000,,0.997,0.000,8.670,0.000
2025-04-14,9.000,0.000,0.000,7.889,0.000,0.000,0.000,66.778,60.000,75.000,6.469,4.530,8.230,21.144,19.000,23.700,1.156,0.400,1.700,1007.944,1005.400,1008.800,0.000,9.000,9.000,0.577,0.000,0.940,0.000,0.012,0.570,0.577,0.000,67.222,19.800,0.000,,,0.000,,0.980,0.000,8.640,0.000
2025-04-15,9.000,0.000,0.000,3.333,0.000,0.000,0.000,68.111,62.000,74.000,6.162,4.800,7.660,21.400,20.000,22.700,1.500,0.600,1.900,1009.900,1009.000,1010.800,0.000,9.000,9.000,0.291,0.080,0.750,0.038,0.000,0.269,0.269,0.040,80.000,18.989,0.000,,,0.000,,0.945,0.760,8.610,0.089
2025-04-16,8.000,0.000,0.000,8.625,0.000,0.000,0.000,72.444,59.000,78.000,5.273,4.000,8.560,22.767,21.600,24.800,1.611,0.900,2.400,1008.522,1007.500,1009.400,0.000,9.000,9.000,0.770,0.420,0.990,0.064,0.037,0.749,0.753,0.410,82.222,20.744,0.000,,,0.000,,0.895,1.680,8.580,0.196
2025-04-17,8.000,0.000,0.000,8.875,0.000,0.000,0.000,71.333,55.000,79.000,5.621,3.830,9.780,24.178,22.600,26.600,1.622,0.500,2.700,1005.956,1005.400,1006.700,0.000,9.000,9.000,0.392,0.180,0.730,0.066,0.068,0.318,0.365,0.160,87.333,22.400,0.000,,,0.000,,0.829,2.610,8.560,0.305
2025-04-18,9.000,0.000,0.000,9.111,0.000,0.000,0.000,74.333,67.000,81.000,4.941,3.490,6.640,25.456,24.200,26.800,1.667,1.100,2.400,1006.911,1006.400,1007.300,0.000,9.000,9.000,0.979,0.880,1.000,0.078,0.114,0.978,0.981,0.887,85.000,24.567,0.000,,,0.000,,0.750,3.510,8.530,0.412
2025-04-19,9.000,0.000,0.000,9.889,0.000,0.000,0.000,84.667,67.000,94.000,2.930,1.020,6.710,24.622,22.700,28.100,1.678,0.700,3.600,1006.133,1003.200,1008.700,13.700,9.000,9.000,0.998,0.990,1.000,0.403,0.738,0.977,0.993,0.969,93.778,24.678,0.900,,,0.000,,0.660,4.360,8.500,0.513
2025-04-20,9.000,0.000,0.000,8.778,0.000,0.000,0.000,90.889,88.000,93.000,1.577,1.190,2.110,23.389,22.900,23.800,1.256,0.800,1.900,1009.322,1008.800,1009.800,0.000,9.000,9.000,0.947,0.860,1.000,0.698,0.143,0.871,0.892,0.800,93.778,24.644,0.800,,,0.000,,0.561,5.150,8.470,0.607
2025-04-21,9.000,0.000,0.000,4.444,0.000,0.000,0.000,86.556,79.000,91.000,2.432,1.570,3.960,25.633,24.100,27.200,1.011,0.700,1.800,1006.878,1005.800,1008.000,0.000,9.000,9.000,0.889,0.490,1.000,0.770,0.000,0.396,0.396,0.100,92.111,24.522,0.000,,,0.000,,0.457,5.860,8.440,0.694
2025-04-22,9.000,0.000,0.000,4.778,0.000,0.000,0.000,78.625,65.000,86.000,4.086,2.540,7.260,26.925,25.700,29.300,1.456,0.800,2.200,1004.289,1003.000,1005.000,0.000,9.000,8.000,0.683,0.160,1.000,0.554,0.091,0.188,0.263,0.116,81.778,26.211,0.200,,,0.000,,0.352,6.500,8.410,0.773
2025-04-23,8.000,0.000,0.000,9.500,0.000,0.000,0.000,84.667,82.000,88.000,2.720,2.080,3.230,22.700,22.100,23.600,2.756,2.000,4.000,1007.233,1006.600,1008.000,-29.400,9.000,9.000,1.000,1.000,1.000,1.000,0.273,0.262,0.466,0.324,92.778,23.733,0.500,,,0.000,,0.249,7.100,8.390,0.847
2025-04-24,9.000,0.000,0.000,9.889,0.000,0.000,0.000,88.778,86.000,91.000,1.947,1.540,2.460,22.433,22.200,22.600,1.800,0.500,2.600,1007.422,1006.600,1008.500,-28.900,9.000,9.000,0.998,0.990,1.000,0.516,0.551,0.931,0.994,0.985,92.444,23.833,0.300,,,0.000,,0.157,7.680,8.360,0.919
2025-04-25,9.000,0.000,0.000,10.000,0.000,0.000,0.000,85.556,83.000,89.000,2.492,1.860,2.970,19.567,19.000,19.900,3.400,2.500,4.500,1012.989,1012.000,1013.600,-9.800,9.000,9.000,0.999,0.990,1.000,0.997,0.539,0.563,0.800,0.619,90.889,20.011,1.200,,,0.000,,0.080,8.270,8.330,0.993
2025-04-26,9.000,0.000,0.000,8.778,0.000,0.000,0.000,90.889,90.000,93.000,1.537,1.170,1.700,20.189,19.800,21.000,2.389,1.100,3.900,1012.178,1010.200,1014.400,0.000,9.000,9.000,0.788,0.650,1.000,0.719,0.371,0.000,0.371,0.060,93.889,21.100,0.600,,,0.000,,0.027,8.300,8.300,1.000
2025-04-27,9.000,0.000,0.000,9.333,0.000,0.000,0.000,85.111,82.000,87.000,2.671,2.300,3.290,24.400,24.000,25.000,0.444,0.200,0.800,1007.533,1006.200,1008.700,0.000,9.000,9.000,0.642,0.150,1.000,0.353,0.513,0.104,0.578,0.173,91.667,22.933,0.300,,,0.000,,0.002,8.270,8.270,1.000
2025-04-28,9.000,0.000,0.000,5.000,0.000,0.000,0.000,67.889,57.000,80.000,6.237,3.510,8.850,20.256,18.100,22.300,1.600,0.500,2.800,1011.267,1010.500,1012.200,0.000,9.000,9.000,0.252,0.050,0.730,0.090,0.100,0.136,0.233,0.030,78.333,19.389,0.000,,,0.000,,0.008,8.250,8.250,1.000
2025-04-29,9.000,0.000,0.000,4.222,0.000,0.000,0.000,66.556,64.000,75.000,6.513,4.570,7.150,21.478,19.900,22.400,1.978,0.300,3.200,1010.789,1009.600,1011.800,0.000,9.000,9.000,0.157,0.020,0.310,0.033,0.000,0.128,0.128,0.000,81.556,19.389,0.000,,,0.000,,0.044,7.690,8.220,0.936
2025-04-30,9.000,0.000,0.000,7.778,0.000,0.000,0.000,70.889,63.000,79.000,5.670,3.860,7.600,24.456,23.300,26.200,1.500,1.000,2.100,1009.044,1008.700,1009.500,0.000,9.000,9.000,0.719,0.400,0.870,0.250,0.280,0.546,0.702,0.381,86.778,24.033,0.700,,,0.000,,0.107,6.500,8.190,0.793
2025-05-01,9.000,0.000,0.000,9.778,0.000,0.000,0.000,75.111,63.000,80.000,4.733,3.630,7.600,23.867,22.500,26.200,1.300,0.600,1.800,1009.489,1008.800,1010.500,0.000,9.000,9.000,0.924,0.720,0.980,0.001,0.000,0.923,0.923,0.710,87.222,22.578,0.000,,,0.000,,0.189,5.400,8.160,0.661
2025-05-02,9.000,0.000,0.000,6.111,0.000,0.000,0.000,47.778,41.000,59.000,11.996,8.490,14.330,25.222,23.700,26.800,1.867,0.900,3.800,1007.289,1006.700,1007.800,0.000,9.000,9.000,0.548,0.080,0.900,0.026,0.004,0.547,0.550,0.089,82.222,23.044,0.000,,,0.000,,0.285,4.430,8.140,0.545
2025-05-03,9.000,0.000,0.000,10.000,0.000,0.000,0.000,67.889,59.000,75.000,6.491,4.750,8.810,26.722,25.200,28.800,1.267,0.900,1.700,1006.967,1006.500,1007.500,-39.200,9.000,9.000,0.732,0.410,0.980,0.030,0.379,0.596,0.743,0.405,84.111,25.200,0.300,,,0.000,,0.388,3.620,8.110,0.446
2025-05-04,9.000,0.000,0.000,10.000,0.000,0.000,0.000,75.667,72.000,83.000,4.636,3.090,5.440,25.500,25.000,25.900,2.100,0.400,4.000,1006.467,1004.600,1007.600,-29.400,9.000,9.000,0.930,0.560,1.000,0.036,0.738,0.883,0.931,0.546,90.667,24.422,1.200,,,0.000,,0.492,2.920,8.080,0.362
2025-05-05,9.000,0.000,0.000,8.778,0.000,0.000,0.000,78.667,77.000,80.000,4.047,3.760,4.410,27.678,27.300,27.900,1.289,0.700,2.000,1003.400,1002.600,1004.100,0.000,9.000,9.000,0.801,0.640,1.000,0.459,0.151,0.528,0.623,0.245,89.111,26.956,0.200,,,0.000,,0.594,2.330,8.060,0.289
2025-05-06,9.000,0.000,0.000,10.000,0.000,0.000,0.000,70.222,58.000,79.000,5.898,3.930,8.760,24.989,23.500,26.100,3.156,2.500,4.100,1006.544,1005.200,1007.400,-19.600,9.000,9.000,0.947,0.840,0.990,0.274,0.853,0.633,0.943,0.850,86.667,25.033,1.500,,,0.000,,0.689,1.790,8.030,0.223
2025-05-07,9.000,0.000,0.000,10.000,0.000,0.000,0.000,80.000,75.000,87.000,3.644,2.250,4.670,22.478,21.200,23.000,2.711,1.200,4.000,1008.022,1007.000,1009.200,-9.800,9.000,9.000,0.969,0.880,1.000,0.102,0.800,0.730,0.974,0.916,88.333,21.833,1.300,,,0.000,,0.775,1.300,8.000,0.162
2025-05-08,9.000,0.000,0.000,8.667,0.000,0.000,0.000,74.778,69.000,82.000,4.850,3.270,6.190,25.789,24.200,27.300,1.433,0.500,1.900,1005.711,1004.100,1007.000,0.000,9.000,9.000,0.700,0.350,1.000,0.048,0.022,0.677,0.686,0.350,88.444,24.678,0.000,,,0.000,,0.849,0.820,7.980,0.103
2025-05-09,9.000,0.000,0.000,10.000,0.000,0.000,0.000,86.222,80.000,91.000,2.514,1.580,3.780,26.844,25.600,28.200,1.067,0.400,2.300,1005.856,1005.100,1006.400,-39.200,9.000,9.000,1.000,1.000,1.000,0.670,0.393,0.992,0.994,0.984,93.222,27.178,2.200,,,0.000,,0.910,0.330,7.950,0.042
2025-05-10,9.000,0.000,0.000,10.000,0.000,0.000,0.000,75.444,70.000,86.000,4.633,2.440,5.830,23.722,21.300,24.500,2.389,1.700,3.300,1006.789,1005.300,1008.500,-28.900,9.000,9.000,0.832,0.570,1.000,0.494,0.597,0.451,0.786,0.552,83.000,23.344,2.200,,,0.000,,0.956,0.000,7.930,0.000
2025-05-11,8.000,0.000,0.000,10.000,0.000,0.000,0.000,91.667,88.000,96.000,1.398,0.650,2.040,19.433,19.200,19.600,1.789,1.000,3.300,1008.533,1007.700,1009.100,-18.100,9.000,9.000,0.999,0.990,1.000,0.620,0.882,0.998,1.000,0.998,93.000,19.778,0.600,,,0.000,,0.986,0.000,7.900,0.000
2025-05-12,8.000,0.000,0.000,7.625,0.000,0.000,0.000,64.556,57.000,75.000,7.083,4.620,9.010,22.622,21.400,23.500,2.089,0.900,2.700,1008.933,1008.400,1009.800,0.000,9.000,9.000,0.414,0.070,0.920,0.120,0.052,0.348,0.370,0.000,77.222,21.133,0.000,,,0.000,,0.998,0.000,7.880,0.000
2025-05-13,9.000,0.000,0.000,7.667,0.000,0.000,0.000,73.333,66.000,79.000,5.156,3.860,6.910,25.611,23.800,27.300,1.533,1.000,2.500,1010.167,1009.700,1010.800,0.000,9.000,9.000,0.523,0.260,1.000,0.437,0.399,0.008,0.402,0.150,85.556,24.078,0.000,,,0.000,,0.993,0.000,7.850,0.000
2025-05-14,9.000,0.000,0.000,8.000,0.000,0.000,0.000,71.556,65.000,77.000,5.608,4.340,7.220,27.067,25.800,28.500,1.300,0.700,2.200,1010.011,1009.400,1010.700,0.000,9.000,9.000,0.103,0.010,0.170,0.061,0.091,0.000,0.091,0.010,85.000,25.278,0.000,,,0.000,,0.969,0.210,7.830,0.026
2025-05-15,9.000,0.000,0.000,5.889,0.000,0.000,0.000,71.778,66.000,77.000,5.579,4.350,7.000,27.589,26.100,29.000,1.489,0.700,1.900,1009.544,1008.600,1010.300,0.000,9.000,9.000,0.169,0.020,0.430,0.014,0.101,0.071,0.163,0.020,85.333,25.722,0.000,,,0.000,,0.927,1.120,7.810,0.143
2025-05-16,9.000,0.000,0.000,3.444,0.000,0.000,0.000,72.889,65.000,81.000,5.366,3.510,7.240,27.533,25.900,29.000,1.422,0.700,2.000,1008.256,1007.300,1009.300,0.000,9.000,9.000,0.453,0.140,0.800,0.017,0.059,0.438,0.463,0.149,86.111,26.289,0.000,,,0.000,,0.869,1.980,7.780,0.255
2025-05-17,9.000,0.000,0.000,6.556,0.000,0.000,0.000,93.222,91.000,95.000,1.184,0.860,1.580,26.211,25.600,27.000,1.022,0.500,1.500,1008.022,1007.200,1009.000,0.000,9.000,9.000,0.773,0.120,1.000,0.036,0.071,0.772,0.775,0.120,90.778,26.389,0.000,,,0.000,,0.795,2.780,7.760,0.358
2025-05-18,9.000,0.000,0.000,7.000,0.000,0.000,0.000,93.333,91.000,95.000,1.158,0.860,1.580,25.167,24.700,25.500,0.978,0.200,1.500,1007.322,1006.500,1008.500,0.000,9.000,9.000,0.998,0.990,1.000,0.061,0.031,0.998,0.998,0.990,94.889,25.578,0.000,,,0.000,,0.707,3.500,7.740,0.452
2025-05-19,9.000,0.000,0.000,10.000,0.000,0.000,0.000,80.111,75.000,84.000,3.767,2.940,4.890,27.956,27.000,29.100,1.144,0.800,1.700,1006.411,1005.800,1007.000,-9.800,9.000,9.000,0.950,0.790,1.000,0.269,0.384,0.931,0.966,0.914,88.556,26.822,0.000,,,0.000,,0.608,4.150,7.720,0.538
2025-05-20,9.000,0.000,0.000,5.444,0.000,0.000,0.000,81.667,75.000,84.000,3.438,2.920,4.900,27.811,26.400,29.600,1.144,0.700,1.900,1006.433,1005.600,1007.400,0.000,9.000,9.000,0.942,0.720,1.000,0.082,0.046,0.932,0.935,0.683,88.556,27.122,0.000,,,0.000,,0.501,4.740,7.690,0.617
2025-05-21,9.000,0.000,0.000,10.000,0.000,0.000,0.000,78.111,71.000,83.000,4.234,3.160,5.860,29.189,27.900,30.500,0.867,0.300,1.300,1005.022,1003.900,1006.100,0.000,9.000,9.000,0.993,0.970,1.000,0.002,0.402,0.992,0.994,0.971,87.444,27.822,0.400,,,0.000,,0.392,5.310,7.670,0.692
2025-05-22,9.000,0.000,0.000,9.889,0.000,0.000,0.000,92.444,87.000,95.000,1.320,0.850,2.330,25.211,24.500,25.500,1.011,0.700,2.200,1003.378,1001.200,1005.400,43.000,9.000,9.000,0.997,0.980,1.000,0.040,0.053,0.997,0.997,0.982,91.778,26.000,0.000,,,0.000,,0.284,5.870,7.650,0.767
2025-05-23,8.000,0.000,0.000,10.000,0.000,0.000,0.000,70.111,59.000,76.000,6.086,4.660,8.980,29.911,28.900,31.400,1.156,0.600,1.800,1002.922,1002.200,1003.700,0.000,9.000,9.000,0.966,0.770,1.000,0.001,0.073,0.962,0.965,0.758,78.444,29.433,0.100,,,0.000,,0.185,6.450,7.630,0.845
2025-05-24,9.000,0.000,0.000,10.000,0.000,0.000,0.000,86.000,76.000,93.000,2.481,1.180,4.400,21.678,21.100,22.400,2.233,1.500,3.000,1010.967,1009.900,1011.800,-36.200,9.000,9.000,0.998,0.990,1.000,0.924,0.800,0.809,0.953,0.829,88.444,22.478,1.300,,,0.000,,0.102,7.080,7.610,0.930
2025-05-25,9.000,0.000,0.000,10.000,0.000,0.000,0.000,67.556,65.000,69.000,6.287,5.940,6.890,21.989,21.700,22.100,2.022,1.500,2.700,1012.744,1011.600,1013.900,-9.800,9.000,9.000,0.901,0.830,0.980,0.236,0.881,0.237,0.899,0.830,75.222,21.289,1.200,,,0.000,,0.041,7.590,7.590,1.000
2025-05-26,9.000,0.000,0.000,9.333,0.000,0.000,0.000,86.333,82.000,91.000,2.379,1.520,3.190,20.833,20.300,21.500,3.344,2.400,4.300,1011.811,1010.800,1013.100,0.000,9.000,9.000,0.801,0.360,1.000,0.309,0.289,0.670,0.772,0.310,89.000,20.700,0.400,,,0.000,,0.007,7.570,7.570,1.000
2025-05-27,9.000,0.000,0.000,10.000,0.000,0.000,0.000,87.778,84.000,92.000,2.161,1.370,2.880,23.933,23.300,24.300,3.256,2.300,4.500,1010.189,1008.700,1011.400,-28.900,9.000,9.000,1.000,1.000,1.000,0.271,0.624,0.998,1.000,1.000,86.667,24.422,0.900,,,0.000,,0.004,7.560,7.560,1.000
2025-05-28,9.000,0.000,0.000,10.000,0.000,0.000,0.000,94.333,88.000,97.000,0.971,0.500,2.120,23.489,22.700,24.600,0.911,0.300,1.600,1006.644,1005.500,1007.600,-7.100,9.000,9.000,1.000,1.000,1.000,0.837,0.971,1.000,1.000,1.000,96.889,23.711,27.300,,,0.000,,0.030,7.430,7.540,0.985
2025-05-29,9.000,0.000,0.000,10.000,0.000,0.000,0.000,93.111,90.000,96.000,1.162,0.660,1.710,21.189,20.700,21.500,1.200,0.400,2.100,1008.533,1008.100,1009.100,-38.700,9.000,9.000,0.944,0.700,1.000,0.671,0.604,0.883,0.960,0.756,94.111,21.778,0.400,,,0.000,,0.082,6.380,7.520,0.848
2025-05-30,9.000,0.000,0.000,8.444,0.000,0.000,0.000,67.556,65.000,69.000,6.364,6.010,7.000,23.644,23.200,24.200,3.022,2.300,4.000,1007.844,1007.300,1008.600,0.000,9.000,9.000,0.792,0.110,1.000,0.151,0.110,0.760,0.773,0.050,75.000,22.300,0.000,,,0.000,,0.154,5.480,7.510,0.730
2025-05-31,9.000,0.000,0.000,6.444,0.000,0.000,0.000,69.222,62.000,73.000,6.139,5.210,7.970,26.711,25.700,28.200,1.533,0.600,2.400,1002.844,1001.600,1004.000,0.000,9.000,9.000,0.534,0.050,1.000,0.043,0.042,0.511,0.528,0.040,85.000,25.267,0.000,,,0.000,,0.241,4.730,7.490,0.631
2025-06-01,9.000,0.000,0.000,10.000,0.000,0.000,0.000,75.778,70.000,80.000,4.698,3.750,6.040,27.978,27.100,29.200,1.233,0.800,1.900,999.389,998.000,1000.600,0.000,9.000,9.000,0.992,0.980,1.000,0.083,0.199,0.990,0.991,0.974,90.111,27.367,0.000,,,0.000,,0.337,4.090,7.480,0.547
2025-06-02,8.000,0.000,0.000,10.000,0.000,0.000,0.000,70.667,66.000,79.000,5.966,4.010,7.090,30.289,28.800,31.400,1.100,0.400,1.900,997.856,997.300,998.600,0.000,9.000,9.000,0.999,0.990,1.000,0.518,0.177,0.994,0.995,0.982,90.444,28.789,0.000,,,0.000,,0.437,3.530,7.460,0.473
2025-06-03,9.000,0.000,0.000,10.000,0.000,0.000,0.000,88.222,84.000,93.000,2.077,1.200,2.860,23.622,23.300,24.000,2.389,1.400,3.200,1003.800,1003.300,1004.400,-28.900,9.000,9.000,0.999,0.990,1.000,0.859,0.463,0.973,0.989,0.968,94.111,24.000,0.600,,,0.000,,0.536,3.020,7.450,0.406
2025-06-04,9.000,0.000,0.000,10.000,0.000,0.000,0.000,86.778,81.000,94.000,2.354,1.030,3.480,23.733,22.700,24.500,3.111,2.600,3.800,1006.467,1005.300,1007.900,-2.300,9.000,9.000,0.896,0.690,1.000,0.133,0.534,0.827,0.911,0.730,88.000,23.622,1.900,,,0.000,,0.632,2.540,7.430,0.342
2025-06-05,8.000,0.000,0.000,9.625,0.000,0.000,0.000,90.889,88.000,93.000,1.591,1.210,2.130,24.367,24.200,24.800,1.467,0.200,3.600,1006.056,1005.100,1007.100,-9.800,9.000,9.000,0.310,0.190,0.390,0.143,0.171,0.117,0.267,0.107,92.333,24.756,0.400,,,0.000,,0.721,2.070,7.420,0.279
2025-06-06,9.000,0.000,0.000,9.333,0.000,0.000,0.000,94.667,93.000,96.000,0.929,0.690,1.230,26.489,25.800,27.200,1.000,0.600,1.600,1004.778,1004.000,1005.500,0.000,9.000,9.000,0.381,0.120,0.960,0.181,0.302,0.010,0.308,0.110,91.333,27.367,0.100,,,0.000,,0.801,1.580,7.410,0.213
2025-06-07,6.000,0.000,0.000,4.833,0.000,0.000,0.000,96.667,96.000,97.000,0.577,0.510,0.700,26.700,26.100,27.400,0.989,0.300,1.700,1003.856,1003.000,1004.600,0.500,9.000,9.000,0.968,0.870,1.000,0.052,0.047,0.964,0.966,0.875,91.444,27.478,0.000,,,0.000,,0.870,1.050,7.400,0.142
2025-06-08,8.000,0.000,0.000,10.000,0.000,0.000,0.000,84.333,77.000,88.000,2.921,2.170,4.470,28.456,27.600,29.700,1.056,0.300,1.600,1003.000,1002.400,1003.700,0.000,9.000,9.000,1.000,1.000,1.000,0.016,0.078,1.000,1.000,1.000,89.000,27.600,0.000,,,0.000,,0.927,0.470,7.390,0.063
2025-06-09,8.000,0.000,0.000,9.125,0.000,0.000,0.000,94.222,92.000,96.000,1.008,0.690,1.400,26.678,25.900,27.400,0.889,0.600,1.600,1002.722,1002.000,1003.600,-9.800,9.000,9.000,0.941,0.870,1.000,0.011,0.138,0.933,0.944,0.870,88.667,27.178,0.000,,,0.000,,0.968,0.000,7.380,0.000
2025-06-10,9.000,5.000,4.000,2.222,1.000,0.000,1.000,75.889,68.000,84.000,4.779,2.970,6.630,30.144,28.700,31.600,1.444,0.900,2.300,1002.433,1001.900,1002.900,0.000,9.000,9.000,0.611,0.370,0.800,0.023,0.036,0.591,0.608,0.361,86.889,28.844,0.000,,,0.000,,0.992,0.000,7.370,0.000
2025-06-11,9.000,4.000,4.000,3.000,1.000,0.000,1.000,65.889,64.000,68.000,7.111,6.570,7.620,30.589,30.100,31.200,2.778,1.800,4.000,1003.556,1002.500,1004.500,0.000,9.000,9.000,0.867,0.620,0.970,0.000,0.061,0.863,0.866,0.620,83.889,28.222,0.000,,,0.000,,0.998,0.000,7.360,0.000
2025-06-12,9.000,0.000,0.000,10.000,0.000,0.000,0.000,92.111,83.000,97.000,1.409,0.510,3.160,26.544,25.900,27.800,1.267,0.200,3.400,1002.344,1001.900,1002.800,-37.700,9.000,9.000,1.000,1.000,1.000,0.721,0.697,1.000,1.000,1.000,94.444,27.200,5.200,,,0.000,,0.984,0.000,7.360,0.000
2025-06-13,9.000,0.000,0.000,10.000,0.000,0.000,0.000,91.778,90.000,93.000,1.452,1.230,1.770,26.889,26.100,27.400,1.056,0.700,1.400,1004.900,1004.500,1005.400,-39.200,9.000,9.000,1.000,1.000,1.000,0.549,0.846,0.977,0.998,0.995,96.889,26.956,4.800,,,0.000,,0.951,0.470,7.350,0.064
2025-06-14,8.000,0.000,0.000,9.375,0.000,0.000,0.000,78.000,73.000,82.000,4.239,3.350,5.370,28.844,27.600,30.000,1.467,1.100,2.000,1004.867,1003.900,1005.900,0.000,9.000,9.000,0.768,0.610,0.870,0.293,0.072,0.667,0.690,0.411,89.444,28.456,0.000,,,0.000,,0.899,1.220,7.350,0.166
2025-06-15,9.000,0.000,0.000,8.667,0.000,0.000,0.000,72.889,64.000,82.000,5.451,3.370,7.620,29.689,28.300,31.100,1.300,0.800,2.100,1002.611,1001.900,1003.500,0.000,9.000,9.000,0.877,0.680,1.000,0.472,0.176,0.796,0.840,0.561,88.111,29.056,0.200,,,0.000,,0.829,1.900,7.340,0.258
2025-06-16,8.000,0.000,0.000,9.375,0.000,0.000,0.000,72.556,69.000,78.000,5.476,4.210,6.350,29.689,28.500,30.800,1.611,0.600,2.700,1005.822,1005.200,1006.500,0.000,9.000,9.000,0.948,0.840,1.000,0.014,0.101,0.946,0.951,0.844,87.556,28.767,0.000,,,0.000,,0.742,2.510,7.340,0.342
2025-06-17,8.000,0.000,0.000,10.000,0.000,0.000,0.000,74.000,71.000,77.000,5.083,4.400,5.780,28.178,27.400,28.800,1.356,0.700,2.200,1008.000,1007.500,1008.500,0.000,9.000,9.000,0.989,0.940,1.000,0.008,0.404,0.988,0.991,0.949,86.444,27.644,0.000,,,0.000,,0.643,3.070,7.330,0.419
2025-06-18,8.000,0.000,0.000,10.000,0.000,0.000,0.000,75.778,74.000,78.000,4.693,4.180,5.130,28.378,27.300,29.500,1.678,1.400,2.100,1008.489,1008.100,1009.200,-9.800,9.000,9.000,0.836,0.490,1.000,0.044,0.068,0.819,0.834,0.475,81.889,27.656,0.000,,,0.000,,0.534,3.620,7.330,0.494
2025-06-19,9.000,0.000,0.000,10.000,0.000,0.000,0.000,72.000,66.000,79.000,5.603,3.980,7.070,29.144,27.700,30.500,1.300,0.600,2.000,1008.222,1006.900,1009.200,0.000,9.000,9.000,0.997,0.980,1.000,0.124,0.076,0.996,0.996,0.981,84.333,28.311,0.000,,,0.000,,0.422,4.180,7.330,0.571
2025-06-20,9.000,0.000,0.000,7.222,0.000,0.000,0.000,83.778,82.000,86.000,3.004,2.570,3.370,27.956,27.000,28.600,1.656,0.800,2.800,1008.078,1006.900,1009.000,0.000,9.000,9.000,0.772,0.280,0.980,0.148,0.204,0.670,0.750,0.232,83.889,28.533,1.900,,,0.000,,0.311,4.780,7.330,0.652
2025-06-21,9.000,0.000,0.000,9.333,0.000,0.000,0.000,81.333,77.000,83.000,3.522,3.150,4.470,28.522,27.400,29.800,1.611,0.900,2.600,1006.233,1005.300,1007.200,0.000,9.000,9.000,0.962,0.880,1.000,0.083,0.071,0.954,0.960,0.877,88.556,28.144,0.000,,,0.000,,0.208,5.440,7.330,0.743
2025-06-22,9.000,0.000,0.000,5.556,0.000,0.000,0.000,74.889,64.000,82.000,4.997,3.380,7.630,29.500,28.200,31.300,1.333,0.900,2.000,1004.633,1004.000,1005.300,0.000,9.000,9.000,0.936,0.870,0.970,0.051,0.056,0.933,0.937,0.873,85.333,28.467,0.000,,,0.000,,0.121,6.210,7.330,0.847
2025-06-23,9.000,1.000,1.000,7.556,0.000,0.000,0.000,80.111,73.000,84.000,3.796,2.970,5.360,29.056,28.000,30.100,1.278,0.800,2.300,1003.822,1003.400,1004.500,0.000,9.000,9.000,0.861,0.700,1.000,0.074,0.068,0.842,0.860,0.696,86.889,28.300,0.000,,,0.000,,0.055,7.100,7.330,0.968
2025-06-24,9.000,6.000,4.000,2.778,1.000,1.000,1.000,71.778,68.000,75.000,5.599,4.820,6.550,28.478,27.200,30.000,1.756,1.400,2.500,1006.189,1005.500,1006.700,0.000,9.000,9.000,0.911,0.750,1.000,0.018,0.026,0.910,0.912,0.748,84.000,28.578,0.000,,,0.000,,0.014,7.330,7.330,1.000
2025-06-25,9.000,4.000,4.000,3.222,1.000,0.000,0.000,82.556,81.000,84.000,3.250,2.950,3.590,27.989,27.100,28.700,1.344,1.000,1.800,1007.889,1006.700,1008.900,0.000,9.000,9.000,0.466,0.150,0.980,0.051,0.102,0.411,0.463,0.158,87.444,27.722,0.000,,,0.000,,0.002,7.340,7.340,1.000
2025-06-26,9.000,6.000,3.000,1.444,1.000,1.000,1.000,72.778,66.000,79.000,5.420,3.980,7.060,28.933,27.600,30.400,1.467,1.000,1.800,1007.044,1005.800,1008.300,0.000,9.000,9.000,0.119,0.040,0.250,0.047,0.017,0.068,0.083,0.010,85.333,27.400,0.000,,,0.000,,0.017,7.340,7.340,1.000
2025-06-27,9.000,9.000,9.000,0.000,1.000,1.000,1.000,81.111,75.000,91.000,3.494,1.580,4.750,25.122,24.700,25.600,1.122,0.700,1.600,1006.400,1005.600,1007.100,0.000,9.000,9.000,0.010,0.000,0.030,0.003,0.006,0.002,0.008,0.000,86.222,25.278,0.000,,,0.000,,0.058,6.900,7.350,0.939
2025-06-28,9.000,0.000,0.000,8.778,0.000,0.000,0.000,73.333,69.000,78.000,5.283,4.200,6.310,29.133,28.000,30.300,1.244,0.700,1.900,1003.678,1003.100,1004.400,0.000,9.000,9.000,0.391,0.240,0.550,0.121,0.063,0.288,0.332,0.201,84.778,27.789,0.100,,,0.000,,0.118,6.210,7.350,0.844
2025-06-29,9.000,4.000,4.000,5.000,1.000,0.000,0.000,71.111,65.000,76.000,5.789,4.610,7.300,28.922,27.400,30.000,1.400,0.500,1.900,1003.389,1002.800,1003.700,0.000,9.000,9.000,0.700,0.340,0.990,0.002,0.007,0.699,0.700,0.340,87.111,27.178,0.000,,,0.000,,0.195,5.610,7.360,0.763
2025-06-30,9.000,4.000,4.000,4.556,1.000,0.000,0.000,65.444,62.000,69.000,7.240,6.300,8.170,30.744,29.800,31.600,1.944,0.900,3.600,1005.144,1004.100,1005.500,0.000,9.000,9.000,0.029,0.000,0.100,0.003,0.004,0.022,0.027,0.000,83.556,28.656,0.000,,,0.000,,0.282,5.090,7.360,0.691
2025-07-01,9.000,5.000,4.000,1.889,1.000,0.000,1.000,65.889,61.000,70.000,7.113,6.050,8.420,30.467,29.500,31.300,2.644,0.900,4.100,1006.422,1005.600,1007.100,0.000,9.000,9.000,0.110,0.010,0.370,0.008,0.000,0.102,0.102,0.000,83.667,28.444,0.000,,,0.000,,0.376,4.600,7.370,0.625
2025-07-02,9.000,5.000,4.000,3.444,1.000,0.000,0.000,69.667,67.000,73.000,6.161,5.340,6.840,30.000,29.200,30.800,3.100,2.400,3.400,1005.289,1004.700,1005.900,0.000,9.000,9.000,0.710,0.160,0.990,0.340,0.049,0.586,0.613,0.050,85.333,28.933,0.000,,,0.000,,0.472,4.130,7.380,0.560
2025-07-03,9.000,9.000,9.000,0.000,1.000,1.000,1.000,64.778,62.000,68.000,7.378,6.580,8.100,30.300,30.000,30.500,3.500,3.000,4.200,1003.067,1002.100,1003.800,0.000,9.000,9.000,0.033,0.000,0.150,0.008,0.016,0.012,0.027,0.000,83.000,28.178,0.000,,,0.000,,0.568,3.660,7.390,0.495
2025-07-04,9.000,9.000,9.000,1.000,1.000,1.000,1.000,67.000,63.000,72.000,6.829,5.580,7.890,30.311,29.500,31.400,1.589,0.900,2.600,1002.511,1001.400,1003.700,0.000,9.000,9.000,0.143,0.060,0.330,0.129,0.004,0.013,0.018,0.000,86.222,27.944,0.000,,,0.000,,0.660,3.160,7.400,0.426
2025-07-05,9.000,2.000,2.000,4.444,0.000,0.000,0.000,69.889,64.000,74.000,6.097,5.160,7.580,29.500,27.800,30.500,1.600,0.700,2.800,1001.422,1000.300,1002.800,0.000,9.000,9.000,0.192,0.000,0.880,0.000,0.000,0.192,0.192,0.000,84.444,27.844,0.000,,,0.000,,0.746,2.600,7.410,0.351
2025-07-06,9.000,0.000,0.000,10.000,0.000,0.000,0.000,70.667,62.000,82.000,5.917,3.320,8.070,28.333,26.100,29.800,3.956,3.200,5.000,993.078,989.900,997.700,-9.800,9.000,9.000,1.000,1.000,1.000,0.250,0.590,1.000,1.000,1.000,87.111,27.689,6.800,,,0.000,,0.824,1.980,7.420,0.267
2025-07-07,9.000,0.000,0.000,10.000,0.000,0.000,0.000,83.889,82.000,88.000,2.958,2.150,3.330,26.756,26.200,27.400,1.211,0.400,1.900,996.911,995.900,997.600,0.500,9.000,9.000,1.000,1.000,1.000,0.013,0.253,1.000,1.000,1.000,65.667,29.244,0.000,,,0.000,,0.890,1.270,7.440,0.171
2025-07-08,9.000,0.000,0.000,10.000,0.000,0.000,0.000,87.000,72.000,95.000,2.418,0.850,5.590,26.311,23.900,29.800,2.311,0.500,4.200,997.611,995.500,998.800,-8.600,9.000,9.000,1.000,1.000,1.000,0.067,0.881,1.000,1.000,1.000,90.000,28.167,0.900,,,0.000,,0.943,0.460,7.450,0.061
2025-07-09,9.000,0.000,0.000,10.000,0.000,0.000,0.000,92.444,89.000,94.000,1.311,1.020,1.930,24.522,23.700,25.400,1.067,0.600,1.800,997.289,996.000,998.200,-68.100,9.000,9.000,0.999,0.990,1.000,0.036,0.728,0.999,0.999,0.993,92.000,25.889,2.200,,,0.000,,0.979,0.000,7.460,0.000
2025-07-10,9.000,0.000,0.000,10.000,0.000,0.000,0.000,90.444,87.000,95.000,1.692,0.860,2.340,25.567,24.300,26.600,1.222,0.100,2.600,998.000,997.400,998.500,-38.200,9.000,9.000,0.994,0.980,1.000,0.011,0.853,0.986,0.997,0.982,93.222,26.189,3.400,,,0.000,,0.997,0.000,7.480,0.000
2025-07-11,9.000,0.000,0.000,10.000,0.000,0.000,0.000,81.778,75.000,87.000,3.407,2.340,4.840,27.011,26.100,27.800,1.489,0.800,2.200,1002.700,1002.200,1003.100,0.000,9.000,9.000,0.987,0.930,1.000,0.049,0.106,0.986,0.986,0.926,92.556,26.022,0.000,,,0.000,,0.994,0.000,7.490,0.000
2025-07-12,9.000,0.000,0.000,10.000,0.000,0.000,0.000,95.111,92.000,97.000,0.851,0.520,1.410,26.400,26.100,26.600,1.078,0.400,1.800,1004.211,1003.100,1005.200,-6.800,9.000,9.000,0.997,0.970,1.000,0.130,0.012,0.997,0.997,0.970,93.667,28.111,0.000,,,0.000,,0.970,0.000,7.510,0.000
2025-07-13,9.000,1.000,1.000,9.111,0.000,0.000,0.000,74.333,69.000,79.000,5.088,4.020,6.360,29.978,29.200,31.000,2.033,0.800,3.000,1001.256,1000.600,1002.000,0.000,9.000,9.000,0.933,0.800,1.000,0.007,0.013,0.933,0.934,0.802,86.444,28.411,0.000,,,0.000,,0.923,0.530,7.520,0.070
2025-07-14,9.000,0.000,0.000,9.778,0.000,0.000,0.000,74.222,68.000,76.000,5.102,4.680,6.590,29.978,29.300,30.800,1.256,0.500,1.700,999.489,998.900,1000.300,0.000,9.000,9.000,0.996,0.990,1.000,0.013,0.241,0.993,0.995,0.990,84.333,29.400,0.100,,,0.000,,0.856,1.120,7.540,0.149
2025-07-15,9.000,8.000,6.000,1.000,1.000,1.000,1.000,72.556,64.000,79.000,5.529,4.010,7.630,30.122,28.700,31.700,1.500,0.600,2.100,1000.289,999.800,1001.000,0.000,9.000,9.000,0.561,0.330,0.770,0.074,0.072,0.503,0.537,0.311,86.667,29.178,0.000,,,0.000,,0.771,1.690,7.560,0.224
2025-07-16,9.000,0.000,0.000,7.889,0.000,0.000,0.000,89.000,86.000,92.000,1.983,1.420,2.550,27.667,27.100,28.300,1.200,0.600,2.000,1000.867,1000.700,1001.100,0.000,9.000,9.000,0.933,0.890,0.980,0.003,0.017,0.932,0.933,0.891,90.222,28.244,0.000,,,0.000,,0.670,2.250,7.570,0.297
2025-07-17,8.000,0.000,0.000,9.875,0.000,0.000,0.000,73.556,69.000,80.000,5.269,3.810,6.350,30.133,29.200,31.400,1.789,1.100,2.700,999.111,997.200,1000.500,0.000,9.000,9.000,0.991,0.960,1.000,0.088,0.061,0.990,0.991,0.962,88.667,28.789,0.000,,,0.000,,0.560,2.840,7.590,0.373
2025-07-18,9.000,0.000,0.000,10.000,0.000,0.000,0.000,74.889,70.000,81.000,4.920,3.570,6.040,28.756,28.000,29.500,4.389,3.100,5.700,994.722,992.700,996.100,-18.100,9.000,9.000,0.989,0.980,1.000,0.244,0.287,0.978,0.985,0.948,87.000,28.100,5.900,,,0.000,,0.446,3.470,7.610,0.456
2025-07-19,9.000,0.000,0.000,10.000,0.000,0.000,0.000,75.222,70.000,79.000,4.843,3.990,6.040,28.856,28.300,29.300,4.378,3.500,5.500,994.711,993.900,995.600,-19.100,9.000,9.000,0.997,0.970,1.000,0.596,0.446,0.976,0.992,0.964,92.222,27.311,13.500,,,0.000,,0.333,4.190,7.630,0.549
2025-07-20,9.000,0.000,0.000,10.000,0.000,0.000,0.000,88.000,83.000,97.000,2.193,0.510,3.160,26.844,25.700,27.900,1.267,0.100,2.700,999.200,998.300,999.900,-32.200,9.000,9.000,1.000,1.000,1.000,0.192,0.769,0.997,1.000,1.000,97.444,26.789,10.900,,,0.000,,0.229,5.020,7.650,0.656
2025-07-21,9.000,0.000,0.000,10.000,0.000,0.000,0.000,82.333,76.000,88.000,3.293,2.150,4.630,27.178,26.600,27.900,2.189,1.600,3.200,1002.356,1001.200,1003.100,-28.400,9.000,9.000,0.999,0.990,1.000,0.021,0.602,0.999,1.000,0.998,95.333,26.311,0.300,,,0.000,,0.139,5.970,7.670,0.778
2025-07-22,9.000,0.000,0.000,7.444,0.000,0.000,0.000,84.111,78.000,92.000,2.959,1.410,4.220,27.822,26.800,28.700,2.667,2.200,2.900,1001.778,1001.000,1002.600,-19.100,9.000,9.000,0.851,0.700,0.920,0.074,0.117,0.822,0.841,0.696,89.222,27.067,0.000,,,0.000,,0.069,7.030,7.690,0.914
2025-07-23,9.000,3.000,2.000,4.667,0.000,0.000,0.000,85.111,76.000,91.000,2.774,1.600,4.680,27.956,26.900,29.400,2.722,1.100,4.600,999.667,999.000,1000.500,-46.500,9.000,9.000,0.234,0.070,0.590,0.177,0.106,0.004,0.110,0.040,88.333,27.689,0.100,,,0.000,,0.023,7.710,7.710,1.000
2025-07-24,9.000,0.000,0.000,8.667,0.000,0.000,0.000,92.778,89.000,96.000,1.274,0.690,1.970,26.489,25.800,26.900,1.522,0.800,2.200,995.878,994.100,997.200,-3.100,9.000,9.000,0.911,0.800,1.000,0.638,0.580,0.524,0.771,0.577,91.444,27.656,9.300,,,0.000,,0.002,7.740,7.740,1.000
2025-07-25,8.000,0.000,0.000,8.750,0.000,0.000,0.000,96.444,95.000,97.000,0.616,0.520,0.870,26.778,26.500,27.100,1.833,1.300,2.500,992.522,992.000,992.900,-11.400,9.000,9.000,0.899,0.770,1.000,0.622,0.342,0.658,0.774,0.604,95.333,27.500,0.500,,,0.000,,0.007,7.760,7.760,1.000
2025-07-26,9.000,0.000,0.000,10.000,0.000,0.000,0.000,80.556,75.000,84.000,3.707,2.970,4.920,29.256,28.300,30.100,0.889,0.200,1.400,995.911,995.200,996.500,0.000,9.000,9.000,0.992,0.980,1.000,0.162,0.250,0.990,0.992,0.979,93.667,28.633,0.200,,,0.000,,0.035,7.780,7.780,1.000
2025-07-27,6.000,0.000,0.000,10.000,0.000,0.000,0.000,87.444,79.000,94.000,2.307,1.060,4.040,28.033,27.300,30.000,1.111,0.500,1.600,994.056,993.000,994.900,-6.800,9.000,9.000,0.999,0.990,1.000,0.363,0.713,0.996,0.998,0.986,93.556,28.300,55.100,,,0.000,,0.083,7.400,7.800,0.948
2025-07-28,9.000,0.000,0.000,9.333,0.000,0.000,0.000,87.556,80.000,94.000,2.273,1.040,3.760,27.033,25.900,29.200,0.944,0.400,2.500,992.044,990.900,993.000,-4.800,9.000,9.000,0.961,0.810,1.000,0.463,0.769,0.914,0.972,0.856,94.111,26.733,0.500,,,0.000,,0.148,6.900,7.830,0.881
2025-07-29,9.000,4.000,2.000,3.778,0.000,0.000,0.000,80.778,77.000,85.000,3.640,2.750,4.470,28.522,27.000,29.800,1.400,0.700,2.400,991.556,991.000,992.100,0.000,9.000,9.000,0.844,0.690,0.980,0.008,0.078,0.829,0.841,0.693,86.000,28.422,0.000,,,0.000,,0.226,6.420,7.850,0.818
2025-07-30,9.000,1.000,1.000,6.889,0.000,0.000,0.000,72.000,63.000,79.000,5.668,4.000,7.970,30.522,28.600,32.800,1.056,0.400,1.900,992.911,992.200,993.800,0.000,9.000,9.000,0.987,0.940,1.000,0.138,0.031,0.987,0.987,0.940,88.444,29.411,0.000,,,0.000,,0.312,5.950,7.880,0.755
2025-07-31,9.000,7.000,5.000,1.889,1.000,1.000,1.000,72.444,65.000,76.000,5.530,4.640,7.420,30.056,28.400,32.200,1.533,0.700,2.600,996.233,995.500,997.200,0.000,9.000,9.000,0.828,0.560,1.000,0.077,0.070,0.787,0.814,0.522,90.556,28.967,0.000,,,0.000,,0.404,5.460,7.900,0.691
2025-08-01,9.000,0.000,0.000,9.333,0.000,0.000,0.000,87.778,82.000,94.000,2.228,1.060,3.350,27.556,27.000,27.800,1.200,0.800,2.000,999.500,999.000,1000.000,0.500,9.000,9.000,0.944,0.910,0.990,0.279,0.353,0.912,0.942,0.886,91.333,28.389,1.300,,,0.000,,0.499,4.930,7.920,0.622
2025-08-02,9.000,1.000,1.000,7.556,0.000,0.000,0.000,84.556,83.000,86.000,2.850,2.550,3.170,28.067,27.200,28.700,1.256,0.500,1.900,1000.511,999.700,1001.400,0.000,9.000,9.000,0.460,0.310,0.640,0.183,0.221,0.204,0.383,0.181,94.222,28.556,0.000,,,0.000,,0.593,4.340,7.950,0.546
2025-08-03,9.000,0.000,0.000,10.000,0.000,0.000,0.000,75.000,70.000,81.000,4.913,3.570,6.080,29.189,28.000,30.200,1.033,0.500,1.700,1001.178,1000.600,1001.700,0.000,9.000,9.000,0.987,0.970,1.000,0.213,0.666,0.972,0.991,0.978,91.667,28.667,3.700,,,0.000,,0.684,3.670,7.970,0.460
2025-08-04,9.000,0.000,0.000,10.000,0.000,0.000,0.000,81.556,76.000,85.000,3.496,2.770,4.700,29.100,28.300,30.000,1.300,0.800,1.900,1002.967,1002.100,1003.900,-19.600,9.000,9.000,1.000,1.000,1.000,0.089,0.586,1.000,1.000,1.000,92.556,27.900,0.700,,,0.000,,0.770,2.900,8.000,0.363
2025-08-05,9.000,0.000,0.000,8.000,0.000,0.000,0.000,92.333,90.000,95.000,1.350,0.870,1.780,26.567,26.300,26.800,0.833,0.400,1.200,1006.122,1005.500,1007.000,0.000,9.000,9.000,0.926,0.870,0.970,0.492,0.328,0.851,0.902,0.797,91.333,28.267,0.100,,,0.000,,0.847,2.040,8.030,0.254
2025-08-06,9.000,9.000,9.000,0.111,1.000,1.000,1.000,84.222,78.000,89.000,2.933,1.970,4.260,28.333,27.200,30.000,1.111,0.300,1.600,1006.822,1005.500,1008.100,0.000,9.000,9.000,0.102,0.000,0.310,0.083,0.019,0.012,0.030,0.000,87.222,27.767,0.000,,,0.000,,0.912,1.090,8.050,0.135
2025-08-07,5.000,3.000,2.000,3.200,,,,77.556,70.000,82.000,4.358,3.360,6.100,29.089,27.700,30.600,1.367,0.900,2.100,1005.800,1005.000,1006.700,0.000,9.000,9.000,0.821,0.460,0.990,0.001,0.001,0.820,0.821,0.456,86.222,28.256,0.000,,,0.000,,0.961,0.080,8.080,0.010
2025-08-08,8.000,2.000,1.000,5.625,0.000,0.000,0.000,77.333,69.000,84.000,4.417,2.960,6.360,29.344,27.900,31.000,1.411,0.700,1.800,1005.489,1005.000,1005.900,0.000,9.000,9.000,0.986,0.970,1.000,0.141,0.010,0.981,0.981,0.970,86.444,28.667,0.000,,,0.000,,0.991,0.000,8.100,0.000
2025-08-09,9.000,1.000,1.000,6.111,0.000,0.000,0.000,73.111,69.000,79.000,5.378,4.030,6.350,30.500,29.600,30.800,1.400,0.700,1.600,1004.800,1004.300,1005.300,0.000,9.000,9.000,0.843,0.560,0.970,0.521,0.018,0.670,0.679,0.275,87.444,29.722,0.200,,,0.000,,0.999,0.000,8.130,0.000
2025-08-10,9.000,3.000,2.000,5.333,0.000,0.000,0.000,83.778,83.000,86.000,3.010,2.560,3.180,28.267,27.700,29.000,1.289,0.800,1.700,1004.689,1003.800,1005.500,0.000,9.000,9.000,0.966,0.920,1.000,0.113,0.113,0.961,0.965,0.919,87.889,28.767,0.000,,,0.000,,0.983,0.000,8.160,0.000
2025-08-11,9.000,0.000,0.000,9.000,0.000,0.000,0.000,90.000,86.000,93.000,1.792,1.240,2.550,27.533,27.200,27.900,1.233,0.700,1.600,1004.467,1004.200,1004.800,0.500,9.000,9.000,0.893,0.770,0.990,0.104,0.091,0.879,0.890,0.766,87.222,28.778,0.300,,,0.000,,0.943,0.030,8.190,0.004
2025-08-12,9.000,5.000,5.000,2.778,1.000,0.000,1.000,75.556,67.000,81.000,4.796,3.590,6.800,29.367,28.900,30.100,2.867,2.300,3.400,1005.189,1003.800,1006.100,0.000,9.000,9.000,0.543,0.220,0.780,0.117,0.044,0.473,0.494,0.128,85.444,28.722,0.000,,,0.000,,0.879,0.610,8.210,0.074
2025-08-13,9.000,2.000,2.000,6.111,0.000,0.000,0.000,66.444,65.000,69.000,6.913,6.260,7.290,29.456,28.800,29.800,3.967,1.500,7.100,1003.100,1001.000,1005.100,0.000,9.000,9.000,0.561,0.100,1.000,0.076,0.136,0.502,0.574,0.108,83.667,28.011,0.100,,,0.000,,0.795,1.200,8.240,0.146
2025-08-14,9.000,8.000,7.000,1.222,1.000,1.000,1.000,64.444,63.000,67.000,7.437,6.770,7.840,29.844,29.300,30.500,3.200,2.800,3.700,1007.444,1006.300,1008.700,0.000,9.000,9.000,0.050,0.030,0.070,0.022,0.033,0.000,0.033,0.010,81.556,28.178,0.000,,,0.000,,0.695,1.830,8.270,0.222
2025-08-15,9.000,8.000,8.000,0.667,1.000,1.000,1.000,67.667,66.000,71.000,6.619,5.790,7.060,29.500,28.800,30.300,3.400,2.600,4.300,1006.678,1005.700,1007.800,0.000,9.000,9.000,0.169,0.010,0.850,0.007,0.016,0.154,0.166,0.000,83.222,27.878,0.000,,,0.000,,0.584,2.530,8.290,0.305
2025-08-16,9.000,9.000,9.000,0.444,1.000,1.000,1.000,67.667,65.000,69.000,6.613,6.280,7.270,29.433,29.100,29.800,3.200,2.300,4.100,1006.533,1006.300,1006.800,0.000,9.000,9.000,0.091,0.030,0.250,0.021,0.031,0.048,0.077,0.020,82.889,27.611,0.000,,,0.000,,0.470,3.320,8.320,0.399
2025-08-17,9.000,9.000,9.000,0.333,1.000,1.000,1.000,67.778,65.000,70.000,6.573,6.030,7.310,29.122,28.100,30.100,2.078,0.500,3.100,1008.756,1008.400,1009.300,0.000,9.000,9.000,0.020,0.000,0.040,0.018,0.008,0.000,0.008,0.000,83.778,27.833,0.000,,,0.000,,0.357,4.230,8.350,0.506
2025-08-18,9.000,9.000,9.000,0.000,1.000,1.000,1.000,76.222,71.000,82.000,4.628,3.370,5.800,28.578,27.500,29.300,1.700,1.200,2.600,1009.478,1008.600,1010.300,0.000,9.000,9.000,0.141,0.040,0.290,0.071,0.062,0.052,0.109,0.020,85.778,27.900,0.000,,,0.000,,0.252,5.240,8.380,0.626
2025-08-19,9.000,1.000,1.000,8.556,0.000,0.000,0.000,70.889,65.000,76.000,5.873,4.630,7.320,29.700,28.000,30.900,1.567,0.300,2.200,1008.100,1006.700,1009.300,0.000,9.000,9.000,0.563,0.110,0.960,0.016,0.054,0.544,0.581,0.089,83.444,28.667,0.000,,,0.000,,0.161,6.330,8.410,0.753
2025-08-20,9.000,2.000,2.000,4.667,0.000,0.000,0.000,78.333,72.000,86.000,4.092,2.540,5.450,26.122,25.300,26.600,1.467,1.000,1.800,1008.344,1008.100,1008.600,0.000,9.000,9.000,0.120,0.000,0.490,0.000,0.003,0.118,0.120,0.000,84.222,25.933,0.000,,,0.000,,0.088,7.430,8.430,0.881
2025-08-21,8.000,6.000,4.000,0.750,1.000,1.000,1.000,73.667,70.000,78.000,5.153,4.240,6.000,28.044,26.500,29.800,1.811,1.300,2.300,1007.689,1007.100,1008.100,0.000,9.000,9.000,0.107,0.030,0.250,0.050,0.024,0.046,0.067,0.000,84.667,28.011,0.000,,,0.000,,0.036,8.460,8.460,1.000
2025-08-22,9.000,9.000,9.000,0.000,1.000,1.000,1.000,69.444,66.000,73.000,6.207,5.320,7.100,29.867,28.700,31.000,1.456,0.900,1.800,1006.511,1005.900,1007.200,0.000,9.000,9.000,0.093,0.020,0.180,0.024,0.023,0.054,0.077,0.010,84.889,28.711,0.000,,,0.000,,0.007,8.490,8.490,1.000
2025-08-23,8.000,6.000,6.000,1.250,1.000,1.000,1.000,73.333,68.000,79.000,5.324,4.010,6.610,30.011,28.700,31.300,1.567,0.800,2.200,1007.756,1007.000,1008.100,0.000,9.000,9.000,0.049,0.000,0.190,0.040,0.001,0.011,0.012,0.000,84.222,28.778,0.000,,,0.000,,0.001,8.520,8.520,1.000
2025-08-24,9.000,9.000,9.000,0.222,1.000,1.000,1.000,62.889,61.000,68.000,7.859,6.490,8.400,30.078,28.700,30.900,2.178,1.000,3.100,1007.622,1007.100,1008.300,0.000,9.000,9.000,0.052,0.000,0.140,0.039,0.002,0.012,0.014,0.000,82.444,28.344,0.000,,,0.000,,0.016,8.550,8.550,1.000
2025-08-25,9.000,9.000,9.000,0.222,1.000,1.000,1.000,64.889,63.000,70.000,7.334,6.010,7.870,29.933,28.600,30.900,2.178,1.100,3.800,1007.489,1007.000,1007.900,0.000,9.000,9.000,0.243,0.020,0.580,0.020,0.009,0.226,0.232,0.020,85.333,28.156,0.000,,,0.000,,0.052,8.570,8.570,1.000
2025-08-26,9.000,3.000,3.000,5.889,1.000,0.000,0.000,64.111,61.000,67.000,7.511,6.760,8.370,29.522,28.800,30.400,2.578,1.600,3.800,1005.733,1004.500,1006.800,0.000,9.000,9.000,0.713,0.650,0.780,0.004,0.064,0.689,0.709,0.634,84.667,27.589,0.000,,,0.000,,0.104,8.240,8.600,0.958
2025-08-27,9.000,1.000,1.000,8.667,0.000,0.000,0.000,64.222,61.000,66.000,7.484,7.020,8.320,29.611,29.400,29.800,3.389,2.800,4.000,1005.500,1004.100,1006.400,0.000,9.000,9.000,0.868,0.760,0.940,0.012,0.073,0.859,0.869,0.750,80.556,27.800,0.000,,,0.000,,0.171,7.750,8.630,0.898
2025-08-28,8.000,8.000,7.000,0.000,1.000,1.000,1.000,62.889,60.000,68.000,7.866,6.520,8.660,30.100,29.300,30.700,3.200,2.300,3.800,1006.644,1006.200,1006.900,0.000,9.000,9.000,0.019,0.000,0.050,0.006,0.000,0.014,0.014,0.000,82.444,28.133,0.000,,,0.000,,0.248,7.240,8.660,0.836
2025-08-29,9.000,9.000,9.000,0.000,1.000,1.000,1.000,67.333,64.000,71.000,6.712,5.780,7.580,29.689,28.700,30.400,2.567,1.600,3.600,1008.322,1007.800,1008.500,0.000,9.000,9.000,0.064,0.000,0.170,0.056,0.014,0.003,0.018,0.000,85.000,28.189,0.000,,,0.000,,0.335,6.670,8.690,0.768
2025-08-30,9.000,4.000,4.000,4.333,1.000,0.000,0.000,68.000,62.000,74.000,6.542,5.060,8.100,28.967,27.800,30.300,1.844,1.200,2.300,1007.389,1006.500,1008.100,0.000,9.000,9.000,0.183,0.090,0.400,0.066,0.053,0.113,0.159,0.079,81.667,28.289,0.000,,,0.000,,0.427,6.040,8.710,0.693
2025-08-31,9.000,0.000,0.000,10.000,0.000,0.000,0.000,70.444,66.000,73.000,5.938,5.300,7.060,29.067,28.200,30.200,1.544,0.700,2.800,1005.289,1004.900,1005.700,0.000,9.000,9.000,0.988,0.920,1.000,0.053,0.219,0.987,0.989,0.927,83.889,28.711,0.900,,,0.000,,0.522,5.320,8.740,0.608
2025-09-01,9.000,0.000,0.000,9.778,0.000,0.000,0.000,77.778,72.000,81.000,4.267,3.590,5.600,28.367,27.800,30.000,1.422,0.500,1.900,1005.022,1003.700,1005.900,0.000,9.000,9.000,0.932,0.760,1.000,0.013,0.442,0.927,0.951,0.834,88.333,27.622,0.300,,,0.000,,0.617,4.500,8.770,0.513
2025-09-02,9.000,3.000,3.000,5.333,1.000,0.000,0.000,96.444,95.000,97.000,0.608,0.510,0.860,25.789,25.200,26.200,0.733,0.000,1.700,1005.456,1004.400,1006.500,1.000,9.000,9.000,0.649,0.090,0.840,0.032,0.130,0.586,0.646,0.080,90.333,27.244,0.000,,,0.000,,0.710,3.590,8.800,0.408
2025-09-03,9.000,7.000,7.000,1.000,1.000,1.000,1.000,77.444,69.000,81.000,4.342,3.530,6.300,27.967,26.700,29.700,1.622,1.100,2.000,1005.367,1004.400,1006.200,0.000,9.000,9.000,0.087,0.000,0.210,0.009,0.079,0.002,0.081,0.000,85.556,27.300,0.000,,,0.000,,0.796,2.610,8.820,0.296
2025-09-04,9.000,9.000,9.000,0.111,1.000,1.000,1.000,79.444,72.000,85.000,3.910,2.730,5.550,27.511,26.400,28.800,1.456,0.700,2.300,1004.989,1004.100,1005.500,0.000,9.000,9.000,0.051,0.000,0.150,0.013,0.018,0.027,0.044,0.000,86.889,27.411,0.000,,,0.000,,0.873,1.600,8.850,0.180
2025-09-05,9.000,5.000,3.000,3.222,1.000,0.000,0.000,70.556,67.000,74.000,5.952,5.130,6.820,30.011,29.600,30.700,2.878,2.300,3.500,1005.311,1004.100,1006.100,0.000,9.000,9.000,0.599,0.420,0.850,0.006,0.048,0.574,0.595,0.420,85.889,28.556,0.000,,,0.000,,0.935,0.570,8.880,0.064
2025-09-06,9.000,4.000,4.000,5.667,1.000,0.000,0.000,70.667,65.000,78.000,5.958,4.230,7.370,30.311,29.000,31.400,1.633,0.700,3.100,1006.200,1005.200,1007.100,0.000,9.000,9.000,0.467,0.220,0.650,0.390,0.058,0.092,0.144,0.000,86.222,29.756,0.400,,,0.000,,0.979,0.000,8.910,0.000
2025-09-07,9.000,0.000,0.000,10.000,0.000,0.000,0.000,90.444,88.000,93.000,1.698,1.220,2.160,26.511,26.100,27.000,0.833,0.300,1.400,1008.722,1008.000,1009.400,-9.300,9.000,9.000,0.459,0.380,0.550,0.289,0.350,0.067,0.393,0.260,88.111,27.644,1.300,,,0.000,,0.999,0.000,8.940,0.000
2025-09-08,9.000,1.000,1.000,6.778,0.000,0.000,0.000,76.444,70.000,82.000,4.577,3.350,6.100,28.867,27.500,30.600,1.622,0.900,2.400,1009.244,1008.500,1009.700,0.000,9.000,9.000,0.489,0.210,0.830,0.041,0.286,0.212,0.466,0.170,80.889,29.533,0.000,,,0.000,,0.993,0.000,8.960,0.000
2025-09-09,9.000,0.000,0.000,10.000,0.000,0.000,0.000,81.111,78.000,83.000,3.558,3.180,4.180,28.411,27.500,29.000,1.444,0.400,2.300,1009.133,1008.100,1009.700,0.000,9.000,9.000,0.956,0.800,1.000,0.020,0.157,0.953,0.955,0.794,85.444,28.633,0.000,,,0.000,,0.960,0.000,8.990,0.000
2025-09-10,9.000,0.000,0.000,6.111,0.000,0.000,0.000,76.889,75.000,79.000,4.443,3.970,4.880,28.144,27.400,29.000,1.589,1.000,2.300,1008.722,1008.000,1009.400,0.000,9.000,9.000,0.951,0.870,0.990,0.113,0.046,0.951,0.953,0.870,87.556,26.889,0.000,,,0.000,,0.901,0.310,9.020,0.035
2025-09-11,9.000,9.000,9.000,0.222,1.000,1.000,1.000,70.333,63.000,75.000,6.003,4.860,7.870,29.500,28.200,30.900,2.044,1.500,2.700,1007.856,1007.100,1008.300,0.000,9.000,9.000,0.100,0.000,0.360,0.053,0.014,0.041,0.054,0.000,85.778,28.211,0.100,,,0.000,,0.819,1.010,9.040,0.111
2025-09-12,9.000,9.000,9.000,0.000,1.000,1.000,1.000,77.111,73.000,81.000,4.404,3.550,5.360,28.178,27.200,29.800,1.611,0.900,2.400,1008.222,1007.500,1009.200,0.000,9.000,9.000,0.030,0.010,0.110,0.019,0.014,0.001,0.016,0.000,84.889,27.556,0.000,,,0.000,,0.721,1.790,9.070,0.197
2025-09-13,9.000,9.000,9.000,0.000,1.000,1.000,1.000,73.000,66.000,80.000,5.372,3.770,7.070,29.167,27.700,30.500,1.533,1.200,2.000,1008.844,1008.200,1009.100,0.000,9.000,9.000,0.050,0.000,0.380,0.003,0.003,0.046,0.049,0.000,83.778,27.633,0.000,,,0.000,,0.611,2.670,9.100,0.293
2025-09-14,9.000,5.000,4.000,2.111,1.000,0.000,1.000,77.222,72.000,80.000,4.401,3.780,5.610,28.900,27.700,30.100,1.222,0.800,2.000,1010.100,1009.400,1011.000,0.000,9.000,9.000,0.231,0.010,0.550,0.026,0.191,0.059,0.231,0.010,82.667,28.244,0.000,,,0.000,,0.498,3.660,9.130,0.401
2025-09-15,9.000,4.000,4.000,5.556,1.000,0.000,0.000,63.556,60.000,66.000,7.694,7.050,8.690,30.233,29.700,31.200,2.178,1.200,3.200,1009.489,1008.500,1010.500,0.000,9.000,9.000,0.339,0.000,0.910,0.000,0.000,0.339,0.339,0.000,82.333,27.900,0.000,,,0.000,,0.386,4.720,9.150,0.516
2025-09-16,9.000,6.000,6.000,2.889,1.000,1.000,1.000,64.667,60.000,68.000,7.420,6.540,8.670,30.400,29.700,30.900,3.200,1.700,4.600,1007.644,1006.800,1008.200,0.000,9.000,9.000,0.421,0.150,0.810,0.022,0.032,0.398,0.420,0.139,85.556,28.567,0.000,,,0.000,,0.282,5.810,9.180,0.633
2025-09-17,9.000,0.000,0.000,8.333,0.000,0.000,0.000,63.667,62.000,67.000,7.659,6.770,8.120,30.200,29.400,30.800,3.178,1.700,4.400,1007.411,1006.200,1008.200,0.000,9.000,9.000,0.799,0.250,1.000,0.022,0.079,0.789,0.799,0.238,82.667,28.244,0.000,,,0.000,,0.191,6.880,9.210,0.748
2025-09-18,9.000,0.000,0.000,10.000,0.000,0.000,0.000,61.222,59.000,64.000,8.302,7.550,8.910,30.211,29.700,30.800,2.511,1.500,4.000,1007.911,1007.200,1008.700,0.000,9.000,9.000,0.991,0.980,1.000,0.006,0.593,0.986,0.995,0.992,84.889,28.256,0.000,,,0.000,,0.114,7.910,9.230,0.857
2025-09-19,9.000,0.000,0.000,10.000,0.000,0.000,0.000,72.444,69.000,78.000,5.493,4.210,6.320,29.322,28.400,30.100,1.233,0.600,1.900,1007.044,1005.900,1007.900,0.000,9.000,9.000,0.997,0.990,1.000,0.250,0.241,0.994,0.995,0.982,84.556,27.989,0.000,,,0.000,,0.057,8.880,9.260,0.960
2025-09-20,9.000,5.000,4.000,3.333,1.000,0.000,0.000,71.000,65.000,74.000,5.832,5.100,7.320,29.478,28.700,30.400,2.344,1.700,3.400,1006.200,1005.300,1007.300,0.000,9.000,9.000,0.911,0.770,1.000,0.062,0.090,0.899,0.910,0.768,87.667,27.489,0.000,,,0.000,,0.019,9.280,9.280,1.000
2025-09-21,9.000,0.000,0.000,8.444,0.000,0.000,0.000,84.000,78.000,89.000,2.984,1.970,4.240,28.400,27.300,29.300,2.278,1.600,3.200,1005.833,1004.700,1006.800,1.000,9.000,9.000,0.791,0.340,1.000,0.648,0.194,0.557,0.647,0.180,87.333,28.056,1.300,,,0.000,,0.001,9.310,9.310,1.000
2025-09-22,9.000,0.000,0.000,10.000,0.000,0.000,0.000,81.778,73.000,89.000,3.441,1.970,5.330,27.911,26.700,29.000,4.633,3.900,5.500,1001.511,1000.200,1003.400,-37.000,9.000,9.000,1.000,1.000,1.000,0.684,0.089,1.000,1.000,1.000,87.556,28.000,1.800,,,0.000,,0.004,9.340,9.340,1.000
2025-09-23,9.000,0.000,0.000,10.000,0.000,0.000,0.000,70.111,65.000,80.000,6.054,3.780,7.300,29.456,28.300,30.100,4.322,3.700,5.300,1002.300,1001.100,1003.400,0.500,9.000,9.000,1.000,1.000,1.000,0.279,0.353,1.000,1.000,1.000,88.667,27.422,2.700,,,0.000,,0.026,9.360,9.360,1.000
2025-09-24,6.000,2.000,2.000,4.500,0.000,0.000,0.000,66.222,63.000,69.000,6.968,6.250,7.820,29.322,28.700,30.000,2.378,1.800,2.800,1006.233,1005.300,1006.800,0.000,9.000,9.000,0.967,0.910,1.000,0.001,0.010,0.967,0.967,0.914,86.111,26.811,0.000,,,0.000,,0.065,9.390,9.390,1.000
2025-09-25,9.000,0.000,0.000,8.889,0.000,0.000,0.000,68.444,62.000,74.000,6.461,5.100,8.110,29.678,28.700,30.500,3.211,2.000,4.300,1010.222,1009.500,1010.400,-9.800,9.000,9.000,0.540,0.390,0.760,0.140,0.086,0.412,0.465,0.275,87.333,28.089,0.000,,,0.000,,0.120,8.900,9.410,0.946
2025-09-26,9.000,0.000,0.000,9.333,0.000,0.000,0.000,73.667,72.000,77.000,5.189,4.440,5.580,29.067,28.700,29.500,3.578,2.900,4.500,1010.867,1010.100,1011.500,0.000,9.000,9.000,0.767,0.280,1.000,0.111,0.013,0.733,0.737,0.234,87.111,27.933,0.000,,,0.000,,0.188,8.300,9.440,0.879
2025-09-27,9.000,9.000,9.000,0.000,1.000,1.000,1.000,70.778,66.000,76.000,5.858,4.630,7.050,28.944,27.800,30.000,1.944,0.500,2.800,1010.178,1009.400,1010.800,0.000,9.000,9.000,0.351,0.090,0.550,0.199,0.009,0.188,0.193,0.080,87.111,27.644,0.000,,,0.000,,0.267,7.610,9.460,0.804
2025-09-28,9.000,9.000,9.000,0.444,1.000,1.000,1.000,74.444,65.000,80.000,5.051,3.770,7.350,29.111,27.800,31.000,1.433,0.400,2.000,1010.667,1009.600,1011.600,0.000,9.000,9.000,0.499,0.220,0.760,0.438,0.260,0.023,0.277,0.110,83.889,29.078,0.300,,,0.000,,0.355,6.840,9.490,0.721
2025-09-29,9.000,7.000,7.000,1.778,1.000,1.000,1.000,74.889,72.000,79.000,4.892,3.960,5.570,28.300,27.000,29.300,1.444,1.100,2.000,1009.433,1008.700,1010.300,0.000,9.000,9.000,0.041,0.010,0.130,0.022,0.014,0.010,0.024,0.010,87.556,27.200,0.000,,,0.000,,0.449,5.980,9.510,0.629
2025-09-30,9.000,3.000,2.000,5.889,0.000,0.000,0.000,74.556,69.000,80.000,4.991,3.770,6.340,28.678,27.000,30.600,1.511,0.700,2.500,1009.189,1008.400,1010.000,0.000,9.000,9.000,0.643,0.230,0.990,0.099,0.010,0.572,0.578,0.020,84.333,27.778,0.000,,,0.000,,0.547,5.050,9.540,0.530
2025-10-01,9.000,9.000,9.000,0.000,1.000,1.000,1.000,66.889,64.000,71.000,6.779,5.760,7.520,28.744,27.300,29.400,2.244,1.000,3.600,1009.822,1009.200,1010.100,0.000,9.000,9.000,0.256,0.060,0.710,0.042,0.010,0.213,0.223,0.020,85.222,27.611,0.000,,,0.000,,0.645,4.070,9.560,0.426
2025-10-02,9.000,9.000,9.000,0.000,1.000,1.000,1.000,63.556,61.000,67.000,7.606,6.660,8.280,28.656,27.100,29.600,2.256,0.900,4.300,1009.478,1008.600,1010.500,0.000,9.000,9.000,0.106,0.040,0.160,0.106,0.002,0.000,0.002,0.000,81.444,27.067,0.000,,,0.000,,0.740,3.060,9.590,0.320
2025-10-03,9.000,9.000,9.000,0.222,1.000,1.000,1.000,67.222,66.000,70.000,6.723,6.010,7.030,29.522,28.500,30.300,2.000,1.000,2.700,1009.644,1008.800,1010.600,0.000,9.000,9.000,0.030,0.010,0.050,0.009,0.014,0.008,0.022,0.000,81.444,27.989,0.000,,,0.000,,0.828,2.050,9.610,0.213
2025-10-04,9.000,9.000,9.000,0.000,1.000,1.000,1.000,75.667,73.000,77.000,4.740,4.410,5.390,29.033,27.700,30.500,1.589,0.700,2.800,1010.633,1010.300,1011.100,0.000,9.000,9.000,0.007,0.000,0.020,0.006,0.001,0.000,0.001,0.000,81.667,27.667,0.000,,,0.000,,0.903,1.030,9.630,0.107
2025-10-05,9.000,9.000,9.000,0.000,1.000,1.000,1.000,75.333,72.000,77.000,4.813,4.400,5.600,28.911,27.700,30.000,1.056,0.200,1.800,1010.433,1009.400,1011.000,0.000,9.000,9.000,0.003,0.000,0.020,0.000,0.003,0.000,0.003,0.000,83.111,28.311,0.000,,,0.000,,0.959,0.000,9.660,0.000
2025-10-06,9.000,9.000,9.000,0.000,1.000,1.000,1.000,72.111,66.000,79.000,5.531,3.970,7.020,28.411,27.600,29.400,2.433,1.700,3.400,1010.433,1010.000,1010.800,0.000,9.000,9.000,0.312,0.030,0.590,0.308,0.000,0.008,0.008,0.000,85.333,27.689,0.000,,,0.000,,0.993,0.000,9.680,0.000
2025-10-07,9.000,8.000,5.000,1.333,1.000,1.000,1.000,75.778,72.000,81.000,4.720,3.580,5.570,28.911,28.300,29.600,2.822,1.700,3.900,1011.111,1010.400,1011.600,0.000,9.000,9.000,0.204,0.140,0.310,0.137,0.108,0.000,0.108,0.000,82.444,28.289,0.000,,,0.000,,0.998,0.000,9.710,0.000
2025-10-08,9.000,7.000,7.000,1.556,1.000,1.000,1.000,76.556,71.000,80.000,4.513,3.760,5.770,27.844,27.400,28.400,2.333,1.900,3.600,1010.233,1009.600,1011.000,-9.800,9.000,9.000,0.474,0.260,0.670,0.474,0.001,0.000,0.001,0.000,84.778,27.711,0.100,,,0.000,,0.974,0.000,9.730,0.000
2025-10-09,9.000,9.000,9.000,0.889,1.000,1.000,1.000,79.444,74.000,85.000,3.901,2.740,5.070,27.711,27.200,28.100,2.811,2.100,4.100,1009.422,1008.600,1010.000,-9.800,9.000,9.000,0.323,0.190,0.490,0.309,0.001,0.026,0.027,0.000,84.333,27.000,0.000,,,0.000,,0.922,0.150,9.750,0.016
2025-10-10,9.000,4.000,2.000,3.889,0.000,0.000,0.000,79.444,78.000,81.000,3.889,3.590,4.180,27.889,27.200,28.700,2.622,1.800,3.300,1008.333,1007.200,1009.400,0.000,9.000,9.000,0.088,0.010,0.230,0.062,0.002,0.023,0.026,0.000,88.444,27.400,0.000,,,0.000,,0.846,1.020,9.770,0.105
2025-10-11,4.000,0.000,0.000,8.250,,,,68.222,65.000,72.000,6.424,5.470,7.270,28.167,26.600,29.500,1.744,0.700,2.800,1008.811,1008.300,1009.300,0.000,9.000,9.000,0.680,0.420,1.000,0.027,0.088,0.666,0.692,0.426,84.444,27.122,0.000,,,0.000,,0.752,2.000,9.800,0.204
2025-10-12,9.000,9.000,9.000,0.000,1.000,1.000,1.000,75.111,67.000,79.000,4.860,3.960,6.790,28.311,27.300,29.800,1.189,0.800,1.600,1010.422,1009.700,1011.100,0.000,9.000,9.000,0.100,0.000,0.510,0.006,0.026,0.083,0.102,0.000,83.333,27.089,0.000,,,0.000,,0.646,3.070,9.820,0.313
2025-10-13,9.000,9.000,9.000,0.000,1.000,1.000,1.000,72.222,67.000,76.000,5.518,4.600,6.800,28.544,27.200,29.900,1.733,1.200,2.600,1010.478,1009.900,1010.900,0.000,9.000,9.000,0.042,0.000,0.090,0.036,0.016,0.003,0.019,0.000,80.333,27.844,0.000,,,0.000,,0.536,4.170,9.840,0.424
2025-10-14,6.000,6.000,6.000,0.000,1.000,1.000,1.000,66.444,61.000,73.000,6.898,5.300,8.270,28.733,28.100,29.400,2.800,2.300,3.100,1010.222,1009.600,1010.700,0.000,9.000,9.000,0.227,0.010,0.650,0.227,0.000,0.000,0.000,0.000,86.222,27.056,0.000,,,0.000,,0.426,5.250,9.860,0.532
2025-10-15,9.000,9.000,9.000,0.000,1.000,1.000,1.000,66.667,65.000,68.000,6.807,6.460,7.250,28.467,27.900,29.100,2.733,2.100,3.800,1010.733,1009.800,1011.400,0.000,9.000,9.000,0.048,0.020,0.090,0.021,0.019,0.019,0.037,0.000,86.222,27.089,0.000,,,0.000,,0.323,6.290,9.890,0.636
2025-10-16,9.000,5.000,5.000,4.111,1.000,0.000,0.000,74.333,69.000,85.000,5.062,2.750,6.280,28.622,27.200,29.400,3.244,2.800,4.100,1011.478,1010.900,1011.900,-9.800,9.000,9.000,0.338,0.130,0.530,0.266,0.097,0.030,0.123,0.040,86.444,27.556,0.000,,,0.000,,0.231,7.260,9.910,0.733
2025-10-17,9.000,9.000,9.000,1.000,1.000,1.000,1.000,73.778,72.000,76.000,5.160,4.640,5.580,29.011,28.300,29.500,2.989,2.300,3.900,1010.000,1009.000,1010.900,0.000,9.000,9.000,0.070,0.010,0.130,0.053,0.029,0.006,0.034,0.010,88.111,27.578,0.000,,,0.000,,0.151,8.190,9.930,0.825
2025-10-18,9.000,1.000,1.000,6.667,0.000,0.000,0.000,78.444,73.000,89.000,4.131,1.960,5.330,28.089,26.500,28.800,2.756,1.800,4.200,1010.389,1009.100,1011.600,-29.400,9.000,9.000,0.502,0.220,0.910,0.189,0.187,0.308,0.435,0.227,85.444,27.211,0.200,,,0.000,,0.087,9.080,9.950,0.913
2025-10-19,9.000,0.000,0.000,10.000,0.000,0.000,0.000,93.556,91.000,95.000,1.111,0.850,1.580,24.711,23.600,25.400,2.278,1.300,4.500,1010.644,1009.700,1011.500,59.700,9.000,9.000,1.000,1.000,1.000,0.869,0.948,1.000,1.000,1.000,92.111,25.411,34.100,,,0.000,,0.040,9.960,9.970,0.999
2025-10-20,9.000,0.000,0.000,10.000,0.000,0.000,0.000,94.778,87.000,97.000,0.892,0.500,2.300,22.956,22.200,24.100,1.433,0.700,1.900,1012.422,1011.800,1012.800,-31.200,9.000,9.000,1.000,1.000,1.000,1.000,0.988,0.998,1.000,1.000,91.444,24.389,41.800,,,0.000,,0.011,9.990,9.990,1.000
2025-10-21,9.000,0.000,0.000,10.000,0.000,0.000,0.000,96.444,94.000,98.000,0.596,0.330,1.020,22.289,22.100,22.600,1.467,1.000,2.000,1012.333,1011.100,1013.400,28.000,9.000,9.000,1.000,1.000,1.000,1.000,0.993,0.981,1.000,0.998,92.889,23.467,72.400,,,0.000,,0.001,10.010,10.010,1.000
2025-10-22,9.000,0.000,0.000,10.000,0.000,0.000,0.000,93.333,88.000,96.000,1.138,0.670,2.100,22.556,22.200,23.200,1.944,0.700,4.000,1013.389,1012.000,1014.500,-55.300,9.000,9.000,1.000,1.000,1.000,0.999,1.000,0.782,1.000,1.000,94.222,23.367,19.900,,,0.000,,0.009,10.030,10.030,1.000
2025-10-23,9.000,0.000,0.000,10.000,0.000,0.000,0.000,86.667,81.000,95.000,2.367,0.840,3.460,23.378,22.700,23.800,1.400,0.800,2.200,1014.744,1013.500,1015.700,-77.400,9.000,9.000,0.957,0.880,1.000,0.854,0.923,0.556,0.957,0.874,88.222,23.744,14.600,,,0.000,,0.035,10.050,10.050,1.000
2025-10-24,9.000,0.000,0.000,10.000,0.000,0.000,0.000,90.444,87.000,95.000,1.657,0.840,2.290,23.067,22.600,23.400,1.522,0.800,2.400,1013.211,1012.300,1013.800,-88.200,9.000,9.000,1.000,1.000,1.000,1.000,0.992,0.016,0.992,0.941,90.556,23.589,12.800,,,0.000,,0.077,9.850,10.070,0.977
2025-10-25,9.000,0.000,0.000,9.333,0.000,0.000,0.000,86.222,83.000,88.000,2.454,2.120,3.070,24.267,24.000,24.700,2.167,1.700,2.600,1012.267,1011.700,1012.700,-9.800,9.000,9.000,0.999,0.990,1.000,0.999,0.620,0.000,0.620,0.520,90.556,24.478,2.600,,,0.000,,0.134,9.110,10.090,0.902
2025-10-26,9.000,0.000,0.000,9.889,0.000,0.000,0.000,85.444,84.000,87.000,2.560,2.270,2.840,22.078,21.700,22.600,2.300,1.700,2.800,1015.778,1015.200,1016.300,-29.400,9.000,9.000,0.928,0.840,1.000,0.904,0.194,0.000,0.194,0.020,85.333,22.433,1.100,,,0.000,,0.205,8.290,10.110,0.820
2025-10-27,9.000,0.000,0.000,10.000,0.000,0.000,0.000,93.222,88.000,96.000,1.146,0.660,2.080,21.300,21.100,21.700,2.222,1.600,3.100,1014.900,1013.600,1016.200,-30.200,9.000,9.000,0.970,0.870,1.000,0.719,0.817,0.374,0.839,0.610,89.111,21.844,2.300,,,0.000,,0.287,7.400,10.130,0.730
2025-10-28,9.000,0.000,0.000,10.000,0.000,0.000,0.000,90.667,86.000,94.000,1.587,1.000,2.440,20.700,20.500,21.200,2.489,1.300,3.200,1016.533,1015.100,1017.500,-68.600,9.000,9.000,1.000,1.000,1.000,0.997,0.861,0.468,0.911,0.795,90.778,21.256,1.700,,,0.000,,0.379,6.450,10.150,0.636
2025-10-29,9.000,0.000,0.000,10.000,0.000,0.000,0.000,78.778,71.000,87.000,3.952,2.300,5.590,24.100,24.000,24.400,2.922,2.200,3.300,1013.822,1012.400,1015.100,0.000,9.000,9.000,0.588,0.400,0.750,0.474,0.227,0.036,0.252,0.020,81.333,23.656,0.000,,,0.000,,0.477,5.490,10.170,0.539
2025-10-30,9.000,0.000,0.000,8.667,0.000,0.000,0.000,82.778,77.000,86.000,3.161,2.500,4.360,25.578,24.600,26.300,1.422,0.800,2.300,1011.111,1010.400,1011.700,0.000,9.000,9.000,0.877,0.530,1.000,0.628,0.273,0.348,0.503,0.107,90.889,25.989,1.900,,,0.000,,0.579,4.510,10.190,0.443
2025-10-31,9.000,0.000,0.000,10.000,0.000,0.000,0.000,71.889,65.000,85.000,5.419,2.660,6.950,23.356,23.100,23.800,1.456,0.500,2.300,1014.500,1014.000,1015.000,-29.400,9.000,9.000,0.813,0.540,0.980,0.497,0.270,0.503,0.628,0.316,80.556,22.511,0.600,,,0.000,,0.681,3.530,10.210,0.346
2025-11-01,9.000,0.000,0.000,9.889,0.000,0.000,0.000,89.222,71.000,96.000,1.918,0.660,5.550,20.967,20.100,23.100,2.389,1.300,3.300,1015.311,1014.700,1015.800,-20.400,9.000,9.000,0.890,0.510,1.000,0.504,0.856,0.051,0.857,0.422,82.667,22.056,0.800,,,0.000,,0.778,2.540,10.220,0.248
2025-11-02,9.000,0.000,0.000,9.889,0.000,0.000,0.000,77.556,71.000,87.000,4.127,2.230,5.490,21.300,20.100,22.000,1.833,0.200,3.400,1017.689,1017.200,1018.100,-29.400,9.000,9.000,0.864,0.560,1.000,0.307,0.846,0.000,0.846,0.510,73.667,21.600,0.400,,,0.000,,0.864,1.520,10.240,0.148
2025-11-03,9.000,0.000,0.000,10.000,0.000,0.000,0.000,90.111,88.000,93.000,1.673,1.170,2.050,19.944,19.600,20.300,2.889,2.300,3.200,1016.244,1014.100,1018.300,-39.200,9.000,9.000,0.992,0.960,1.000,0.971,0.816,0.123,0.842,0.670,90.778,20.300,1.300,,,0.000,,0.934,0.460,10.260,0.045
2025-11-04,9.000,0.000,0.000,9.556,0.000,0.000,0.000,89.000,86.000,93.000,1.893,1.180,2.450,21.156,20.600,21.800,2.433,1.500,2.900,1012.633,1010.300,1014.600,-19.600,9.000,9.000,0.993,0.970,1.000,0.963,0.626,0.051,0.652,0.370,95.111,21.911,3.600,,,0.000,,0.980,0.000,10.280,0.000
2025-11-05,9.000,7.000,6.000,1.444,1.000,1.000,1.000,83.333,82.000,86.000,2.997,2.480,3.260,23.667,23.400,23.900,2.622,2.000,3.100,1011.544,1011.000,1012.100,0.000,9.000,9.000,0.711,0.630,0.810,0.708,0.049,0.000,0.049,0.000,89.111,23.700,0.100,,,0.000,,0.998,0.000,10.290,0.000
2025-11-06,9.000,5.000,5.000,3.000,1.000,0.000,1.000,81.889,78.000,84.000,3.308,2.890,4.100,24.678,24.600,24.800,3.033,2.300,3.800,1012.211,1011.800,1012.700,0.000,9.000,9.000,0.226,0.130,0.330,0.226,0.000,0.000,0.000,0.000,88.222,23.933,0.000,,,0.000,,0.986,0.000,10.310,0.000
2025-11-07,9.000,9.000,9.000,1.667,1.000,1.000,1.000,79.778,74.000,82.000,3.753,3.290,5.000,25.222,24.900,26.000,3.222,2.800,3.900,1012.733,1011.500,1013.800,0.000,9.000,9.000,0.574,0.430,0.730,0.562,0.001,0.049,0.050,0.000,88.667,24.967,0.000,,,0.000,,0.945,0.060,10.330,0.005
2025-11-08,9.000,7.000,7.000,1.667,1.000,1.000,1.000,82.444,78.000,88.000,3.218,2.120,4.120,24.989,24.400,25.500,3.322,2.700,4.200,1010.867,1009.200,1012.300,0.000,9.000,9.000,0.097,0.040,0.230,0.097,0.000,0.000,0.000,0.000,87.889,24.189,0.000,,,0.000,,0.877,1.120,10.340,0.108
2025-11-09,9.000,0.000,0.000,10.000,0.000,0.000,0.000,83.111,80.000,88.000,3.061,2.100,3.700,24.367,23.500,25.100,4.056,2.900,5.400,1009.067,1008.400,1009.700,-49.000,9.000,9.000,0.996,0.970,1.000,0.963,0.513,0.957,0.979,0.860,91.222,24.033,2.800,,,0.000,,0.790,2.250,10.360,0.217
2025-11-10,9.000,0.000,0.000,10.000,0.000,0.000,0.000,92.111,91.000,93.000,1.354,1.190,1.550,23.222,22.800,23.800,4.556,3.700,5.200,1004.467,1002.400,1006.100,-13.100,9.000,9.000,1.000,1.000,1.000,1.000,0.749,0.986,0.996,0.978,95.333,23.778,25.700,,,0.000,,0.691,3.370,10.370,0.325
2025-11-11,9.000,0.000,0.000,10.000,0.000,0.000,0.000,91.333,90.000,94.000,1.496,1.020,1.740,23.200,22.700,24.100,3.600,2.700,4.500,1003.600,1002.100,1004.700,-13.100,9.000,9.000,1.000,1.000,1.000,1.000,0.667,0.999,1.000,0.998,94.889,23.289,14.800,,,0.000,,0.585,4.440,10.390,0.428
2025-11-12,9.000,0.000,0.000,10.000,0.000,0.000,0.000,90.333,85.000,94.000,1.710,1.020,2.720,25.056,23.400,26.000,2.333,0.700,3.900,1002.489,1002.000,1003.300,-37.700,9.000,9.000,0.991,0.930,1.000,0.872,0.691,0.720,0.928,0.786,97.444,25.044,6.100,,,0.000,,0.480,5.440,10.400,0.523
2025-11-13,9.000,0.000,0.000,9.778,0.000,0.000,0.000,89.667,74.000,96.000,1.810,0.660,4.810,20.944,20.500,21.300,1.100,0.600,1.700,1012.956,1012.400,1013.500,-15.600,9.000,9.000,0.993,0.950,1.000,0.942,0.879,0.543,0.925,0.692,93.111,21.189,9.300,,,0.000,,0.378,6.380,10.420,0.613
2025-11-14,9.000,0.000,0.000,7.556,0.000,0.000,0.000,68.667,65.000,71.000,6.050,5.490,6.940,22.400,21.800,23.100,2.500,1.700,3.700,1016.800,1016.300,1017.400,-19.600,9.000,9.000,0.640,0.430,0.840,0.636,0.050,0.000,0.050,0.000,76.000,21.733,0.500,,,0.000,,0.283,7.280,10.430,0.697
2025-11-15,9.000,2.000,2.000,4.889,0.000,0.000,0.000,73.556,67.000,82.000,5.009,3.240,6.470,23.067,22.800,23.300,2.722,2.100,3.500,1017.422,1016.700,1018.100,0.000,9.000,9.000,0.124,0.050,0.300,0.109,0.000,0.024,0.024,0.000,77.667,21.633,0.000,,,0.000,,0.200,8.140,10.450,0.780
2025-11-16,9.000,0.000,0.000,4.444,0.000,0.000,0.000,85.556,81.000,89.000,2.584,1.920,3.480,24.033,23.500,24.600,2.700,1.600,3.600,1016.322,1015.500,1017.200,-9.800,9.000,9.000,0.497,0.210,0.960,0.478,0.098,0.000,0.098,0.050,91.667,23.400,0.100,,,0.000,,0.129,9.000,10.460,0.861
2025-11-17,9.000,0.000,0.000,10.000,0.000,0.000,0.000,84.111,81.000,86.000,2.786,2.430,3.370,20.867,19.500,22.200,2.256,1.700,3.100,1019.278,1018.600,1020.100,-29.400,9.000,9.000,1.000,1.000,1.000,0.978,1.000,0.161,1.000,1.000,90.222,21.222,12.400,,,0.000,,0.072,9.870,10.470,0.943
2025-11-18,9.000,0.000,0.000,10.000,0.000,0.000,0.000,82.222,77.000,87.000,3.062,2.170,4.040,17.044,16.200,17.700,2.378,2.100,2.800,1022.067,1021.400,1022.900,-78.400,9.000,9.000,1.000,1.000,1.000,1.000,0.997,0.401,0.998,0.990,91.778,16.544,4.200,,,0.000,,0.032,10.490,10.490,1.000
2025-11-19,8.000,0.000,0.000,9.875,0.000,0.000,0.000,62.333,59.000,69.000,7.291,5.730,8.110,17.356,17.000,17.600,2.556,1.900,3.200,1021.644,1020.700,1022.400,0.000,9.000,9.000,1.000,1.000,1.000,1.000,0.183,0.447,0.528,0.089,81.444,15.989,0.600,,,0.000,,0.008,10.500,10.500,1.000
2025-11-20,9.000,0.000,0.000,10.000,0.000,0.000,0.000,70.778,67.000,74.000,5.469,4.760,6.320,19.844,19.600,20.100,2.633,1.900,3.200,1019.778,1019.200,1020.200,0.000,9.000,9.000,0.952,0.880,1.000,0.753,0.782,0.412,0.860,0.480,75.444,19.122,0.100,,,0.000,,0.002,10.510,10.510,1.000
2025-11-21,9.000,0.000,0.000,10.000,0.000,0.000,0.000,69.556,64.000,78.000,5.793,3.950,7.050,20.344,19.900,20.600,2.622,1.900,3.300,1019.533,1018.800,1020.200,-9.800,9.000,9.000,0.830,0.640,1.000,0.809,0.252,0.000,0.252,0.140,77.556,19.578,0.000,,,0.000,,0.014,10.520,10.520,1.000
2025-11-22,0.000,0.000,0.000,,,,,81.444,78.000,85.000,3.309,2.620,3.990,21.156,21.000,21.300,2.933,2.400,3.700,1016.578,1015.700,1017.500,0.000,9.000,9.000,0.342,0.230,0.500,0.340,0.011,0.000,0.011,0.000,86.889,20.422,0.100,,,0.000,,0.043,10.530,10.530,1.000
2025-11-23,0.000,0.000,0.000,,,,,77.778,74.000,81.000,4.081,3.440,4.860,22.544,21.900,23.200,2.333,1.600,2.700,1014.211,1013.200,1015.000,0.000,9.000,9.000,0.169,0.110,0.220,0.147,0.027,0.000,0.027,0.000,90.333,20.944,0.000,,,0.000,,0.089,9.730,10.550,0.922
2025-11-24,0.000,0.000,0.000,,,,,74.000,65.000,83.000,4.924,3.030,6.890,22.856,22.000,24.100,1.711,1.100,2.300,1014.978,1014.000,1016.000,-9.800,9.000,9.000,0.896,0.620,1.000,0.791,0.361,0.000,0.361,0.160,88.889,22.378,3.700,,,0.000,,0.151,8.810,10.560,0.834
2025-11-25,0.000,0.000,0.000,,,,,56.556,54.000,59.000,8.826,8.140,9.570,18.822,18.100,19.600,3.567,2.700,4.300,1018.411,1017.900,1018.800,0.000,9.000,9.000,0.936,0.770,1.000,0.556,0.017,0.900,0.902,0.634,67.222,17.700,0.000,,,0.000,,0.227,7.860,10.570,0.744
2025-11-26,0.000,0.000,0.000,,,,,64.556,61.000,68.000,6.904,6.080,7.750,20.211,19.900,20.800,2.611,1.500,3.800,1016.833,1016.500,1017.000,0.000,9.000,9.000,0.504,0.170,0.950,0.258,0.076,0.356,0.387,0.059,73.000,18.233,0.000,,,0.000,,0.315,6.910,10.580,0.653
2025-11-27,0.000,0.000,0.000,,,,,56.333,54.000,60.000,8.917,7.980,9.520,19.244,18.700,20.000,3.300,2.600,3.800,1017.344,1016.200,1018.200,0.000,9.000,9.000,0.999,0.990,1.000,0.578,0.761,0.976,0.992,0.954,65.778,18.122,0.000,,,0.000,,0.412,5.960,10.590,0.563
2025-11-28,0.000,0.000,0.000,,,,,66.556,63.000,72.000,6.398,5.170,7.240,19.311,19.100,19.600,2.711,2.200,3.200,1013.756,1012.400,1014.700,0.000,9.000,9.000,0.377,0.200,0.610,0.146,0.304,0.023,0.317,0.120,74.222,17.333,0.000,,,0.000,,0.516,5.010,10.600,0.473
2025-11-29,0.000,0.000,0.000,,,,,79.111,70.000,87.000,3.791,2.210,5.730,20.156,18.500,22.000,1.311,0.300,2.600,1012.011,1011.200,1012.700,0.000,9.000,9.000,0.096,0.050,0.160,0.096,0.000,0.000,0.000,0.000,88.667,18.322,0.000,,,0.000,,0.623,4.050,10.610,0.382
2025-11-30,8.000,0.000,0.000,9.000,0.000,0.000,0.000,88.556,86.000,90.000,1.966,1.700,2.440,21.000,20.600,21.600,0.767,0.300,1.800,1012.022,1011.600,1012.400,-9.800,9.000,9.000,0.572,0.310,0.960,0.153,0.480,0.106,0.538,0.335,90.778,20.789,0.100,,,0.000,,0.727,3.060,10.610,0.288
2025-12-01,9.000,6.000,6.000,2.556,1.000,1.000,1.000,88.889,86.000,91.000,1.924,1.540,2.460,22.322,22.100,22.600,1.878,0.500,2.600,1010.556,1010.400,1010.700,0.000,9.000,9.000,0.714,0.290,1.000,0.714,0.006,0.000,0.006,0.000,91.778,22.689,0.500,,,0.000,,0.823,2.010,10.620,0.189
2025-12-02,9.000,0.000,0.000,8.333,0.000,0.000,0.000,74.444,72.000,77.000,4.739,4.200,5.280,21.389,20.400,22.000,2.233,1.600,2.900,1014.678,1014.000,1015.700,-29.400,9.000,9.000,0.752,0.200,1.000,0.671,0.599,0.000,0.599,0.050,85.333,20.889,1.400,,,0.000,,0.904,0.880,10.630,0.083
2025-12-03,9.000,0.000,0.000,9.667,0.000,0.000,0.000,59.778,55.000,70.000,7.937,5.530,9.120,17.322,17.100,17.800,2.522,2.000,3.100,1021.200,1020.400,1021.700,0.000,9.000,9.000,0.956,0.890,1.000,0.956,0.191,0.000,0.191,0.040,72.556,16.244,0.400,,,0.000,,0.962,0.000,10.640,0.000
2025-12-04,9.000,0.000,0.000,9.444,0.000,0.000,0.000,65.889,61.000,68.000,6.522,6.030,7.710,18.822,18.700,19.200,2.467,1.600,3.900,1019.356,1018.500,1020.000,0.000,9.000,9.000,0.500,0.380,0.780,0.467,0.198,0.000,0.198,0.080,70.333,17.333,0.000,,,0.000,,0.994,0.000,10.640,0.000
2025-12-05,9.000,0.000,0.000,9.444,0.000,0.000,0.000,84.444,81.000,88.000,2.662,2.010,3.320,17.744,17.400,18.400,2.056,1.600,2.800,1017.556,1016.400,1018.300,-9.800,9.000,9.000,0.980,0.890,1.000,0.803,0.929,0.000,0.929,0.620,83.222,17.689,0.100,,,0.000,,0.995,0.000,10.650,0.000
2025-12-06,9.000,4.000,4.000,2.889,1.000,0.000,1.000,75.667,73.000,77.000,4.452,4.170,5.020,20.511,20.300,20.900,3.167,2.600,3.900,1015.822,1015.000,1016.600,0.000,9.000,9.000,0.318,0.220,0.460,0.318,0.013,0.000,0.013,0.000,80.667,18.944,0.000,,,0.000,,0.966,0.000,10.660,0.000
2025-12-07,9.000,3.000,2.000,3.889,0.000,0.000,0.000,71.333,65.000,80.000,5.397,3.530,6.880,20.300,18.900,21.900,1.489,0.800,2.100,1015.422,1014.600,1016.000,0.000,9.000,9.000,0.108,0.050,0.140,0.097,0.016,0.000,0.016,0.000,86.333,18.722,0.000,,,0.000,,0.911,1.060,10.660,0.099
2025-12-08,8.000,0.000,0.000,9.750,0.000,0.000,0.000,88.333,83.000,94.000,1.990,0.990,2.970,19.033,18.500,19.600,2.400,0.600,3.500,1017.478,1016.700,1018.300,-66.600,9.000,9.000,1.000,1.000,1.000,1.000,0.971,0.026,0.973,0.894,89.889,19.467,6.600,,,0.000,,0.835,2.190,10.670,0.205
2025-12-09,9.000,0.000,0.000,4.889,0.000,0.000,0.000,88.000,84.000,94.000,2.060,0.990,2.790,19.844,18.800,20.200,2.411,1.000,3.700,1015.889,1015.000,1016.800,0.000,9.000,9.000,0.697,0.610,0.830,0.693,0.042,0.000,0.042,0.010,91.778,19.456,0.100,,,0.000,,0.745,3.250,10.670,0.305
2025-12-10,9.000,5.000,5.000,3.444,1.000,0.000,0.000,81.000,78.000,83.000,3.357,2.950,3.950,19.656,18.900,20.400,1.511,0.900,2.200,1015.244,1014.800,1015.600,0.000,9.000,9.000,0.767,0.570,1.000,0.764,0.197,0.000,0.197,0.000,92.333,20.233,0.500,,,0.000,,0.647,4.230,10.680,0.396
2025-12-11,9.000,0.000,0.000,9.889,0.000,0.000,0.000,71.889,70.000,77.000,5.270,4.170,5.690,20.889,20.500,21.200,2.567,2.000,3.100,1016.311,1015.500,1017.200,0.000,9.000,9.000,0.834,0.600,1.000,0.824,0.231,0.243,0.400,0.090,82.778,20.322,1.800,,,0.000,,0.545,5.150,10.680,0.482
2025-12-12,9.000,0.000,0.000,9.444,0.000,0.000,0.000,86.333,83.000,89.000,2.362,1.870,2.990,20.289,19.800,20.700,2.156,0.900,3.200,1015.467,1014.800,1016.400,-29.400,9.000,9.000,1.000,1.000,1.000,1.000,0.464,0.056,0.469,0.010,90.556,20.322,1.200,,,0.000,,0.445,6.030,10.690,0.564
2025-12-13,9.000,0.000,0.000,10.000,0.000,0.000,0.000,82.000,67.000,94.000,3.184,0.970,6.160,16.711,16.100,17.400,1.733,0.400,3.100,1019.322,1018.900,1019.700,-38.700,9.000,9.000,1.000,1.000,1.000,0.998,0.814,0.320,0.861,0.735,84.444,16.511,3.200,,,0.000,,0.349,6.890,10.690,0.644
2025-12-14,9.000,0.000,0.000,9.000,0.000,0.000,0.000,62.556,61.000,65.000,7.087,6.510,7.470,14.789,14.500,15.100,2.778,2.200,3.300,1020.844,1019.400,1022.000,0.000,9.000,9.000,0.779,0.620,0.900,0.566,0.009,0.566,0.569,0.440,73.222,12.756,0.000,,,0.000,,0.261,7.750,10.690,0.724
2025-12-15,9.000,6.000,6.000,2.111,1.000,1.000,1.000,73.222,64.000,82.000,4.920,3.060,6.960,17.511,15.400,18.900,1.522,0.300,2.400,1016.956,1015.900,1018.000,0.000,9.000,9.000,0.142,0.080,0.200,0.130,0.040,0.000,0.040,0.020,84.667,15.533,0.000,,,0.000,,0.183,8.620,10.700,0.806
2025-12-16,9.000,2.000,2.000,3.111,0.000,0.000,0.000,81.889,77.000,86.000,3.161,2.370,4.150,18.278,17.300,19.700,1.167,0.700,1.700,1016.722,1016.400,1016.900,0.000,9.000,9.000,0.193,0.110,0.280,0.190,0.062,0.000,0.062,0.000,91.667,16.822,0.000,,,0.000,,0.116,9.510,10.700,0.889
2025-12-17,9.000,0.000,0.000,9.111,0.000,0.000,0.000,76.333,73.000,78.000,4.292,3.930,5.000,19.800,19.200,20.800,3.133,2.500,4.500,1018.789,1017.800,1019.600,-49.000,9.000,9.000,0.803,0.660,0.970,0.784,0.180,0.000,0.180,0.060,86.556,19.478,0.900,,,0.000,,0.064,10.420,10.700,0.974
2025-12-18,8.000,0.000,0.000,9.625,0.000,0.000,0.000,87.333,84.000,90.000,2.180,1.690,2.810,20.400,19.700,20.900,2.100,0.300,3.700,1014.189,1013.400,1015.100,-19.600,9.000,9.000,0.586,0.380,0.820,0.339,0.387,0.117,0.456,0.377,91.222,20.078,0.500,,,0.000,,0.026,10.700,10.700,1.000
2025-12-19,9.000,0.000,0.000,10.000,0.000,0.000,0.000,87.444,85.000,89.000,2.164,1.870,2.630,20.700,20.200,21.300,0.878,0.100,1.900,1013.689,1013.200,1014.300,-39.200,9.000,9.000,1.000,1.000,1.000,0.998,0.962,0.777,0.987,0.931,96.000,21.222,5.300,,,0.000,,0.006,10.700,10.700,1.000
2025-12-20,9.000,3.000,3.000,6.556,1.000,0.000,0.000,86.333,83.000,90.000,2.363,1.700,2.990,20.456,20.100,21.100,1.089,0.200,1.900,1014.767,1014.300,1015.500,0.000,9.000,9.000,0.639,0.160,1.000,0.581,0.052,0.128,0.172,0.010,95.667,19.878,0.300,,,0.000,,0.003,10.700,10.700,1.000
2025-12-21,9.000,0.000,0.000,9.667,0.000,0.000,0.000,68.556,66.000,71.000,5.923,5.370,6.500,19.033,18.700,19.300,2.900,2.300,3.700,1019.044,1017.900,1019.900,0.000,9.000,9.000,0.847,0.680,0.980,0.836,0.389,0.022,0.397,0.080,83.667,17.711,1.400,,,0.000,,0.019,10.700,10.700,1.000
2025-12-22,9.000,0.000,0.000,7.667,0.000,0.000,0.000,75.778,72.000,82.000,4.413,3.160,5.190,19.678,19.200,20.000,3.411,2.600,4.100,1015.267,1014.200,1016.400,0.000,9.000,9.000,0.458,0.190,0.930,0.451,0.024,0.000,0.024,0.010,82.333,18.589,0.000,,,0.000,,0.053,10.210,10.700,0.953
2025-12-23,9.000,0.000,0.000,7.556,0.000,0.000,0.000,80.000,76.000,83.000,3.576,2.980,4.430,20.444,19.100,22.000,1.278,0.800,2.100,1012.511,1012.100,1012.800,0.000,9.000,9.000,0.041,0.010,0.160,0.028,0.017,0.000,0.017,0.000,91.111,18.956,0.000,,,0.000,,0.106,9.250,10.700,0.864
2025-12-24,9.000,0.000,0.000,10.000,0.000,0.000,0.000,78.556,73.000,84.000,3.869,2.780,5.020,20.133,19.500,20.900,3.078,2.200,3.800,1011.378,1010.900,1011.700,-49.000,9.000,9.000,1.000,1.000,1.000,1.000,0.396,0.000,0.396,0.240,91.778,19.678,1.900,,,0.000,,0.175,8.300,10.700,0.776
2025-12-25,9.000,0.000,0.000,9.889,0.000,0.000,0.000,73.111,65.000,82.000,4.771,3.010,6.490,13.689,13.200,14.200,2.156,1.400,3.000,1019.967,1019.500,1020.500,-48.500,9.000,9.000,1.000,1.000,1.000,1.000,0.973,0.001,0.973,0.950,85.889,12.933,3.600,,,0.000,,0.260,7.370,10.700,0.688
2025-12-26,9.000,0.000,0.000,9.889,0.000,0.000,0.000,88.000,85.000,91.000,1.972,1.450,2.500,14.478,14.000,14.800,2.756,2.400,3.400,1017.444,1016.700,1018.400,-28.400,9.000,9.000,0.948,0.810,1.000,0.902,0.617,0.000,0.617,0.380,85.889,14.556,0.500,,,0.000,,0.356,6.430,10.700,0.601
2025-12-27,9.000,0.000,0.000,9.889,0.000,0.000,0.000,90.000,88.000,93.000,1.644,1.130,1.990,15.944,15.700,16.200,2.056,0.800,2.800,1017.133,1015.500,1018.500,-28.900,9.000,9.000,0.976,0.810,1.000,0.974,0.447,0.000,0.447,0.050,92.667,16.211,1.900,,,0.000,,0.462,5.480,10.700,0.512
2025-12-28,9.000,0.000,0.000,9.667,0.000,0.000,0.000,86.556,83.000,89.000,2.271,1.830,2.910,17.378,17.000,17.900,2.178,1.600,2.800,1014.611,1013.100,1015.600,-9.800,9.000,9.000,0.899,0.720,1.000,0.897,0.054,0.000,0.054,0.000,88.889,17.733,0.000,,,0.000,,0.572,4.490,10.690,0.420
2025-12-29,9.000,2.000,2.000,6.889,0.000,0.000,0.000,81.222,77.000,92.000,3.349,1.320,4.180,20.111,18.200,20.700,2.000,0.800,2.900,1011.144,1010.400,1012.100,0.000,9.000,9.000,0.357,0.130,0.560,0.348,0.027,0.000,0.027,0.010,89.444,18.744,0.300,,,0.000,,0.682,3.440,10.690,0.322
2025-12-30,9.000,0.000,0.000,9.778,0.000,0.000,0.000,83.667,79.000,90.000,2.823,1.660,3.720,18.100,17.700,18.900,1.644,0.800,2.800,1012.233,1011.600,1012.600,-29.400,9.000,9.000,0.994,0.970,1.000,0.993,0.680,0.000,0.680,0.300,89.333,18.689,5.000,,,0.000,,0.784,2.320,10.690,0.217
2025-12-31,9.000,0.000,0.000,9.556,0.000,0.000,0.000,91.778,90.000,93.000,1.347,1.140,1.660,16.678,15.900,17.200,1.600,0.900,2.800,1013.144,1012.700,1013.600,-36.700,9.000,9.000,1.000,1.000,1.000,1.000,0.747,0.500,0.904,0.859,91.250,17.875,1.800,,,0.000,,0.873,1.150,10.680,0.107
2026-01-01,7.000,0.000,0.000,10.000,0.000,0.000,0.000,91.556,89.000,94.000,1.361,0.950,1.800,14.400,13.700,15.300,1.122,0.400,1.600,1018.711,1017.900,1019.100,-35.200,9.000,9.000,,,,,,,,,,,,,,0.000,,0.941,0.000,10.680,0.000
2026-01-02,9.000,0.000,0.000,7.222,0.000,0.000,0.000,61.333,57.000,66.000,7.272,6.180,8.310,12.511,12.300,12.700,2.044,1.800,2.400,1024.622,1023.400,1025.300,0.000,9.000,9.000,,,,,,,,,,,,,,0.000,,0.984,0.000,10.670,0.000
2026-01-03,9.000,2.000,2.000,4.000,0.000,0.000,0.000,68.444,62.000,74.000,5.791,4.590,7.230,14.922,14.600,15.300,2.611,2.200,3.100,1020.778,1019.000,1021.700,0.000,9.000,9.000,,,,,,,,,,,,,,0.000,,0.999,0.000,10.670,0.000
2026-01-04,9.000,7.000,7.000,2.556,1.000,1.000,1.000,75.889,62.000,84.000,4.294,2.660,7.380,15.256,13.800,17.800,1.133,0.500,1.700,1016.889,1016.200,1017.400,0.000,9.000,9.000,,,,,,,,,,,,,,0.000,,0.984,0.000,10.660,0.000
2026-01-05,9.000,0.000,0.000,9.556,0.000,0.000,0.000,73.889,72.000,75.000,4.624,4.370,5.030,15.000,14.000,16.400,2.300,1.600,3.300,1020.100,1019.400,1020.500,-29.400,9.000,9.000,,,,,,,,,,,,,,0.000,,0.944,0.690,10.660,0.065
2026-01-06,9.000,0.000,0.000,9.222,0.000,0.000,0.000,64.444,59.000,72.000,6.561,4.910,7.800,12.478,12.300,12.700,2.122,1.200,3.100,1021.611,1021.400,1021.800,0.000,9.000,9.000,,,,,,,,,,,,,,0.000,,0.882,1.740,10.650,0.163
2026-01-07,9.000,0.000,0.000,9.667,0.000,0.000,0.000,66.000,60.000,75.000,6.267,4.310,7.640,13.311,12.500,13.900,1.811,0.900,2.600,1021.900,1021.100,1022.500,-19.600,9.000,9.000,,,,,,,,,,,,,,0.000,,0.803,2.710,10.640,0.255
2026-01-08,9.000,0.000,0.000,6.111,0.000,0.000,0.000,70.222,57.000,75.000,5.261,4.220,8.310,10.811,9.700,12.700,1.022,0.700,1.600,1022.633,1020.900,1023.900,0.000,9.000,9.000,,,,,,,,,,,,,,0.000,,0.714,3.630,10.640,0.341
2026-01-09,9.000,0.000,0.000,4.111,0.000,0.000,0.000,77.111,66.000,82.000,3.934,2.970,6.270,12.189,10.700,14.300,1.256,0.600,2.400,1018.056,1017.400,1019.200,0.000,9.000,9.000,,,,,,,,,,,,,,0.000,,0.619,4.510,10.630,0.424
2026-01-10,9.000,0.000,0.000,9.667,0.000,0.000,0.000,59.556,56.000,72.000,7.947,4.980,8.860,16.289,14.200,17.200,1.656,0.600,2.500,1020.833,1019.900,1021.200,0.000,9.000,9.000,,,,,,,,,,,,,,0.000,,0.522,5.380,10.620,0.506
2026-01-11,9.000,0.000,0.000,8.667,0.000,0.000,0.000,56.444,53.000,59.000,8.556,7.900,9.450,14.233,14.100,14.400,3.644,2.800,4.300,1021.844,1019.400,1023.300,0.000,9.000,9.000,,,,,,,,,,,,,,0.000,,0.426,6.250,10.610,0.589
2026-01-12,9.000,0.000,0.000,9.222,0.000,0.000,0.000,75.778,70.000,79.000,4.249,3.610,5.490,14.756,12.700,16.400,1.011,0.300,1.400,1016.367,1015.700,1016.800,0.000,9.000,9.000,,,,,,,,,,,,,,0.000,,0.334,7.130,10.600,0.673
2026-01-13,9.000,9.000,9.000,2.000,1.000,1.000,1.000,68.333,63.000,71.000,5.852,5.260,7.090,16.167,15.700,16.800,2.111,1.400,3.000,1017.022,1016.300,1017.700,0.000,9.000,9.000,,,,,,,,,,,,,,0.000,,0.249,8.040,10.590,0.759
2026-01-14,9.000,7.000,4.000,1.889,1.000,1.000,1.000,66.444,60.000,78.000,6.429,3.830,7.990,18.278,15.900,19.800,1.522,0.600,2.400,1014.444,1013.700,1015.000,0.000,9.000,9.000,,,,,,,,,,,,,,0.000,,0.172,8.950,10.590,0.845
2026-01-15,9.000,0.000,0.000,9.667,0.000,0.000,0.000,73.333,64.000,78.000,4.899,3.920,6.980,18.922,18.700,19.200,2.389,0.700,3.500,1011.544,1010.900,1012.400,0.000,9.000,9.000,,,,,,,,,,,,,,0.000,,0.107,9.840,10.580,0.931
2026-01-16,9.000,0.000,0.000,9.556,0.000,0.000,0.000,84.333,82.000,85.000,2.711,2.580,3.160,19.233,18.600,19.800,1.522,0.400,1.900,1011.433,1010.300,1012.300,-19.600,9.000,9.000,,,,,,,,,,,,,,0.000,,0.056,10.570,10.570,1.000
2026-01-17,9.000,0.000,0.000,9.444,0.000,0.000,0.000,79.222,77.000,83.000,3.652,2.910,4.090,17.744,17.000,18.100,1.578,0.300,2.900,1011.100,1010.800,1011.400,0.000,9.000,9.000,,,,,,,,,,,,,,0.000,,0.020,10.550,10.550,1.000
2026-01-18,9.000,0.000,0.000,6.889,0.000,0.000,0.000,80.444,79.000,84.000,3.440,2.750,3.730,18.644,18.100,19.000,1.333,0.400,2.600,1011.833,1011.000,1012.300,0.000,9.000,9.000,,,,,,,,,,,,,,0.000,,0.002,10.540,10.540,1.000
2026-01-19,9.000,0.000,0.000,7.556,0.000,0.000,0.000,82.111,79.000,88.000,3.096,1.990,3.690,17.544,16.300,18.200,2.178,1.000,3.200,1013.722,1013.000,1014.700,-48.500,9.000,9.000,,,,,,,,,,,,,,0.000,,0.005,10.530,10.530,1.000
2026-01-20,9.000,0.000,0.000,9.778,0.000,0.000,0.000,80.556,76.000,84.000,3.290,2.640,4.160,13.533,12.900,14.100,1.833,0.900,2.600,1019.522,1018.900,1019.900,-38.700,9.000,9.000,,,,,,,,,,,,,,0.000,,0.027,10.490,10.520,0.997
2026-01-21,9.000,0.000,0.000,10.000,0.000,0.000,0.000,83.667,79.000,88.000,2.689,1.920,3.540,11.933,11.400,12.400,2.144,1.300,2.900,1022.200,1021.900,1022.300,-78.400,9.000,9.000,,,,,,,,,,,,,,0.000,,0.071,9.530,10.510,0.907
2026-01-22,9.000,0.000,0.000,10.000,0.000,0.000,0.000,91.444,90.000,92.000,1.357,1.260,1.600,12.478,12.200,12.700,1.844,1.400,2.400,1021.756,1020.800,1022.800,-57.300,9.000,9.000,,,,,,,,,,,,,,0.000,,0.134,8.580,10.500,0.818
2026-01-23,9.000,0.000,0.000,9.444,0.000,0.000,0.000,89.222,86.000,93.000,1.780,1.130,2.350,16.178,15.900,16.400,1.911,0.800,2.800,1019.767,1018.800,1020.400,-19.600,9.000,9.000,,,,,,,,,,,,,,0.000,,0.215,7.630,10.480,0.727
2026-01-24,9.000,0.000,0.000,6.889,0.000,0.000,0.000,88.111,86.000,91.000,1.990,1.480,2.380,17.156,16.700,17.800,2.889,1.600,4.000,1017.756,1017.000,1019.100,0.000,9.000,9.000,,,,,,,,,,,,,,0.000,,0.311,6.650,10.470,0.635
2026-01-25,9.000,0.000,0.000,9.889,0.000,0.000,0.000,74.111,65.000,85.000,4.796,2.580,6.830,19.622,18.700,20.900,1.167,0.500,2.000,1017.111,1016.300,1017.900,0.000,9.000,9.000,,,,,,,,,,,,,,0.000,,0.418,5.630,10.460,0.538
2026-01-26,9.000,0.000,0.000,9.889,0.000,0.000,0.000,86.222,83.000,89.000,2.358,1.840,2.980,18.756,18.200,19.900,0.911,0.400,1.600,1016.344,1015.600,1017.000,0.000,9.000,9.000,,,,,,,,,,,,,,0.000,,0.530,4.560,10.440,0.436
2026-01-27,9.000,0.000,0.000,9.667,0.000,0.000,0.000,88.778,85.000,92.000,1.852,1.300,2.510,15.489,15.400,15.600,1.733,0.600,2.700,1019.400,1019.100,1019.800,-13.600,9.000,9.000,,,,,,,,,,,,,,0.000,,0.643,3.430,10.430,0.329
2026-01-28,9.000,0.000,0.000,7.889,0.000,0.000,0.000,78.444,73.000,82.000,3.759,3.070,4.850,15.878,15.600,16.200,2.678,1.900,3.600,1019.800,1018.900,1020.900,0.000,9.000,9.000,,,,,,,,,,,,,,0.000,,0.749,2.290,10.410,0.219
2026-01-29,9.000,0.000,0.000,10.000,0.000,0.000,0.000,75.667,71.000,78.000,4.397,3.910,5.380,18.889,18.600,19.100,3.356,2.000,4.100,1017.889,1016.600,1018.500,0.000,9.000,9.000,,,,,,,,,,,,,,0.000,,0.843,1.170,10.400,0.113
2026-01-30,9.000,0.000,0.000,9.889,0.000,0.000,0.000,86.556,83.000,89.000,2.293,1.840,2.960,18.544,17.900,19.400,1.022,0.400,2.300,1017.444,1016.900,1017.900,0.000,9.000,9.000,,,,,,,,,,,,,,0.000,,0.918,0.150,10.380,0.015
2026-01-31,9.000,0.000,0.000,9.556,0.000,0.000,0.000,90.556,88.000,93.000,1.536,1.120,1.980,14.711,14.100,15.400,1.789,1.300,2.400,1021.511,1021.000,1021.800,-4.300,9.000,9.000,,,,,,,,,,,,,,0.000,,0.970,0.000,10.370,0.000
2026-02-01,9.000,0.000,0.000,9.556,0.000,0.000,0.000,91.556,86.000,95.000,1.378,0.800,2.340,15.322,15.000,15.600,1.767,0.700,2.900,1021.133,1020.700,1021.400,-37.200,9.000,9.000,,,,,,,,,,,,,,0.000,,0.997,0.000,10.350,0.000
2026-02-02,9.000,0.000,0.000,9.667,0.000,0.000,0.000,78.556,72.000,83.000,3.712,2.870,5.020,14.833,14.500,15.300,2.989,2.000,3.600,1024.033,1023.400,1024.600,0.000,9.000,9.000,,,,,,,,,,,,,,0.000,,0.996,0.000,10.340,0.000
2026-02-03,9.000,0.000,0.000,10.000,0.000,0.000,0.000,74.667,73.000,77.000,4.554,4.080,4.900,17.544,17.100,17.800,2.900,1.900,3.800,1018.644,1017.600,1019.900,0.000,9.000,9.000,,,,,,,,,,,,,,0.000,,0.971,0.140,10.320,0.013
2026-02-04,9.000,0.000,0.000,9.667,0.000,0.000,0.000,79.111,74.000,82.000,3.720,3.150,4.760,19.333,19.100,19.900,0.644,0.200,1.200,1014.378,1013.800,1014.900,0.000,9.000,9.000,,,,,,,,,,,,,,0.000,,0.924,1.100,10.300,0.107
2026-02-05,9.000,0.000,0.000,4.667,0.000,0.000,0.000,77.667,71.000,80.000,4.030,3.530,5.470,19.800,18.900,21.300,1.078,0.600,1.600,1012.767,1011.700,1013.500,0.000,9.000,9.000,,,,,,,,,,,,,,0.000,,0.859,2.020,10.290,0.196
2026-02-06,9.000,0.000,0.000,9.667,0.000,0.000,0.000,91.000,88.000,95.000,1.496,0.800,2.040,17.478,15.400,19.100,1.567,0.700,3.300,1015.000,1013.300,1017.000,-27.900,9.000,9.000,,,,,,,,,,,,,,0.000,,0.782,2.910,10.270,0.283
2026-02-07,9.000,0.000,0.000,10.000,0.000,0.000,0.000,75.000,72.000,79.000,4.334,3.580,4.920,13.011,12.300,13.900,3.044,2.100,4.200,1022.644,1021.800,1023.000,-19.600,9.000,9.000,,,,,,,,,,,,,,0.000,,0.695,3.800,10.250,0.370
2026-02-08,9.000,0.000,0.000,9.889,0.000,0.000,0.000,59.778,53.000,66.000,7.561,6.110,9.220,10.989,10.800,11.200,2.667,1.400,3.300,1026.133,1023.500,1027.800,-9.800,9.000,9.000,,,,,,,,,,,,,,0.000,,0.603,4.690,10.240,0.458
2026-02-09,9.000,0.000,0.000,8.778,0.000,0.000,0.000,66.333,62.000,76.000,6.267,4.150,7.280,15.033,13.500,15.900,1.444,0.700,2.200,1018.456,1017.900,1019.000,0.000,9.000,9.000,,,,,,,,,,,,,,0.000,,0.508,5.600,10.220,0.548
2026-02-10,9.000,0.000,0.000,8.667,0.000,0.000,0.000,75.000,69.000,78.000,4.479,3.860,5.770,17.056,16.700,17.900,1.144,0.400,1.900,1017.556,1017.200,1018.100,0.000,9.000,9.000,,,,,,,,,,,,,,0.000,,0.414,6.510,10.200,0.638
2026-02-11,9.000,0.000,0.000,9.000,0.000,0.000,0.000,80.889,74.000,86.000,3.290,2.330,4.630,15.778,15.300,16.300,3.200,2.800,3.600,1019.244,1018.000,1020.300,0.000,9.000,9.000,,,,,,,,,,,,,,0.000,,0.323,7.420,10.180,0.728
2026-02-12,9.000,3.000,3.000,4.556,1.000,0.000,0.000,80.111,74.000,90.000,3.517,1.650,4.730,18.333,16.600,18.800,2.489,0.300,3.600,1015.622,1013.900,1016.900,0.000,9.000,9.000,,,,,,,,,,,,,,0.000,,0.238,8.290,10.160,0.816
2026-02-13,9.000,9.000,9.000,1.000,1.000,1.000,1.000,84.333,72.000,91.000,2.743,1.480,5.230,18.756,17.200,20.600,0.711,0.200,1.100,1013.633,1013.400,1014.000,0.000,9.000,9.000,,,,,,,,,,,,,,0.000,,0.161,9.110,10.140,0.898
2026-02-14,9.000,6.000,6.000,2.333,1.000,1.000,1.000,78.778,68.000,85.000,3.847,2.570,6.180,20.078,18.600,22.000,0.989,0.400,1.900,1013.111,1012.600,1013.400,0.000,9.000,9.000,,,,,,,,,,,,,,0.000,,0.096,9.860,10.120,0.974
2026-02-15,9.000,5.000,4.000,3.222,1.000,0.000,0.000,83.222,76.000,87.000,2.970,2.220,4.450,20.644,19.200,22.600,0.889,0.400,1.600,1012.211,1011.900,1012.500,0.000,9.000,9.000,,,,,,,,,,,,,,0.000,,0.045,10.100,10.100,1.000
2026-02-16,9.000,0.000,0.000,9.111,0.000,0.000,0.000,78.000,76.000,81.000,3.888,3.300,4.270,17.667,16.800,18.200,2.378,1.700,3.000,1016.378,1015.800,1016.800,-19.600,9.000,9.000,,,,,,,,,,,,,,0.000,,0.012,10.080,10.080,1.000
2026-02-17,9.000,0.000,0.000,9.778,0.000,0.000,0.000,83.000,80.000,89.000,2.879,1.790,3.440,15.111,14.500,15.600,2.144,1.400,3.000,1019.656,1019.200,1020.100,-38.700,9.000,9.000,,,,,,,,,,,,,,0.000,,0.000,10.060,10.060,1.000
2026-02-18,9.000,0.000,0.000,6.444,0.000,0.000,0.000,65.778,64.000,69.000,6.402,5.680,6.800,15.911,15.700,16.100,3.456,2.900,4.600,1020.767,1019.300,1021.800,0.000,9.000,9.000,,,,,,,,,,,,,,0.000,,0.011,10.040,10.040,1.000
2026-02-19,9.000,0.000,0.000,8.556,0.000,0.000,0.000,79.111,72.000,86.000,3.692,2.350,5.150,17.433,16.200,18.600,1.178,0.200,2.200,1017.122,1016.200,1017.600,0.000,9.000,9.000,,,,,,,,,,,,,,0.000,,0.045,9.550,10.020,0.952
2026-02-20,9.000,0.000,0.000,5.556,0.000,0.000,0.000,82.111,78.000,87.000,3.083,2.160,3.870,16.922,16.000,17.300,1.878,1.100,2.600,1013.144,1011.400,1014.500,0.000,9.000,9.000,,,,,,,,,,,,,,0.000,,0.102,8.550,10.000,0.854
2026-02-21,9.000,4.000,3.000,2.556,1.000,0.000,1.000,84.111,78.000,89.000,2.752,1.850,3.960,18.800,18.000,20.300,1.044,0.200,1.600,1008.922,1008.700,1009.200,0.000,9.000,9.000,,,,,,,,,,,,,,0.000,,0.180,7.520,9.980,0.753
2026-02-22,9.000,1.000,1.000,5.444,0.000,0.000,0.000,80.111,76.000,86.000,3.553,2.420,4.390,20.189,20.000,20.800,3.833,3.400,4.100,1010.944,1010.300,1011.500,0.000,9.000,9.000,,,,,,,,,,,,,,0.000,,0.275,6.440,9.960,0.647
2026-02-23,9.000,1.000,1.000,7.556,0.000,0.000,0.000,67.000,54.000,84.000,6.690,2.810,9.890,22.689,21.100,24.100,1.678,0.600,2.500,1010.078,1009.200,1010.600,0.000,9.000,9.000,,,,,,,,,,,,,,0.000,,0.382,5.320,9.940,0.536
2026-02-24,9.000,0.000,0.000,9.778,0.000,0.000,0.000,85.667,79.000,90.000,2.503,1.690,3.820,20.556,18.600,22.300,2.011,0.800,3.900,1012.244,1011.600,1012.700,-58.800,9.000,9.000,,,,,,,,,,,,,,0.000,,0.495,4.190,9.920,0.422
2026-02-25,9.000,0.000,0.000,9.889,0.000,0.000,0.000,83.556,81.000,87.000,2.848,2.200,3.340,18.767,18.300,19.100,3.733,3.200,4.300,1012.200,1010.000,1013.700,0.000,9.000,9.000,,,,,,,,,,,,,,0.000,,0.609,3.070,9.900,0.311
2026-02-26,9.000,0.000,0.000,10.000,0.000,0.000,0.000,87.667,82.000,97.000,2.162,0.490,3.220,20.656,19.000,22.100,1.000,0.500,1.600,1007.078,1006.400,1007.600,-48.800,9.000,9.000,,,,,,,,,,,,,,0.000,,0.717,2.040,9.870,0.207
2026-02-27,9.000,0.000,0.000,9.889,0.000,0.000,0.000,81.333,79.000,85.000,3.268,2.570,3.720,18.644,18.200,19.000,3.178,2.800,3.900,1010.100,1009.700,1010.500,-48.500,9.000,9.000,,,,,,,,,,,,,,0.000,,0.813,1.120,9.850,0.114
2026-02-28,9.000,0.000,0.000,10.000,0.000,0.000,0.000,89.778,85.000,95.000,1.744,0.830,2.610,20.322,20.000,20.700,2.733,2.100,3.100,1009.822,1008.000,1010.700,-38.200,9.000,9.000,,,,,,,,,,,,,,0.000,,0.893,0.320,9.830,0.033
2026-03-01,9.000,0.000,0.000,6.222,0.000,0.000,0.000,89.556,85.000,96.000,1.810,0.660,2.650,21.700,20.400,22.700,0.922,0.200,2.800,1006.989,1006.300,1007.500,-28.400,9.000,9.000,,,,,,,,,,,,,,0.000,,0.952,0.000,9.810,0.000
2026-03-02,9.000,0.000,0.000,9.333,0.000,0.000,0.000,78.889,70.000,86.000,3.793,2.460,5.530,19.844,17.300,22.800,3.356,0.200,4.300,1011.344,1009.300,1012.400,-29.400,9.000,9.000,,,,,,,,,,,,,,0.000,,0.988,0.000,9.780,0.000
2026-03-03,9.000,0.000,0.000,10.000,0.000,0.000,0.000,81.333,77.000,88.000,3.214,1.980,4.050,16.033,15.700,16.400,2.789,2.300,3.400,1016.711,1015.500,1017.300,-29.400,9.000,9.000,,,,,,,,,,,,,,0.000,,1.000,0.000,9.760,0.000
2026-03-04,9.000,0.000,0.000,10.000,0.000,0.000,0.000,91.889,89.000,93.000,1.343,1.150,1.850,18.344,17.900,18.800,2.578,2.000,3.000,1012.500,1010.900,1013.600,-57.800,9.000,9.000,,,,,,,,,,,,,,0.000,,0.989,0.000,9.740,0.000
2026-03-05,9.000,4.000,4.000,3.000,1.000,0.000,1.000,92.222,89.000,95.000,1.300,0.820,1.870,19.567,19.000,20.200,1.222,0.400,2.500,1011.989,1011.400,1012.300,0.500,9.000,9.000,,,,,,,,,,,,,,0.000,,0.957,0.460,9.710,0.047
2026-03-06,9.000,0.000,0.000,9.111,0.000,0.000,0.000,71.778,65.000,80.000,5.143,3.440,6.590,16.022,15.500,16.300,2.933,2.000,3.800,1019.189,1017.900,1020.300,0.000,9.000,9.000,,,,,,,,,,,,,,0.000,,0.907,1.360,9.690,0.141
2026-03-07,9.000,0.000,0.000,7.889,0.000,0.000,0.000,76.222,67.000,85.000,4.216,2.510,6.110,15.433,15.100,15.700,3.478,2.800,5.200,1020.011,1018.300,1021.000,0.000,9.000,9.000,,,,,,,,,,,,,,0.000,,0.842,2.270,9.670,0.235
2026-03-08,9.000,0.000,0.000,8.778,0.000,0.000,0.000,89.778,88.000,93.000,1.693,1.140,2.000,16.900,16.700,17.200,3.289,2.200,4.400,1018.500,1017.900,1019.000,-88.200,9.000,9.000,,,,,,,,,,,,,,0.000,,0.765,3.180,9.640,0.330
2026-03-09,9.000,0.000,0.000,10.000,0.000,0.000,0.000,75.444,70.000,82.000,4.304,3.020,5.400,14.178,13.800,14.400,2.644,1.900,3.100,1023.144,1021.700,1024.300,-58.800,9.000,9.000,,,,,,,,,,,,,,0.000,,0.680,4.100,9.620,0.426
2026-03-10,9.000,0.000,0.000,9.667,0.000,0.000,0.000,72.333,71.000,74.000,4.930,4.570,5.220,14.600,14.100,14.900,2.189,1.700,2.800,1018.900,1017.600,1020.000,0.000,9.000,9.000,,,,,,,,,,,,,,0.000,,0.589,5.010,9.590,0.523
2026-03-11,9.000,2.000,1.000,4.333,0.000,0.000,0.000,70.556,66.000,75.000,5.376,4.420,6.380,16.322,15.700,16.700,2.122,0.900,3.400,1016.400,1016.000,1016.900,0.000,9.000,9.000,,,,,,,,,,,,,,0.000,,0.495,5.900,9.570,0.617
2026-03-12,9.000,0.000,0.000,5.556,0.000,0.000,0.000,49.000,43.000,56.000,10.643,8.730,12.500,14.678,13.600,15.200,1.711,1.000,2.700,1022.422,1021.700,1023.200,0.000,9.000,9.000,,,,,,,,,,,,,,0.000,,0.400,6.740,9.540,0.706
2026-03-13,9.000,0.000,0.000,4.667,0.000,0.000,0.000,58.556,55.000,66.000,8.131,6.310,9.040,15.722,15.100,16.000,2.789,2.300,3.700,1021.467,1020.300,1022.500,0.000,9.000,9.000,,,,,,,,,,,,,,0.000,,0.308,7.510,9.520,0.789
2026-03-14,9.000,6.000,4.000,2.333,1.000,1.000,1.000,63.111,59.000,76.000,7.130,4.200,8.130,17.233,14.900,17.900,2.656,1.000,4.100,1019.478,1018.400,1020.300,0.000,9.000,9.000,,,,,,,,,,,,,,0.000,,0.221,8.210,9.490,0.865
2026-03-15,9.000,0.000,0.000,4.667,0.000,0.000,0.000,75.778,70.000,79.000,4.416,3.730,5.670,19.856,19.200,20.600,2.522,1.900,3.200,1017.233,1016.000,1018.000,0.000,9.000,9.000,,,,,,,,,,,,,,0.000,,0.143,8.850,9.470,0.935
2026-03-16,7.000,0.000,0.000,4.857,0.000,0.000,0.000,65.778,60.000,74.000,6.679,4.740,8.140,20.756,19.000,22.200,0.867,0.400,1.500,1014.944,1013.800,1015.600,0.000,9.000,9.000,,,,,,,,,,,,,,0.000,,0.079,9.440,9.440,1.000
2026-03-17,9.000,0.000,0.000,5.222,0.000,0.000,0.000,73.111,62.000,81.000,5.059,3.340,7.650,20.544,19.100,22.500,1.122,0.200,1.900,1013.667,1012.700,1014.400,0.000,9.000,9.000,,,,,,,,,,,,,,0.000,,0.031,9.420,9.420,1.000
2026-03-18,9.000,5.000,5.000,3.333,1.000,0.000,0.000,72.556,61.000,78.000,5.202,3.960,8.000,21.667,20.200,24.200,1.133,0.700,1.500,1011.789,1011.300,1012.200,0.000,9.000,9.000,,,,,,,,,,,,,,0.000,,0.004,9.390,9.390,1.000
2026-03-19,9.000,0.000,0.000,7.111,0.000,0.000,0.000,85.222,82.000,88.000,2.532,2.020,3.140,18.322,18.000,18.800,3.267,2.600,3.900,1013.944,1013.100,1014.700,0.000,9.000,9.000,,,,,,,,,,,,,,0.000,,0.003,9.360,9.360,1.000
2026-03-20,9.000,0.000,0.000,9.333,0.000,0.000,0.000,85.222,81.000,92.000,2.554,1.320,3.360,19.200,18.000,20.200,1.700,0.700,3.700,1014.900,1013.500,1015.400,-9.800,9.000,9.000,,,,,,,,,,,,,,0.000,,0.027,9.290,9.340,0.995
2026-03-21,9.000,1.000,1.000,4.667,0.000,0.000,0.000,85.889,83.000,90.000,2.420,1.670,2.960,18.833,18.000,19.200,1.633,0.500,2.500,1014.078,1013.200,1015.000,0.000,9.000,9.000,,,,,,,,,,,,,,0.000,,0.078,8.200,9.310,0.880
2026-03-22,9.000,9.000,9.000,1.778,1.000,1.000,1.000,88.444,87.000,91.000,1.973,1.510,2.240,20.156,19.700,20.400,1.011,0.200,1.600,1012.500,1011.600,1013.100,0.000,9.000,9.000,,,,,,,,,,,,,,0.000,,0.152,7.060,9.290,0.760
2026-03-23,8.000,2.000,2.000,5.250,0.000,0.000,0.000,86.000,84.000,88.000,2.441,2.070,2.820,21.278,21.000,21.600,1.544,0.100,2.600,1011.167,1009.600,1011.900,0.000,9.000,9.000,,,,,,,,,,,,,,0.000,,0.245,5.890,9.260,0.636
2026-03-24,9.000,3.000,2.000,3.889,0.000,0.000,0.000,79.444,78.000,82.000,3.749,3.230,4.050,22.856,22.500,23.100,0.856,0.300,1.200,1009.178,1008.300,1009.700,0.000,9.000,9.000,,,,,,,,,,,,,,0.000,,0.351,4.740,9.230,0.514
2026-03-25,9.000,3.000,1.000,3.556,0.000,0.000,0.000,75.222,70.000,78.000,4.494,3.930,5.600,18.956,18.600,19.300,3.611,2.900,4.600,1012.056,1011.200,1012.600,0.000,9.000,9.000,,,,,,,,,,,,,,0.000,,0.464,3.680,9.210,0.399
2026-03-26,9.000,0.000,0.000,9.000,0.000,0.000,0.000,87.889,76.000,95.000,2.094,0.820,4.380,19.822,19.200,20.700,0.933,0.300,2.100,1009.911,1009.000,1010.500,-67.600,9.000,9.000,,,,,,,,,,,,,,0.000,,0.577,2.720,9.180,0.297
2026-03-27,9.000,0.000,0.000,8.444,0.000,0.000,0.000,89.889,87.000,94.000,1.716,1.000,2.230,20.100,19.900,20.200,1.389,0.600,2.200,1009.878,1008.800,1010.700,-19.600,9.000,9.000,,,,,,,,,,,,,,0.000,,0.685,1.900,9.150,0.208
2026-03-28,9.000,0.000,0.000,9.444,0.000,0.000,0.000,87.556,86.000,89.000,2.163,1.890,2.460,21.989,21.600,22.400,1.356,0.200,2.600,1008.533,1007.500,1009.400,0.000,9.000,9.000,,,,,,,,,,,,,,0.000,,0.782,1.190,9.120,0.130
2026-03-29,9.000,3.000,2.000,5.000,0.000,0.000,0.000,88.556,84.000,91.000,1.967,1.520,2.820,20.867,20.200,21.700,0.878,0.300,1.600,1008.600,1006.600,1009.300,0.000,9.000,9.000,,,,,,,,,,,,,,0.000,,0.864,0.560,9.100,0.062
2026-03-30,9.000,3.000,2.000,4.556,0.000,0.000,0.000,87.889,83.000,91.000,2.118,1.550,3.080,22.611,21.200,24.500,1.033,0.700,1.500,1007.078,1005.700,1007.700,0.000,9.000,9.000,,,,,,,,,,,,,,0.000,,0.929,0.000,9.070,0.000
2026-03-31,9.000,0.000,0.000,9.000,0.000,0.000,0.000,82.111,81.000,84.000,3.242,2.850,3.470,23.978,23.100,24.400,0.833,0.300,1.600,1006.833,1005.200,1008.000,-9.800,9.000,9.000,,,,,,,,,,,,,,0.000,,0.973,0.000,9.040,0.000
2026-04-01,9.000,2.000,2.000,5.333,0.000,0.000,0.000,70.556,69.000,72.000,5.463,5.150,5.800,18.678,18.200,19.200,2.544,1.700,3.900,1013.889,1013.200,1014.700,0.000,9.000,9.000,,,,,,,,,,,,,,0.000,,0.996,0.000,9.010,0.000
2026-04-02,9.000,0.000,0.000,10.000,0.000,0.000,0.000,78.889,60.000,93.000,4.053,1.160,8.160,20.833,19.000,22.900,1.811,0.600,3.200,1010.878,1009.200,1012.100,-3.800,9.000,9.000,,,,,,,,,,,,,,0.000,,0.998,0.000,8.990,0.000
2026-04-03,9.000,0.000,0.000,9.444,0.000,0.000,0.000,91.444,81.000,97.000,1.491,0.500,3.450,21.767,20.700,23.900,1.778,0.700,3.300,1003.844,1002.900,1005.600,-7.100,9.000,9.000,,,,,,,,,,,,,,0.000,,0.980,0.000,8.960,0.000
2026-04-04,9.000,0.000,0.000,9.222,0.000,0.000,0.000,94.000,84.000,97.000,1.004,0.490,2.790,19.278,18.900,20.200,1.344,0.200,3.100,1006.933,1006.100,1007.700,-15.400,9.000,9.000,,,,,,,,,,,,,,0.000,,0.944,0.780,8.930,0.087
2026-04-05,9.000,0.000,0.000,8.556,0.000,0.000,0.000,86.889,79.000,96.000,2.330,0.670,3.880,22.856,21.500,24.300,0.867,0.300,1.700,1006.378,1004.200,1007.800,-5.300,9.000,9.000,,,,,,,,,,,,,,0.000,,0.891,1.700,8.900,0.191
2026-04-06,9.000,0.000,0.000,10.000,0.000,0.000,0.000,92.333,89.000,94.000,1.321,1.020,1.940,23.511,22.800,24.800,1.000,0.500,1.600,1003.733,1002.900,1005.000,-19.100,9.000,9.000,,,,,,,,,,,,,,0.000,,0.826,2.620,8.870,0.295
2026-04-07,9.000,0.000,0.000,9.667,0.000,0.000,0.000,87.222,84.000,91.000,2.196,1.510,2.790,20.178,19.900,20.400,2.978,2.000,3.700,1011.856,1010.900,1013.000,-9.800,9.000,9.000,,,,,,,,,,,,,,0.000,,0.749,3.520,8.850,0.397
2026-04-08,9.000,0.000,0.000,6.333,0.000,0.000,0.000,92.333,90.000,96.000,1.314,0.670,1.730,22.856,22.500,23.200,0.711,0.200,1.200,1009.822,1008.800,1010.500,-29.400,9.000,9.000,,,,,,,,,,,,,,0.000,,0.663,4.370,8.820,0.495
2026-04-09,9.000,9.000,9.000,0.222,1.000,1.000,1.000,82.000,78.000,85.000,3.317,2.720,4.130,25.822,24.600,26.700,0.867,0.400,1.400,1004.767,1004.400,1005.100,0.000,9.000,9.000,,,,,,,,,,,,,,0.000,,0.571,5.160,8.790,0.587
2026-04-10,9.000,5.000,3.000,2.667,1.000,0.000,1.000,83.000,69.000,88.000,3.146,2.130,6.220,25.744,24.800,28.000,1.478,1.100,2.200,1006.578,1005.000,1007.500,0.000,9.000,9.000,,,,,,,,,,,,,,0.000,,0.474,5.880,8.760,0.671
2026-04-11,9.000,7.000,7.000,1.556,1.000,1.000,1.000,78.000,74.000,82.000,4.143,3.280,5.050,25.967,24.700,27.400,1.056,0.600,1.700,1007.056,1006.200,1007.800,-9.800,9.000,9.000,,,,,,,,,,,,,,0.000,,0.377,6.530,8.730,0.747
2026-04-12,9.000,7.000,7.000,2.222,1.000,1.000,1.000,74.889,64.000,83.000,4.896,3.080,7.450,26.156,24.500,28.100,1.211,0.600,2.200,1007.522,1006.900,1008.000,0.000,9.000,9.000,,,,,,,,,,,,,,0.000,,0.282,7.120,8.710,0.818
2026-04-13,9.000,5.000,4.000,2.889,1.000,0.000,1.000,72.556,65.000,82.000,5.414,3.300,7.210,27.033,25.500,28.300,0.967,0.400,1.400,1008.600,1007.600,1009.700,0.000,9.000,9.000,,,,,,,,,,,,,,0.000,,0.194,7.680,8.680,0.886
2026-04-14,9.000,2.000,1.000,3.778,0.000,0.000,0.000,73.778,66.000,81.000,5.118,3.510,6.960,26.900,25.700,28.300,1.411,0.500,2.400,1006.989,1006.500,1007.500,0.000,9.000,9.000,,,,,,,,,,,,,,0.000,,0.116,8.230,8.650,0.951
2026-04-15,9.000,0.000,0.000,10.000,0.000,0.000,0.000,92.444,91.000,94.000,1.297,1.020,1.560,23.278,22.300,24.200,2.033,1.500,2.600,1008.356,1007.400,1009.100,-4.600,9.000,9.000,,,,,,,,,,,,,,0.000,,0.055,8.620,8.620,1.000
2026-04-16,9.000,1.000,1.000,7.333,0.000,0.000,0.000,89.889,87.000,92.000,1.771,1.380,2.300,24.344,23.900,24.800,1.100,0.600,1.500,1008.356,1007.400,1009.300,-19.600,9.000,9.000,,,,,,,,,,,,,,0.000,,0.015,8.590,8.590,1.000
2026-04-17,9.000,1.000,1.000,5.778,0.000,0.000,0.000,83.000,80.000,84.000,3.066,2.850,3.690,23.789,23.100,24.800,2.333,1.400,3.100,1008.333,1007.200,1009.300,0.000,9.000,9.000,,,,,,,,,,,,,,0.000,,0.001,8.560,8.560,1.000
2026-04-18,9.000,0.000,0.000,7.000,0.000,0.000,0.000,80.222,79.000,82.000,3.578,3.220,3.830,22.300,22.000,22.600,2.433,1.600,3.000,1008.956,1008.100,1009.800,0.000,9.000,9.000,,,,,,,,,,,,,,0.000,,0.016,8.530,8.530,1.000
2026-04-19,9.000,9.000,9.000,0.667,1.000,1.000,1.000,76.889,71.000,79.000,4.266,3.800,5.480,22.500,21.400,23.300,1.522,0.500,2.600,1008.811,1008.300,1009.400,0.000,9.000,9.000,,,,,,,,,,,,,,0.000,,0.059,7.660,8.510,0.901
2026-04-20,8.000,1.000,1.000,7.000,0.000,0.000,0.000,67.778,63.000,73.000,6.399,5.160,7.570,25.189,24.400,26.400,1.111,0.500,1.900,1009.989,1009.200,1010.800,0.000,9.000,9.000,,,,,,,,,,,,,,0.000,,0.128,6.460,8.480,0.763
2026-04-21,9.000,0.000,0.000,9.111,0.000,0.000,0.000,68.333,66.000,73.000,6.268,5.160,6.840,25.433,24.600,25.800,2.122,1.500,2.900,1007.811,1005.800,1009.200,0.000,9.000,9.000,,,,,,,,,,,,,,0.000,,0.218,5.330,8.450,0.631
2026-04-22,9.000,0.000,0.000,9.333,0.000,0.000,0.000,76.556,70.000,84.000,4.492,2.900,5.970,26.244,24.600,27.700,1.389,0.500,2.100,1003.567,1002.600,1004.200,-29.400,9.000,9.000,,,,,,,,,,,,,,0.000,,0.321,4.310,8.420,0.512
2026-04-23,9.000,0.000,0.000,10.000,0.000,0.000,0.000,91.889,89.000,95.000,1.366,0.830,1.880,20.333,19.800,20.700,2.244,1.700,3.000,1008.178,1007.500,1008.800,-3.100,9.000,9.000,,,,,,,,,,,,,,0.000,,0.432,3.440,8.390,0.409
2026-04-24,7.000,0.000,0.000,10.000,0.000,0.000,0.000,91.444,89.000,94.000,1.422,0.980,1.850,18.522,18.300,18.700,2.289,1.500,3.100,1012.889,1011.700,1014.300,2.200,9.000,9.000,,,,,,,,,,,,,,0.000,,0.543,2.690,8.360,0.321
2026-04-25,9.000,0.000,0.000,8.444,0.000,0.000,0.000,88.667,86.000,90.000,1.919,1.680,2.400,19.056,18.700,19.200,1.222,0.200,3.100,1011.756,1010.500,1013.000,-19.600,9.000,9.000,,,,,,,,,,,,,,0.000,,0.650,2.040,8.340,0.245
2026-04-26,8.000,2.000,2.000,4.500,0.000,0.000,0.000,72.889,68.000,79.000,5.094,3.770,6.210,21.556,20.400,23.000,1.189,0.600,2.200,1009.756,1009.300,1010.200,0.000,9.000,9.000,,,,,,,,,,,,,,0.000,,0.747,1.460,8.310,0.176
2026-04-27,9.000,1.000,1.000,6.778,0.000,0.000,0.000,74.333,69.000,78.000,4.856,4.020,6.100,23.589,22.200,25.400,1.111,0.500,1.600,1009.511,1008.500,1010.500,0.000,9.000,9.000,,,,,,,,,,,,,,0.000,,0.832,0.930,8.280,0.112
2026-04-28,9.000,0.000,0.000,7.778,0.000,0.000,0.000,68.889,64.000,76.000,6.160,4.510,7.340,25.500,24.400,26.200,1.378,0.400,2.300,1008.222,1006.600,1009.300,0.000,9.000,9.000,,,,,,,,,,,,,,0.000,,0.901,0.410,8.250,0.049
2026-04-29,9.000,0.000,0.000,10.000,0.000,0.000,0.000,88.889,84.000,95.000,1.922,0.830,2.820,21.322,19.800,22.600,1.367,0.900,2.700,1010.278,1009.300,1010.800,-46.500,9.000,9.000,,,,,,,,,,,,,,0.000,,0.952,0.000,8.230,0.000
2026-04-30,9.000,0.000,0.000,9.667,0.000,0.000,0.000,85.556,79.000,91.000,2.499,1.500,3.740,19.167,18.700,19.500,2.222,1.500,3.000,1013.411,1012.700,1014.200,-18.600,9.000,9.000,,,,,,,,,,,,,,0.000,,0.984,0.000,8.200,0.000
2026-05-01,7.000,0.000,0.000,9.000,0.000,0.000,0.000,73.556,70.000,79.000,4.953,3.800,5.730,21.967,21.700,22.200,1.344,0.300,3.200,1010.411,1009.100,1011.500,-9.800,9.000,9.000,,,,,,,,,,,,,,0.000,,0.998,0.000,8.170,0.000
2026-05-02,9.000,4.000,4.000,4.667,1.000,0.000,0.000,80.667,75.000,85.000,3.556,2.680,4.770,24.322,22.900,25.900,1.156,0.300,2.100,1006.789,1005.200,1007.800,0.000,9.000,9.000,,,,,,,,,,,,,,0.000,,0.993,0.000,8.140,0.000
2026-05-03,9.000,0.000,0.000,10.000,0.000,0.000,0.000,77.222,75.000,81.000,4.236,3.480,4.640,23.956,21.900,27.100,2.767,1.600,4.300,1010.300,1008.000,1012.200,-29.400,9.000,9.000,,,,,,,,,,,,,,0.000,,0.970,0.190,8.120,0.024
2026-05-04,9.000,0.000,0.000,10.000,0.000,0.000,0.000,83.222,79.000,87.000,2.913,2.200,3.730,18.622,17.100,19.600,3.078,1.300,3.700,1013.200,1010.600,1016.000,-53.300,9.000,9.000,,,,,,,,,,,,,,0.000,,0.930,1.100,8.090,0.136
2026-05-05,9.000,0.000,0.000,10.000,0.000,0.000,0.000,96.444,96.000,97.000,0.584,0.490,0.660,20.633,20.300,20.800,0.989,0.200,1.700,1010.122,1008.900,1011.300,2.700,9.000,9.000,,,,,,,,,,,,,,0.000,,0.874,1.970,8.060,0.244
2026-05-06,9.000,9.000,9.000,1.111,1.000,1.000,1.000,87.778,84.000,91.000,2.143,1.530,2.860,23.000,21.500,23.600,1.711,0.500,3.000,1008.711,1007.900,1009.500,0.000,9.000,9.000,,,,,,,,,,,,,,0.000,,0.806,2.770,8.040,0.345
2026-05-07,9.000,3.000,3.000,5.556,1.000,0.000,0.000,84.778,83.000,88.000,2.742,2.110,3.100,24.689,23.400,25.700,1.367,1.000,2.000,1008.456,1007.900,1008.900,0.000,9.000,9.000,,,,,,,,,,,,,,0.000,,0.726,3.500,8.010,0.438
2026-05-08,9.000,0.000,0.000,10.000,0.000,0.000,0.000,85.111,80.000,89.000,2.606,1.880,3.600,20.844,20.400,21.700,2.611,2.200,3.200,1013.044,1011.900,1013.900,0.000,9.000,9.000,,,,,,,,,,,,,,0.000,,0.636,4.170,7.980,0.522
2026-05-09,9.000,0.000,0.000,10.000,0.000,0.000,0.000,90.889,90.000,92.000,1.549,1.350,1.710,21.122,20.400,21.900,2.978,1.300,4.200,1011.211,1009.700,1012.800,-58.800,9.000,9.000,,,,,,,,,,,,,,0.000,,0.540,4.770,7.960,0.599
2026-05-10,9.000,0.000,0.000,9.778,0.000,0.000,0.000,91.111,86.000,97.000,1.561,0.500,2.500,23.767,23.000,24.500,0.667,0.300,1.400,1008.833,1007.500,1009.900,-49.000,9.000,9.000,,,,,,,,,,,,,,0.000,,0.440,5.320,7.930,0.671
2026-05-11,9.000,0.000,0.000,9.889,0.000,0.000,0.000,85.000,80.000,90.000,2.688,1.730,3.690,23.833,22.800,25.000,1.000,0.500,1.400,1006.267,1005.200,1007.400,0.000,9.000,9.000,,,,,,,,,,,,,,0.000,,0.339,5.850,7.910,0.740
2026-05-12,9.000,0.000,0.000,10.000,0.000,0.000,0.000,74.556,71.000,78.000,4.831,4.100,5.610,24.633,24.200,24.800,1.367,0.600,3.000,1004.400,1003.400,1005.600,-9.800,9.000,9.000,,,,,,,,,,,,,,0.000,,0.241,6.390,7.880,0.810
2026-05-13,9.000,0.000,0.000,10.000,0.000,0.000,0.000,95.889,94.000,97.000,0.689,0.500,1.010,22.033,21.900,22.300,1.233,0.800,2.300,1004.378,1002.800,1006.200,39.000,9.000,9.000,,,,,,,,,,,,,,0.000,,0.153,6.940,7.860,0.883
2026-05-14,9.000,0.000,0.000,10.000,0.000,0.000,0.000,90.222,86.000,93.000,1.708,1.200,2.500,23.744,23.100,24.400,0.700,0.100,1.200,1006.711,1006.100,1007.500,0.000,9.000,9.000,,,,,,,,,,,,,,0.000,,0.080,7.550,7.840,0.964
2026-05-15,9.000,0.000,0.000,8.000,0.000,0.000,0.000,69.667,65.000,76.000,5.937,4.510,7.070,24.756,24.300,25.500,3.544,2.700,4.400,1008.689,1008.000,1009.000,0.000,9.000,9.000,,,,,,,,,,,,,,0.000,,0.028,7.810,7.810,1.000
2026-05-16,9.000,3.000,3.000,4.556,1.000,0.000,0.000,68.333,66.000,70.000,6.231,5.820,6.800,24.756,24.200,25.200,2.989,2.100,3.700,1010.511,1009.400,1011.500,0.000,9.000,9.000,,,,,,,,,,,,,,0.000,,0.004,7.790,7.790,1.000
2026-05-17,8.000,8.000,6.000,0.500,1.000,1.000,1.000,66.000,63.000,69.000,6.808,6.060,7.570,25.044,24.400,25.700,3.400,2.700,4.800,1008.533,1007.400,1009.500,0.000,9.000,9.000,,,,,,,,,,,,,,0.000,,0.009,7.770,7.770,1.000
2026-05-18,9.000,8.000,8.000,1.111,1.000,1.000,1.000,67.333,63.000,71.000,6.514,5.610,7.620,25.522,24.700,26.500,1.689,0.500,2.800,1007.111,1005.600,1008.400,0.000,9.000,9.000,,,,,,,,,,,,,,0.000,,0.044,7.250,7.740,0.936
2026-05-19,9.000,6.000,6.000,3.111,1.000,1.000,0.000,79.667,73.000,83.000,3.808,3.110,5.280,26.000,24.600,27.600,1.267,0.400,2.000,1005.567,1004.700,1006.500,0.000,9.000,9.000,,,,,,,,,,,,,,0.000,,0.107,6.140,7.720,0.796
2026-05-20,9.000,2.000,2.000,6.000,0.000,0.000,0.000,78.444,70.000,83.000,4.114,3.130,6.020,27.311,26.100,28.700,1.389,0.800,2.300,1006.411,1005.900,1006.800,0.000,9.000,9.000,,,,,,,,,,,,,,0.000,,0.191,5.180,7.700,0.673
2026-05-21,9.000,0.000,0.000,10.000,0.000,0.000,0.000,76.333,75.000,80.000,4.558,3.760,4.870,27.922,27.300,28.700,1.689,1.200,2.400,1007.889,1007.000,1008.800,-9.800,9.000,9.000,,,,,,,,,,,,,,0.000,,0.290,4.370,7.680,0.570
2026-05-22,9.000,0.000,0.000,9.000,0.000,0.000,0.000,72.333,62.000,78.000,5.528,4.190,8.100,28.667,27.200,30.400,1.267,0.600,2.400,1005.922,1005.300,1006.900,0.000,9.000,9.000,,,,,,,,,,,,,,0.000,,0.397,3.690,7.660,0.481
2026-05-23,9.000,0.000,0.000,9.444,0.000,0.000,0.000,66.333,55.000,74.000,7.047,5.050,10.140,29.478,27.500,31.500,1.178,0.700,1.900,1005.922,1005.100,1006.800,0.000,9.000,9.000,,,,,,,,,,,,,,0.000,,0.505,3.090,7.640,0.404
2026-05-24,9.000,2.000,1.000,4.778,0.000,0.000,0.000,72.000,64.000,77.000,5.592,4.420,7.600,28.944,27.000,30.800,1.567,0.800,2.500,1004.522,1003.800,1005.400,0.000,9.000,9.000,,,,,,,,,,,,,,0.000,,0.610,2.540,7.620,0.334
2026-05-25,9.000,3.000,3.000,4.778,1.000,0.000,0.000,67.889,62.000,71.000,6.600,5.800,8.160,29.989,28.700,31.400,1.333,0.400,2.400,1002.178,1001.600,1002.700,0.000,9.000,9.000,,,,,,,,,,,,,,0.000,,0.707,2.020,7.600,0.266
2026-05-26,9.000,1.000,1.000,7.444,0.000,0.000,0.000,64.778,60.000,67.000,7.399,6.760,8.750,30.411,28.900,32.200,1.600,0.700,3.500,1001.978,1001.700,1002.600,0.000,9.000,9.000,,,,,,,,,,,,,,0.000,,0.794,1.510,7.580,0.199
2026-05-27,9.000,2.000,1.000,4.667,0.000,0.000,0.000,70.000,59.000,75.000,6.166,4.940,9.110,30.733,29.700,33.400,1.789,0.800,3.100,1005.311,1003.800,1007.200,0.000,9.000,9.000,,,,,,,,,,,,,,0.000,,0.867,0.980,7.560,0.130
2026-05-28,9.000,5.000,5.000,3.000,1.000,0.000,1.000,80.000,77.000,82.000,3.836,3.410,4.480,29.989,29.700,30.300,1.467,0.200,2.700,1005.722,1004.800,1006.600,0.000,9.000,9.000,,,,,,,,,,,,,,0.000,,0.925,0.410,7.540,0.055
2026-05-29,9.000,0.000,0.000,7.667,0.000,0.000,0.000,74.889,71.000,79.000,4.803,3.930,5.680,25.900,25.500,26.200,2.844,1.700,4.000,1007.533,1006.600,1008.400,0.000,9.000,9.000,,,,,,,,,,,,,,0.000,,0.967,0.000,7.530,0.000
2026-05-30,9.000,9.000,9.000,0.444,1.000,1.000,1.000,68.111,67.000,70.000,6.307,5.840,6.590,25.233,24.700,25.700,2.444,1.300,3.500,1006.867,1005.700,1008.000,0.000,9.000,9.000,,,,,,,,,,,,,,0.000,,0.991,0.000,7.510,0.000
2026-05-31,9.000,7.000,5.000,1.889,1.000,1.000,1.000,72.889,71.000,76.000,5.219,4.520,5.660,25.322,24.800,25.800,1.456,1.000,2.000,1005.767,1004.800,1006.800,0.000,9.000,9.000,,,,,,,,,,,,,,0.000,,0.998,0.000,7.490,0.000
2026-06-01,9.000,9.000,9.000,0.000,1.000,1.000,1.000,79.889,77.000,82.000,3.759,3.290,4.390,26.389,25.200,27.300,0.889,0.300,1.400,1003.822,1003.100,1004.700,0.000,9.000,9.000,,,,,,,,,,,,,,0.000,,0.987,0.000,7.480,0.000
2026-06-02,9.000,9.000,9.000,0.000,1.000,1.000,1.000,72.778,67.000,76.000,5.389,4.630,6.800,28.822,27.700,30.100,1.056,0.500,2.000,1002.533,1002.200,1003.100,0.000,9.000,9.000,,,,,,,,,,,,,,0.000,,0.958,0.400,7.460,0.053
2026-06-03,9.000,0.000,0.000,9.889,0.000,0.000,0.000,85.000,79.000,93.000,2.780,1.240,3.970,27.933,27.600,28.400,1.267,0.800,2.300,1001.200,999.900,1002.400,1.500,9.000,9.000,,,,,,,,,,,,,,0.000,,0.913,1.150,7.450,0.155
2026-06-04,9.000,0.000,0.000,10.000,0.000,0.000,0.000,93.556,90.000,96.000,1.122,0.690,1.770,25.967,25.700,26.200,1.067,0.300,2.500,1001.022,1000.500,1002.000,-15.100,9.000,9.000,,,,,,,,,,,,,,0.000,,0.852,1.840,7.440,0.247
2026-06-05,9.000,0.000,0.000,9.889,0.000,0.000,0.000,94.556,92.000,97.000,0.946,0.510,1.400,26.100,25.900,26.400,1.111,0.500,1.600,1000.978,1000.200,1001.600,8.900,9.000,9.000,,,,,,,,,,,,,,0.000,,0.777,2.450,7.430,0.330
2026-06-06,9.000,0.000,0.000,8.333,0.000,0.000,0.000,86.444,82.000,90.000,2.462,1.770,3.340,26.578,26.100,27.100,0.700,0.300,1.200,1004.467,1004.000,1004.700,-19.600,9.000,9.000,,,,,,,,,,,,,,0.000,,0.691,3.010,7.410,0.406
2026-06-07,9.000,0.000,0.000,9.333,0.000,0.000,0.000,91.333,87.000,95.000,1.533,0.870,2.340,26.322,25.700,27.000,0.989,0.600,1.800,1002.622,1001.800,1003.500,0.000,9.000,9.000,,,,,,,,,,,,,,0.000,,0.595,3.540,7.400,0.478
2026-06-08,9.000,0.000,0.000,10.000,0.000,0.000,0.000,96.333,94.000,97.000,0.628,0.510,1.040,25.756,25.500,26.000,0.933,0.500,1.400,1000.011,998.500,1001.400,-17.100,9.000,9.000,,,,,,,,,,,,,,0.000,,0.492,4.060,7.390,0.549
2026-06-09,9.000,0.000,0.000,10.000,0.000,0.000,0.000,94.333,92.000,96.000,0.966,0.670,1.380,23.456,23.300,23.700,2.267,1.800,2.800,1002.889,1002.100,1003.800,9.000,9.000,9.000,,,,,,,,,,,,,,0.000,,0.386,4.590,7.380,0.621
2026-06-10,9.000,0.000,0.000,10.000,0.000,0.000,0.000,90.778,86.000,95.000,1.596,0.840,2.480,22.789,22.200,23.400,1.411,0.700,2.000,1008.267,1007.800,1008.900,-38.200,9.000,9.000,,,,,,,,,,,,,,0.000,,0.282,5.160,7.370,0.699
2026-06-11,9.000,0.000,0.000,10.000,0.000,0.000,0.000,88.889,86.000,91.000,1.942,1.560,2.490,23.511,22.900,23.900,2.533,1.900,3.000,1009.844,1008.400,1011.400,-9.300,9.000,9.000,,,,,,,,,,,,,,0.000,,0.185,5.790,7.370,0.786
2026-06-12,9.000,0.000,0.000,10.000,0.000,0.000,0.000,95.556,95.000,96.000,0.746,0.670,0.840,22.133,21.500,22.700,2.256,1.200,2.900,1008.844,1006.800,1010.600,-21.900,9.000,9.000,,,,,,,,,,,,,,0.000,,0.103,6.530,7.360,0.888
2026-06-13,9.000,0.000,0.000,9.444,0.000,0.000,0.000,91.889,88.000,95.000,1.419,0.860,2.140,25.078,24.600,25.700,0.611,0.300,1.100,1003.456,1001.700,1005.000,0.000,9.000,9.000,,,,,,,,,,,,,,0.000,,0.042,7.350,7.350,1.000
2026-06-14,9.000,0.000,0.000,10.000,0.000,0.000,0.000,94.333,92.000,96.000,0.977,0.680,1.400,24.756,24.400,25.300,0.833,0.400,1.300,1002.678,1002.000,1003.600,-9.800,9.000,9.000,,,,,,,,,,,,,,0.000,,0.008,7.350,7.350,1.000
2026-06-15,8.000,0.000,0.000,10.000,0.000,0.000,0.000,88.778,86.000,92.000,2.004,1.390,2.540,26.111,25.100,27.000,0.889,0.300,1.600,1005.000,1003.800,1006.200,-19.600,9.000,9.000,,,,,,,,,,,,,,0.000,,0.004,7.340,7.340,1.000
2026-06-16,9.000,0.000,0.000,10.000,0.000,0.000,0.000,89.111,86.000,92.000,1.932,1.390,2.530,25.678,25.000,26.400,0.867,0.100,1.900,1006.944,1006.600,1007.700,-49.000,9.000,9.000,,,,,,,,,,,,,,0.000,,0.031,7.330,7.340,0.999
2026-06-17,9.000,0.000,0.000,9.778,0.000,0.000,0.000,93.000,90.000,95.000,1.218,0.860,1.760,25.444,24.800,26.100,0.989,0.300,1.900,1008.422,1007.800,1008.900,0.000,9.000,9.000,,,,,,,,,,,,,,0.000,,0.085,6.440,7.330,0.878
2026-06-18,9.000,3.000,3.000,5.778,1.000,0.000,0.000,93.667,91.000,96.000,1.102,0.680,1.590,25.722,24.700,26.300,1.044,0.500,1.600,1007.967,1006.600,1009.200,0.000,9.000,9.000,,,,,,,,,,,,,,0.000,,0.162,5.690,7.330,0.776
2026-06-19,9.000,1.000,1.000,5.667,0.000,0.000,0.000,80.556,71.000,86.000,3.696,2.540,5.830,27.822,26.400,29.800,1.167,0.700,1.900,1006.967,1006.000,1007.700,0.000,9.000,9.000,,,,,,,,,,,,,,0.000,,0.254,5.050,7.330,0.688
2026-06-20,9.000,2.000,2.000,5.111,0.000,0.000,0.000,77.222,64.000,82.000,4.458,3.350,7.620,28.944,27.300,31.100,1.156,0.700,1.400,1007.089,1006.700,1007.600,0.000,9.000,9.000,,,,,,,,,,,,,,0.000,,0.355,4.480,7.330,0.611
2026-06-21,9.000,8.000,8.000,0.333,1.000,1.000,1.000,72.889,66.000,78.000,5.407,4.220,7.100,29.478,28.600,31.100,1.333,0.300,2.200,1004.622,1003.800,1005.700,0.000,9.000,9.000,,,,,,,,,,,,,,0.000,,0.459,3.950,7.330,0.539
2026-06-22,9.000,4.000,3.000,2.000,1.000,0.000,1.000,74.222,70.000,77.000,5.081,4.420,6.060,29.389,28.200,30.600,1.189,0.500,1.600,1000.889,1000.000,1001.900,0.000,9.000,9.000,,,,,,,,,,,,,,0.000,,0.562,3.440,7.330,0.470
2026-06-23,9.000,1.000,1.000,7.000,0.000,0.000,0.000,71.667,65.000,77.000,5.683,4.420,7.290,29.222,27.200,30.700,1.367,0.900,2.300,1000.644,999.500,1001.300,0.000,9.000,9.000,,,,,,,,,,,,,,0.000,,0.660,2.920,7.330,0.399
2026-06-24,9.000,1.000,1.000,6.667,0.000,0.000,0.000,76.222,74.000,78.000,4.638,4.240,5.130,29.678,29.400,30.000,1.233,0.200,2.100,999.744,998.200,1000.900,0.000,9.000,9.000,,,,,,,,,,,,,,0.000,,0.749,2.380,7.330,0.324
2026-06-25,8.000,0.000,0.000,10.000,0.000,0.000,0.000,96.667,95.000,98.000,0.571,0.340,0.870,26.178,25.900,27.000,0.822,0.400,2.400,1000.378,999.400,1001.300,104.500,9.000,9.000,,,,,,,,,,,,,,0.000,,0.827,1.790,7.340,0.243
2026-06-26,9.000,0.000,0.000,10.000,0.000,0.000,0.000,95.778,92.000,98.000,0.728,0.340,1.400,25.289,25.000,25.700,1.167,0.300,1.800,1002.711,1001.400,1004.000,2.900,9.000,9.000,,,,,,,,,,,,,,0.000,,0.892,1.130,7.340,0.153
2026-06-27,7.000,0.000,0.000,10.000,0.000,0.000,0.000,95.556,93.000,98.000,0.767,0.340,1.220,25.600,25.300,25.900,1.156,0.400,1.800,1003.556,1002.700,1004.700,-28.900,9.000,9.000,,,,,,,,,,,,,,0.000,,0.943,0.390,7.340,0.053
2026-06-28,8.000,0.000,0.000,10.000,0.000,0.000,0.000,95.222,92.000,97.000,0.830,0.520,1.400,26.233,25.800,26.600,0.878,0.400,1.300,1005.544,1004.900,1006.100,-19.600,9.000,9.000,,,,,,,,,,,,,,0.000,,0.978,0.000,7.350,0.000
2026-06-29,8.000,0.000,0.000,7.625,0.000,0.000,0.000,79.000,76.000,84.000,4.008,2.940,4.670,28.411,27.200,29.300,1.478,0.700,2.400,1007.444,1006.500,1008.200,0.000,9.000,9.000,,,,,,,,,,,,,,0.000,,0.996,0.000,7.360,0.000
2026-06-30,8.000,0.000,0.000,8.500,0.000,0.000,0.000,79.444,72.000,83.000,3.938,3.160,5.620,29.011,27.800,30.500,1.367,1.000,2.200,1006.933,1006.200,1007.600,0.000,9.000,9.000,,,,,,,,,,,,,,0.000,,0.997,0.000,7.360,0.000
2026-07-01,6.000,0.000,0.000,7.167,0.000,0.000,0.000,76.111,72.000,79.000,4.653,4.020,5.540,29.300,27.900,30.200,1.467,0.800,2.300,1007.133,1006.800,1007.900,0.000,9.000,9.000,,,,,,,,,,,,,,0.000,,0.979,0.000,7.370,0.000
2026-07-02,8.000,7.000,5.000,0.625,1.000,1.000,1.000,80.556,79.000,83.000,3.666,3.140,4.010,28.089,27.200,28.700,1.289,0.900,2.400,1009.778,1009.200,1010.300,0.000,9.000,9.000,,,,,,,,,,,,,,0.000,,0.942,0.350,7.380,0.047
2026-07-03,9.000,2.000,2.000,5.667,0.000,0.000,0.000,77.333,73.000,84.000,4.388,2.970,5.360,29.011,28.100,29.800,1.244,0.700,1.700,1009.711,1009.100,1010.200,-9.800,9.000,9.000,,,,,,,,,,,,,,0.000,,0.889,0.930,7.390,0.126
2026-07-04,9.000,1.000,1.000,4.111,0.000,0.000,0.000,71.667,62.000,80.000,5.744,3.800,8.170,30.367,29.000,31.500,1.478,1.000,2.300,1008.322,1007.700,1009.200,0.000,9.000,9.000,,,,,,,,,,,,,,0.000,,0.819,1.470,7.400,0.199
2026-07-05,8.000,4.000,4.000,4.125,1.000,0.000,0.000,85.556,76.000,90.000,2.676,1.800,4.690,28.122,27.100,29.900,1.156,0.700,2.000,1007.522,1006.800,1008.300,-8.300,9.000,9.000,,,,,,,,,,,,,,0.000,,0.735,2.000,7.410,0.269
2026-07-06,9.000,8.000,8.000,0.667,1.000,1.000,1.000,88.333,86.000,91.000,2.112,1.600,2.560,27.811,27.600,28.000,0.800,0.500,1.300,1006.489,1006.300,1006.700,0.000,9.000,9.000,,,,,,,,,,,,,,0.000,,0.639,2.520,7.420,0.339
2026-07-07,6.000,5.000,4.000,0.833,1.000,1.000,1.000,79.667,73.000,83.000,3.882,3.160,5.370,28.811,27.900,29.900,1.189,0.600,2.200,1005.222,1004.800,1005.600,0.000,9.000,9.000,,,,,,,,,,,,,,0.000,,0.534,3.060,7.430,0.412
2026-07-08,9.000,9.000,9.000,0.000,1.000,1.000,1.000,72.889,72.000,75.000,5.371,4.830,5.640,29.211,27.500,30.800,1.500,1.000,2.100,1003.856,1003.200,1004.700,0.000,9.000,9.000,,,,,,,,,,,,,,0.000,,0.424,3.660,7.450,0.492
2026-07-09,8.000,3.000,2.000,4.500,0.000,0.000,0.000,78.667,73.000,88.000,4.119,2.180,5.360,29.011,28.100,29.800,2.189,1.800,3.200,1001.267,999.400,1002.700,-19.600,9.000,9.000,,,,,,,,,,,,,,0.000,,0.315,4.340,7.460,0.582
2026-07-10,9.000,0.000,0.000,10.000,0.000,0.000,0.000,86.778,77.000,92.000,2.436,1.410,4.440,27.667,26.800,29.000,3.311,1.500,5.500,991.122,986.500,995.300,11.200,9.000,9.000,,,,,,,,,,,,,,0.000,,0.213,5.140,7.470,0.688
2026-07-11,9.000,0.000,0.000,10.000,0.000,0.000,0.000,78.889,69.000,87.000,4.024,2.330,6.250,27.256,26.000,28.700,2.600,0.500,5.800,989.022,986.400,991.200,-8.800,9.000,9.000,,,,,,,,,,,,,,0.000,,0.124,6.090,7.490,0.813
2026-07-12,8.000,0.000,0.000,9.000,0.000,0.000,0.000,79.556,74.000,85.000,3.950,2.770,5.190,29.789,28.600,31.100,1.167,0.500,1.900,1000.733,999.300,1001.600,0.000,9.000,9.000,,,,,,,,,,,,,,0.000,,0.056,7.170,7.500,0.956
2026-07-13,8.000,1.000,1.000,5.750,0.000,0.000,0.000,91.778,90.000,94.000,1.459,1.050,1.790,27.322,27.100,27.600,1.000,0.400,2.200,1004.456,1004.000,1004.800,0.000,9.000,9.000,,,,,,,,,,,,,,0.000,,0.013,7.520,7.520,1.000
2026-07-14,9.000,7.000,5.000,1.667,1.000,1.000,1.000,81.667,80.000,84.000,3.447,2.990,3.800,28.433,27.800,29.200,1.467,0.800,2.200,1006.278,1005.500,1007.000,-9.800,9.000,9.000,,,,,,,,,,,,,,0.000,,0.001,7.540,7.540,1.000
2026-07-15,8.000,1.000,1.000,7.625,0.000,0.000,0.000,85.889,76.000,94.000,2.644,1.050,4.690,28.122,26.900,29.800,1.533,0.200,3.500,1006.156,1005.100,1007.400,-28.400,9.000,9.000,,,,,,,,,,,,,,0.000,,0.018,7.550,7.550,1.000
2026-07-16,9.000,4.000,4.000,5.000,1.000,0.000,0.000,78.778,76.000,82.000,4.070,3.360,4.690,28.978,27.900,29.800,1.389,0.400,2.300,1004.033,1003.100,1005.100,-9.800,9.000,9.000,,,,,,,,,,,,,,0.000,,0.063,7.360,7.570,0.972
2026-07-17,9.000,6.000,6.000,3.444,1.000,1.000,0.000,78.333,72.000,83.000,4.177,3.190,5.590,28.978,27.900,29.800,1.422,1.000,2.800,1002.400,1001.000,1003.600,-19.600,9.000,9.000,,,,,,,,,,,,,,0.000,,0.130,6.750,7.590,0.889
2026-07-18,9.000,5.000,5.000,3.778,1.000,0.000,0.000,71.556,63.000,75.000,5.707,4.850,7.890,29.433,28.100,31.400,1.533,1.100,2.600,1002.444,1001.700,1003.000,0.000,9.000,9.000,,,,,,,,,,,,,,0.000,,0.213,6.200,7.610,0.815
2026-07-19,9.000,2.000,2.000,6.444,0.000,0.000,0.000,91.667,88.000,95.000,1.474,0.870,2.160,26.578,26.200,26.900,0.978,0.400,1.400,1003.711,1003.400,1003.900,-9.300,9.000,9.000,,,,,,,,,,,,,,0.000,,0.307,5.680,7.630,0.744
2026-07-20,8.000,3.000,3.000,5.125,1.000,0.000,0.000,89.000,83.000,93.000,1.976,1.230,3.130,26.767,26.200,27.100,1.144,0.600,1.400,1005.356,1004.900,1005.900,0.500,9.000,9.000,,,,,,,,,,,,,,0.000,,0.406,5.160,7.650,0.674
2026-07-21,9.000,1.000,1.000,5.444,0.000,0.000,0.000,85.000,80.000,89.000,2.747,1.970,3.730,26.878,26.300,27.300,1.144,0.800,2.200,1006.178,1005.600,1006.800,0.000,9.000,9.000,,,,,,,,,,,,,,0.000,,0.506,4.620,7.670,0.603
2026-07-22,9.000,9.000,9.000,0.000,1.000,1.000,1.000,78.333,76.000,83.000,4.147,3.150,4.670,28.444,27.500,29.200,1.267,0.600,1.800,1005.222,1004.400,1006.000,0.000,9.000,9.000,,,,,,,,,,,,,,0.000,,0.603,4.040,7.690,0.526
2026-07-23,9.000,9.000,9.000,0.111,1.000,1.000,1.000,74.556,72.000,77.000,4.992,4.470,5.560,29.222,28.900,29.800,2.878,2.300,3.400,1004.233,1002.900,1005.500,0.000,9.000,9.000,,,,,,,,,,,,,,0.000,,0.695,3.410,7.710,0.442
2026-07-24,9.000,0.000,0.000,9.889,0.000,0.000,0.000,66.667,60.000,71.000,6.924,5.830,8.690,30.311,29.800,31.200,4.467,3.200,5.900,1002.678,1001.400,1003.700,-9.800,9.000,9.000,,,,,,,,,,,,,,0.000,,0.778,2.700,7.730,0.350
2026-07-25,9.000,0.000,0.000,9.889,0.000,0.000,0.000,67.889,61.000,73.000,6.627,5.320,8.400,30.044,28.600,31.200,1.500,0.600,2.500,1004.667,1003.900,1005.200,0.000,9.000,9.000,,,,,,,,,,,,,,0.000,,0.851,1.920,7.750,0.248
2026-07-26,9.000,1.000,1.000,6.667,0.000,0.000,0.000,67.889,62.000,75.000,6.603,4.870,8.140,29.967,28.600,31.000,1.878,0.800,3.500,1004.144,1003.900,1004.600,0.000,9.000,9.000,,,,,,,,,,,,,,0.000,,0.912,1.070,7.780,0.137
2026-07-27,8.000,0.000,0.000,9.500,0.000,0.000,0.000,78.000,73.000,82.000,4.222,3.360,5.340,28.433,27.800,29.200,1.044,0.600,1.500,1007.867,1007.300,1008.500,0.000,9.000,9.000,,,,,,,,,,,,,,0.000,,0.958,0.160,7.800,0.021
2026-07-28,9.000,0.000,0.000,10.000,0.000,0.000,0.000,69.889,64.000,78.000,6.130,4.190,7.600,29.467,27.900,30.800,1.478,0.700,2.600,1008.811,1008.200,1009.300,0.000,9.000,9.000,,,,,,,,,,,,,,0.000,,0.988,0.000,7.820,0.000
2026-07-29,9.000,0.000,0.000,10.000,0.000,0.000,0.000,67.222,63.000,72.000,6.770,5.570,7.860,30.111,29.300,30.900,1.633,0.900,2.400,1007.589,1007.200,1008.100,0.000,9.000,9.000,,,,,,,,,,,,,,0.000,,1.000,0.000,7.850,0.000
2026-07-30,9.000,0.000,0.000,9.111,0.000,0.000,0.000,73.778,68.000,76.000,5.198,4.660,6.580,29.711,28.900,30.700,1.456,0.700,2.500,1007.289,1006.700,1007.800,0.000,9.000,9.000,,,,,,,,,,,,,,0.000,,0.992,0.000,7.870,0.000
2026-07-31,9.000,3.000,2.000,5.333,0.000,0.000,0.000,71.000,68.000,74.000,5.833,5.160,6.480,29.800,28.500,30.900,1.222,0.300,2.700,1006.467,1006.100,1006.600,0.000,9.000,9.000,,,,,,,,,,,,,,0.000,,0.965,0.000,7.890,0.000
2026-08-01,9.000,2.000,1.000,6.556,0.000,0.000,0.000,73.111,67.000,78.000,5.367,4.220,6.850,29.789,28.600,31.000,1.178,0.400,2.000,1006.178,1005.700,1006.800,0.000,9.000,9.000,,,,,,,,,,,,,,0.000,,0.918,0.270,7.920,0.034
2026-08-02,9.000,1.000,1.000,7.333,0.000,0.000,0.000,71.222,67.000,77.000,5.803,4.420,6.820,29.911,28.200,31.100,1.800,1.200,2.300,1005.244,1004.900,1005.500,0.000,9.000,9.000,,,,,,,,,,,,,,0.000,,0.853,0.800,7.940,0.101
2026-08-03,9.000,3.000,3.000,5.778,1.000,0.000,0.000,64.556,61.000,71.000,7.411,5.800,8.330,29.644,29.100,30.200,3.244,2.300,4.400,1003.633,1003.100,1004.100,0.000,9.000,9.000,,,,,,,,,,,,,,0.000,,0.771,1.340,7.970,0.168
2026-08-04,9.000,9.000,9.000,0.000,1.000,1.000,1.000,73.222,70.000,76.000,5.298,4.650,6.050,29.244,28.300,30.100,2.711,1.700,3.800,1001.611,1000.800,1002.400,0.000,9.000,9.000,,,,,,,,,,,,,,0.000,,0.675,1.920,7.990,0.241
2026-08-05,9.000,9.000,9.000,0.000,1.000,1.000,1.000,74.000,71.000,78.000,5.129,4.230,5.840,29.389,28.200,30.200,1.811,1.200,2.500,1000.244,999.700,1001.000,0.000,9.000,9.000,,,,,,,,,,,,,,0.000,,0.568,2.570,8.020,0.320
2026-08-06,9.000,7.000,7.000,1.556,1.000,1.000,1.000,77.778,76.000,79.000,4.270,4.020,4.700,28.800,28.000,30.100,1.478,0.400,2.300,997.622,996.500,998.200,0.000,9.000,9.000,,,,,,,,,,,,,,0.000,,0.456,3.310,8.050,0.412
2026-08-07,9.000,0.000,0.000,10.000,0.000,0.000,0.000,64.444,54.000,76.000,7.640,4.640,10.500,30.889,28.400,32.300,2.422,0.700,5.200,993.367,992.200,994.400,0.000,9.000,9.000,,,,,,,,,,,,,,0.000,,0.343,4.180,8.070,0.518
2026-08-08,9.000,0.000,0.000,10.000,0.000,0.000,0.000,84.000,62.000,96.000,3.109,0.680,8.050,26.611,25.100,29.600,4.344,3.100,6.000,986.644,983.900,989.800,14.400,9.000,9.000,,,,,,,,,,,,,,0.000,,0.237,5.190,8.100,0.640
2026-08-09,9.000,0.000,0.000,10.000,0.000,0.000,0.000,84.111,74.000,89.000,2.940,1.960,5.080,27.067,26.300,28.300,1.067,0.800,1.900,985.533,984.500,986.100,0.000,9.000,9.000,,,,,,,,,,,,,,0.000,,0.144,6.310,8.120,0.776
2026-08-10,9.000,0.000,0.000,10.000,0.000,0.000,0.000,94.556,91.000,96.000,0.953,0.690,1.600,27.256,26.800,27.600,1.133,0.800,1.500,993.111,992.200,993.800,-1.800,9.000,9.000,,,,,,,,,,,,,,0.000,,0.071,7.490,8.150,0.919
2026-08-11,9.000,0.000,0.000,10.000,0.000,0.000,0.000,84.556,82.000,88.000,2.860,2.180,3.400,28.322,27.500,29.400,1.122,0.700,1.800,997.011,996.400,997.700,0.000,9.000,9.000,,,,,,,,,,,,,,0.000,,0.022,8.180,8.180,1.000
2026-08-12,9.000,0.000,0.000,8.222,0.000,0.000,0.000,77.556,75.000,80.000,4.341,3.790,4.930,29.378,28.400,30.300,1.100,0.300,1.600,997.656,996.800,998.200,0.000,9.000,9.000,,,,,,,,,,,,,,0.000,,0.001,8.210,8.210,1.000
2026-08-13,9.000,5.000,5.000,3.667,1.000,0.000,0.000,77.667,74.000,82.000,4.288,3.350,5.100,28.378,27.400,29.200,1.367,0.600,2.200,999.656,998.900,1000.200,0.000,9.000,9.000,,,,,,,,,,,,,,0.000,,0.008,8.230,8.230,1.000
2026-08-14,9.000,8.000,8.000,0.667,1.000,1.000,1.000,85.000,82.000,88.000,2.773,2.170,3.400,28.367,27.500,29.600,1.133,0.500,1.900,1001.100,1000.500,1001.800,0.000,9.000,9.000,,,,,,,,,,,,,,0.000,,0.041,8.260,8.260,1.000
2026-08-15,9.000,0.000,0.000,8.667,0.000,0.000,0.000,87.222,84.000,91.000,2.314,1.600,2.940,27.044,26.600,27.600,1.144,0.500,1.600,1000.733,1000.100,1001.300,0.000,9.000,9.000,,,,,,,,,,,,,,0.000,,0.096,8.030,8.290,0.969
2026-08-16,9.000,3.000,3.000,5.000,1.000,0.000,0.000,83.444,78.000,86.000,3.083,2.550,4.250,28.200,27.500,29.600,1.211,0.800,1.900,1000.367,999.800,1000.800,0.000,9.000,9.000,,,,,,,,,,,,,,0.000,,0.168,7.500,8.320,0.902
2026-08-17,9.000,5.000,5.000,3.333,1.000,0.000,0.000,80.444,73.000,92.000,3.774,1.420,5.400,29.344,27.700,30.600,2.489,1.800,3.200,1001.222,1000.900,1001.500,-19.600,9.000,9.000,,,,,,,,,,,,,,0.000,,0.253,6.960,8.340,0.834
2026-08-18,9.000,9.000,9.000,0.000,1.000,1.000,1.000,71.333,68.000,76.000,5.734,4.640,6.540,29.111,28.300,29.700,2.778,2.100,3.500,1002.478,1001.600,1003.400,0.000,9.000,9.000,,,,,,,,,,,,,,0.000,,0.345,6.390,8.370,0.763
2026-08-19,9.000,0.000,0.000,9.556,0.000,0.000,0.000,92.222,89.000,94.000,1.374,1.040,1.970,26.889,26.300,27.600,1.444,0.500,2.300,1001.767,1001.300,1002.600,-47.500,9.000,9.000,,,,,,,,,,,,,,0.000,,0.441,5.760,8.400,0.686
2026-08-20,9.000,1.000,1.000,7.444,0.000,0.000,0.000,95.333,93.000,97.000,0.807,0.510,1.220,25.978,25.600,26.300,0.878,0.400,1.500,1001.967,1000.900,1002.700,0.500,9.000,9.000,,,,,,,,,,,,,,0.000,,0.537,5.080,8.430,0.603
2026-08-21,9.000,0.000,0.000,9.111,0.000,0.000,0.000,96.000,95.000,97.000,0.688,0.510,0.860,26.122,25.700,26.600,0.778,0.200,1.400,999.967,998.700,1001.200,5.500,9.000,9.000,,,,,,,,,,,,,,0.000,,0.631,4.320,8.450,0.511
2026-08-22,9.000,0.000,0.000,9.667,0.000,0.000,0.000,94.667,93.000,96.000,0.924,0.690,1.230,26.156,25.700,26.600,0.878,0.500,1.300,999.433,998.400,1000.300,0.500,9.000,9.000,,,,,,,,,,,,,,0.000,,0.719,3.490,8.480,0.411
2026-08-23,9.000,0.000,0.000,10.000,0.000,0.000,0.000,72.000,70.000,75.000,5.576,4.880,6.050,29.244,28.800,29.500,3.356,2.600,4.400,998.156,997.400,999.300,0.000,9.000,9.000,,,,,,,,,,,,,,0.000,,0.800,2.600,8.510,0.305
2026-08-24,9.000,0.000,0.000,10.000,0.000,0.000,0.000,93.333,87.000,96.000,1.169,0.690,2.350,26.078,25.700,26.800,1.378,0.300,2.300,1001.356,1000.700,1002.100,4.000,9.000,9.000,,,,,,,,,,,,,,0.000,,0.871,1.680,8.540,0.196
2026-08-25,9.000,0.000,0.000,10.000,0.000,0.000,0.000,95.444,95.000,96.000,0.787,0.690,0.870,26.067,25.700,26.500,0.689,0.100,1.600,1003.322,1002.100,1004.400,-9.800,9.000,9.000,,,,,,,,,,,,,,0.000,,0.929,0.740,8.570,0.087
2026-08-26,9.000,0.000,0.000,8.222,0.000,0.000,0.000,79.333,75.000,84.000,3.949,2.970,4.890,28.689,28.200,29.200,0.989,0.400,1.700,1000.867,999.300,1002.100,0.000,9.000,9.000,,,,,,,,,,,,,,0.000,,0.971,0.000,8.590,0.000
2026-08-27,9.000,0.000,0.000,10.000,0.000,0.000,0.000,64.444,57.000,69.000,7.500,6.290,9.600,30.556,29.500,32.200,2.156,1.600,2.900,996.178,995.100,997.100,0.000,9.000,9.000,,,,,,,,,,,,,,0.000,,0.995,0.000,8.620,0.000
2026-08-28,9.000,6.000,6.000,3.111,1.000,1.000,0.000,79.000,76.000,82.000,4.031,3.370,4.710,29.278,28.100,30.300,1.222,0.700,1.900,998.222,997.400,999.100,0.000,9.000,9.000,,,,,,,,,,,,,,0.000,,0.999,0.000,8.650,0.000
2026-08-29,9.000,3.000,3.000,6.000,1.000,0.000,0.000,95.111,94.000,96.000,0.849,0.690,1.050,26.289,25.700,26.700,0.711,0.200,1.200,999.456,998.900,1000.000,0.000,9.000,9.000,,,,,,,,,,,,,,0.000,,0.981,0.000,8.680,0.000
2026-08-30,9.000,4.000,4.000,2.222,1.000,0.000,1.000,78.333,71.000,82.000,4.180,3.380,5.840,29.222,28.700,30.000,0.878,0.400,1.900,998.667,998.200,999.000,0.000,9.000,9.000,,,,,,,,,,,,,,0.000,,0.942,0.000,8.710,0.000
2026-08-31,5.000,0.000,0.000,9.800,,,,72.000,70.000,73.000,5.562,5.330,6.030,28.980,28.900,29.100,1.900,1.100,2.900,998.780,998.500,998.900,0.000,5.000,5.000,,,,,,,,,,,,,,0.000,,0.881,0.420,8.730,0.048
