night,rh_mean,rh_min,rh_max,dpd_mean,dpd_min,dpd_max,t_air_mean,t_air_min,t_air_max,wind_mean,wind_min,wind_max,pres_mean,pres_min,pres_max,precip_night,precip_known_hours,n_hours_rh,e_tcc_mean,e_tcc_min,e_tcc_max,e_lcc_mean,e_mcc_mean,e_hcc_mean,e_mh_mean,e_mh_min,e_rh_mean,e_t2m_mean,e_precip_night,moon_illum,dark_hours,night_hours,dark_frac
2017-12-01,99.333,97.000,100.000,0.098,0.000,0.440,4.911,3.800,6.500,1.478,0.500,2.100,704.844,703.900,705.600,0.000,9.000,9.000,0.462,0.380,0.840,0.429,0.206,0.000,0.206,0.140,90.556,1.689,0.000,0.927,0.600,10.580,0.057
2017-12-02,96.111,91.000,100.000,0.578,0.000,1.360,5.833,5.500,6.200,2.878,1.900,4.400,704.322,703.400,704.800,0.000,9.000,9.000,0.542,0.200,0.870,0.502,0.107,0.000,0.107,0.010,92.000,2.067,0.100,0.976,0.000,10.590,0.000
2017-12-03,99.333,94.000,100.000,0.096,0.000,0.860,4.011,1.600,4.800,5.522,4.700,7.300,702.356,701.700,703.000,0.000,9.000,9.000,0.409,0.210,0.610,0.396,0.111,0.000,0.111,0.040,93.889,2.944,0.000,0.998,0.000,10.600,0.000
2017-12-04,79.111,71.000,96.000,3.237,0.490,4.650,0.256,-0.700,0.800,4.522,3.800,5.500,700.267,699.700,700.700,0.000,9.000,9.000,0.418,0.220,0.640,0.387,0.207,0.000,0.207,0.080,77.111,-0.189,0.000,0.989,0.000,10.600,0.000
2017-12-05,99.556,98.000,100.000,0.053,0.000,0.240,-1.844,-2.700,-0.800,4.567,3.300,7.200,698.933,697.900,700.000,0.000,9.000,9.000,0.879,0.510,1.000,0.837,0.316,0.106,0.387,0.220,90.889,-2.433,1.400,0.952,0.530,10.610,0.050
2017-12-06,100.000,100.000,100.000,0.000,0.000,0.000,1.900,1.600,2.200,6.956,5.300,9.400,700.344,699.900,700.700,7.000,9.000,9.000,0.992,0.970,1.000,0.987,0.719,0.000,0.719,0.620,94.778,-1.544,3.000,0.887,1.590,10.620,0.150
2017-12-07,100.000,100.000,100.000,0.000,0.000,0.000,2.500,2.400,2.700,4.378,2.900,6.000,700.622,700.000,701.000,0.500,9.000,9.000,0.921,0.650,0.980,0.858,0.728,0.000,0.728,0.530,92.111,-0.989,2.400,0.802,2.650,10.620,0.250
2017-12-08,100.000,100.000,100.000,0.000,0.000,0.000,1.433,0.700,2.100,5.611,3.900,7.300,698.511,697.700,699.200,8.000,9.000,9.000,0.999,0.990,1.000,0.971,0.659,0.826,0.938,0.861,98.667,-4.878,3.100,0.703,3.690,10.630,0.347
2017-12-09,87.556,77.000,96.000,1.673,0.480,3.560,-1.578,-3.200,0.100,10.367,8.400,12.700,698.911,696.900,699.800,0.000,9.000,9.000,0.932,0.830,1.000,0.926,0.042,0.056,0.095,0.000,96.889,-3.622,0.000,0.597,4.680,10.630,0.440
2017-12-10,75.556,61.000,94.000,3.930,0.860,6.700,0.778,0.500,1.300,7.200,5.600,7.900,701.044,700.400,701.500,0.000,9.000,9.000,0.457,0.300,0.790,0.248,0.073,0.261,0.318,0.050,91.000,0.267,0.900,0.490,5.620,10.640,0.529
2017-12-11,99.889,99.000,100.000,0.016,0.000,0.140,2.811,2.400,3.300,6.456,5.700,7.200,700.578,700.100,701.100,0.000,9.000,9.000,0.944,0.580,1.000,0.940,0.349,0.021,0.361,0.180,91.444,-0.978,0.300,0.386,6.530,10.640,0.614
2017-12-12,98.222,94.000,100.000,0.257,0.000,0.870,2.100,1.000,3.200,2.411,1.300,4.100,701.956,701.000,703.700,2.000,9.000,9.000,0.946,0.860,1.000,0.923,0.608,0.000,0.608,0.470,96.111,-0.933,0.200,0.289,7.410,10.650,0.696
2017-12-13,97.667,92.000,100.000,0.338,0.000,1.170,1.800,1.400,2.200,3.789,0.600,6.900,701.956,701.300,702.500,2.500,9.000,9.000,0.426,0.260,0.530,0.376,0.272,0.000,0.272,0.200,87.222,-1.233,0.300,0.204,8.280,10.650,0.778
2017-12-14,89.889,72.000,100.000,1.600,0.000,4.580,2.278,0.700,3.500,1.967,0.800,4.500,702.433,701.700,703.100,0.000,9.000,9.000,0.752,0.310,1.000,0.742,0.134,0.000,0.134,0.070,94.667,0.644,0.000,0.131,9.140,10.650,0.858
2017-12-15,70.444,57.000,84.000,4.989,2.420,7.790,3.333,2.000,4.500,1.833,0.800,3.000,703.000,702.300,703.400,0.000,9.000,9.000,0.871,0.690,1.000,0.574,0.050,0.540,0.556,0.020,92.111,1.433,0.200,0.073,9.990,10.650,0.938
2017-12-16,100.000,100.000,100.000,0.000,0.000,0.000,1.767,0.800,2.500,3.367,2.500,3.800,702.233,701.600,702.800,0.000,9.000,9.000,0.992,0.980,1.000,0.961,0.102,0.614,0.652,0.236,89.778,-3.967,0.000,0.032,10.660,10.660,1.000
2017-12-17,100.000,100.000,100.000,0.000,0.000,0.000,0.233,-0.300,0.700,7.244,6.300,8.100,701.100,700.300,701.600,0.000,9.000,9.000,0.972,0.860,1.000,0.962,0.114,0.000,0.114,0.030,94.444,-3.967,0.100,0.008,10.660,10.660,1.000
2017-12-18,89.667,84.000,96.000,1.563,0.580,2.480,4.322,3.600,5.100,4.900,4.000,5.900,703.211,702.800,703.600,0.000,9.000,9.000,0.607,0.480,0.800,0.462,0.287,0.154,0.393,0.160,90.556,-2.644,0.400,0.001,10.660,10.660,1.000
2017-12-19,100.000,100.000,100.000,0.000,0.000,0.000,3.722,3.400,3.900,5.433,3.700,6.900,704.689,704.400,705.000,0.500,9.000,9.000,0.896,0.680,0.970,0.872,0.526,0.016,0.534,0.460,91.222,-2.711,0.100,0.013,10.660,10.660,1.000
2017-12-20,14.889,7.000,25.000,25.634,18.330,33.490,4.989,4.200,6.500,2.522,0.300,4.700,705.833,705.200,706.300,0.000,9.000,9.000,0.180,0.110,0.300,0.172,0.013,0.000,0.013,0.000,82.667,-4.378,0.000,0.042,10.270,10.660,0.964
2017-12-21,30.111,17.000,36.000,16.302,13.560,23.170,3.633,2.200,5.400,6.356,4.100,7.600,704.378,703.500,705.400,0.000,9.000,9.000,0.262,0.150,0.360,0.259,0.010,0.000,0.010,0.000,72.778,-1.200,0.000,0.087,9.440,10.660,0.886
2017-12-22,66.667,59.000,71.000,5.669,4.780,7.310,4.000,3.700,4.400,4.700,3.000,5.600,703.367,702.700,704.000,0.000,9.000,9.000,0.219,0.120,0.320,0.208,0.010,0.000,0.010,0.000,84.000,0.078,0.000,0.148,8.600,10.660,0.806
2017-12-23,85.000,81.000,90.000,2.288,1.470,2.970,3.200,2.200,3.900,7.978,6.200,9.500,701.989,701.300,702.500,0.000,9.000,9.000,0.187,0.090,0.220,0.181,0.001,0.000,0.001,0.000,91.333,0.822,0.000,0.222,7.740,10.660,0.726
2017-12-24,99.889,99.000,100.000,0.016,0.000,0.140,4.111,3.600,5.000,10.378,8.600,11.500,701.189,700.400,702.200,0.000,9.000,9.000,0.492,0.310,0.660,0.481,0.132,0.008,0.138,0.000,90.667,1.889,1.700,0.309,6.870,10.660,0.645
2017-12-25,53.889,25.000,100.000,10.371,0.000,18.560,4.222,2.100,5.800,10.578,9.100,11.500,702.478,701.500,703.000,0.000,9.000,9.000,0.491,0.340,0.770,0.323,0.000,0.207,0.207,0.050,86.222,1.711,0.000,0.404,5.990,10.660,0.562
2017-12-26,15.444,11.000,21.000,24.876,20.860,28.430,7.278,6.300,8.500,5.300,3.100,6.800,704.200,703.500,704.800,0.000,9.000,9.000,0.517,0.350,0.800,0.310,0.102,0.231,0.304,0.107,83.444,0.967,0.200,0.507,5.090,10.660,0.478
2017-12-27,19.667,9.000,28.000,22.012,17.080,30.440,5.422,5.100,5.700,4.767,3.500,6.100,703.989,703.400,704.400,0.000,9.000,9.000,0.531,0.340,0.790,0.504,0.024,0.020,0.043,0.000,85.111,0.989,0.000,0.612,4.150,10.650,0.390
2017-12-28,97.667,88.000,100.000,0.342,0.000,1.780,2.078,0.600,2.800,5.078,3.500,5.900,702.922,702.500,703.200,1.500,9.000,9.000,0.951,0.720,1.000,0.947,0.468,0.000,0.468,0.040,93.667,0.811,2.100,0.716,3.180,10.650,0.298
2017-12-29,35.222,3.000,100.000,20.528,0.000,42.410,3.300,-1.000,6.700,4.511,1.700,7.600,703.722,702.800,704.200,0.000,9.000,9.000,0.396,0.230,0.520,0.389,0.042,0.000,0.042,0.020,87.778,-0.278,0.000,0.812,2.150,10.650,0.202
2017-12-30,43.667,30.000,63.000,11.399,6.350,15.920,3.056,2.700,3.700,1.367,0.000,2.400,702.711,701.800,703.400,0.000,9.000,9.000,0.821,0.290,1.000,0.817,0.139,0.000,0.139,0.040,88.778,0.611,1.900,0.895,1.070,10.650,0.101
2017-12-31,100.000,100.000,100.000,0.000,0.000,0.000,-0.133,-0.400,0.000,7.944,6.400,9.100,700.656,700.100,701.300,0.000,9.000,9.000,1.000,1.000,1.000,1.000,0.111,0.000,0.111,0.070,97.000,-1.278,1.300,0.957,0.000,10.640,0.000
2018-01-01,55.889,52.000,61.000,8.030,6.800,9.040,3.833,3.000,4.800,1.444,0.600,2.000,702.356,701.900,702.600,0.000,9.000,9.000,0.366,0.180,0.520,0.361,0.051,0.000,0.051,0.020,89.778,-1.156,0.200,0.992,0.000,10.640,0.000
2018-01-02,35.222,26.000,51.000,14.519,9.290,18.150,6.278,4.700,7.100,1.789,0.800,2.900,703.344,703.100,703.500,0.000,9.000,9.000,0.809,0.680,0.910,0.321,0.019,0.698,0.705,0.500,88.667,-0.100,0.000,0.998,0.000,10.630,0.000
2018-01-03,62.000,55.000,77.000,6.829,3.660,8.440,6.367,3.800,7.100,6.933,4.500,9.100,702.889,702.100,703.600,0.000,9.000,9.000,0.841,0.630,0.970,0.441,0.073,0.668,0.685,0.030,86.778,0.922,0.000,0.973,0.080,10.630,0.008
2018-01-04,100.000,100.000,100.000,0.000,0.000,0.000,4.989,4.200,5.300,6.933,6.200,7.400,701.556,700.400,702.300,6.500,9.000,9.000,0.991,0.970,1.000,0.892,0.864,0.477,0.912,0.693,98.556,2.256,2.100,0.920,1.170,10.620,0.110
2018-01-05,100.000,100.000,100.000,0.000,0.000,0.000,5.378,4.500,6.000,7.133,5.700,9.300,702.011,701.400,702.500,1.500,9.000,9.000,0.966,0.810,1.000,0.939,0.647,0.000,0.647,0.480,99.111,2.000,2.700,0.845,2.220,10.620,0.209
2018-01-06,100.000,100.000,100.000,0.000,0.000,0.000,6.511,5.500,7.500,6.411,3.500,10.400,700.822,700.200,701.100,29.000,9.000,9.000,0.999,0.990,1.000,0.992,0.983,0.266,0.989,0.975,99.111,1.767,19.800,0.754,3.220,10.610,0.303
2018-01-07,100.000,100.000,100.000,0.000,0.000,0.000,7.200,6.800,7.300,9.511,8.300,11.800,700.811,699.900,701.500,39.000,9.000,9.000,1.000,1.000,1.000,1.000,0.903,0.374,0.936,0.809,98.444,3.511,6.200,0.655,4.170,10.600,0.393
2018-01-08,100.000,100.000,100.000,0.000,0.000,0.000,3.222,0.000,5.100,8.033,4.900,10.300,698.789,696.300,700.100,21.000,9.000,9.000,1.000,1.000,1.000,1.000,0.858,0.090,0.869,0.690,99.333,2.933,30.200,0.551,5.080,10.600,0.479
2018-01-09,100.000,100.000,100.000,0.000,0.000,0.000,-0.411,-2.500,1.400,9.900,8.200,11.900,698.300,696.500,699.500,8.000,9.000,9.000,0.998,0.980,1.000,0.991,0.924,0.000,0.924,0.830,94.667,-4.189,11.900,0.449,5.960,10.590,0.563
2018-01-10,76.111,61.000,91.000,3.211,1.090,5.610,-5.589,-7.500,-4.600,7.600,6.300,9.200,698.011,696.400,699.100,0.000,9.000,9.000,0.713,0.340,0.900,0.417,0.623,0.000,0.623,0.220,74.556,-6.800,2.100,0.352,6.820,10.580,0.645
2018-01-11,34.778,17.000,54.000,12.209,6.880,18.800,-7.944,-8.400,-7.600,6.644,5.600,8.900,697.344,694.700,698.700,0.000,9.000,9.000,0.366,0.270,0.460,0.357,0.062,0.000,0.062,0.040,66.111,-9.389,0.300,0.262,7.670,10.580,0.726
2018-01-12,36.556,25.000,67.000,11.507,4.510,15.170,-7.533,-8.400,-6.100,5.867,3.000,7.800,699.056,698.700,699.500,0.000,9.000,9.000,0.246,0.120,0.360,0.243,0.069,0.000,0.069,0.030,71.222,-10.589,0.100,0.183,8.520,10.570,0.806
2018-01-13,37.444,20.000,55.000,11.601,6.800,17.660,-4.922,-5.600,-4.400,4.167,1.400,7.900,699.856,699.400,700.100,0.000,9.000,9.000,0.381,0.250,0.490,0.368,0.164,0.000,0.164,0.100,79.889,-8.556,0.000,0.116,9.350,10.560,0.886
2018-01-14,79.333,64.000,89.000,2.833,1.390,5.250,-1.144,-1.600,-0.700,4.067,3.600,4.600,700.744,700.100,701.300,0.000,9.000,9.000,0.298,0.240,0.360,0.188,0.207,0.000,0.207,0.150,84.889,-3.500,0.000,0.062,10.170,10.550,0.964
2018-01-15,63.889,52.000,84.000,6.146,2.090,8.810,0.811,-0.500,1.500,3.500,0.900,5.200,700.400,699.700,701.000,0.000,9.000,9.000,0.228,0.160,0.330,0.218,0.073,0.000,0.073,0.020,85.222,-1.656,0.000,0.025,10.540,10.540,1.000
2018-01-16,91.333,86.000,97.000,1.284,0.430,2.120,2.989,2.600,3.300,8.067,7.400,8.800,699.733,699.400,700.100,0.000,9.000,9.000,0.176,0.110,0.300,0.161,0.036,0.000,0.036,0.010,77.556,1.689,0.000,0.004,10.530,10.530,1.000
2018-01-17,51.556,36.000,74.000,9.504,4.240,13.960,5.067,4.700,5.900,8.589,6.500,10.100,702.156,701.900,702.500,0.000,9.000,9.000,0.297,0.230,0.370,0.270,0.033,0.046,0.079,0.010,89.111,2.722,0.000,0.001,10.520,10.520,1.000
2018-01-18,100.000,100.000,100.000,0.000,0.000,0.000,7.256,7.000,7.600,4.656,3.400,6.100,704.167,703.500,704.600,11.000,9.000,9.000,0.769,0.350,1.000,0.746,0.357,0.000,0.357,0.110,93.333,3.222,0.700,0.017,10.510,10.510,1.000
2018-01-19,100.000,100.000,100.000,0.000,0.000,0.000,6.256,6.000,6.700,5.756,4.100,8.100,703.133,702.200,703.700,5.000,9.000,9.000,0.838,0.530,1.000,0.808,0.287,0.000,0.287,0.200,94.889,4.278,0.700,0.050,9.910,10.500,0.944
2018-01-20,99.222,95.000,100.000,0.113,0.000,0.730,3.956,3.700,4.100,6.422,4.800,7.700,701.478,700.900,701.900,0.000,9.000,9.000,0.380,0.170,1.000,0.378,0.028,0.000,0.028,0.000,93.222,2.311,0.700,0.101,9.040,10.490,0.862
2018-01-21,100.000,100.000,100.000,0.000,0.000,0.000,3.556,2.500,4.300,5.922,5.300,6.900,699.600,698.700,700.200,3.000,9.000,9.000,0.738,0.210,0.980,0.336,0.333,0.476,0.640,0.147,93.444,2.078,0.000,0.169,8.160,10.480,0.779
2018-01-22,100.000,100.000,100.000,0.000,0.000,0.000,2.933,1.200,3.800,8.433,6.400,11.000,698.156,696.500,699.100,0.500,9.000,9.000,0.544,0.220,1.000,0.537,0.222,0.000,0.222,0.130,87.889,1.678,2.600,0.251,7.270,10.460,0.694
2018-01-23,67.556,42.000,98.000,5.066,0.240,10.120,-1.011,-1.500,-0.200,5.778,4.200,7.400,698.800,698.000,699.300,0.000,9.000,9.000,0.234,0.170,0.320,0.229,0.052,0.000,0.052,0.030,79.333,-0.067,0.500,0.346,6.360,10.450,0.608
2018-01-24,99.889,99.000,100.000,0.016,0.000,0.140,0.456,0.400,0.700,9.411,7.700,10.700,698.722,697.900,699.400,0.000,9.000,9.000,0.256,0.170,0.470,0.252,0.028,0.000,0.028,0.000,90.111,-0.578,0.100,0.450,5.420,10.440,0.519
2018-01-25,100.000,100.000,100.000,0.000,0.000,0.000,1.044,0.400,1.700,8.144,5.700,9.800,699.989,699.500,700.300,0.000,9.000,9.000,0.370,0.240,0.520,0.362,0.117,0.000,0.117,0.060,82.000,-0.144,0.300,0.559,4.440,10.430,0.426
2018-01-26,100.000,100.000,100.000,0.000,0.000,0.000,2.111,1.800,2.400,8.811,6.600,10.300,699.544,698.700,700.200,0.000,9.000,9.000,0.484,0.350,0.600,0.480,0.087,0.000,0.087,0.010,94.556,-1.644,1.000,0.668,3.420,10.410,0.328
2018-01-27,100.000,100.000,100.000,0.000,0.000,0.000,3.656,3.400,4.100,8.144,6.200,10.200,699.789,698.700,700.400,1.500,9.000,9.000,0.816,0.510,1.000,0.782,0.144,0.039,0.173,0.000,97.111,1.700,0.000,0.772,2.360,10.400,0.227
2018-01-28,100.000,100.000,100.000,0.000,0.000,0.000,3.856,2.300,4.900,9.544,6.400,12.600,698.244,696.100,699.900,15.500,9.000,9.000,0.968,0.830,1.000,0.961,0.319,0.003,0.321,0.220,99.111,0.978,6.700,0.863,1.290,10.390,0.124
2018-01-29,100.000,100.000,100.000,0.000,0.000,0.000,1.278,0.000,2.100,8.156,7.000,9.300,697.600,697.000,698.200,15.000,9.000,9.000,1.000,1.000,1.000,1.000,0.843,0.010,0.845,0.790,100.000,-4.711,14.300,0.935,0.240,10.370,0.023
2018-01-30,100.000,100.000,100.000,0.000,0.000,0.000,0.200,-0.100,0.300,5.011,4.100,7.800,699.489,698.900,699.800,3.000,9.000,9.000,0.961,0.900,1.000,0.934,0.787,0.000,0.787,0.550,97.778,-3.556,2.100,0.982,0.000,10.360,0.000
2018-01-31,100.000,100.000,100.000,0.000,0.000,0.000,0.867,0.100,1.200,7.256,5.100,9.100,698.989,697.700,699.600,18.500,9.000,9.000,0.987,0.950,1.000,0.943,0.862,0.000,0.862,0.660,99.778,-2.056,6.700,1.000,0.000,10.340,0.000
2018-02-01,98.333,85.000,100.000,0.217,0.000,1.950,-1.322,-2.200,-0.800,9.120,8.400,10.000,698.900,698.300,699.400,0.000,9.000,9.000,1.000,1.000,1.000,1.000,0.219,0.000,0.219,0.060,99.556,-3.367,1.700,0.988,0.000,10.330,0.000
2018-02-02,99.778,99.000,100.000,0.027,0.000,0.120,-2.211,-2.800,-1.900,6.275,5.300,7.200,699.211,698.500,699.900,0.000,9.000,9.000,1.000,1.000,1.000,1.000,0.667,0.000,0.667,0.510,99.889,-5.311,5.800,0.949,0.620,10.310,0.060
2018-02-03,99.889,99.000,100.000,0.013,0.000,0.120,-2.600,-3.000,-2.300,,,,697.267,696.700,697.700,0.000,9.000,9.000,1.000,1.000,1.000,1.000,0.786,0.000,0.786,0.690,99.778,-9.256,10.400,0.887,1.630,10.300,0.158
2018-02-04,99.222,99.000,100.000,0.093,0.000,0.120,-3.611,-4.000,-3.100,,,,696.989,696.200,697.700,0.000,9.000,9.000,1.000,1.000,1.000,1.000,0.886,0.000,0.886,0.810,100.000,-10.222,9.300,0.808,2.590,10.280,0.252
2018-02-05,98.444,98.000,99.000,0.187,0.120,0.240,-5.011,-5.200,-4.600,,,,696.144,695.800,696.400,0.000,9.000,9.000,0.984,0.940,1.000,0.978,0.218,0.000,0.218,0.170,98.667,-11.478,4.100,0.717,3.520,10.270,0.343
2018-02-06,97.556,97.000,99.000,0.289,0.120,0.360,-5.233,-6.200,-4.000,,,,695.989,695.800,696.300,0.000,9.000,9.000,0.862,0.420,1.000,0.840,0.308,0.000,0.308,0.120,95.667,-9.456,0.800,0.620,4.410,10.250,0.431
2018-02-07,99.778,99.000,100.000,0.027,0.000,0.120,-3.044,-3.600,-2.500,,,,697.222,696.700,697.700,0.000,9.000,9.000,0.989,0.980,0.990,0.949,0.948,0.007,0.948,0.910,98.111,-7.567,7.500,0.521,5.290,10.230,0.517
2018-02-08,100.000,100.000,100.000,0.000,0.000,0.000,-0.144,-0.400,0.000,,,,697.611,697.500,697.800,0.000,9.000,9.000,0.951,0.890,0.990,0.916,0.569,0.183,0.661,0.530,97.778,-6.767,0.500,0.424,6.150,10.220,0.602
2018-02-09,100.000,100.000,100.000,0.000,0.000,0.000,2.222,2.000,2.500,8.200,7.200,9.800,700.478,700.200,700.700,0.500,9.000,9.000,0.709,0.190,0.930,0.669,0.099,0.261,0.333,0.070,97.778,-4.222,0.000,0.331,6.990,10.200,0.686
2018-02-10,100.000,100.000,100.000,0.000,0.000,0.000,3.811,3.500,4.100,7.133,6.300,8.100,700.978,699.900,701.700,4.000,9.000,9.000,0.997,0.980,1.000,0.992,0.634,0.000,0.634,0.470,100.000,-1.944,2.400,0.245,7.820,10.180,0.768
2018-02-11,100.000,100.000,100.000,0.000,0.000,0.000,-0.789,-1.600,-0.200,9.500,9.300,9.700,700.222,699.400,700.700,0.000,9.000,9.000,1.000,1.000,1.000,1.000,0.106,0.000,0.106,0.090,97.111,-3.456,2.000,0.169,8.630,10.160,0.849
2018-02-12,100.000,100.000,100.000,0.000,0.000,0.000,-2.244,-2.900,-1.700,11.100,11.100,11.100,700.300,699.400,700.700,0.000,9.000,9.000,0.999,0.990,1.000,0.999,0.092,0.000,0.092,0.070,90.556,-4.744,1.000,0.105,9.410,10.150,0.927
2018-02-13,18.000,12.000,27.000,22.774,17.100,27.470,4.722,2.100,6.600,7.556,5.100,11.700,701.711,700.900,702.300,0.000,9.000,9.000,0.976,0.890,1.000,0.849,0.042,0.814,0.822,0.734,94.778,-2.178,0.000,0.054,10.130,10.130,1.000
2018-02-14,18.444,16.000,22.000,22.253,19.970,24.050,5.367,4.800,6.300,9.867,9.200,10.600,702.700,702.300,703.100,0.000,9.000,9.000,0.478,0.140,0.630,0.043,0.001,0.452,0.453,0.130,80.778,0.078,0.000,0.019,10.110,10.110,1.000
2018-02-15,30.556,27.000,40.000,16.169,12.540,17.670,5.978,4.900,6.400,9.233,8.300,9.900,702.678,701.600,703.400,0.000,9.000,9.000,0.140,0.060,0.180,0.132,0.008,0.002,0.010,0.000,67.889,3.856,0.000,0.002,10.090,10.090,1.000
2018-02-16,67.000,53.000,81.000,5.678,2.930,8.690,2.789,1.800,3.400,6.211,5.400,6.900,701.689,701.000,702.200,0.000,9.000,9.000,0.789,0.530,0.920,0.086,0.002,0.773,0.774,0.530,77.556,2.956,0.000,0.004,10.070,10.070,1.000
2018-02-17,51.444,44.000,55.000,9.050,8.130,11.100,2.589,2.000,3.100,8.556,7.700,9.600,701.822,701.300,702.200,0.000,9.000,9.000,0.289,0.190,0.440,0.283,0.001,0.001,0.002,0.000,84.778,2.333,0.000,0.025,10.050,10.050,1.000
2018-02-18,60.333,44.000,76.000,7.082,3.780,11.000,1.622,0.700,2.500,8.667,7.600,10.700,702.700,702.200,703.000,0.000,9.000,9.000,0.331,0.150,0.440,0.076,0.006,0.268,0.271,0.120,50.333,3.233,0.000,0.067,9.150,10.030,0.912
2018-02-19,72.889,44.000,100.000,5.129,0.000,11.160,2.722,1.300,3.900,6.522,5.400,8.700,702.333,701.600,702.900,0.000,9.000,9.000,0.190,0.040,0.560,0.019,0.007,0.157,0.163,0.020,47.778,2.811,0.000,0.128,8.240,10.010,0.822
2018-02-20,100.000,100.000,100.000,0.000,0.000,0.000,4.267,3.600,4.800,7.767,6.400,9.600,701.356,700.600,701.900,0.000,9.000,9.000,0.860,0.650,0.990,0.450,0.347,0.697,0.788,0.476,74.444,3.156,0.200,0.207,7.300,9.990,0.730
2018-02-21,100.000,100.000,100.000,0.000,0.000,0.000,3.900,3.400,4.200,7.500,6.600,8.500,700.378,700.000,700.700,2.500,9.000,9.000,0.940,0.460,1.000,0.932,0.264,0.030,0.281,0.198,96.222,2.267,2.800,0.300,6.330,9.970,0.635
2018-02-22,98.444,86.000,100.000,0.232,0.000,2.090,2.222,1.300,3.600,6.489,5.100,9.700,700.444,699.700,701.000,20.000,9.000,9.000,0.988,0.960,1.000,0.948,0.727,0.657,0.873,0.517,99.778,0.089,5.100,0.404,5.340,9.950,0.536
2018-02-23,86.222,61.000,100.000,2.277,0.000,6.800,2.011,1.500,3.100,5.711,3.500,7.600,702.956,701.400,703.500,0.000,9.000,9.000,0.917,0.830,0.980,0.353,0.709,0.470,0.855,0.697,85.111,1.778,0.000,0.515,4.320,9.930,0.435
2018-02-24,98.667,95.000,100.000,0.191,0.000,0.720,2.867,2.700,3.000,5.089,3.800,6.200,703.678,702.400,704.500,0.000,9.000,9.000,0.206,0.070,0.470,0.120,0.058,0.078,0.127,0.030,78.556,2.356,0.000,0.628,3.280,9.910,0.331
2018-02-25,100.000,100.000,100.000,0.000,0.000,0.000,2.544,2.000,3.800,8.400,6.600,9.400,701.378,700.800,701.800,0.000,9.000,9.000,0.446,0.290,0.720,0.410,0.217,0.000,0.217,0.150,97.778,1.122,4.100,0.736,2.250,9.890,0.227
2018-02-26,92.111,75.000,100.000,1.076,0.000,3.440,0.033,-0.800,0.800,7.244,6.300,8.200,701.433,700.300,702.100,0.000,9.000,9.000,0.376,0.200,0.590,0.367,0.029,0.000,0.029,0.000,87.111,0.767,0.000,0.832,1.250,9.870,0.127
2018-02-27,92.111,66.000,100.000,1.290,0.000,5.670,1.833,1.200,2.700,8.200,6.000,9.900,700.611,699.600,701.300,0.000,9.000,9.000,0.227,0.130,0.350,0.202,0.108,0.003,0.111,0.090,82.556,1.344,0.000,0.911,0.310,9.850,0.032
2018-02-28,28.556,13.000,95.000,19.253,0.720,26.300,4.811,3.200,5.800,4.667,1.900,7.400,701.044,700.000,701.800,0.000,9.000,9.000,0.031,0.010,0.060,0.027,0.000,0.000,0.000,0.000,95.556,-1.278,0.000,0.966,0.000,9.830,0.000
2018-03-01,94.778,85.000,100.000,0.770,0.000,2.280,2.867,2.400,3.200,5.711,5.200,6.100,700.756,700.100,701.400,0.000,9.000,9.000,0.474,0.340,0.700,0.171,0.418,0.019,0.425,0.240,85.667,3.656,0.100,0.995,0.000,9.810,0.000
2018-03-02,100.000,100.000,100.000,0.000,0.000,0.000,4.833,4.400,5.400,6.722,5.500,7.500,700.689,700.000,701.200,0.000,9.000,9.000,0.267,0.220,0.310,0.200,0.191,0.000,0.191,0.150,69.333,4.311,0.000,0.997,0.000,9.780,0.000
2018-03-03,95.556,92.000,99.000,0.659,0.140,1.200,5.389,5.100,5.700,9.411,8.200,12.300,702.089,701.700,702.500,0.000,9.000,9.000,0.548,0.200,0.850,0.004,0.397,0.478,0.647,0.227,58.333,5.111,0.000,0.972,0.070,9.760,0.007
2018-03-04,98.222,89.000,100.000,0.270,0.000,1.680,6.411,5.500,7.000,6.833,5.300,7.800,703.478,702.800,704.300,0.500,9.000,9.000,0.636,0.290,0.900,0.050,0.513,0.422,0.677,0.299,79.444,5.178,0.700,0.925,1.040,9.740,0.107
2018-03-05,96.556,91.000,100.000,0.508,0.000,1.350,4.800,4.200,5.200,6.344,5.100,7.900,702.756,701.600,703.700,0.000,9.000,9.000,0.254,0.220,0.290,0.179,0.121,0.011,0.132,0.080,80.000,4.689,0.200,0.859,1.970,9.720,0.203
2018-03-06,77.667,55.000,100.000,3.820,0.000,8.250,3.911,3.400,4.200,6.733,4.500,8.000,703.000,701.900,703.700,0.000,9.000,9.000,0.284,0.220,0.380,0.279,0.051,0.000,0.051,0.010,84.778,3.100,0.300,0.779,2.880,9.700,0.297
2018-03-07,99.778,99.000,100.000,0.031,0.000,0.140,2.878,2.600,3.100,6.200,4.100,7.900,700.456,698.900,701.600,1.500,9.000,9.000,0.550,0.230,1.000,0.456,0.344,0.000,0.344,0.000,88.222,1.811,1.000,0.691,3.770,9.670,0.390
2018-03-08,100.000,100.000,100.000,0.000,0.000,0.000,0.078,-0.100,0.300,9.025,5.900,10.800,698.167,696.800,698.900,8.000,9.000,9.000,1.000,1.000,1.000,1.000,0.870,0.031,0.870,0.320,100.000,-5.244,15.700,0.597,4.640,9.650,0.481
2018-03-09,13.000,4.000,55.000,25.534,6.830,33.420,-3.500,-4.600,-2.500,4.444,3.400,5.000,698.356,696.200,699.400,0.000,9.000,9.000,0.919,0.740,1.000,0.917,0.057,0.000,0.057,0.030,89.778,-5.611,0.900,0.502,5.490,9.630,0.570
2018-03-10,24.889,0.000,87.000,27.267,1.640,51.720,-0.356,-3.600,3.600,4.744,2.300,7.800,700.856,700.400,701.300,0.000,9.000,9.000,0.303,0.220,0.370,0.293,0.050,0.000,0.050,0.000,77.778,-4.356,0.000,0.407,6.310,9.600,0.657
2018-03-11,2.889,0.000,12.000,45.487,26.710,52.020,3.800,2.900,4.400,4.389,3.600,5.100,701.733,700.800,702.300,0.000,9.000,9.000,0.238,0.120,0.350,0.223,0.030,0.000,0.030,0.010,84.333,-1.744,0.000,0.317,7.110,9.580,0.742
2018-03-12,62.667,50.000,78.000,6.508,3.440,9.460,2.533,1.500,4.100,5.244,3.800,6.200,701.444,700.500,702.100,0.000,9.000,9.000,0.812,0.100,1.000,0.804,0.028,0.000,0.028,0.000,94.556,-0.444,0.000,0.232,7.860,9.560,0.823
2018-03-13,59.889,57.000,65.000,7.123,5.980,7.800,4.222,3.700,4.900,4.411,3.200,5.600,702.156,701.000,702.800,0.000,9.000,9.000,0.577,0.070,0.980,0.320,0.380,0.073,0.408,0.000,89.667,0.378,0.000,0.157,8.580,9.530,0.901
2018-03-14,67.667,62.000,71.000,5.477,4.800,6.650,4.333,3.800,4.900,3.400,1.700,4.300,702.689,701.300,703.700,0.000,9.000,9.000,0.570,0.380,0.750,0.217,0.430,0.122,0.481,0.238,85.111,3.911,0.400,0.094,9.270,9.510,0.975
2018-03-15,100.000,100.000,100.000,0.000,0.000,0.000,3.078,1.700,3.600,7.778,6.800,8.800,700.333,699.300,701.400,15.500,9.000,9.000,0.994,0.950,1.000,0.711,0.986,0.938,0.998,0.987,98.333,1.733,18.100,0.044,9.480,9.480,1.000
2018-03-16,98.222,95.000,100.000,0.253,0.000,0.720,1.544,0.700,1.900,5.311,4.600,6.100,702.167,701.400,702.700,0.000,9.000,9.000,0.194,0.180,0.250,0.190,0.079,0.000,0.079,0.030,83.556,1.522,0.100,0.013,9.460,9.460,1.000
2018-03-17,53.000,38.000,70.000,8.908,4.930,13.010,3.311,2.600,3.700,4.500,3.200,5.900,703.289,702.300,704.100,0.000,9.000,9.000,0.174,0.080,0.230,0.169,0.007,0.000,0.007,0.000,82.667,1.567,0.000,0.001,9.430,9.430,1.000
2018-03-18,72.556,70.000,76.000,4.510,3.860,5.000,4.433,3.700,4.800,6.900,6.500,7.700,702.444,700.900,703.300,0.000,9.000,9.000,0.280,0.050,0.890,0.087,0.047,0.200,0.226,0.000,85.556,2.444,0.000,0.011,9.410,9.410,1.000
2018-03-19,92.000,77.000,100.000,1.237,0.000,3.690,4.267,4.000,4.800,6.878,5.800,7.900,700.356,698.800,701.100,0.000,9.000,9.000,0.464,0.230,0.700,0.269,0.276,0.054,0.318,0.138,88.556,4.378,0.000,0.043,8.990,9.380,0.958
2018-03-20,95.444,60.000,100.000,0.684,0.000,6.040,1.467,-0.600,3.800,9.544,8.000,11.100,696.700,694.700,697.700,14.500,9.000,9.000,0.957,0.740,1.000,0.952,0.143,0.000,0.143,0.000,96.778,1.056,1.600,0.098,8.010,9.360,0.856
2018-03-21,8.000,5.000,15.000,29.101,21.130,35.730,-0.144,-1.400,1.500,4.922,2.500,6.500,697.556,696.500,698.700,0.000,9.000,9.000,0.208,0.170,0.240,0.203,0.088,0.000,0.088,0.070,62.444,-2.844,0.800,0.172,7.010,9.330,0.751
2018-03-22,34.556,26.000,47.000,12.310,8.720,15.300,-2.144,-3.200,-1.100,4.267,3.000,6.100,698.233,697.800,698.400,0.000,9.000,9.000,0.132,0.020,0.170,0.127,0.049,0.000,0.049,0.000,51.111,-3.378,0.000,0.264,5.990,9.310,0.643
2018-03-23,2.222,2.000,3.000,44.340,41.300,45.370,3.122,2.200,3.600,2.111,0.400,4.300,702.322,702.000,702.700,0.000,9.000,9.000,0.176,0.170,0.190,0.170,0.060,0.000,0.060,0.020,74.444,-1.489,0.100,0.369,4.950,9.280,0.533
2018-03-24,19.667,9.000,31.000,21.749,15.570,30.280,3.244,2.200,4.600,4.333,2.500,6.000,702.689,701.900,703.500,0.000,9.000,9.000,0.273,0.170,0.360,0.264,0.022,0.000,0.022,0.000,79.889,0.400,0.000,0.481,3.930,9.260,0.424
2018-03-25,48.889,27.000,75.000,10.501,3.990,17.310,2.733,1.700,3.700,2.400,1.200,3.100,702.422,701.200,703.100,0.000,9.000,9.000,0.817,0.170,1.000,0.813,0.057,0.000,0.057,0.000,88.667,0.589,0.000,0.595,2.940,9.230,0.318
2018-03-26,90.111,74.000,100.000,1.533,0.000,4.180,1.144,0.000,2.900,3.767,1.200,5.700,701.078,699.900,701.900,0.000,9.000,9.000,0.939,0.750,1.000,0.938,0.067,0.000,0.067,0.000,94.889,0.867,0.000,0.705,2.000,9.210,0.217
2018-03-27,82.667,77.000,100.000,2.673,0.000,3.610,1.867,1.200,2.500,1.300,0.400,2.000,700.433,699.200,701.200,0.000,9.000,9.000,0.301,0.140,0.390,0.288,0.082,0.000,0.082,0.060,88.000,1.233,0.000,0.803,1.130,9.180,0.123
2018-03-28,69.000,23.000,93.000,5.961,1.020,19.280,2.933,1.800,3.800,2.244,0.500,5.100,700.556,699.500,701.300,0.000,9.000,9.000,0.242,0.150,0.310,0.229,0.059,0.000,0.059,0.020,88.556,1.833,0.000,0.886,0.330,9.150,0.036
2018-03-29,89.556,69.000,100.000,1.674,0.000,5.120,2.256,1.200,3.300,2.622,0.800,5.000,700.900,699.800,701.600,0.000,9.000,9.000,0.699,0.390,1.000,0.603,0.222,0.000,0.222,0.170,89.000,1.956,0.000,0.948,0.000,9.130,0.000
2018-03-30,70.222,23.000,92.000,5.697,1.160,19.270,2.689,1.200,3.800,4.478,2.700,6.100,700.944,699.900,701.800,0.000,9.000,9.000,0.488,0.360,0.740,0.474,0.047,0.000,0.047,0.010,85.333,0.933,0.000,0.986,0.000,9.100,0.000
2018-03-31,61.667,19.000,100.000,8.009,0.000,21.910,5.133,3.800,6.000,2.911,0.500,5.900,700.656,699.700,701.300,0.000,9.000,9.000,0.811,0.290,1.000,0.806,0.040,0.000,0.040,0.010,84.444,3.244,0.000,0.999,0.000,9.080,0.000
2018-04-01,43.778,26.000,95.000,12.647,0.730,18.200,5.778,3.400,7.300,1.544,0.300,4.200,700.744,699.700,701.500,0.000,9.000,9.000,0.998,0.990,1.000,0.996,0.057,0.023,0.080,0.000,87.222,4.222,0.000,0.988,0.000,9.050,0.000
2018-04-02,64.333,41.000,95.000,6.812,0.730,12.380,5.944,4.700,7.000,1.089,0.200,2.700,701.789,700.900,702.400,0.000,9.000,9.000,0.690,0.230,0.980,0.678,0.066,0.000,0.066,0.020,87.778,4.622,0.000,0.955,0.450,9.020,0.050
2018-04-03,53.111,45.000,59.000,8.968,7.460,11.170,7.122,6.800,7.600,1.000,0.000,1.800,702.533,701.400,703.400,0.000,9.000,9.000,0.544,0.210,1.000,0.498,0.060,0.046,0.104,0.050,89.222,4.400,0.000,0.903,1.360,9.000,0.151
2018-04-04,55.111,49.000,65.000,8.458,6.100,10.020,6.956,6.100,7.500,1.111,0.000,3.000,702.122,701.200,702.800,0.000,9.000,9.000,0.237,0.210,0.280,0.227,0.073,0.008,0.081,0.060,86.333,5.100,0.000,0.836,2.250,8.970,0.251
2018-04-05,39.111,34.000,45.000,13.129,11.190,14.980,7.722,7.000,8.400,4.944,3.900,5.500,701.622,700.900,702.200,0.000,9.000,9.000,0.718,0.330,0.920,0.348,0.332,0.344,0.493,0.000,88.444,5.211,0.000,0.757,3.130,8.940,0.349
2018-04-06,100.000,100.000,100.000,0.000,0.000,0.000,4.967,4.600,5.300,6.644,5.700,7.800,701.267,700.300,702.300,8.000,9.000,9.000,0.998,0.980,1.000,0.938,0.460,0.374,0.695,0.438,96.556,-1.144,7.400,0.671,3.970,8.920,0.445
2018-04-07,52.333,29.000,100.000,8.680,0.000,14.180,-1.567,-3.600,-0.600,5.956,4.900,7.300,700.644,700.100,702.000,0.000,9.000,9.000,1.000,1.000,1.000,1.000,0.808,0.663,0.938,0.892,90.444,-3.333,0.500,0.579,4.780,8.890,0.538
2018-04-08,4.667,1.000,27.000,43.103,16.960,51.800,3.056,1.100,3.800,4.222,1.200,5.900,702.800,702.200,703.400,0.000,9.000,9.000,0.153,0.070,0.240,0.147,0.000,0.002,0.002,0.000,73.444,-0.333,0.000,0.485,5.550,8.860,0.627
2018-04-09,10.444,6.000,14.000,29.359,25.680,35.210,6.456,5.700,6.900,3.733,2.000,5.000,703.400,702.500,704.200,0.000,9.000,9.000,0.506,0.120,0.840,0.133,0.009,0.419,0.422,0.000,84.222,1.922,0.000,0.391,6.280,8.830,0.711
2018-04-10,73.556,69.000,83.000,4.358,2.640,5.230,4.956,4.700,5.300,7.778,7.400,8.400,702.967,702.400,703.600,0.000,9.000,9.000,0.369,0.080,0.710,0.043,0.034,0.320,0.349,0.040,70.111,4.311,0.000,0.300,6.980,8.810,0.792
2018-04-11,99.667,97.000,100.000,0.049,0.000,0.440,6.544,6.100,7.000,4.711,2.400,5.600,702.833,702.200,703.200,0.000,9.000,9.000,0.373,0.230,0.510,0.133,0.040,0.271,0.303,0.118,79.444,5.367,0.600,0.215,7.640,8.780,0.870
2018-04-12,99.444,96.000,100.000,0.082,0.000,0.590,5.689,5.400,6.000,6.033,5.300,7.100,704.022,703.200,704.600,0.000,9.000,9.000,0.449,0.010,0.940,0.067,0.020,0.393,0.405,0.000,78.333,4.700,0.000,0.140,8.280,8.750,0.946
2018-04-13,97.000,93.000,100.000,0.449,0.000,1.050,6.389,6.000,7.000,7.189,5.100,9.500,703.822,702.600,704.900,0.000,9.000,9.000,0.520,0.350,0.620,0.157,0.181,0.308,0.428,0.136,75.556,6.778,0.000,0.077,8.730,8.730,1.000
2018-04-14,100.000,100.000,100.000,0.000,0.000,0.000,7.078,6.600,7.300,5.700,5.200,6.500,702.400,701.100,703.200,2.500,9.000,9.000,0.830,0.670,0.950,0.419,0.201,0.789,0.832,0.690,88.333,5.367,0.100,0.031,8.700,8.700,1.000
2018-04-15,100.000,100.000,100.000,0.000,0.000,0.000,6.500,5.700,7.200,5.578,3.300,7.600,701.889,701.000,702.300,17.000,9.000,9.000,1.000,1.000,1.000,1.000,0.467,0.374,0.657,0.352,93.778,4.622,3.100,0.006,8.670,8.670,1.000
2018-04-16,100.000,100.000,100.000,0.000,0.000,0.000,5.678,4.900,6.000,5.833,4.600,8.100,701.544,699.900,702.700,25.000,9.000,9.000,1.000,1.000,1.000,1.000,0.879,0.114,0.888,0.820,98.778,2.956,7.700,0.004,8.640,8.640,1.000
2018-04-17,98.889,94.000,100.000,0.160,0.000,0.870,2.767,2.300,3.600,7.856,6.400,10.000,701.044,700.500,701.400,0.000,9.000,9.000,0.906,0.500,0.990,0.861,0.183,0.234,0.333,0.000,94.111,1.644,0.200,0.027,8.620,8.620,1.000
2018-04-18,68.333,50.000,85.000,5.557,2.280,9.610,4.356,3.300,5.500,5.989,4.800,6.600,701.922,701.400,702.400,0.000,9.000,9.000,0.768,0.430,0.930,0.239,0.087,0.663,0.691,0.297,80.333,3.700,0.000,0.075,7.640,8.590,0.890
2018-04-19,37.556,24.000,56.000,13.854,8.250,19.180,7.178,6.600,8.000,6.067,4.100,7.500,703.033,702.500,703.500,0.000,9.000,9.000,0.707,0.260,0.990,0.228,0.461,0.574,0.677,0.158,87.222,4.844,0.000,0.146,6.580,8.560,0.769
2018-04-20,61.889,56.000,67.000,6.918,5.780,8.310,8.533,8.200,8.900,2.533,0.400,4.200,704.644,703.700,705.400,0.000,9.000,9.000,0.827,0.560,0.980,0.196,0.506,0.700,0.834,0.616,88.111,5.900,0.800,0.236,5.530,8.530,0.648
2018-04-21,75.667,63.000,87.000,4.097,2.040,6.630,8.222,7.600,9.200,3.133,0.500,4.200,704.589,703.600,705.400,0.000,9.000,9.000,0.899,0.760,0.950,0.862,0.166,0.099,0.248,0.069,90.556,5.356,0.000,0.341,4.520,8.510,0.531
2018-04-22,76.000,65.000,95.000,4.026,0.740,6.160,7.156,6.400,7.600,3.500,1.900,5.800,702.722,701.900,703.600,0.000,9.000,9.000,0.927,0.830,1.000,0.912,0.172,0.314,0.417,0.098,87.778,6.867,2.500,0.453,3.560,8.480,0.420
2018-04-23,74.778,55.000,100.000,4.463,0.000,8.360,6.178,5.300,6.800,7.367,5.400,9.100,701.278,699.800,702.400,0.000,9.000,9.000,0.459,0.250,0.940,0.153,0.173,0.300,0.422,0.224,84.000,4.967,0.700,0.567,2.680,8.450,0.318
2018-04-24,100.000,100.000,100.000,0.000,0.000,0.000,6.944,6.500,7.400,4.600,2.300,6.100,701.367,700.800,701.900,0.000,9.000,9.000,0.977,0.960,1.000,0.971,0.097,0.019,0.113,0.010,94.222,4.956,0.600,0.677,1.880,8.430,0.223
2018-04-25,100.000,100.000,100.000,0.000,0.000,0.000,6.656,5.800,7.300,5.744,3.900,7.200,701.600,700.900,702.300,0.000,9.000,9.000,0.630,0.320,1.000,0.487,0.014,0.160,0.174,0.000,87.889,5.489,0.000,0.776,1.130,8.400,0.135
2018-04-26,97.222,91.000,100.000,0.418,0.000,1.370,6.567,6.000,7.000,4.289,1.800,6.600,703.633,703.300,704.100,0.000,9.000,9.000,0.378,0.190,0.770,0.332,0.001,0.056,0.057,0.000,82.444,5.167,0.000,0.861,0.430,8.370,0.052
2018-04-27,97.444,92.000,100.000,0.387,0.000,1.220,7.444,7.000,7.900,2.111,0.400,3.800,705.122,703.900,706.000,0.000,9.000,9.000,0.993,0.980,1.000,0.992,0.218,0.033,0.244,0.120,92.000,6.089,0.900,0.927,0.000,8.340,0.000
2018-04-28,94.556,78.000,100.000,0.861,0.000,3.590,6.944,6.700,7.600,2.822,1.700,4.600,704.333,703.400,705.300,0.000,9.000,9.000,0.860,0.560,1.000,0.857,0.033,0.012,0.045,0.000,90.111,5.978,0.300,0.972,0.000,8.320,0.000
2018-04-29,83.444,56.000,100.000,2.891,0.000,8.250,7.267,6.500,8.100,4.644,3.400,5.300,703.456,703.000,704.000,0.000,9.000,9.000,0.946,0.820,0.990,0.634,0.052,0.728,0.744,0.154,90.000,6.144,0.000,0.995,0.000,8.290,0.000
2018-04-30,64.778,59.000,82.000,6.300,2.870,7.560,8.033,7.300,8.500,4.567,3.300,5.500,704.833,704.000,705.600,0.000,9.000,9.000,0.769,0.530,0.980,0.129,0.026,0.697,0.708,0.363,83.222,5.611,0.000,0.996,0.000,8.270,0.000
2018-05-01,48.222,41.000,65.000,10.483,6.190,12.490,8.133,7.300,8.600,7.178,6.300,8.400,704.322,703.300,705.000,0.000,9.000,9.000,0.272,0.120,0.480,0.138,0.001,0.142,0.143,0.020,89.222,6.589,0.000,0.976,0.000,8.240,0.000
2018-05-02,79.778,64.000,100.000,3.496,0.000,6.420,8.011,7.000,8.800,4.889,4.200,5.300,704.867,704.300,705.600,0.000,9.000,9.000,0.617,0.290,0.930,0.102,0.097,0.542,0.582,0.264,82.000,7.156,0.500,0.938,0.690,8.210,0.085
2018-05-03,100.000,100.000,100.000,0.000,0.000,0.000,7.711,7.100,8.300,3.911,3.000,4.800,704.933,704.300,705.500,18.500,9.000,9.000,0.981,0.890,1.000,0.977,0.228,0.068,0.276,0.150,95.778,5.778,0.900,0.884,1.560,8.190,0.190
2018-05-04,99.222,97.000,100.000,0.117,0.000,0.450,7.556,7.000,8.000,3.844,2.600,5.000,705.578,705.200,706.200,0.500,9.000,9.000,0.983,0.930,1.000,0.884,0.191,0.762,0.776,0.203,85.889,6.567,0.000,0.816,2.390,8.160,0.293
2018-05-05,62.778,50.000,71.000,6.786,4.940,9.790,7.933,7.700,8.100,5.844,4.600,7.200,705.944,704.800,706.700,0.000,9.000,9.000,0.862,0.540,0.970,0.172,0.006,0.831,0.832,0.495,87.889,6.922,0.000,0.737,3.180,8.140,0.391
2018-05-06,99.556,97.000,100.000,0.067,0.000,0.450,7.711,6.900,8.400,7.467,6.900,8.400,703.400,702.300,704.300,0.000,9.000,9.000,0.944,0.890,0.980,0.023,0.271,0.924,0.943,0.886,77.222,7.233,0.000,0.651,3.920,8.110,0.484
2018-05-07,100.000,100.000,100.000,0.000,0.000,0.000,8.611,8.300,8.800,8.411,7.500,9.600,700.833,699.600,701.700,7.000,9.000,9.000,0.852,0.640,1.000,0.213,0.099,0.829,0.839,0.600,87.667,6.222,0.000,0.558,4.620,8.090,0.572
2018-05-08,100.000,100.000,100.000,0.000,0.000,0.000,8.211,8.000,8.400,4.222,2.900,5.500,702.611,702.200,703.100,5.000,9.000,9.000,1.000,1.000,1.000,0.749,0.290,0.982,0.986,0.955,92.778,5.922,0.800,0.463,5.290,8.060,0.656
2018-05-09,98.889,90.000,100.000,0.171,0.000,1.540,6.911,6.400,7.800,3.789,1.600,5.200,704.111,703.800,704.400,0.500,9.000,9.000,1.000,1.000,1.000,1.000,0.386,0.692,0.830,0.531,93.667,5.578,1.200,0.367,5.920,8.040,0.737
2018-05-10,97.111,86.000,100.000,0.444,0.000,2.210,7.478,7.100,8.500,2.111,1.200,4.100,704.367,703.200,705.300,0.000,9.000,9.000,0.234,0.140,0.370,0.178,0.044,0.026,0.067,0.000,84.667,5.333,0.000,0.274,6.540,8.010,0.816
2018-05-11,96.222,93.000,100.000,0.568,0.000,1.060,7.500,7.300,8.000,2.556,1.600,4.700,703.767,702.700,704.800,0.500,9.000,9.000,0.869,0.450,1.000,0.867,0.082,0.000,0.082,0.000,91.889,5.911,0.000,0.188,7.150,7.990,0.896
2018-05-12,74.000,69.000,81.000,4.407,3.080,5.420,9.089,8.600,9.700,4.533,2.700,5.800,704.044,703.200,704.700,0.000,9.000,9.000,0.242,0.000,0.810,0.217,0.000,0.034,0.034,0.000,82.444,6.311,0.000,0.113,7.780,7.960,0.977
2018-05-13,63.000,46.000,87.000,7.077,2.040,11.160,9.422,8.300,10.700,4.756,3.600,5.900,704.378,703.500,705.300,0.000,9.000,9.000,0.317,0.040,0.850,0.270,0.011,0.046,0.055,0.000,87.111,7.000,0.000,0.054,7.940,7.940,1.000
2018-05-14,66.667,55.000,100.000,6.098,0.000,8.660,9.622,8.900,10.300,5.978,4.400,7.600,703.800,703.000,704.700,0.000,9.000,9.000,0.518,0.040,0.960,0.507,0.009,0.012,0.021,0.000,88.111,7.044,0.000,0.015,7.920,7.920,1.000
2018-05-15,63.556,46.000,78.000,6.842,3.680,11.270,11.278,10.700,11.900,1.933,0.700,3.900,704.344,703.500,705.200,0.000,9.000,9.000,0.463,0.070,0.970,0.371,0.107,0.070,0.170,0.020,90.222,7.833,0.000,0.002,7.890,7.890,1.000
2018-05-16,76.778,63.000,92.000,4.033,1.240,6.830,10.744,8.900,12.100,3.144,1.100,5.200,703.878,703.000,704.700,0.000,9.000,9.000,0.706,0.070,1.000,0.646,0.016,0.084,0.099,0.000,89.889,8.056,0.000,0.016,7.870,7.870,1.000
2018-05-17,53.444,35.000,66.000,9.410,6.070,14.950,10.578,10.000,11.800,3.322,0.500,5.200,703.367,702.700,704.100,0.000,9.000,9.000,0.183,0.050,0.390,0.080,0.037,0.076,0.108,0.000,80.000,7.133,0.000,0.057,7.340,7.850,0.935
2018-05-18,37.111,28.000,46.000,14.474,11.150,18.090,11.700,10.500,12.800,2.100,1.200,3.400,703.522,703.000,704.100,0.000,9.000,9.000,0.300,0.040,0.850,0.244,0.006,0.050,0.055,0.000,85.667,7.333,0.000,0.124,6.280,7.830,0.802
2018-05-19,55.778,22.000,100.000,9.730,0.000,21.100,11.133,9.500,12.000,1.900,0.700,3.400,703.467,702.700,704.300,0.000,9.000,9.000,0.759,0.570,0.860,0.090,0.004,0.736,0.736,0.550,87.889,6.989,0.000,0.213,5.280,7.810,0.676
2018-05-20,79.667,54.000,100.000,3.711,0.000,9.020,10.156,9.000,11.800,2.444,1.300,3.400,703.933,703.200,704.600,0.000,9.000,9.000,0.998,0.980,1.000,0.918,0.006,0.936,0.936,0.686,87.667,7.311,0.000,0.315,4.360,7.790,0.560
2018-05-21,71.556,46.000,100.000,5.201,0.000,11.140,9.600,8.800,10.600,1.644,0.800,3.600,704.189,703.300,705.100,0.000,9.000,9.000,0.826,0.300,0.980,0.800,0.058,0.031,0.087,0.000,91.222,6.578,0.000,0.427,3.530,7.770,0.455
2018-05-22,59.889,52.000,76.000,7.487,3.960,9.450,9.378,7.600,10.500,1.800,0.900,3.300,704.233,703.400,705.000,0.000,9.000,9.000,0.859,0.770,0.960,0.579,0.037,0.428,0.438,0.010,87.556,6.756,0.000,0.539,2.770,7.750,0.358
2018-05-23,71.444,45.000,100.000,5.388,0.000,11.520,9.544,8.300,11.300,2.567,0.700,4.000,703.467,702.600,704.400,0.000,9.000,9.000,0.648,0.380,0.980,0.501,0.038,0.256,0.290,0.000,91.556,7.056,0.000,0.648,2.080,7.730,0.269
2018-05-24,79.444,60.000,100.000,3.534,0.000,7.470,9.478,8.400,11.000,2.811,0.700,3.800,703.256,702.400,704.100,0.000,9.000,9.000,0.677,0.010,1.000,0.659,0.007,0.014,0.021,0.000,85.111,6.656,0.000,0.747,1.420,7.710,0.184
2018-05-25,44.111,38.000,57.000,11.826,8.110,13.700,10.456,9.400,11.400,5.867,4.600,7.200,702.689,702.000,703.400,0.000,9.000,9.000,0.312,0.090,0.750,0.082,0.002,0.227,0.229,0.000,85.778,7.100,0.000,0.833,0.780,7.690,0.101
2018-05-26,25.111,23.000,29.000,19.456,17.300,20.670,12.011,10.400,12.900,2.289,0.800,3.700,704.422,703.700,705.100,0.000,9.000,9.000,0.757,0.420,0.960,0.092,0.003,0.732,0.733,0.390,69.000,7.367,0.000,0.903,0.140,7.670,0.018
2018-05-27,41.444,27.000,59.000,13.053,7.650,18.330,10.700,9.900,11.500,5.122,4.100,6.500,704.044,703.000,704.800,0.000,9.000,9.000,0.698,0.400,0.860,0.196,0.008,0.619,0.622,0.334,82.000,7.500,0.000,0.954,0.000,7.650,0.000
2018-05-28,66.333,61.000,75.000,6.031,4.230,7.210,10.244,9.600,10.700,4.111,2.500,5.100,704.722,704.100,705.500,0.000,9.000,9.000,0.444,0.150,0.820,0.317,0.052,0.140,0.185,0.040,85.000,8.433,0.000,0.986,0.000,7.640,0.000
2018-05-29,85.333,63.000,100.000,2.554,0.000,6.800,9.989,9.100,11.400,4.300,2.400,4.900,705.089,704.500,706.000,0.000,9.000,9.000,0.394,0.060,0.820,0.346,0.028,0.048,0.074,0.030,88.889,7.500,0.000,0.998,0.000,7.620,0.000
2018-05-30,89.889,85.000,97.000,1.592,0.450,2.400,9.522,9.000,9.800,4.844,3.100,5.400,705.167,704.200,706.000,0.000,9.000,9.000,0.947,0.740,1.000,0.051,0.044,0.937,0.943,0.736,87.000,7.189,0.000,0.991,0.000,7.600,0.000
2018-05-31,86.444,73.000,100.000,2.219,0.000,4.600,9.033,8.700,9.300,4.767,4.000,6.000,704.189,703.500,704.700,0.000,9.000,9.000,0.999,0.990,1.000,0.189,0.537,0.988,0.998,0.991,81.556,8.611,1.000,0.965,0.000,7.590,0.000
2018-06-01,100.000,100.000,100.000,0.000,0.000,0.000,9.611,9.500,9.800,3.700,2.500,5.100,703.900,703.100,704.600,1.000,9.000,9.000,0.688,0.350,0.980,0.624,0.203,0.083,0.272,0.158,94.444,5.822,0.800,0.923,0.790,7.570,0.104
2018-06-02,100.000,100.000,100.000,0.000,0.000,0.000,9.144,8.000,10.100,3.822,1.600,5.100,703.278,702.300,704.000,1.000,9.000,9.000,0.956,0.850,1.000,0.826,0.233,0.522,0.619,0.154,93.333,6.544,0.600,0.865,1.560,7.560,0.206
2018-06-03,86.000,41.000,100.000,2.732,0.000,12.830,9.222,8.200,11.700,3.689,1.100,5.800,703.044,702.700,703.500,0.500,9.000,9.000,0.924,0.760,1.000,0.084,0.028,0.916,0.917,0.750,87.556,7.222,0.000,0.795,2.280,7.550,0.302
2018-06-04,92.889,78.000,100.000,1.152,0.000,3.660,9.600,8.800,10.200,4.611,3.000,6.200,703.789,703.100,704.700,2.000,9.000,9.000,0.866,0.380,0.990,0.480,0.112,0.716,0.745,0.346,88.444,7.211,0.400,0.713,2.950,7.540,0.392
2018-06-05,99.889,99.000,100.000,0.017,0.000,0.150,9.811,9.100,10.600,3.944,1.600,5.600,704.111,703.500,704.700,63.000,9.000,9.000,1.000,1.000,1.000,0.894,0.429,0.971,0.983,0.919,95.667,7.144,5.600,0.624,3.590,7.520,0.477
2018-06-06,98.111,91.000,100.000,0.292,0.000,1.410,10.556,9.500,11.200,1.456,0.700,2.500,703.556,702.900,704.200,4.500,9.000,9.000,0.999,0.990,1.000,0.361,0.117,0.998,0.998,0.991,94.111,7.411,1.500,0.528,4.210,7.510,0.560
2018-06-07,73.222,62.000,83.000,4.656,2.770,7.040,10.667,9.900,11.600,2.789,0.200,6.000,702.189,700.800,703.400,0.000,9.000,9.000,0.984,0.960,1.000,0.103,0.032,0.976,0.977,0.941,83.333,8.178,0.000,0.428,4.810,7.500,0.641
2018-06-08,59.667,34.000,97.000,8.399,0.460,15.440,11.311,10.400,12.900,2.556,0.600,6.000,699.078,698.000,700.200,0.000,9.000,9.000,1.000,1.000,1.000,0.413,0.000,1.000,1.000,1.000,86.222,8.267,0.000,0.329,5.420,7.490,0.723
2018-06-09,97.667,91.000,100.000,0.360,0.000,1.400,9.633,8.800,10.800,3.956,2.900,5.300,697.611,696.700,698.400,0.000,9.000,9.000,0.889,0.480,0.980,0.782,0.147,0.178,0.297,0.172,89.111,8.411,1.100,0.234,6.050,7.480,0.808
2018-06-10,100.000,100.000,100.000,0.000,0.000,0.000,10.289,9.400,11.000,4.800,2.800,6.500,697.267,696.000,698.200,2.000,9.000,9.000,0.937,0.740,1.000,0.718,0.202,0.741,0.797,0.506,90.444,8.944,0.800,0.148,6.720,7.470,0.899
2018-06-11,100.000,100.000,100.000,0.000,0.000,0.000,8.200,7.300,9.200,6.967,6.200,7.400,698.233,697.600,699.100,0.000,9.000,9.000,0.948,0.830,1.000,0.920,0.060,0.178,0.224,0.040,90.889,7.778,0.100,0.077,7.460,7.470,1.000
2018-06-12,71.778,48.000,100.000,5.424,0.000,10.500,9.389,8.800,9.900,5.078,3.300,6.800,697.756,696.900,698.500,0.000,9.000,9.000,0.950,0.880,1.000,0.909,0.129,0.452,0.508,0.030,82.778,8.411,1.400,0.027,7.460,7.460,1.000
2018-06-13,89.667,81.000,100.000,1.660,0.000,3.150,10.333,9.600,11.500,3.200,1.000,6.400,695.833,694.900,696.800,0.000,9.000,9.000,0.778,0.350,0.990,0.489,0.182,0.520,0.620,0.368,89.222,8.822,0.000,0.003,7.450,7.450,1.000
2018-06-14,98.333,94.000,100.000,0.259,0.000,0.940,11.444,11.100,12.100,1.322,0.800,1.900,695.200,694.500,695.800,3.500,9.000,9.000,1.000,1.000,1.000,0.844,0.862,0.997,0.999,0.988,95.111,8.289,27.300,0.008,7.450,7.450,1.000
2018-06-15,65.778,11.000,93.000,7.581,1.070,29.570,10.467,9.100,11.700,3.356,1.700,5.400,698.133,697.600,698.700,0.000,9.000,9.000,0.997,0.980,1.000,0.339,0.272,0.993,0.995,0.971,89.444,8.567,17.000,0.043,7.390,7.440,0.992
2018-06-16,100.000,100.000,100.000,0.000,0.000,0.000,10.222,10.000,10.700,4.389,2.500,6.600,699.878,699.400,700.600,0.000,9.000,9.000,0.997,0.990,1.000,0.972,0.472,0.521,0.756,0.430,89.889,8.178,0.400,0.105,6.410,7.440,0.861
2018-06-17,99.667,98.000,100.000,0.050,0.000,0.300,9.989,9.600,10.400,5.911,2.900,8.000,700.044,699.300,700.800,2.500,9.000,9.000,1.000,1.000,1.000,0.834,0.977,0.991,1.000,0.996,94.556,8.011,16.200,0.189,5.520,7.440,0.743
2018-06-18,100.000,100.000,100.000,0.000,0.000,0.000,9.978,9.600,10.600,6.778,4.800,9.300,700.022,699.400,700.600,1.000,9.000,9.000,0.993,0.980,1.000,0.784,0.657,0.943,0.972,0.898,96.556,7.322,2.600,0.289,4.720,7.430,0.636
2018-06-19,100.000,100.000,100.000,0.000,0.000,0.000,9.967,9.900,10.000,6.611,5.300,8.300,700.900,700.500,701.300,17.000,9.000,9.000,0.999,0.990,1.000,0.816,0.931,0.988,0.999,0.998,93.556,7.433,8.100,0.397,4.000,7.430,0.539
2018-06-20,100.000,100.000,100.000,0.000,0.000,0.000,9.533,9.300,9.800,5.644,3.500,6.800,702.122,701.500,702.800,1.000,9.000,9.000,1.000,1.000,1.000,0.253,0.913,1.000,1.000,1.000,91.222,7.278,2.600,0.507,3.340,7.430,0.449
2018-06-21,99.333,94.000,100.000,0.103,0.000,0.930,10.344,9.500,11.300,3.944,1.600,6.200,702.744,701.800,703.500,21.500,9.000,9.000,1.000,1.000,1.000,0.877,0.351,0.993,0.995,0.992,94.889,7.300,0.600,0.614,2.700,7.430,0.363
2018-06-22,99.333,96.000,100.000,0.101,0.000,0.610,9.633,9.200,10.100,6.189,5.200,7.300,703.000,702.400,703.700,0.500,9.000,9.000,0.991,0.980,1.000,0.834,0.130,0.957,0.962,0.930,94.778,7.378,0.000,0.713,2.080,7.430,0.279
2018-06-23,97.556,89.000,100.000,0.379,0.000,1.720,8.967,8.400,9.600,5.356,4.800,6.000,703.833,703.300,704.400,0.000,9.000,9.000,0.998,0.980,1.000,0.084,0.692,0.994,0.998,0.989,85.333,7.956,0.000,0.801,1.450,7.430,0.195
2018-06-24,77.556,54.000,97.000,4.076,0.450,9.090,10.278,8.900,12.900,2.733,0.900,5.800,705.178,704.800,705.700,0.000,9.000,9.000,0.940,0.880,1.000,0.886,0.089,0.581,0.586,0.130,90.889,7.978,0.000,0.875,0.800,7.430,0.107
2018-06-25,60.778,49.000,94.000,7.529,0.910,10.330,10.144,8.800,11.200,1.833,0.400,2.900,705.467,704.800,706.000,0.000,9.000,9.000,0.967,0.910,0.990,0.799,0.000,0.834,0.834,0.560,90.556,7.456,0.000,0.932,0.120,7.440,0.016
2018-06-26,54.778,36.000,66.000,9.012,6.110,14.550,11.022,10.500,11.600,2.433,1.100,3.800,705.178,704.300,706.000,0.000,9.000,9.000,0.244,0.030,0.590,0.053,0.007,0.183,0.188,0.000,84.000,7.444,0.000,0.973,0.000,7.440,0.000
2018-06-27,70.222,63.000,82.000,5.243,2.950,6.820,10.711,10.100,11.700,3.633,1.700,5.000,703.933,702.800,704.900,0.000,9.000,9.000,0.407,0.150,0.780,0.399,0.007,0.001,0.008,0.000,87.000,7.256,0.000,0.995,0.000,7.440,0.000
2018-06-28,83.889,59.000,100.000,2.857,0.000,7.750,10.956,10.300,11.700,1.789,0.900,3.000,701.522,700.600,702.300,0.000,9.000,9.000,0.731,0.320,0.900,0.596,0.029,0.476,0.492,0.267,89.556,8.033,0.000,0.999,0.000,7.450,0.000
2018-06-29,88.667,73.000,100.000,1.890,0.000,4.680,10.278,9.600,11.600,2.244,0.600,5.700,700.244,699.400,700.800,0.000,9.000,9.000,0.870,0.830,0.960,0.817,0.053,0.283,0.303,0.000,87.889,8.033,0.000,0.985,0.000,7.460,0.000
2018-06-30,88.556,63.000,100.000,2.000,0.000,6.820,10.522,9.900,11.700,1.800,0.400,4.200,700.622,699.600,701.300,0.000,9.000,9.000,0.964,0.940,0.980,0.850,0.069,0.662,0.686,0.520,91.000,7.189,0.600,0.953,0.110,7.460,0.014
2018-07-01,100.000,100.000,100.000,0.000,0.000,0.000,9.178,8.800,9.700,6.511,3.800,8.200,699.433,698.400,700.200,0.500,9.000,9.000,0.984,0.930,1.000,0.761,0.172,0.926,0.954,0.854,92.333,6.889,0.000,0.905,0.810,7.470,0.108
2018-07-02,100.000,100.000,100.000,0.000,0.000,0.000,9.678,9.000,10.300,7.911,5.100,9.600,699.322,698.300,700.400,23.500,9.000,9.000,0.982,0.960,1.000,0.430,0.011,0.951,0.952,0.870,95.667,6.278,0.000,0.843,1.470,7.480,0.196
2018-07-03,100.000,100.000,100.000,0.000,0.000,0.000,9.222,8.900,9.600,6.767,5.700,8.000,699.389,699.200,699.800,1.000,9.000,9.000,0.998,0.980,1.000,0.058,0.512,0.994,0.997,0.981,88.333,6.822,2.300,0.767,2.090,7.490,0.280
2018-07-04,100.000,100.000,100.000,0.000,0.000,0.000,9.367,8.700,9.800,7.911,6.900,9.900,699.222,698.200,699.800,0.500,9.000,9.000,0.972,0.930,1.000,0.172,0.293,0.956,0.965,0.927,91.333,6.778,0.000,0.680,2.700,7.500,0.360
2018-07-05,92.778,82.000,100.000,1.144,0.000,2.920,8.578,7.800,9.400,4.967,3.800,6.700,700.122,699.300,700.900,0.500,9.000,9.000,0.999,0.990,1.000,0.051,0.183,0.994,0.996,0.985,91.111,6.867,0.000,0.584,3.300,7.510,0.439
2018-07-06,97.667,90.000,100.000,0.361,0.000,1.570,9.644,8.900,10.600,3.444,2.000,4.900,700.389,700.000,701.000,0.000,9.000,9.000,1.000,1.000,1.000,0.830,0.342,0.998,0.998,0.992,90.889,7.344,0.000,0.482,3.910,7.520,0.520
2018-07-07,97.222,91.000,100.000,0.429,0.000,1.400,9.211,8.400,9.700,3.278,0.700,6.800,701.122,700.500,701.800,12.000,9.000,9.000,0.964,0.910,0.990,0.863,0.246,0.708,0.751,0.408,96.222,6.500,0.000,0.378,4.550,7.530,0.605
2018-07-08,77.222,63.000,97.000,3.946,0.450,6.720,9.644,8.800,10.400,3.867,1.300,6.500,702.356,701.700,703.000,0.000,9.000,9.000,0.928,0.810,1.000,0.897,0.021,0.484,0.490,0.000,90.333,7.256,0.000,0.276,5.250,7.540,0.696
2018-07-09,50.556,31.000,79.000,10.330,3.440,16.380,8.900,7.800,10.000,7.567,0.600,10.800,701.544,700.200,702.500,0.000,9.000,9.000,0.084,0.000,0.230,0.079,0.000,0.000,0.000,0.000,80.889,7.511,0.000,0.181,6.020,7.550,0.797
2018-07-10,100.000,100.000,100.000,0.000,0.000,0.000,10.944,9.800,11.800,7.433,4.300,10.100,693.800,692.100,696.300,56.500,9.000,9.000,1.000,1.000,1.000,0.866,0.941,1.000,1.000,1.000,92.889,8.144,53.800,0.100,6.880,7.570,0.910
2018-07-11,71.000,39.000,96.000,5.550,0.610,13.530,10.756,9.700,11.800,2.389,0.400,4.500,701.856,701.500,702.300,0.500,9.000,9.000,0.986,0.920,1.000,0.692,0.084,0.949,0.954,0.845,91.000,8.389,0.000,0.040,7.580,7.580,1.000
2018-07-12,99.667,98.000,100.000,0.050,0.000,0.300,9.533,9.200,10.000,2.667,0.800,8.300,702.500,701.900,703.200,8.000,9.000,9.000,0.898,0.340,1.000,0.789,0.164,0.607,0.684,0.230,90.778,8.467,0.000,0.006,7.600,7.600,1.000
2018-07-13,72.444,62.000,82.000,4.747,2.900,6.920,8.967,8.400,9.400,2.044,0.500,4.900,702.144,701.600,702.700,0.000,9.000,9.000,0.393,0.060,0.930,0.300,0.092,0.038,0.129,0.050,85.556,7.967,0.000,0.002,7.610,7.610,1.000
2018-07-14,67.444,61.000,84.000,5.843,2.560,7.230,10.444,9.200,11.300,2.233,0.800,4.100,702.011,701.600,702.300,0.000,9.000,9.000,0.539,0.420,0.610,0.102,0.051,0.469,0.496,0.309,80.778,7.122,0.000,0.030,7.630,7.630,1.000
2018-07-15,49.444,39.000,57.000,10.263,8.170,13.390,10.622,9.800,11.300,6.489,4.700,8.200,701.522,701.100,702.000,0.000,9.000,9.000,0.761,0.510,0.940,0.072,0.004,0.740,0.742,0.490,84.111,7.933,0.000,0.085,7.060,7.640,0.923
2018-07-16,100.000,100.000,100.000,0.000,0.000,0.000,9.867,9.300,10.200,6.611,2.000,14.000,700.100,699.300,700.700,5.000,9.000,9.000,0.277,0.230,0.370,0.142,0.231,0.000,0.231,0.180,79.889,9.889,0.100,0.163,6.280,7.660,0.820
2018-07-17,99.000,92.000,100.000,0.153,0.000,1.230,8.967,8.700,9.600,5.822,2.700,7.900,700.822,700.200,701.400,0.000,9.000,9.000,0.276,0.060,0.560,0.022,0.027,0.236,0.257,0.040,82.111,9.444,0.000,0.257,5.580,7.680,0.726
2018-07-18,93.444,80.000,100.000,1.061,0.000,3.300,9.922,9.500,10.400,3.600,1.500,5.700,701.667,701.200,702.100,0.000,9.000,9.000,0.101,0.040,0.210,0.088,0.020,0.000,0.020,0.010,81.222,8.767,0.000,0.361,4.920,7.700,0.639
2018-07-19,84.556,63.000,100.000,2.710,0.000,6.750,10.011,9.500,10.500,4.011,0.300,7.000,700.844,699.400,701.900,0.000,9.000,9.000,0.890,0.680,1.000,0.553,0.024,0.829,0.836,0.464,89.333,8.478,0.000,0.467,4.290,7.710,0.556
2018-07-20,79.667,69.000,99.000,3.431,0.150,5.460,10.100,9.200,10.700,3.189,0.300,6.400,698.744,697.500,699.600,0.000,9.000,9.000,0.942,0.800,1.000,0.464,0.002,0.842,0.843,0.730,89.111,8.189,0.000,0.572,3.660,7.730,0.473
2018-07-21,95.444,86.000,100.000,0.720,0.000,2.260,10.578,10.100,11.100,2.256,0.300,4.300,697.544,696.900,698.300,4.500,9.000,9.000,0.921,0.880,0.970,0.867,0.164,0.353,0.470,0.240,94.111,8.122,0.300,0.670,3.020,7.750,0.389
2018-07-22,100.000,100.000,100.000,0.000,0.000,0.000,10.478,9.300,11.200,4.511,2.700,7.000,698.800,698.100,699.400,5.000,9.000,9.000,1.000,1.000,1.000,0.861,0.656,0.996,0.999,0.995,91.889,7.978,1.900,0.760,2.360,7.770,0.303
2018-07-23,82.222,66.000,93.000,3.004,1.080,6.140,10.956,10.200,12.000,1.644,0.700,2.600,702.011,701.600,702.600,0.000,9.000,9.000,0.967,0.860,1.000,0.090,0.038,0.956,0.958,0.861,88.667,7.544,0.000,0.838,1.660,7.790,0.213
2018-07-24,89.889,81.000,100.000,1.624,0.000,3.150,10.833,9.900,12.100,3.044,0.200,5.300,702.900,701.800,703.700,0.000,9.000,9.000,0.789,0.500,0.980,0.671,0.034,0.427,0.428,0.000,94.000,6.633,0.000,0.902,0.920,7.810,0.118
2018-07-25,58.889,47.000,93.000,8.107,1.080,10.890,10.644,9.600,11.200,2.767,0.000,4.100,702.989,702.200,703.600,0.000,9.000,9.000,0.849,0.770,0.910,0.831,0.002,0.082,0.084,0.000,92.778,7.244,0.000,0.951,0.140,7.830,0.018
2018-07-26,84.444,74.000,100.000,2.563,0.000,4.420,9.656,8.700,10.400,4.178,0.500,6.900,702.311,701.500,702.900,0.000,9.000,9.000,0.596,0.190,0.840,0.571,0.011,0.028,0.039,0.000,86.889,8.411,0.000,0.984,0.000,7.860,0.000
2018-07-27,78.444,50.000,87.000,3.721,2.040,9.910,8.778,8.200,9.300,2.244,0.000,5.100,702.289,701.300,703.100,0.000,9.000,9.000,0.862,0.820,0.940,0.841,0.023,0.122,0.143,0.050,90.889,7.244,0.000,0.999,0.000,7.880,0.000
2018-07-28,85.000,33.000,100.000,3.387,0.000,15.600,9.589,8.500,10.700,2.411,0.700,3.600,701.678,700.800,702.400,0.000,9.000,9.000,0.693,0.240,0.990,0.557,0.003,0.341,0.343,0.130,91.000,8.144,0.000,0.996,0.000,7.900,0.000
2018-07-29,52.556,49.000,56.000,9.381,8.420,10.340,11.378,10.600,11.900,3.367,1.400,5.000,701.644,700.800,702.500,0.000,9.000,9.000,0.956,0.930,1.000,0.741,0.037,0.579,0.595,0.358,89.778,8.744,0.000,0.975,0.000,7.920,0.000
2018-07-30,76.667,61.000,94.000,4.142,0.930,7.260,11.533,10.800,12.400,1.289,0.400,2.100,701.822,701.300,702.300,0.000,9.000,9.000,0.916,0.890,0.930,0.860,0.081,0.071,0.143,0.040,89.778,9.267,0.000,0.937,0.300,7.950,0.038
2018-07-31,71.889,46.000,100.000,5.297,0.000,11.220,10.356,9.400,11.400,1.589,0.500,3.000,701.289,700.400,702.100,0.000,9.000,9.000,0.802,0.470,0.930,0.632,0.023,0.316,0.331,0.069,89.889,8.489,0.000,0.882,0.920,7.970,0.115
2018-08-01,100.000,100.000,100.000,0.000,0.000,0.000,9.244,8.300,10.200,3.633,1.600,5.300,700.300,699.700,701.000,0.000,9.000,9.000,0.937,0.800,1.000,0.284,0.013,0.897,0.897,0.770,89.000,9.022,0.000,0.812,1.530,7.990,0.191
2018-08-02,100.000,100.000,100.000,0.000,0.000,0.000,9.478,8.700,9.900,5.611,4.100,7.200,699.567,698.900,700.200,0.000,9.000,9.000,0.709,0.230,0.970,0.580,0.091,0.292,0.354,0.088,90.333,7.756,0.000,0.728,2.130,8.020,0.266
2018-08-03,82.778,73.000,98.000,2.868,0.300,4.670,10.856,10.000,11.300,2.867,1.100,4.300,701.544,701.100,702.000,0.000,9.000,9.000,0.883,0.770,0.930,0.448,0.053,0.828,0.834,0.710,90.667,7.122,0.000,0.633,2.760,8.040,0.343
2018-08-04,77.111,65.000,87.000,3.939,2.070,6.430,11.067,10.000,13.000,2.822,1.100,5.000,702.278,701.900,702.700,0.000,9.000,9.000,0.926,0.890,0.990,0.856,0.200,0.542,0.595,0.220,91.111,7.389,0.000,0.530,3.420,8.070,0.425
2018-08-05,84.778,77.000,90.000,2.460,1.560,3.860,9.744,9.200,10.400,4.400,1.800,8.500,701.922,701.100,702.700,0.000,9.000,9.000,0.960,0.890,1.000,0.898,0.006,0.393,0.397,0.109,90.889,7.333,0.000,0.422,4.150,8.090,0.513
2018-08-06,66.556,51.000,76.000,6.014,3.980,9.710,9.567,8.100,10.300,5.511,0.000,8.500,700.911,700.200,701.600,0.000,9.000,9.000,0.407,0.260,0.610,0.173,0.001,0.273,0.274,0.150,89.111,7.067,0.000,0.314,4.950,8.120,0.610
2018-08-07,48.778,45.000,59.000,10.322,7.610,11.460,9.789,9.200,10.600,3.333,0.900,5.600,700.544,700.000,701.200,0.000,9.000,9.000,0.610,0.100,0.890,0.482,0.000,0.431,0.431,0.000,87.556,8.200,0.000,0.212,5.850,8.140,0.718
2018-08-08,99.222,96.000,100.000,0.117,0.000,0.600,9.700,8.900,10.500,2.044,0.400,3.900,701.100,700.200,701.800,1.000,9.000,9.000,0.870,0.640,0.940,0.832,0.126,0.094,0.202,0.030,88.667,8.200,0.000,0.124,6.850,8.170,0.838
2018-08-09,77.000,32.000,100.000,4.592,0.000,16.180,10.256,8.700,11.700,1.800,0.500,3.700,700.922,699.800,701.700,0.000,9.000,9.000,0.886,0.840,0.970,0.871,0.142,0.044,0.173,0.000,91.444,8.222,5.700,0.055,7.930,8.190,0.968
2018-08-10,90.111,60.000,100.000,1.699,0.000,7.470,9.944,9.100,11.000,2.300,0.000,6.600,699.400,698.100,700.300,0.000,9.000,9.000,0.847,0.610,0.950,0.671,0.006,0.288,0.291,0.080,89.667,7.900,0.000,0.013,8.220,8.220,1.000
2018-08-11,81.111,63.000,100.000,3.292,0.000,6.760,9.711,8.000,11.000,3.578,0.000,7.500,696.611,695.400,697.700,0.000,9.000,9.000,0.806,0.410,0.980,0.563,0.022,0.619,0.633,0.359,90.778,8.056,0.000,0.000,8.240,8.240,1.000
2018-08-12,81.111,68.000,93.000,3.183,1.080,5.730,11.044,10.300,12.000,2.756,1.500,3.800,696.344,696.000,696.700,0.000,9.000,9.000,0.998,0.990,1.000,0.821,0.074,0.982,0.983,0.942,91.000,8.667,0.000,0.018,8.270,8.270,1.000
2018-08-13,66.556,60.000,74.000,6.060,4.450,7.530,11.567,10.800,12.000,2.533,0.700,4.300,697.756,696.800,698.400,0.000,9.000,9.000,0.789,0.300,0.960,0.733,0.054,0.173,0.216,0.020,92.000,8.389,0.000,0.064,8.000,8.300,0.965
2018-08-14,99.111,93.000,100.000,0.138,0.000,1.090,10.667,10.200,11.300,4.978,3.600,6.400,697.778,697.600,698.000,1.500,9.000,9.000,0.991,0.960,1.000,0.858,0.153,0.976,0.978,0.904,97.444,7.678,0.400,0.133,7.300,8.320,0.878
2018-08-15,99.556,96.000,100.000,0.067,0.000,0.600,9.911,9.100,10.500,6.367,5.500,7.500,698.611,697.400,699.500,1.000,9.000,9.000,0.996,0.980,1.000,0.742,0.520,0.896,0.916,0.634,92.778,8.089,0.200,0.218,6.640,8.350,0.795
2018-08-16,100.000,100.000,100.000,0.000,0.000,0.000,9.911,9.400,10.700,5.367,3.600,7.200,697.989,697.400,698.600,7.500,9.000,9.000,0.981,0.930,1.000,0.327,0.009,0.966,0.966,0.920,88.000,8.578,0.000,0.315,5.990,8.370,0.715
2018-08-17,99.333,94.000,100.000,0.103,0.000,0.930,10.256,9.500,10.900,1.644,0.500,3.500,698.756,698.300,699.300,10.000,9.000,9.000,1.000,1.000,1.000,0.836,0.932,0.924,0.995,0.976,91.889,8.800,3.000,0.416,5.340,8.400,0.635
2018-08-18,99.556,97.000,100.000,0.068,0.000,0.460,10.444,9.700,10.800,2.067,0.800,3.900,699.489,699.000,699.900,2.500,9.000,9.000,0.994,0.980,1.000,0.851,0.489,0.911,0.954,0.888,94.667,7.978,1.500,0.518,4.670,8.430,0.554
2018-08-19,98.333,93.000,100.000,0.258,0.000,1.090,10.278,9.700,11.200,2.767,1.600,4.100,700.422,699.600,701.100,1.500,9.000,9.000,0.973,0.940,1.000,0.858,0.596,0.239,0.707,0.370,95.778,7.856,0.000,0.616,3.980,8.450,0.470
2018-08-20,87.444,79.000,100.000,2.054,0.000,3.540,11.422,10.300,12.200,1.867,1.000,3.000,699.100,698.100,700.000,0.000,9.000,9.000,0.916,0.840,1.000,0.912,0.013,0.059,0.072,0.000,95.222,7.122,0.000,0.708,3.250,8.480,0.383
2018-08-21,89.556,75.000,99.000,1.711,0.150,4.320,11.267,10.000,12.700,2.256,0.400,4.100,697.956,696.800,699.000,0.000,9.000,9.000,0.973,0.930,1.000,0.893,0.096,0.790,0.805,0.616,93.556,8.511,0.000,0.790,2.480,8.510,0.292
2018-08-22,87.222,77.000,96.000,2.089,0.620,3.930,11.844,11.000,12.600,3.433,1.700,4.600,696.478,695.400,697.400,0.000,9.000,9.000,0.948,0.880,1.000,0.887,0.168,0.707,0.747,0.310,92.778,9.022,0.000,0.862,1.680,8.530,0.197
2018-08-23,98.444,93.000,100.000,0.242,0.000,1.100,11.456,10.800,12.200,3.567,1.000,8.000,694.756,693.600,695.500,22.000,9.000,9.000,1.000,1.000,1.000,0.883,0.998,0.994,1.000,1.000,95.333,8.089,27.300,0.920,0.850,8.560,0.100
2018-08-24,99.111,92.000,100.000,0.140,0.000,1.260,11.167,10.800,11.600,4.267,0.600,7.200,696.433,695.200,697.100,1.000,9.000,9.000,1.000,1.000,1.000,0.809,0.519,1.000,1.000,1.000,96.889,6.822,12.100,0.964,0.010,8.590,0.001
2018-08-25,100.000,100.000,100.000,0.000,0.000,0.000,10.644,10.100,11.100,1.800,0.700,4.000,697.178,696.600,697.800,1.500,9.000,9.000,0.990,0.970,1.000,0.967,0.167,0.599,0.660,0.372,93.444,8.844,1.100,0.990,0.000,8.620,0.000
2018-08-26,99.444,98.000,100.000,0.083,0.000,0.300,10.400,10.000,10.900,2.522,0.800,5.200,698.578,698.200,699.000,6.000,9.000,9.000,0.999,0.990,1.000,0.950,0.889,0.892,0.991,0.967,98.000,7.833,2.300,1.000,0.000,8.640,0.000
2018-08-27,99.222,94.000,100.000,0.119,0.000,0.920,10.100,9.400,10.400,2.133,0.000,3.800,700.756,700.200,701.200,17.500,9.000,9.000,0.997,0.980,1.000,0.976,0.691,0.883,0.968,0.900,98.000,7.511,5.400,0.990,0.000,8.670,0.000
2018-08-28,98.222,94.000,100.000,0.269,0.000,0.920,8.778,8.300,9.300,4.611,2.800,6.600,701.544,700.700,702.100,1.000,9.000,9.000,0.999,0.990,1.000,0.900,0.918,0.982,0.998,0.995,98.333,6.333,11.000,0.962,0.000,8.700,0.000
2018-08-29,100.000,100.000,100.000,0.000,0.000,0.000,8.789,8.500,9.000,4.556,2.400,6.900,702.422,702.000,702.700,0.500,9.000,9.000,1.000,1.000,1.000,0.949,0.873,0.957,0.999,0.993,99.667,5.933,11.500,0.915,0.600,8.720,0.069
2018-08-30,100.000,100.000,100.000,0.000,0.000,0.000,7.600,7.400,7.900,5.878,4.500,6.700,704.578,704.200,704.900,0.500,9.000,9.000,1.000,1.000,1.000,0.752,0.919,0.981,0.999,0.998,97.111,5.967,3.500,0.850,1.220,8.750,0.140
2018-08-31,99.750,98.000,100.000,0.037,0.000,0.300,7.550,7.300,7.600,4.250,2.000,6.100,704.788,703.800,705.400,0.000,9.000,8.000,0.980,0.910,1.000,0.512,0.954,0.316,0.975,0.942,87.111,6.578,0.300,0.769,1.870,8.780,0.213
2018-09-01,98.000,90.000,100.000,0.308,0.000,1.550,7.967,7.300,8.600,3.244,1.300,4.700,702.978,702.100,703.800,0.000,9.000,9.000,0.877,0.860,0.900,0.816,0.528,0.001,0.528,0.160,93.667,5.989,0.000,0.675,2.570,8.800,0.292
2018-09-02,95.222,86.000,100.000,0.747,0.000,2.220,8.833,7.700,9.500,1.433,0.000,3.300,701.600,700.700,702.100,0.000,9.000,9.000,0.832,0.800,0.850,0.819,0.118,0.007,0.124,0.010,89.778,6.722,0.000,0.571,3.330,8.830,0.377
2018-09-03,80.444,73.000,98.000,3.266,0.300,4.660,10.022,8.200,11.000,1.811,0.700,3.200,700.767,700.100,701.500,0.000,9.000,9.000,0.551,0.120,0.820,0.510,0.016,0.030,0.045,0.000,90.889,6.911,0.000,0.460,4.170,8.860,0.470
2018-09-04,96.889,91.000,100.000,0.482,0.000,1.420,10.544,9.800,11.600,3.878,2.100,5.000,701.467,700.800,702.200,0.000,9.000,9.000,0.968,0.920,0.990,0.808,0.146,0.871,0.893,0.837,89.778,8.878,0.000,0.349,5.100,8.880,0.574
2018-09-05,98.444,96.000,100.000,0.236,0.000,0.610,9.922,9.400,10.500,3.989,2.900,4.800,701.922,701.100,702.500,0.500,9.000,9.000,0.988,0.960,1.000,0.843,0.064,0.934,0.940,0.833,91.556,9.067,0.400,0.243,6.110,8.910,0.686
2018-09-06,92.333,82.000,100.000,1.232,0.000,2.940,10.022,9.700,10.600,1.678,0.000,5.600,701.811,701.100,702.500,0.000,9.000,9.000,0.934,0.900,0.960,0.713,0.038,0.803,0.811,0.723,91.333,8.000,0.000,0.149,7.190,8.940,0.805
2018-09-07,89.222,71.000,100.000,1.792,0.000,5.020,9.211,7.900,9.900,2.556,0.400,5.600,702.089,701.200,702.700,0.000,9.000,9.000,0.992,0.970,1.000,0.857,0.741,0.963,0.990,0.962,96.111,7.067,1.500,0.074,8.310,8.960,0.927
2018-09-08,76.222,55.000,100.000,4.216,0.000,8.690,9.756,8.400,10.800,2.111,0.600,4.400,702.422,701.800,703.000,9.000,9.000,9.000,0.997,0.980,1.000,0.822,0.636,0.909,0.978,0.808,97.444,5.978,1.700,0.024,8.990,8.990,1.000
2018-09-09,100.000,100.000,100.000,0.000,0.000,0.000,9.500,9.100,9.800,5.222,2.200,9.100,703.044,702.800,703.300,2.500,9.000,9.000,1.000,1.000,1.000,0.998,0.880,0.860,0.982,0.912,95.556,7.122,10.800,0.002,9.020,9.020,1.000
2018-09-10,98.444,90.000,100.000,0.243,0.000,1.580,9.889,9.300,10.900,5.089,2.400,6.600,702.856,702.200,703.500,3.000,9.000,9.000,0.941,0.750,1.000,0.657,0.490,0.800,0.890,0.705,91.222,8.022,3.600,0.009,9.040,9.040,1.000
2018-09-11,85.778,74.000,97.000,2.322,0.450,4.450,9.944,9.300,10.900,1.389,0.400,3.300,703.722,702.800,704.200,0.000,9.000,9.000,0.944,0.860,0.990,0.866,0.139,0.484,0.551,0.275,91.333,7.711,0.000,0.043,9.000,9.070,0.993
2018-09-12,74.444,60.000,100.000,4.599,0.000,7.540,11.178,9.800,12.200,1.856,0.700,3.200,704.367,703.600,704.900,0.000,9.000,9.000,0.892,0.850,1.000,0.858,0.012,0.263,0.273,0.089,90.000,7.989,0.000,0.099,8.330,9.090,0.916
2018-09-13,51.444,38.000,82.000,9.937,2.920,13.860,9.956,8.600,11.600,9.300,8.200,10.100,703.711,702.800,704.300,0.000,9.000,9.000,0.337,0.050,0.990,0.322,0.004,0.011,0.016,0.000,82.556,8.189,0.000,0.174,7.660,9.120,0.840
2018-09-14,99.778,98.000,100.000,0.032,0.000,0.290,8.022,7.000,9.500,4.678,1.600,7.100,700.656,698.900,701.800,16.000,9.000,9.000,0.410,0.030,1.000,0.276,0.143,0.334,0.386,0.000,75.556,8.933,0.900,0.261,6.980,9.150,0.763
2018-09-15,100.000,100.000,100.000,0.000,0.000,0.000,9.878,9.500,10.100,4.633,2.400,6.900,700.489,699.700,701.300,133.500,9.000,9.000,1.000,1.000,1.000,0.936,0.354,1.000,1.000,1.000,88.000,8.922,10.100,0.355,6.280,9.170,0.685
2018-09-16,97.889,92.000,100.000,0.326,0.000,1.250,10.511,10.000,11.000,2.589,1.300,4.200,705.811,705.500,706.200,0.500,9.000,9.000,1.000,1.000,1.000,0.834,0.022,0.999,0.999,0.990,92.333,8.633,0.000,0.452,5.550,9.200,0.603
2018-09-17,55.222,32.000,81.000,8.973,3.110,16.060,9.989,9.100,10.800,4.056,2.500,5.200,707.644,706.900,708.500,0.000,9.000,9.000,0.974,0.890,1.000,0.892,0.006,0.813,0.814,0.610,90.333,8.122,0.000,0.549,4.780,9.220,0.519
2018-09-18,46.889,38.000,57.000,10.909,8.070,13.730,9.578,9.000,10.400,7.556,3.200,9.800,706.089,705.300,706.800,0.000,9.000,9.000,0.080,0.010,0.190,0.034,0.000,0.039,0.039,0.000,84.111,7.711,0.000,0.643,3.990,9.250,0.431
2018-09-19,50.667,40.000,63.000,9.909,6.680,13.060,9.822,8.600,10.900,6.256,4.900,7.600,704.911,703.900,705.800,0.000,9.000,9.000,0.660,0.060,1.000,0.636,0.000,0.022,0.022,0.000,86.444,7.444,0.000,0.730,3.160,9.270,0.341
2018-09-20,55.333,48.000,69.000,8.656,5.450,10.640,10.600,9.800,11.400,3.389,0.900,6.000,705.289,704.400,706.100,0.000,9.000,9.000,0.529,0.250,0.790,0.487,0.002,0.046,0.048,0.000,84.778,8.300,0.000,0.809,2.320,9.300,0.250
2018-09-21,93.778,67.000,100.000,1.052,0.000,5.880,9.711,8.200,10.700,1.622,0.400,2.700,706.689,705.900,707.300,0.000,9.000,9.000,0.636,0.250,0.860,0.587,0.070,0.034,0.102,0.000,86.111,8.411,0.000,0.878,1.470,9.320,0.158
2018-09-22,99.333,96.000,100.000,0.101,0.000,0.610,9.611,9.100,9.900,1.811,0.600,3.100,706.844,706.100,707.300,0.000,9.000,9.000,0.642,0.310,1.000,0.522,0.089,0.298,0.363,0.098,87.444,7.822,0.900,0.933,0.610,9.350,0.065
2018-09-23,89.889,61.000,100.000,1.780,0.000,7.250,9.356,8.400,11.200,2.622,1.100,3.900,704.389,702.600,705.400,5.000,9.000,9.000,0.946,0.850,0.990,0.834,0.091,0.690,0.716,0.496,91.111,7.156,0.300,0.972,0.000,9.370,0.000
2018-09-24,100.000,100.000,100.000,0.000,0.000,0.000,8.500,7.900,9.000,4.722,0.700,11.600,701.200,699.900,702.100,2.000,9.000,9.000,0.901,0.730,0.940,0.890,0.141,0.006,0.146,0.040,89.778,7.711,0.000,0.995,0.000,9.400,0.000
2018-09-25,73.222,55.000,100.000,4.797,0.000,8.580,8.233,5.500,9.900,3.956,1.300,7.900,700.144,699.100,701.100,0.500,9.000,9.000,0.857,0.840,0.900,0.839,0.053,0.011,0.064,0.040,88.667,7.022,0.000,0.997,0.000,9.420,0.000
2018-09-26,57.444,28.000,97.000,9.366,0.440,17.840,8.744,6.500,11.000,2.689,0.500,7.500,700.233,699.100,700.800,0.000,9.000,9.000,0.732,0.310,0.860,0.724,0.034,0.000,0.034,0.020,92.222,6.122,0.000,0.980,0.000,9.450,0.000
2018-09-27,99.889,99.000,100.000,0.017,0.000,0.150,8.500,8.000,9.000,5.133,0.400,8.600,700.211,699.300,700.800,0.500,9.000,9.000,0.980,0.890,1.000,0.810,0.056,0.881,0.889,0.535,89.556,7.522,0.100,0.941,0.380,9.470,0.040
2018-09-28,100.000,100.000,100.000,0.000,0.000,0.000,8.556,7.900,8.900,2.167,0.900,5.200,698.767,697.500,699.600,1.500,9.000,9.000,0.994,0.960,1.000,0.847,0.204,0.883,0.912,0.641,90.778,6.556,0.700,0.882,1.060,9.490,0.112
2018-09-29,91.556,77.000,100.000,1.346,0.000,3.830,9.122,8.100,9.900,3.711,1.900,4.900,700.400,699.900,700.900,0.000,9.000,9.000,0.812,0.380,0.980,0.299,0.160,0.713,0.759,0.219,87.000,6.289,3.600,0.805,1.800,9.520,0.189
2018-09-30,88.333,67.000,100.000,1.921,0.000,5.750,6.889,6.100,7.700,4.056,3.400,5.200,702.478,702.200,702.700,0.500,9.000,9.000,0.527,0.180,1.000,0.524,0.014,0.000,0.014,0.000,84.667,5.689,0.200,0.712,2.610,9.540,0.273
2018-10-01,35.556,27.000,47.000,14.402,10.530,17.850,6.856,6.400,7.600,4.111,1.700,7.700,703.167,702.400,703.900,0.000,9.000,9.000,0.363,0.080,0.880,0.356,0.028,0.000,0.028,0.010,83.444,3.311,0.000,0.608,3.490,9.570,0.365
2018-10-02,36.667,24.000,86.000,14.779,2.150,19.430,7.333,5.300,8.300,4.222,0.800,6.000,702.900,701.800,703.700,0.000,9.000,9.000,0.257,0.150,0.460,0.250,0.002,0.000,0.002,0.000,87.444,2.267,0.000,0.496,4.460,9.590,0.465
2018-10-03,51.444,17.000,99.000,11.314,0.150,23.830,7.356,6.100,9.100,6.600,5.300,7.400,701.578,700.300,702.600,0.000,9.000,9.000,0.358,0.190,0.560,0.333,0.019,0.014,0.033,0.000,86.444,2.967,0.000,0.383,5.490,9.610,0.571
2018-10-04,97.444,92.000,100.000,0.386,0.000,1.220,7.000,6.500,7.700,2.678,0.500,8.100,699.200,698.700,699.500,0.000,9.000,9.000,0.644,0.230,0.980,0.638,0.156,0.000,0.156,0.100,91.111,4.156,3.400,0.274,6.550,9.630,0.680
2018-10-05,92.889,70.000,100.000,1.154,0.000,5.160,7.433,6.900,8.500,3.067,2.400,3.800,702.433,701.900,703.000,0.000,9.000,9.000,0.583,0.180,0.900,0.561,0.014,0.018,0.032,0.010,85.111,6.456,0.000,0.177,7.640,9.660,0.791
2018-10-06,92.333,60.000,100.000,1.333,0.000,7.340,6.833,5.900,8.600,3.444,0.800,5.500,704.378,703.800,704.800,0.500,9.000,9.000,0.671,0.350,1.000,0.637,0.100,0.000,0.100,0.070,86.444,6.044,0.000,0.097,8.710,9.680,0.900
2018-10-07,94.889,85.000,100.000,0.790,0.000,2.350,7.133,6.100,8.100,1.467,0.400,3.100,704.156,703.300,704.700,4.500,9.000,9.000,0.533,0.260,1.000,0.421,0.302,0.001,0.303,0.140,86.222,5.389,0.000,0.040,9.700,9.700,1.000
2018-10-08,95.111,87.000,100.000,0.759,0.000,2.040,8.044,7.800,8.400,3.044,0.000,5.600,703.733,702.800,704.400,0.000,9.000,9.000,0.920,0.530,1.000,0.907,0.641,0.000,0.641,0.280,89.778,6.300,2.600,0.008,9.730,9.730,1.000
2018-10-09,98.556,92.000,100.000,0.219,0.000,1.220,7.933,7.600,8.300,1.178,0.700,2.000,703.889,703.100,704.400,0.000,9.000,9.000,0.794,0.530,1.000,0.776,0.221,0.002,0.223,0.150,88.444,6.156,2.100,0.003,9.750,9.750,1.000
2018-10-10,99.556,96.000,100.000,0.066,0.000,0.590,7.111,6.600,7.700,1.011,0.300,3.400,704.278,703.700,704.800,0.500,9.000,9.000,0.981,0.930,1.000,0.960,0.191,0.214,0.380,0.190,96.111,4.767,1.300,0.023,9.770,9.770,1.000
2018-10-11,100.000,100.000,100.000,0.000,0.000,0.000,5.467,5.100,5.800,3.378,0.400,5.600,704.978,704.500,705.300,0.500,9.000,9.000,0.971,0.890,1.000,0.657,0.461,0.772,0.844,0.489,97.444,2.122,3.600,0.066,9.290,9.790,0.949
2018-10-12,100.000,100.000,100.000,0.000,0.000,0.000,5.922,5.500,6.200,2.033,0.900,2.700,705.200,704.300,705.900,14.000,9.000,9.000,0.978,0.950,1.000,0.883,0.410,0.632,0.792,0.637,95.667,2.056,1.000,0.127,8.590,9.810,0.875
2018-10-13,95.111,84.000,100.000,0.757,0.000,2.530,6.689,6.200,7.300,2.078,1.400,2.800,705.144,704.200,705.800,0.000,9.000,9.000,0.931,0.800,1.000,0.913,0.409,0.084,0.451,0.294,94.667,3.989,0.000,0.202,7.860,9.830,0.799
2018-10-14,99.556,96.000,100.000,0.066,0.000,0.590,6.956,6.300,7.800,5.356,4.200,6.300,704.567,703.900,705.100,0.500,9.000,9.000,0.876,0.860,0.890,0.851,0.064,0.029,0.093,0.030,92.889,5.078,0.000,0.287,7.090,9.860,0.720
2018-10-15,100.000,100.000,100.000,0.000,0.000,0.000,7.500,6.500,7.900,5.044,3.800,6.900,703.911,703.100,704.500,1.500,9.000,9.000,0.786,0.440,1.000,0.743,0.163,0.109,0.247,0.020,93.778,5.900,0.000,0.378,6.300,9.880,0.637
2018-10-16,100.000,100.000,100.000,0.000,0.000,0.000,7.367,7.100,8.200,5.222,3.900,6.100,702.278,701.000,703.100,0.500,9.000,9.000,0.792,0.560,0.930,0.720,0.248,0.029,0.265,0.100,95.222,4.567,0.300,0.472,5.470,9.900,0.553
2018-10-17,100.000,100.000,100.000,0.000,0.000,0.000,5.356,5.000,5.900,5.478,3.800,7.300,701.578,701.100,701.900,0.500,9.000,9.000,0.939,0.900,0.990,0.901,0.353,0.037,0.363,0.180,95.111,3.933,0.700,0.567,4.640,9.920,0.467
2018-10-18,100.000,100.000,100.000,0.000,0.000,0.000,6.656,6.300,7.000,4.322,2.600,5.300,704.111,703.900,704.400,1.500,9.000,9.000,0.813,0.550,1.000,0.751,0.557,0.000,0.557,0.430,81.000,4.344,3.200,0.658,3.790,9.940,0.381
2018-10-19,87.000,73.000,100.000,2.044,0.000,4.460,4.489,3.800,5.500,4.444,3.300,5.400,705.044,704.100,705.600,0.000,9.000,9.000,0.969,0.880,1.000,0.964,0.087,0.000,0.087,0.020,94.222,2.622,0.000,0.745,2.930,9.960,0.295
2018-10-20,84.000,62.000,100.000,2.747,0.000,6.780,5.744,5.000,7.300,5.389,2.700,9.100,705.144,704.100,706.100,0.000,9.000,9.000,0.279,0.180,0.790,0.273,0.032,0.000,0.032,0.000,89.889,3.867,0.100,0.823,2.070,9.980,0.208
2018-10-21,92.444,85.000,100.000,1.138,0.000,2.320,5.144,4.600,6.200,4.078,2.100,5.200,704.378,703.500,705.200,0.000,9.000,9.000,0.312,0.190,0.710,0.304,0.012,0.000,0.012,0.000,87.778,4.589,0.000,0.891,1.210,10.000,0.121
2018-10-22,96.000,84.000,100.000,0.619,0.000,2.510,6.422,6.100,6.600,3.489,2.100,5.000,704.256,703.700,704.700,0.000,9.000,9.000,0.976,0.890,1.000,0.972,0.056,0.000,0.056,0.040,89.889,5.389,0.100,0.944,0.330,10.020,0.033
2018-10-23,83.333,73.000,100.000,2.702,0.000,4.520,6.900,6.000,7.900,3.978,3.000,5.400,704.944,704.100,705.700,0.000,9.000,9.000,0.671,0.230,1.000,0.666,0.133,0.001,0.134,0.090,89.111,5.856,1.100,0.981,0.000,10.040,0.000
2018-10-24,80.778,63.000,100.000,3.288,0.000,6.600,6.744,5.300,8.600,3.100,0.400,4.100,705.422,704.900,705.900,0.000,9.000,9.000,0.726,0.340,0.970,0.231,0.007,0.644,0.646,0.190,87.222,5.356,0.000,0.997,0.000,10.060,0.000
2018-10-25,89.556,81.000,100.000,1.658,0.000,3.090,7.900,6.500,8.900,1.756,0.400,4.200,705.600,704.800,706.200,0.000,9.000,9.000,0.482,0.070,1.000,0.478,0.000,0.000,0.000,0.000,88.889,4.900,0.000,0.992,0.000,10.070,0.000
2018-10-26,95.111,90.000,100.000,0.733,0.000,1.530,6.611,5.800,7.200,3.389,1.600,6.400,704.900,703.600,705.700,0.000,9.000,9.000,0.941,0.830,1.000,0.939,0.110,0.000,0.110,0.020,90.778,6.078,2.400,0.963,0.140,10.090,0.014
2018-10-27,40.222,24.000,96.000,13.960,0.580,18.910,4.267,3.700,5.100,2.444,0.500,6.200,703.011,701.800,704.100,0.000,9.000,9.000,0.198,0.060,0.500,0.053,0.008,0.142,0.149,0.000,76.778,-0.400,0.000,0.911,0.930,10.110,0.092
2018-10-28,17.444,14.000,23.000,23.451,19.660,26.190,8.011,6.300,9.200,5.411,3.300,6.600,701.367,700.500,702.000,0.000,9.000,9.000,0.446,0.010,0.900,0.027,0.000,0.428,0.428,0.000,62.444,-1.411,0.000,0.838,1.800,10.130,0.178
2018-10-29,48.000,21.000,76.000,11.489,3.970,20.970,7.756,6.600,9.000,3.244,1.100,5.600,702.978,702.400,703.600,0.000,9.000,9.000,0.204,0.000,0.790,0.011,0.019,0.196,0.204,0.000,65.222,0.122,0.000,0.747,2.740,10.150,0.270
2018-10-30,99.222,96.000,100.000,0.117,0.000,0.600,7.656,7.000,8.200,3.178,0.900,5.900,703.989,703.300,704.600,2.500,9.000,9.000,0.921,0.780,1.000,0.397,0.236,0.832,0.883,0.611,86.556,3.978,0.000,0.642,3.750,10.160,0.369
2018-10-31,97.000,81.000,100.000,0.473,0.000,3.080,6.033,5.400,8.800,3.178,0.300,6.000,703.856,703.000,704.700,3.000,9.000,9.000,1.000,1.000,1.000,0.796,0.978,0.999,1.000,1.000,92.778,2.644,6.600,0.530,4.790,10.180,0.470
2018-11-01,100.000,100.000,100.000,0.000,0.000,0.000,5.600,4.700,6.100,6.067,3.100,8.300,705.022,704.100,705.800,6.000,9.000,9.000,0.998,0.980,1.000,0.416,0.561,0.987,0.990,0.951,87.000,2.467,0.100,0.417,5.840,10.200,0.573
2018-11-02,98.889,96.000,100.000,0.164,0.000,0.600,7.689,6.500,8.600,3.856,2.500,5.600,705.156,703.800,706.100,0.000,9.000,9.000,0.553,0.060,0.990,0.401,0.314,0.264,0.433,0.010,95.333,3.822,1.200,0.307,6.880,10.220,0.674
2018-11-03,86.667,75.000,100.000,2.164,0.000,4.150,6.911,6.300,7.500,5.678,4.900,6.200,705.656,704.700,706.300,0.000,9.000,9.000,0.109,0.040,0.170,0.093,0.029,0.000,0.029,0.020,84.667,4.156,0.000,0.208,7.910,10.230,0.773
2018-11-04,24.000,21.000,29.000,19.579,17.120,21.270,8.978,8.200,9.600,2.633,1.000,3.900,705.889,705.200,706.500,0.000,9.000,9.000,0.244,0.190,0.440,0.239,0.037,0.000,0.037,0.020,89.333,4.844,0.000,0.125,8.910,10.250,0.870
2018-11-05,64.222,60.000,69.000,6.339,5.320,7.260,7.456,6.900,8.200,3.144,2.400,4.000,706.367,705.700,706.800,0.000,9.000,9.000,0.308,0.130,1.000,0.301,0.000,0.000,0.000,0.000,88.889,4.933,0.000,0.061,9.900,10.270,0.965
2018-11-06,83.889,61.000,96.000,2.624,0.590,6.990,6.900,5.900,8.100,3.778,2.200,4.900,707.011,706.400,707.500,0.000,9.000,9.000,0.399,0.230,0.910,0.392,0.072,0.000,0.072,0.000,88.889,5.389,0.000,0.020,10.280,10.280,1.000
2018-11-07,71.889,50.000,100.000,5.203,0.000,9.920,7.444,5.000,9.500,3.456,1.400,5.500,706.078,705.100,706.800,0.000,9.000,9.000,0.170,0.160,0.180,0.162,0.111,0.000,0.111,0.090,79.444,6.433,0.000,0.002,10.300,10.300,1.000
2018-11-08,66.333,55.000,77.000,5.911,3.750,8.400,6.878,6.000,8.100,4.144,2.400,4.900,705.589,705.000,706.200,0.000,9.000,9.000,0.268,0.140,0.560,0.211,0.102,0.016,0.116,0.060,84.444,5.733,0.000,0.008,10.310,10.310,1.000
2018-11-09,53.778,23.000,74.000,9.813,4.300,20.070,7.533,6.400,9.000,1.367,0.800,2.200,706.511,705.900,706.900,0.000,9.000,9.000,0.929,0.830,1.000,0.200,0.521,0.894,0.943,0.880,87.778,3.978,0.000,0.036,10.210,10.330,0.988
2018-11-10,38.889,28.000,50.000,13.340,9.800,17.410,7.922,7.300,8.600,2.589,1.200,4.000,706.100,705.200,706.800,0.000,9.000,9.000,0.348,0.070,0.650,0.100,0.241,0.138,0.335,0.030,86.444,3.644,0.000,0.082,9.450,10.340,0.914
2018-11-11,36.556,22.000,50.000,14.224,9.690,20.270,6.389,5.500,7.000,4.578,4.000,5.600,704.322,703.100,705.200,0.000,9.000,9.000,0.506,0.140,0.830,0.133,0.350,0.161,0.425,0.000,83.000,4.089,0.000,0.143,8.660,10.360,0.836
2018-11-12,59.778,43.000,79.000,7.430,3.280,11.480,3.644,2.800,4.500,6.589,4.800,7.600,701.756,701.300,702.200,0.000,9.000,9.000,0.317,0.210,0.430,0.243,0.144,0.000,0.144,0.070,87.333,3.333,0.000,0.218,7.840,10.370,0.756
2018-11-13,91.222,77.000,100.000,1.370,0.000,3.670,3.722,3.200,4.100,5.622,4.400,8.100,702.044,701.700,702.300,0.000,9.000,9.000,0.194,0.090,0.300,0.190,0.004,0.000,0.004,0.000,86.444,1.322,0.000,0.301,7.010,10.380,0.675
2018-11-14,78.111,63.000,98.000,3.603,0.290,6.400,3.756,3.300,4.400,5.433,4.900,6.500,703.678,703.300,704.000,0.000,9.000,9.000,0.178,0.160,0.190,0.160,0.060,0.000,0.060,0.030,66.556,3.167,0.000,0.390,6.160,10.400,0.592
2018-11-15,79.889,63.000,100.000,3.436,0.000,6.540,5.700,4.600,6.700,6.267,4.000,8.700,704.311,703.400,704.900,0.000,9.000,9.000,0.238,0.180,0.320,0.209,0.063,0.000,0.063,0.010,79.222,4.733,0.000,0.484,5.310,10.410,0.510
2018-11-16,100.000,100.000,100.000,0.000,0.000,0.000,6.122,5.300,6.900,6.767,5.800,7.500,704.267,703.500,704.800,0.000,9.000,9.000,0.251,0.210,0.310,0.207,0.154,0.000,0.154,0.080,79.444,4.078,0.000,0.578,4.470,10.420,0.428
2018-11-17,100.000,100.000,100.000,0.000,0.000,0.000,6.089,5.500,7.000,4.211,2.900,5.200,704.544,703.500,705.300,0.500,9.000,9.000,0.231,0.100,0.780,0.220,0.040,0.000,0.040,0.000,88.111,4.122,0.000,0.671,3.620,10.440,0.347
2018-11-18,100.000,100.000,100.000,0.000,0.000,0.000,6.300,6.000,6.700,6.267,5.700,6.700,704.456,703.600,705.100,0.000,9.000,9.000,0.302,0.120,0.550,0.283,0.077,0.000,0.077,0.030,82.778,4.067,0.000,0.759,2.760,10.450,0.264
2018-11-19,100.000,100.000,100.000,0.000,0.000,0.000,4.700,4.500,5.100,5.844,5.000,6.500,704.444,703.800,704.900,0.500,9.000,9.000,0.263,0.190,0.380,0.246,0.094,0.000,0.094,0.030,88.444,3.444,0.900,0.839,1.880,10.460,0.179
2018-11-20,100.000,100.000,100.000,0.000,0.000,0.000,4.222,3.900,4.700,7.056,5.800,8.700,704.011,703.300,704.500,0.000,9.000,9.000,0.796,0.670,0.990,0.559,0.088,0.503,0.557,0.404,88.000,4.000,0.000,0.907,0.960,10.470,0.092
2018-11-21,97.444,91.000,100.000,0.376,0.000,1.330,3.389,2.900,3.800,6.022,4.800,7.300,704.267,703.700,704.700,0.000,9.000,9.000,0.362,0.160,0.690,0.069,0.080,0.278,0.334,0.090,82.778,3.500,0.000,0.959,0.010,10.490,0.001
2018-11-22,95.000,92.000,100.000,0.734,0.000,1.190,3.989,3.600,4.400,3.467,2.200,4.300,704.289,703.300,704.900,0.000,9.000,9.000,0.472,0.380,0.590,0.444,0.200,0.000,0.200,0.130,88.000,1.656,1.200,0.990,0.000,10.500,0.000
2018-11-23,37.556,18.000,60.000,14.004,6.920,22.070,2.033,1.200,3.300,6.489,3.800,7.900,703.422,703.000,703.700,0.000,9.000,9.000,0.543,0.180,0.990,0.120,0.012,0.497,0.500,0.070,89.333,-0.311,0.100,0.998,0.000,10.510,0.000
2018-11-24,76.778,69.000,84.000,3.686,2.410,5.110,2.067,1.600,2.500,5.578,4.400,7.200,704.622,703.300,705.600,0.000,9.000,9.000,0.187,0.140,0.240,0.179,0.048,0.004,0.052,0.000,83.778,2.067,0.000,0.980,0.000,10.520,0.000
2018-11-25,100.000,100.000,100.000,0.000,0.000,0.000,4.611,3.800,5.300,3.244,2.300,4.500,703.256,702.400,704.000,7.500,9.000,9.000,0.998,0.990,1.000,0.949,0.994,0.059,0.995,0.981,93.778,1.489,7.700,0.936,0.730,10.530,0.069
2018-11-26,100.000,100.000,100.000,0.000,0.000,0.000,5.811,4.400,6.400,4.611,1.800,6.400,704.278,703.600,704.800,2.500,9.000,9.000,0.901,0.660,0.990,0.839,0.568,0.002,0.568,0.210,98.222,1.511,0.100,0.869,1.730,10.540,0.165
2018-11-27,100.000,100.000,100.000,0.000,0.000,0.000,6.011,5.500,6.300,5.867,4.700,7.200,704.567,704.100,705.000,6.000,9.000,9.000,0.902,0.730,1.000,0.747,0.737,0.237,0.776,0.515,88.444,3.944,1.300,0.781,2.780,10.550,0.264
2018-11-28,98.444,94.000,100.000,0.226,0.000,0.880,3.300,2.900,3.600,7.344,4.600,9.700,704.189,703.500,704.600,0.000,9.000,9.000,0.913,0.790,0.990,0.256,0.833,0.388,0.903,0.838,85.222,2.833,0.900,0.678,3.840,10.560,0.364
2018-11-29,9.889,5.000,15.000,30.173,24.490,37.320,5.878,4.600,7.300,1.767,0.900,2.500,705.878,705.100,706.500,0.000,9.000,9.000,0.184,0.170,0.200,0.181,0.008,0.000,0.008,0.000,77.000,1.356,0.000,0.567,4.880,10.560,0.462
2018-11-30,99.889,99.000,100.000,0.016,0.000,0.140,2.411,0.400,3.300,6.611,5.200,8.400,704.344,703.200,705.200,0.000,9.000,9.000,0.801,0.570,0.940,0.796,0.004,0.000,0.004,0.000,86.778,2.833,0.000,0.454,5.900,10.570,0.558
2018-12-01,62.000,60.000,66.000,6.694,5.790,7.170,5.078,4.200,5.700,3.833,0.300,6.500,704.422,703.900,704.800,0.000,9.000,9.000,0.120,0.080,0.180,0.116,0.000,0.000,0.000,0.000,83.556,1.489,0.000,0.344,6.880,10.580,0.650
2018-12-02,55.667,50.000,63.000,8.266,6.530,9.760,6.411,5.500,7.400,2.111,0.600,3.600,705.789,705.200,706.200,0.000,9.000,9.000,0.041,0.010,0.090,0.036,0.000,0.000,0.000,0.000,87.444,1.667,0.000,0.244,7.840,10.590,0.741
2018-12-03,33.111,30.000,35.000,15.382,14.630,16.630,8.678,8.500,8.800,2.911,1.200,4.100,706.933,706.200,707.500,0.000,9.000,9.000,0.198,0.040,0.330,0.011,0.000,0.180,0.180,0.020,78.000,3.289,0.000,0.158,8.790,10.600,0.830
2018-12-04,59.222,42.000,69.000,7.568,5.320,12.140,7.211,6.600,7.900,5.200,4.100,6.000,705.956,705.000,706.800,0.000,9.000,9.000,0.642,0.440,0.820,0.224,0.016,0.558,0.567,0.326,79.778,5.678,0.000,0.088,9.740,10.600,0.918
2018-12-05,99.778,98.000,100.000,0.032,0.000,0.290,6.500,6.100,7.100,7.122,5.500,8.700,704.667,704.100,705.500,0.000,9.000,9.000,0.199,0.120,0.340,0.160,0.083,0.010,0.092,0.000,85.778,4.778,0.000,0.038,10.610,10.610,1.000
2018-12-06,100.000,100.000,100.000,0.000,0.000,0.000,6.044,5.900,6.400,5.378,3.800,6.200,704.778,704.400,705.100,0.000,9.000,9.000,0.867,0.410,0.980,0.604,0.176,0.453,0.542,0.181,92.556,4.411,0.000,0.009,10.620,10.620,1.000
2018-12-07,99.889,99.000,100.000,0.016,0.000,0.140,4.922,4.000,5.800,5.500,4.700,6.300,705.478,704.700,706.000,0.000,9.000,9.000,0.943,0.840,1.000,0.824,0.051,0.490,0.518,0.080,94.556,2.167,0.000,0.001,10.620,10.620,1.000
2018-12-08,95.000,85.000,100.000,0.753,0.000,2.310,4.767,4.200,5.300,3.511,2.700,4.700,705.578,704.900,706.100,1.500,9.000,9.000,0.694,0.470,0.910,0.342,0.451,0.380,0.656,0.418,91.556,1.567,3.000,0.013,10.630,10.630,1.000
2018-12-09,88.556,77.000,97.000,1.789,0.440,3.720,5.467,5.000,5.900,3.744,2.500,6.100,705.244,704.400,706.000,0.000,9.000,9.000,0.727,0.350,0.950,0.278,0.458,0.529,0.717,0.408,89.444,1.078,2.700,0.044,10.250,10.630,0.964
2018-12-10,85.778,74.000,91.000,2.224,1.340,4.300,5.467,4.500,6.400,5.556,3.700,7.100,704.633,704.100,705.300,0.000,9.000,9.000,0.921,0.750,1.000,0.663,0.804,0.357,0.862,0.681,90.556,3.100,0.000,0.092,9.420,10.640,0.885
2018-12-11,82.667,77.000,90.000,2.724,1.500,3.720,4.922,4.200,5.600,5.856,4.600,6.900,704.889,704.300,705.400,0.000,9.000,9.000,0.404,0.260,0.580,0.259,0.271,0.010,0.277,0.110,92.333,3.078,2.100,0.153,8.570,10.640,0.806
2018-12-12,97.778,90.000,100.000,0.328,0.000,1.490,3.667,3.200,4.200,5.489,4.500,6.200,705.589,704.700,706.400,0.000,9.000,9.000,0.802,0.440,1.000,0.800,0.052,0.000,0.052,0.010,95.444,1.322,0.000,0.227,7.720,10.640,0.726
2018-12-13,100.000,100.000,100.000,0.000,0.000,0.000,3.578,3.200,4.100,3.567,2.600,4.400,706.300,705.900,706.700,0.000,9.000,9.000,0.828,0.310,1.000,0.814,0.320,0.000,0.320,0.190,95.333,1.144,0.700,0.311,6.880,10.650,0.646
2018-12-14,98.556,90.000,100.000,0.216,0.000,1.500,4.522,3.900,5.000,3.422,1.900,5.200,706.833,706.300,707.400,0.000,9.000,9.000,0.838,0.600,1.000,0.829,0.048,0.000,0.048,0.030,92.000,1.222,0.200,0.401,6.040,10.650,0.567
2018-12-15,98.222,91.000,100.000,0.262,0.000,1.350,4.322,3.700,5.300,6.544,5.500,7.400,705.522,704.700,706.300,0.000,9.000,9.000,0.787,0.440,1.000,0.782,0.043,0.000,0.043,0.000,94.444,2.700,0.000,0.496,5.200,10.650,0.488
2018-12-16,97.111,91.000,100.000,0.419,0.000,1.320,1.978,1.700,2.600,7.989,6.800,8.900,702.789,701.500,703.900,0.000,9.000,9.000,0.188,0.160,0.270,0.186,0.056,0.000,0.056,0.030,80.556,2.256,1.700,0.593,4.350,10.660,0.408
2018-12-17,23.111,6.000,100.000,23.253,0.000,34.070,1.689,-0.200,2.400,5.578,4.700,6.300,702.744,701.600,704.300,0.000,9.000,9.000,0.297,0.250,0.370,0.281,0.109,0.000,0.109,0.070,78.333,-1.511,0.000,0.689,3.470,10.660,0.326
2018-12-18,15.667,11.000,20.000,23.939,20.820,28.060,3.522,2.900,4.700,3.233,1.300,4.400,704.067,703.200,704.700,0.000,9.000,9.000,0.209,0.170,0.270,0.203,0.050,0.000,0.050,0.000,64.333,-0.733,0.000,0.780,2.560,10.660,0.240
2018-12-19,21.556,13.000,39.000,21.162,13.000,26.460,6.478,5.900,7.100,6.678,5.500,7.200,704.022,703.300,704.600,0.000,9.000,9.000,0.060,0.030,0.110,0.052,0.000,0.000,0.000,0.000,78.889,0.022,0.000,0.861,1.600,10.660,0.150
2018-12-20,57.000,52.000,64.000,8.019,6.390,9.260,7.711,7.400,7.900,4.611,3.800,4.900,704.033,703.500,704.600,0.000,9.000,9.000,0.060,0.020,0.100,0.032,0.030,0.000,0.030,0.010,78.222,1.767,0.000,0.928,0.590,10.660,0.055
2018-12-21,56.556,51.000,61.000,8.143,7.090,9.510,7.944,7.000,8.400,5.756,4.700,7.000,705.211,704.700,705.500,0.000,9.000,9.000,0.107,0.040,0.240,0.100,0.003,0.000,0.003,0.000,84.889,4.000,0.000,0.976,0.000,10.660,0.000
2018-12-22,100.000,100.000,100.000,0.000,0.000,0.000,6.944,6.300,7.200,5.033,3.900,6.100,705.678,704.900,706.300,0.000,9.000,9.000,0.412,0.240,0.550,0.182,0.328,0.041,0.353,0.079,81.111,5.211,0.000,0.998,0.000,10.660,0.000
2018-12-23,98.444,94.000,100.000,0.230,0.000,0.890,5.833,5.500,6.300,2.467,0.000,4.000,704.078,703.200,704.800,0.000,9.000,9.000,0.886,0.680,1.000,0.827,0.359,0.072,0.401,0.230,99.333,1.900,6.200,0.993,0.000,10.660,0.000
2018-12-24,100.000,100.000,100.000,0.000,0.000,0.000,5.933,5.600,6.400,5.044,3.600,6.600,702.944,702.500,703.300,0.000,9.000,9.000,0.408,0.180,0.930,0.372,0.133,0.008,0.140,0.090,90.667,1.633,0.000,0.959,0.390,10.660,0.036
2018-12-25,100.000,100.000,100.000,0.000,0.000,0.000,7.278,6.500,7.800,4.689,3.400,6.800,702.589,701.800,703.200,0.000,9.000,9.000,0.362,0.200,0.850,0.326,0.098,0.000,0.098,0.010,96.556,2.978,0.000,0.898,1.480,10.660,0.139
2018-12-26,100.000,100.000,100.000,0.000,0.000,0.000,5.333,4.000,6.600,9.467,8.000,10.600,700.589,699.600,701.200,0.500,9.000,9.000,0.509,0.250,0.690,0.421,0.096,0.134,0.218,0.110,84.000,4.400,2.400,0.815,2.560,10.660,0.240
2018-12-27,66.111,39.000,100.000,6.249,0.000,12.730,2.467,0.500,4.000,6.611,3.400,8.900,701.078,700.400,701.800,0.000,9.000,9.000,0.996,0.980,1.000,0.993,0.082,0.000,0.082,0.040,90.111,-0.178,0.400,0.716,3.610,10.660,0.339
2018-12-28,100.000,100.000,100.000,0.000,0.000,0.000,-0.078,-1.100,1.100,3.689,2.400,5.200,702.367,701.800,702.900,0.000,9.000,9.000,0.974,0.950,1.000,0.963,0.174,0.140,0.290,0.130,94.000,-3.633,0.300,0.608,4.620,10.650,0.434
2018-12-29,49.889,39.000,65.000,9.666,5.880,12.940,3.467,1.600,6.100,4.822,1.500,7.700,704.400,703.800,704.900,0.000,9.000,9.000,0.963,0.920,1.000,0.406,0.084,0.937,0.942,0.892,90.556,-4.522,0.000,0.496,5.590,10.650,0.525
2018-12-30,98.667,90.000,100.000,0.196,0.000,1.480,2.900,2.400,3.400,4.389,3.300,6.000,705.544,705.200,705.900,0.500,9.000,9.000,0.396,0.170,0.560,0.352,0.224,0.004,0.228,0.060,84.444,-2.522,0.000,0.388,6.530,10.650,0.614
2018-12-31,97.667,93.000,100.000,0.336,0.000,1.020,1.467,0.300,2.700,2.922,2.000,3.600,706.544,705.900,706.800,0.000,9.000,9.000,0.683,0.410,0.980,0.639,0.297,0.012,0.305,0.240,93.333,-1.667,0.000,0.287,7.460,10.640,0.701
2019-01-01,98.000,96.000,100.000,0.288,0.000,0.580,3.300,3.100,3.500,3.144,2.600,3.600,706.744,706.200,707.000,0.500,9.000,9.000,0.794,0.690,0.930,0.257,0.769,0.000,0.769,0.650,87.111,-0.711,1.300,0.198,8.380,10.640,0.788
2019-01-02,100.000,100.000,100.000,0.000,0.000,0.000,4.400,3.900,5.400,3.189,2.400,4.100,706.944,706.600,707.300,6.500,9.000,9.000,0.844,0.690,0.960,0.783,0.620,0.000,0.620,0.360,98.889,0.067,0.200,0.123,9.290,10.630,0.874
2019-01-03,78.556,58.000,100.000,3.737,0.000,7.740,5.644,3.700,7.500,1.689,0.900,3.700,708.478,707.900,709.100,0.500,9.000,9.000,0.222,0.110,0.510,0.207,0.051,0.000,0.051,0.030,95.778,0.222,0.000,0.065,10.190,10.630,0.958
2019-01-04,100.000,100.000,100.000,0.000,0.000,0.000,5.689,5.300,5.900,5.622,4.400,6.900,707.567,706.400,708.400,0.500,9.000,9.000,0.136,0.080,0.220,0.118,0.064,0.000,0.064,0.040,86.778,2.589,0.000,0.025,10.620,10.620,1.000
2019-01-05,100.000,100.000,100.000,0.000,0.000,0.000,5.944,5.000,6.600,6.967,5.100,8.300,706.511,705.400,707.300,4.500,9.000,9.000,0.500,0.180,0.790,0.479,0.092,0.000,0.092,0.040,86.889,3.856,0.300,0.004,10.620,10.620,1.000
2019-01-06,92.778,76.000,100.000,1.102,0.000,3.860,3.211,2.500,4.300,8.667,7.900,10.000,705.211,704.600,705.800,0.000,9.000,9.000,0.974,0.770,1.000,0.961,0.027,0.061,0.087,0.000,97.667,3.244,1.200,0.001,10.610,10.610,1.000
2019-01-07,68.333,37.000,90.000,5.787,1.490,13.630,4.633,3.600,6.100,6.478,6.000,7.000,705.867,705.600,706.200,0.000,9.000,9.000,0.276,0.240,0.320,0.226,0.071,0.042,0.110,0.030,91.222,3.078,0.000,0.017,10.610,10.610,1.000
2019-01-08,75.556,49.000,88.000,4.182,1.840,9.920,6.044,5.600,6.900,3.300,2.300,4.300,706.600,706.000,706.900,0.000,9.000,9.000,0.546,0.350,0.760,0.530,0.139,0.000,0.139,0.120,91.778,3.233,1.500,0.051,10.030,10.600,0.946
2019-01-09,94.556,66.000,100.000,0.903,0.000,5.860,4.333,3.400,5.700,6.356,5.700,7.100,706.222,705.400,706.800,0.000,9.000,9.000,0.126,0.080,0.220,0.106,0.031,0.000,0.031,0.010,92.444,1.656,0.000,0.100,9.170,10.590,0.866
2019-01-10,80.111,72.000,100.000,3.191,0.000,4.610,4.122,3.500,4.400,7.011,5.000,8.800,705.356,704.600,705.900,0.000,9.000,9.000,0.179,0.090,0.290,0.156,0.037,0.006,0.042,0.020,84.222,2.889,0.000,0.163,8.330,10.580,0.787
2019-01-11,78.111,64.000,87.000,3.493,1.940,6.190,3.089,2.400,3.700,7.522,6.600,8.500,704.211,703.700,704.700,0.000,9.000,9.000,0.233,0.050,0.660,0.053,0.042,0.177,0.213,0.030,73.000,2.600,0.000,0.239,7.490,10.580,0.708
2019-01-12,99.667,98.000,100.000,0.048,0.000,0.290,2.600,1.600,3.700,8.889,7.500,9.900,703.178,702.300,704.100,0.000,9.000,9.000,0.308,0.220,0.410,0.294,0.077,0.026,0.101,0.059,87.667,3.011,1.700,0.325,6.650,10.570,0.629
2019-01-13,99.333,94.000,100.000,0.096,0.000,0.860,1.589,1.400,1.700,7.589,6.500,8.900,702.144,701.200,702.900,0.000,9.000,9.000,0.223,0.190,0.260,0.219,0.108,0.000,0.108,0.080,81.667,1.911,2.200,0.419,5.800,10.560,0.549
2019-01-14,100.000,100.000,100.000,0.000,0.000,0.000,2.867,2.500,3.100,8.200,7.100,9.300,702.367,701.500,703.000,0.000,9.000,9.000,0.252,0.190,0.320,0.242,0.091,0.000,0.091,0.030,75.556,2.511,0.000,0.518,4.920,10.550,0.467
2019-01-15,100.000,100.000,100.000,0.000,0.000,0.000,3.978,3.200,4.600,4.989,3.700,6.600,703.500,702.900,704.000,0.500,9.000,9.000,0.473,0.320,0.800,0.352,0.317,0.100,0.378,0.190,84.778,0.700,0.800,0.620,4.010,10.540,0.380
2019-01-16,100.000,100.000,100.000,0.000,0.000,0.000,3.978,3.000,4.800,7.022,6.300,8.200,701.867,700.700,702.700,10.000,9.000,9.000,1.000,1.000,1.000,1.000,0.508,0.000,0.508,0.330,99.333,0.256,4.800,0.719,3.040,10.530,0.289
2019-01-17,21.778,2.000,60.000,26.531,6.640,46.270,3.056,-0.400,6.300,3.567,1.300,6.100,702.822,701.200,705.200,0.000,9.000,9.000,0.450,0.340,0.590,0.443,0.046,0.003,0.049,0.010,87.889,-1.133,0.100,0.812,2.030,10.520,0.193
2019-01-18,77.222,22.000,99.000,4.950,0.140,20.010,2.911,0.800,5.000,8.578,3.200,11.400,703.178,702.100,703.800,0.000,9.000,9.000,0.163,0.130,0.250,0.154,0.029,0.000,0.029,0.000,75.222,-0.122,0.000,0.893,0.980,10.510,0.093
2019-01-19,100.000,100.000,100.000,0.000,0.000,0.000,3.956,3.600,4.300,6.089,3.100,8.000,703.078,702.700,703.800,3.000,9.000,9.000,0.822,0.650,0.970,0.793,0.419,0.000,0.419,0.300,85.889,2.044,0.000,0.954,0.000,10.500,0.000
2019-01-20,100.000,100.000,100.000,0.000,0.000,0.000,3.011,2.500,3.500,3.467,2.500,4.200,702.022,701.000,702.600,14.500,9.000,9.000,1.000,1.000,1.000,0.998,0.861,0.003,0.861,0.770,97.111,-0.600,10.800,0.991,0.000,10.490,0.000
2019-01-21,100.000,100.000,100.000,0.000,0.000,0.000,-0.989,-1.300,-0.800,7.100,5.900,9.200,700.411,699.800,701.000,0.000,9.000,9.000,0.519,0.220,0.950,0.511,0.087,0.001,0.088,0.060,97.222,-1.622,2.000,0.999,0.000,10.480,0.000
2019-01-22,98.000,94.000,100.000,0.241,0.000,0.730,-3.356,-4.200,-2.600,7.044,5.800,8.700,697.922,697.500,698.800,0.000,9.000,9.000,0.202,0.170,0.250,0.193,0.099,0.000,0.099,0.060,76.889,-3.122,1.200,0.977,0.000,10.470,0.000
2019-01-23,98.333,96.000,100.000,0.200,0.000,0.480,-3.089,-4.400,-2.300,9.133,7.900,9.900,699.289,698.900,699.700,0.000,9.000,9.000,0.211,0.140,0.300,0.207,0.078,0.000,0.078,0.020,84.000,-2.400,1.400,0.926,1.050,10.450,0.101
2019-01-24,97.556,90.000,100.000,0.299,0.000,1.240,-2.733,-3.700,-1.900,6.711,6.100,8.000,701.100,700.700,701.300,0.000,9.000,9.000,0.093,0.010,0.160,0.089,0.010,0.000,0.010,0.000,87.333,-2.522,0.000,0.851,2.120,10.440,0.203
2019-01-25,84.000,65.000,100.000,2.186,0.000,5.070,-2.556,-3.700,-1.600,5.800,4.200,6.500,701.700,700.900,702.300,0.000,9.000,9.000,0.204,0.170,0.250,0.199,0.060,0.000,0.060,0.010,71.778,-2.156,2.100,0.758,3.150,10.430,0.302
2019-01-26,99.667,99.000,100.000,0.040,0.000,0.120,-1.322,-1.500,-0.700,10.578,7.900,12.000,700.700,700.300,701.300,0.000,9.000,9.000,0.549,0.390,0.640,0.541,0.203,0.000,0.203,0.180,81.222,-2.989,1.900,0.655,4.130,10.420,0.397
2019-01-27,96.000,91.000,99.000,0.487,0.120,1.110,-3.189,-3.600,-2.700,10.144,8.600,12.300,700.133,699.800,700.500,0.000,9.000,9.000,0.108,0.010,0.170,0.102,0.029,0.000,0.029,0.000,79.111,-3.700,0.100,0.547,5.090,10.400,0.489
2019-01-28,36.556,33.000,44.000,13.377,10.870,14.700,1.900,0.500,3.100,4.211,2.800,6.000,702.478,702.100,702.800,0.000,9.000,9.000,0.159,0.140,0.170,0.151,0.054,0.000,0.054,0.010,86.889,-1.056,0.400,0.441,6.020,10.390,0.580
2019-01-29,6.889,6.000,10.000,34.212,29.570,35.820,8.044,6.700,9.000,4.089,3.300,4.700,704.400,704.100,704.700,0.000,9.000,9.000,0.299,0.150,0.890,0.289,0.036,0.000,0.036,0.010,89.111,1.222,0.000,0.340,6.940,10.380,0.669
2019-01-30,8.778,7.000,12.000,31.259,27.530,33.670,6.867,6.500,7.200,7.800,7.300,8.600,703.800,702.700,704.500,0.000,9.000,9.000,0.042,0.030,0.070,0.034,0.000,0.000,0.000,0.000,80.000,0.767,0.000,0.248,7.840,10.360,0.756
2019-01-31,64.889,49.000,100.000,6.497,0.000,9.770,3.378,0.600,5.100,6.200,2.800,7.800,703.533,702.500,704.300,0.000,9.000,9.000,0.333,0.250,0.440,0.332,0.101,0.000,0.101,0.070,82.222,2.089,1.300,0.168,8.710,10.350,0.842
2019-02-01,96.000,64.000,100.000,0.683,0.000,6.150,1.289,0.400,2.900,9.333,5.100,12.300,702.689,702.200,703.100,0.000,9.000,9.000,0.381,0.250,0.610,0.378,0.068,0.000,0.068,0.020,86.556,0.456,0.000,0.102,9.550,10.330,0.925
2019-02-02,8.444,5.000,18.000,33.108,22.690,37.620,7.700,6.600,8.400,8.367,8.100,8.900,704.000,703.400,704.400,0.000,9.000,9.000,0.133,0.040,0.200,0.130,0.008,0.000,0.008,0.000,81.444,1.478,0.000,0.052,10.320,10.320,1.000
2019-02-03,32.778,4.000,100.000,21.581,0.000,40.070,6.667,4.200,8.700,3.911,0.900,6.300,705.244,704.600,705.900,0.000,9.000,9.000,0.194,0.160,0.280,0.156,0.074,0.014,0.088,0.060,87.333,2.900,0.000,0.018,10.300,10.300,1.000
2019-02-04,83.556,74.000,100.000,2.599,0.000,4.220,3.689,3.000,4.100,6.633,6.000,7.400,703.089,702.000,704.000,0.000,9.000,9.000,0.593,0.390,0.950,0.482,0.292,0.023,0.306,0.170,92.000,2.756,12.300,0.002,10.290,10.290,1.000
2019-02-05,99.111,92.000,100.000,0.128,0.000,1.150,0.900,0.000,2.300,7.667,4.300,10.500,700.589,699.900,701.200,0.000,9.000,9.000,0.154,0.010,0.310,0.140,0.019,0.000,0.019,0.000,74.667,1.367,0.000,0.003,10.270,10.270,1.000
2019-02-06,17.667,11.000,24.000,22.676,19.080,27.950,4.000,2.300,6.100,8.344,7.800,9.300,701.622,701.300,701.900,0.000,9.000,9.000,0.206,0.100,0.270,0.200,0.010,0.000,0.010,0.000,87.000,2.022,0.000,0.023,10.250,10.250,1.000
2019-02-07,38.667,25.000,52.000,13.099,8.770,18.300,2.844,1.000,4.400,7.322,6.400,8.400,701.233,700.600,701.800,0.000,9.000,9.000,0.077,0.010,0.160,0.067,0.016,0.000,0.016,0.000,57.667,2.022,0.200,0.060,9.500,10.240,0.928
2019-02-08,99.444,97.000,100.000,0.072,0.000,0.370,0.678,-0.500,1.700,10.589,6.300,12.000,700.600,700.300,701.500,0.000,9.000,9.000,0.118,0.020,0.170,0.109,0.032,0.000,0.032,0.000,71.000,0.544,0.100,0.112,8.650,10.220,0.846
2019-02-09,97.111,82.000,100.000,0.436,0.000,2.750,2.511,1.900,3.200,8.644,5.800,10.900,703.611,702.800,704.100,0.000,9.000,9.000,0.220,0.180,0.270,0.213,0.080,0.000,0.080,0.020,76.778,1.633,0.800,0.180,7.800,10.200,0.764
2019-02-10,100.000,100.000,100.000,0.000,0.000,0.000,1.733,1.200,2.300,7.644,6.500,8.200,706.267,705.700,706.700,0.000,9.000,9.000,0.212,0.160,0.260,0.204,0.026,0.000,0.026,0.010,77.111,1.733,0.000,0.261,6.930,10.190,0.681
2019-02-11,81.889,65.000,100.000,2.940,0.000,5.950,3.189,2.600,3.900,6.933,5.700,7.900,707.111,706.200,707.800,0.000,9.000,9.000,0.214,0.170,0.300,0.209,0.034,0.000,0.034,0.010,81.222,1.000,0.000,0.352,6.050,10.170,0.595
2019-02-12,66.111,49.000,100.000,6.241,0.000,9.780,3.656,2.900,4.800,7.056,6.600,7.500,707.122,706.200,707.500,0.000,9.000,9.000,0.166,0.110,0.230,0.159,0.011,0.000,0.011,0.000,88.333,2.756,0.000,0.452,5.120,10.150,0.504
2019-02-13,97.667,87.000,100.000,0.349,0.000,1.970,3.233,2.300,3.800,8.567,8.100,8.900,705.300,704.300,706.000,0.000,9.000,9.000,0.251,0.170,0.380,0.244,0.052,0.000,0.052,0.000,85.222,2.911,0.000,0.557,4.150,10.130,0.410
2019-02-14,48.222,23.000,88.000,11.149,1.800,19.190,3.222,2.700,3.600,6.389,5.700,7.800,705.333,704.400,705.900,0.000,9.000,9.000,0.422,0.250,0.590,0.148,0.291,0.200,0.425,0.149,78.778,2.578,0.000,0.663,3.140,10.110,0.311
2019-02-15,100.000,100.000,100.000,0.000,0.000,0.000,1.822,0.900,2.700,7.233,5.600,7.800,704.211,703.500,704.900,0.000,9.000,9.000,0.374,0.110,0.700,0.179,0.051,0.196,0.241,0.040,76.889,3.156,0.000,0.764,2.110,10.100,0.209
2019-02-16,82.778,67.000,100.000,2.721,0.000,5.520,2.189,1.900,2.700,6.411,5.800,7.300,702.456,701.700,703.100,0.000,9.000,9.000,0.931,0.820,0.990,0.216,0.657,0.819,0.948,0.857,82.111,2.522,0.700,0.855,1.080,10.080,0.107
2019-02-17,77.889,50.000,99.000,3.848,0.140,9.570,4.511,3.100,5.100,4.600,3.200,5.400,703.222,702.200,703.900,0.000,9.000,9.000,0.776,0.470,0.980,0.249,0.420,0.634,0.767,0.339,83.000,1.756,0.600,0.928,0.080,10.060,0.008
2019-02-18,100.000,100.000,100.000,0.000,0.000,0.000,3.111,2.500,4.300,9.067,6.900,11.300,702.511,701.400,703.100,1.000,9.000,9.000,0.552,0.400,0.740,0.164,0.229,0.418,0.550,0.360,83.111,2.367,0.000,0.978,0.000,10.040,0.000
2019-02-19,100.000,100.000,100.000,0.000,0.000,0.000,3.578,2.800,4.000,7.744,7.100,8.500,705.967,705.100,706.600,0.500,9.000,9.000,0.378,0.030,0.690,0.019,0.338,0.246,0.451,0.020,75.556,3.544,0.000,0.999,0.000,10.020,0.000
2019-02-20,88.556,55.000,100.000,1.984,0.000,8.270,3.178,2.600,4.500,4.422,1.300,6.000,705.922,704.900,706.400,0.000,9.000,9.000,0.140,0.090,0.210,0.129,0.022,0.000,0.022,0.000,80.000,2.933,0.000,0.989,0.000,10.000,0.000
2019-02-21,78.444,71.000,91.000,3.418,1.320,4.750,2.878,2.400,3.300,7.633,5.700,9.000,702.700,701.800,703.300,0.000,9.000,9.000,0.203,0.110,0.330,0.144,0.054,0.049,0.102,0.000,84.333,1.144,0.000,0.950,0.580,9.980,0.058
2019-02-22,99.889,99.000,100.000,0.016,0.000,0.140,3.522,2.800,4.100,6.622,4.600,9.800,701.967,700.300,702.800,0.000,9.000,9.000,0.407,0.340,0.530,0.400,0.123,0.000,0.123,0.080,77.889,2.756,1.300,0.886,1.630,9.960,0.164
2019-02-23,99.778,98.000,100.000,0.031,0.000,0.280,1.933,0.900,3.000,6.856,6.000,7.900,700.222,699.600,700.700,4.500,9.000,9.000,0.854,0.740,0.950,0.583,0.739,0.047,0.752,0.558,93.111,0.333,3.200,0.803,2.640,9.940,0.266
2019-02-24,100.000,100.000,100.000,0.000,0.000,0.000,3.800,3.000,4.200,6.633,4.800,8.900,700.356,699.600,700.900,6.000,9.000,9.000,1.000,1.000,1.000,1.000,0.410,0.000,0.410,0.260,100.000,1.378,5.000,0.707,3.620,9.920,0.365
2019-02-25,97.222,90.000,100.000,0.403,0.000,1.470,1.456,0.900,1.900,6.756,5.900,7.900,701.356,700.500,702.000,0.000,9.000,9.000,0.312,0.190,0.560,0.296,0.158,0.000,0.158,0.060,82.111,1.011,0.200,0.605,4.580,9.900,0.462
2019-02-26,75.000,47.000,91.000,4.287,1.330,10.360,3.089,1.900,4.500,6.644,6.100,7.100,702.678,701.900,703.300,0.000,9.000,9.000,0.473,0.090,0.930,0.133,0.107,0.388,0.421,0.000,69.889,3.000,0.000,0.502,5.510,9.880,0.558
2019-02-27,89.444,63.000,100.000,1.703,0.000,6.400,3.511,2.900,4.300,6.278,5.300,7.000,702.311,701.300,702.900,0.000,9.000,9.000,0.053,0.010,0.120,0.030,0.011,0.016,0.026,0.000,84.889,1.867,0.000,0.402,6.410,9.860,0.650
2019-02-28,99.111,96.000,100.000,0.128,0.000,0.580,2.744,2.100,3.200,5.944,4.700,7.200,702.533,701.900,702.900,0.000,9.000,9.000,0.214,0.170,0.360,0.206,0.049,0.000,0.049,0.000,84.333,2.644,0.000,0.309,7.270,9.830,0.739
2019-03-01,56.000,51.000,61.000,8.063,6.860,9.280,4.589,4.100,5.300,5.311,4.800,6.300,702.689,701.100,703.600,0.000,9.000,9.000,0.203,0.060,0.420,0.098,0.122,0.000,0.122,0.010,72.556,2.011,0.000,0.224,8.080,9.810,0.823
2019-03-02,46.222,24.000,73.000,11.423,4.420,18.940,4.700,4.400,5.000,6.544,4.800,7.400,700.067,697.900,701.100,0.000,9.000,9.000,0.122,0.070,0.190,0.111,0.016,0.000,0.016,0.000,77.667,3.367,0.000,0.150,8.840,9.790,0.903
2019-03-03,89.222,64.000,100.000,1.614,0.000,6.020,0.389,-1.100,2.100,7.656,6.500,10.400,697.278,696.700,697.800,0.500,9.000,9.000,0.290,0.010,0.790,0.107,0.257,0.000,0.257,0.000,94.556,0.878,0.100,0.089,9.540,9.770,0.977
2019-03-04,17.444,3.000,44.000,26.950,11.090,42.540,4.656,2.900,7.100,4.467,2.900,7.200,701.100,699.600,702.000,0.000,9.000,9.000,0.973,0.850,1.000,0.184,0.467,0.937,0.956,0.789,62.333,2.378,0.000,0.043,9.750,9.750,1.000
2019-03-05,98.000,83.000,100.000,0.303,0.000,2.590,3.256,1.500,4.700,8.044,6.000,10.100,699.878,698.900,700.400,9.500,9.000,9.000,0.613,0.320,0.900,0.484,0.373,0.051,0.403,0.306,85.111,0.922,5.800,0.014,9.720,9.720,1.000
2019-03-06,100.000,100.000,100.000,0.000,0.000,0.000,4.600,4.400,4.800,8.256,4.500,11.700,700.156,699.800,700.600,52.500,9.000,9.000,1.000,1.000,1.000,0.938,0.968,0.456,0.979,0.928,97.667,1.478,13.700,0.001,9.700,9.700,1.000
2019-03-07,100.000,100.000,100.000,0.000,0.000,0.000,3.244,2.800,3.900,4.078,2.900,4.800,700.067,699.100,701.100,20.500,9.000,9.000,1.000,1.000,1.000,1.000,0.880,0.126,0.896,0.805,100.000,-2.989,18.900,0.007,9.680,9.680,1.000
2019-03-08,100.000,100.000,100.000,0.000,0.000,0.000,3.033,2.400,4.100,3.378,0.300,6.600,700.378,699.300,701.100,15.500,9.000,9.000,0.940,0.670,1.000,0.836,0.798,0.031,0.798,0.400,98.333,-0.889,4.200,0.032,9.520,9.650,0.987
2019-03-09,100.000,100.000,100.000,0.000,0.000,0.000,5.533,4.200,6.500,9.589,7.300,11.200,697.889,696.500,698.800,48.000,9.000,9.000,0.990,0.960,1.000,0.983,0.768,0.072,0.793,0.355,99.000,3.744,37.600,0.074,8.650,9.630,0.899
2019-03-10,100.000,100.000,100.000,0.000,0.000,0.000,1.600,1.300,1.800,9.511,6.200,11.600,697.600,695.900,698.400,6.000,9.000,9.000,0.912,0.680,1.000,0.762,0.763,0.000,0.763,0.560,97.667,1.300,7.500,0.134,7.770,9.610,0.808
2019-03-11,100.000,100.000,100.000,0.000,0.000,0.000,-0.022,-0.800,0.600,7.378,7.000,7.800,697.478,696.700,697.800,0.000,9.000,9.000,0.999,0.990,1.000,0.999,0.220,0.000,0.220,0.140,94.111,-0.256,3.100,0.209,6.850,9.580,0.715
2019-03-12,87.556,58.000,100.000,2.019,0.000,7.360,0.200,-0.400,1.200,4.100,2.900,5.700,701.256,701.100,701.500,0.000,9.000,9.000,0.283,0.190,0.780,0.269,0.091,0.000,0.091,0.000,77.333,1.533,0.000,0.298,5.910,9.560,0.618
2019-03-13,99.778,98.000,100.000,0.027,0.000,0.240,-0.111,-0.500,0.400,5.389,2.900,7.600,702.944,702.100,703.600,1.000,9.000,9.000,0.940,0.910,0.960,0.924,0.246,0.000,0.246,0.170,88.111,-0.944,0.000,0.398,4.930,9.540,0.517
2019-03-14,100.000,100.000,100.000,0.000,0.000,0.000,2.100,2.000,2.300,6.211,5.000,8.100,703.289,702.600,703.700,0.000,9.000,9.000,0.677,0.240,0.980,0.580,0.568,0.000,0.568,0.140,88.667,1.500,2.200,0.505,3.930,9.510,0.413
2019-03-15,100.000,100.000,100.000,0.000,0.000,0.000,3.244,3.100,3.400,4.844,4.100,5.500,702.689,701.900,703.300,2.000,9.000,9.000,1.000,1.000,1.000,1.000,0.382,0.000,0.382,0.300,92.444,-0.089,2.700,0.615,2.920,9.490,0.308
2019-03-16,100.000,100.000,100.000,0.000,0.000,0.000,3.333,3.100,3.600,7.444,6.100,8.400,702.867,702.300,703.500,8.500,9.000,9.000,0.997,0.970,1.000,0.991,0.441,0.000,0.441,0.300,90.000,0.767,2.000,0.722,1.940,9.460,0.205
2019-03-17,100.000,100.000,100.000,0.000,0.000,0.000,3.489,2.700,4.200,6.322,4.900,7.600,703.178,702.100,704.000,0.000,9.000,9.000,0.320,0.190,0.870,0.233,0.184,0.000,0.184,0.110,95.333,1.511,0.000,0.820,1.000,9.440,0.106
2019-03-18,98.667,95.000,100.000,0.193,0.000,0.730,3.900,3.700,4.200,5.656,4.300,7.800,702.556,701.700,703.100,0.000,9.000,9.000,0.042,0.020,0.070,0.031,0.012,0.000,0.012,0.000,78.444,3.233,0.000,0.902,0.130,9.420,0.014
2019-03-19,83.111,79.000,86.000,2.618,2.130,3.320,4.144,3.900,4.400,6.133,3.500,8.800,703.367,702.400,704.000,0.000,9.000,9.000,0.133,0.060,0.170,0.124,0.000,0.000,0.000,0.000,66.222,4.522,0.000,0.961,0.000,9.390,0.000
2019-03-20,65.667,64.000,69.000,5.963,5.280,6.340,6.267,5.700,6.700,8.233,7.700,8.900,703.711,702.600,704.500,0.000,9.000,9.000,0.003,0.000,0.020,0.001,0.000,0.000,0.000,0.000,48.222,5.989,0.000,0.993,0.000,9.370,0.000
2019-03-21,73.444,36.000,100.000,4.980,0.000,14.090,5.122,2.000,7.200,5.600,4.200,7.800,702.544,701.300,703.500,0.000,9.000,9.000,0.001,0.000,0.010,0.000,0.001,0.000,0.001,0.000,41.333,5.200,0.000,0.996,0.000,9.340,0.000
2019-03-22,100.000,100.000,100.000,0.000,0.000,0.000,4.811,4.400,5.200,6.456,3.500,9.100,701.967,701.700,702.300,0.500,9.000,9.000,0.386,0.280,0.470,0.347,0.171,0.020,0.187,0.080,85.556,3.867,0.200,0.970,0.110,9.310,0.011
2019-03-23,100.000,100.000,100.000,0.000,0.000,0.000,4.544,3.800,5.200,6.933,5.500,8.100,702.389,702.000,703.300,7.000,9.000,9.000,1.000,1.000,1.000,1.000,0.404,0.000,0.404,0.220,98.889,0.367,1.600,0.919,1.130,9.290,0.122
2019-03-24,100.000,100.000,100.000,0.000,0.000,0.000,3.922,3.700,4.100,4.678,3.900,5.500,702.256,701.300,703.000,0.000,9.000,9.000,0.959,0.870,1.000,0.948,0.440,0.000,0.440,0.030,98.111,0.856,2.000,0.848,2.130,9.260,0.230
2019-03-25,26.333,11.000,100.000,21.397,0.000,28.510,5.456,2.300,6.800,4.322,3.100,6.800,703.478,701.900,704.400,0.000,9.000,9.000,0.054,0.000,0.100,0.048,0.004,0.000,0.004,0.000,79.889,1.978,0.000,0.762,3.110,9.240,0.337
2019-03-26,57.444,43.000,73.000,7.886,4.410,11.600,4.633,3.900,5.400,4.389,3.400,5.500,705.667,704.900,706.300,0.000,9.000,9.000,0.417,0.110,0.630,0.142,0.001,0.282,0.283,0.000,65.556,3.889,0.000,0.668,4.050,9.210,0.440
2019-03-27,59.222,38.000,77.000,7.677,3.690,13.280,5.233,4.600,6.100,9.100,7.500,11.300,703.056,701.700,704.100,0.000,9.000,9.000,0.432,0.160,0.820,0.071,0.000,0.367,0.367,0.000,58.000,3.978,0.000,0.570,4.950,9.190,0.539
2019-03-28,58.222,53.000,68.000,7.604,5.440,8.820,5.544,5.100,6.000,8.000,7.500,8.400,701.133,699.900,702.000,0.000,9.000,9.000,0.002,0.000,0.020,0.001,0.000,0.000,0.000,0.000,51.556,4.056,0.000,0.472,5.800,9.160,0.633
2019-03-29,100.000,100.000,100.000,0.000,0.000,0.000,4.267,3.200,5.400,8.556,5.500,10.500,700.111,699.800,700.400,14.000,9.000,9.000,0.796,0.460,1.000,0.712,0.541,0.483,0.637,0.080,84.444,3.489,2.500,0.377,6.590,9.130,0.721
2019-03-30,99.667,98.000,100.000,0.048,0.000,0.290,3.222,2.200,3.800,5.667,4.200,6.600,702.311,701.700,702.900,0.500,9.000,9.000,0.916,0.420,1.000,0.754,0.173,0.780,0.808,0.306,83.444,4.467,2.000,0.287,7.310,9.110,0.803
2019-03-31,99.667,97.000,100.000,0.048,0.000,0.430,3.811,3.200,4.300,7.189,5.800,8.800,703.611,702.800,704.500,1.000,9.000,9.000,1.000,1.000,1.000,1.000,0.182,0.000,0.182,0.140,95.889,1.989,2.400,0.206,7.980,9.080,0.879
2019-04-01,100.000,100.000,100.000,0.000,0.000,0.000,4.289,3.700,5.000,6.500,4.700,8.100,703.411,702.500,704.300,3.500,9.000,9.000,1.000,1.000,1.000,1.000,0.217,0.113,0.291,0.100,96.778,0.978,2.100,0.136,8.610,9.060,0.950
2019-04-02,100.000,100.000,100.000,0.000,0.000,0.000,4.356,4.200,4.700,5.878,3.700,7.800,703.344,702.800,703.700,0.000,9.000,9.000,0.891,0.650,0.980,0.873,0.178,0.003,0.180,0.070,95.000,2.200,0.000,0.078,9.030,9.030,1.000
2019-04-03,99.667,98.000,100.000,0.048,0.000,0.290,4.778,4.400,5.000,4.856,3.400,6.100,703.922,702.900,704.600,0.500,9.000,9.000,0.674,0.280,0.990,0.664,0.092,0.013,0.104,0.040,96.667,3.189,0.000,0.035,9.000,9.000,1.000
2019-04-04,100.000,100.000,100.000,0.000,0.000,0.000,5.622,5.200,6.200,6.756,5.900,8.500,702.944,701.900,703.900,1.000,9.000,9.000,0.724,0.480,0.930,0.421,0.386,0.188,0.481,0.184,93.889,2.933,0.000,0.009,8.980,8.980,1.000
2019-04-05,99.444,98.000,100.000,0.079,0.000,0.290,3.800,2.900,4.600,9.189,7.400,10.700,701.667,700.800,702.500,0.500,9.000,9.000,0.304,0.140,0.490,0.157,0.000,0.162,0.162,0.000,73.000,4.344,0.000,0.002,8.950,8.950,1.000
2019-04-06,64.667,60.000,71.000,6.098,4.780,7.110,4.389,3.900,4.800,7.844,7.200,8.800,702.000,701.500,702.600,0.000,9.000,9.000,0.074,0.030,0.160,0.022,0.008,0.039,0.047,0.000,57.444,4.944,0.000,0.014,8.920,8.920,1.000
2019-04-07,79.889,65.000,90.000,3.258,1.510,6.080,6.100,5.300,6.600,4.489,3.000,6.000,703.056,701.900,704.100,0.000,9.000,9.000,0.168,0.040,0.380,0.049,0.029,0.100,0.123,0.000,68.444,5.711,0.000,0.047,8.450,8.890,0.950
2019-04-08,49.111,44.000,68.000,10.022,5.450,11.380,6.144,5.700,6.500,8.744,7.500,10.000,703.056,702.200,703.700,0.000,9.000,9.000,0.387,0.100,0.920,0.023,0.018,0.361,0.369,0.070,75.444,5.644,0.000,0.099,7.500,8.870,0.846
2019-04-09,61.667,58.000,66.000,6.879,5.950,7.740,7.000,6.100,7.600,9.833,8.800,11.200,702.856,702.200,703.300,0.000,9.000,9.000,0.000,0.000,0.000,0.000,0.000,0.000,0.000,0.000,58.778,5.944,0.000,0.170,6.520,8.840,0.738
2019-04-10,97.778,93.000,100.000,0.330,0.000,1.050,6.289,5.600,7.000,8.867,8.000,9.900,701.411,700.200,702.300,0.000,9.000,9.000,0.242,0.180,0.420,0.170,0.026,0.050,0.073,0.010,69.444,6.678,0.000,0.257,5.530,8.810,0.627
2019-04-11,100.000,100.000,100.000,0.000,0.000,0.000,6.489,6.100,6.800,6.989,6.000,8.800,702.189,701.300,703.200,4.000,9.000,9.000,0.652,0.280,0.990,0.478,0.123,0.386,0.474,0.080,97.778,4.978,0.200,0.357,4.530,8.790,0.516
2019-04-12,100.000,100.000,100.000,0.000,0.000,0.000,6.300,5.700,6.900,6.678,4.700,9.200,703.111,701.800,703.800,12.000,9.000,9.000,0.957,0.620,1.000,0.920,0.804,0.264,0.826,0.506,93.556,4.800,5.100,0.466,3.560,8.760,0.407
2019-04-13,100.000,100.000,100.000,0.000,0.000,0.000,5.722,5.000,6.400,5.556,4.200,7.700,703.544,702.800,704.400,0.500,9.000,9.000,0.896,0.590,1.000,0.814,0.348,0.346,0.523,0.000,96.333,3.800,0.000,0.579,2.640,8.730,0.302
2019-04-14,100.000,100.000,100.000,0.000,0.000,0.000,6.078,5.800,6.400,6.400,5.100,8.200,702.400,701.000,703.300,0.000,9.000,9.000,0.903,0.300,1.000,0.393,0.250,0.743,0.795,0.180,94.000,4.422,1.400,0.689,1.770,8.700,0.204
2019-04-15,100.000,100.000,100.000,0.000,0.000,0.000,6.611,6.400,6.900,5.422,3.200,8.100,702.256,700.600,703.200,34.500,9.000,9.000,0.996,0.960,1.000,0.981,0.592,0.428,0.659,0.150,96.889,3.600,2.000,0.791,0.970,8.680,0.111
2019-04-16,100.000,100.000,100.000,0.000,0.000,0.000,5.344,4.800,5.600,10.778,9.900,11.300,699.789,698.800,700.700,0.000,9.000,9.000,0.864,0.760,0.980,0.752,0.132,0.207,0.263,0.010,98.222,3.333,1.300,0.878,0.210,8.650,0.024
2019-04-17,3.889,3.000,6.000,40.996,35.580,43.440,9.489,8.100,10.200,3.333,0.800,5.700,701.878,700.800,702.700,0.000,9.000,9.000,0.194,0.170,0.230,0.187,0.000,0.001,0.001,0.000,74.444,4.822,0.000,0.944,0.000,8.620,0.000
2019-04-18,25.889,3.000,69.000,22.463,5.290,43.040,8.400,6.600,10.200,4.733,3.800,5.800,701.956,700.900,702.800,0.000,9.000,9.000,0.998,0.990,1.000,0.144,0.514,0.994,0.997,0.990,85.111,6.500,0.100,0.985,0.000,8.590,0.000
2019-04-19,100.000,100.000,100.000,0.000,0.000,0.000,5.867,5.500,6.300,8.456,5.700,11.900,700.367,699.700,701.500,25.000,9.000,9.000,0.998,0.980,1.000,0.719,0.974,0.943,0.997,0.975,93.111,3.833,12.900,0.998,0.000,8.570,0.000
2019-04-20,100.000,100.000,100.000,0.000,0.000,0.000,6.922,5.500,8.000,7.044,5.000,10.300,700.467,698.600,701.600,30.500,9.000,9.000,0.838,0.670,0.950,0.583,0.494,0.301,0.678,0.479,87.111,5.478,0.100,0.985,0.000,8.540,0.000
2019-04-21,100.000,100.000,100.000,0.000,0.000,0.000,7.856,7.400,8.100,5.989,5.100,7.200,702.078,701.500,702.500,2.500,9.000,9.000,0.819,0.620,0.970,0.422,0.292,0.658,0.762,0.449,88.889,5.089,0.200,0.947,0.590,8.510,0.070
2019-04-22,98.333,93.000,100.000,0.253,0.000,1.070,8.522,8.000,9.000,6.444,5.000,8.000,703.611,702.600,704.500,1.500,9.000,9.000,0.893,0.540,1.000,0.376,0.057,0.882,0.884,0.520,92.111,6.333,0.000,0.889,1.570,8.490,0.185
2019-04-23,89.222,69.000,99.000,1.773,0.150,5.380,8.256,7.800,8.700,6.656,5.600,8.000,703.900,703.000,704.600,0.000,9.000,9.000,0.334,0.060,0.620,0.022,0.019,0.303,0.314,0.020,68.222,7.700,0.000,0.815,2.520,8.460,0.298
2019-04-24,37.444,31.000,48.000,13.922,10.440,16.260,9.378,9.000,10.200,8.356,7.200,9.900,703.100,701.900,704.000,0.000,9.000,9.000,0.123,0.000,0.360,0.000,0.000,0.117,0.117,0.000,38.333,8.478,0.000,0.730,3.410,8.430,0.404
2019-04-25,66.889,44.000,98.000,6.311,0.290,11.440,6.944,6.300,7.800,8.200,7.600,8.800,702.467,701.600,703.400,0.000,9.000,9.000,0.550,0.110,0.960,0.047,0.127,0.462,0.534,0.030,46.111,7.178,0.000,0.639,4.240,8.400,0.504
2019-04-26,85.889,63.000,100.000,2.386,0.000,6.670,7.211,6.000,9.000,4.678,2.500,7.700,704.378,703.400,705.500,0.000,9.000,9.000,0.997,0.990,1.000,0.692,0.671,0.977,0.985,0.910,86.889,7.056,0.000,0.544,5.000,8.380,0.596
2019-04-27,97.444,92.000,100.000,0.387,0.000,1.210,7.344,6.900,8.300,2.411,0.400,4.000,704.611,703.800,705.600,1.000,9.000,9.000,0.966,0.820,1.000,0.384,0.261,0.954,0.966,0.834,90.778,5.200,0.000,0.448,5.690,8.350,0.681
2019-04-28,72.222,48.000,100.000,5.058,0.000,10.390,7.356,6.300,8.400,4.967,4.100,6.100,703.822,702.600,704.700,0.000,9.000,9.000,0.187,0.060,0.900,0.178,0.009,0.000,0.009,0.000,89.444,4.800,0.000,0.356,6.330,8.320,0.760
2019-04-29,58.222,39.000,67.000,7.877,5.760,13.140,8.133,7.300,8.800,5.922,5.100,7.000,702.667,701.200,703.500,0.000,9.000,9.000,0.041,0.000,0.120,0.018,0.000,0.019,0.019,0.000,84.778,5.378,0.000,0.268,6.920,8.300,0.834
2019-04-30,100.000,100.000,100.000,0.000,0.000,0.000,7.633,6.800,8.200,7.778,5.100,11.000,699.778,698.600,700.700,13.000,9.000,9.000,0.954,0.880,1.000,0.548,0.530,0.623,0.936,0.770,83.333,5.833,4.300,0.189,7.490,8.270,0.906
2019-05-01,100.000,100.000,100.000,0.000,0.000,0.000,7.211,6.900,7.400,5.100,3.200,6.900,700.422,699.800,701.000,5.000,9.000,9.000,1.000,1.000,1.000,0.999,0.486,0.420,0.596,0.280,94.444,4.878,3.400,0.120,8.050,8.250,0.976
2019-05-02,100.000,100.000,100.000,0.000,0.000,0.000,6.867,6.600,7.100,5.600,3.400,8.000,700.967,700.300,701.600,34.500,9.000,9.000,1.000,1.000,1.000,0.998,0.887,0.310,0.960,0.824,99.333,2.500,10.600,0.064,8.220,8.220,1.000
2019-05-03,100.000,100.000,100.000,0.000,0.000,0.000,6.267,5.800,6.500,4.689,3.500,6.300,702.300,701.600,703.200,0.500,9.000,9.000,0.970,0.930,1.000,0.963,0.203,0.043,0.231,0.060,91.778,3.244,0.400,0.025,8.190,8.190,1.000
2019-05-04,100.000,100.000,100.000,0.000,0.000,0.000,5.244,4.700,6.200,5.944,3.800,7.500,700.967,700.300,701.600,0.000,9.000,9.000,0.938,0.760,1.000,0.860,0.198,0.524,0.637,0.392,91.667,3.356,0.400,0.004,8.170,8.170,1.000
2019-05-05,100.000,100.000,100.000,0.000,0.000,0.000,6.811,6.500,7.200,1.400,0.700,4.000,700.178,698.900,701.100,5.500,9.000,9.000,0.997,0.990,1.000,0.978,0.982,0.551,0.989,0.964,97.000,3.300,4.500,0.005,8.140,8.140,1.000
2019-05-06,100.000,100.000,100.000,0.000,0.000,0.000,7.544,5.500,8.600,3.189,1.200,4.500,699.278,698.400,700.000,28.000,9.000,9.000,1.000,1.000,1.000,0.936,0.953,0.234,0.957,0.740,99.778,2.078,21.700,0.028,8.120,8.120,1.000
2019-05-07,100.000,100.000,100.000,0.000,0.000,0.000,7.933,7.300,8.300,5.656,4.100,6.600,699.789,699.100,700.500,5.500,9.000,9.000,1.000,1.000,1.000,0.998,0.198,0.000,0.198,0.090,96.778,3.644,1.600,0.074,7.190,8.090,0.888
2019-05-08,100.000,100.000,100.000,0.000,0.000,0.000,8.056,7.900,8.200,4.444,3.400,5.900,700.089,699.100,700.600,1.000,9.000,9.000,0.994,0.980,1.000,0.977,0.814,0.204,0.849,0.619,94.444,4.844,3.200,0.141,6.180,8.070,0.766
2019-05-09,100.000,100.000,100.000,0.000,0.000,0.000,9.544,9.400,9.700,3.900,2.000,5.600,700.567,700.100,701.100,20.500,9.000,9.000,0.990,0.950,1.000,0.976,0.753,0.060,0.755,0.470,96.111,5.767,4.400,0.227,5.190,8.040,0.645
2019-05-10,91.222,80.000,97.000,1.370,0.450,3.260,7.567,7.100,8.600,4.133,1.500,5.400,701.978,700.700,702.700,0.500,9.000,9.000,0.949,0.770,1.000,0.942,0.104,0.000,0.104,0.050,94.222,6.211,0.000,0.327,4.250,8.020,0.531
2019-05-11,98.444,90.000,100.000,0.237,0.000,1.530,7.633,7.100,8.400,3.956,3.400,4.800,703.478,702.900,704.100,0.000,9.000,9.000,0.152,0.090,0.170,0.142,0.059,0.000,0.059,0.000,82.889,7.544,1.600,0.438,3.380,7.990,0.423
2019-05-12,80.000,53.000,100.000,3.558,0.000,9.060,8.289,7.800,8.700,5.533,3.300,6.400,703.600,702.700,704.500,0.000,9.000,9.000,0.377,0.060,0.920,0.336,0.081,0.000,0.081,0.060,88.000,7.133,0.000,0.552,2.580,7.970,0.324
2019-05-13,86.889,78.000,100.000,2.100,0.000,3.600,7.700,7.000,8.400,5.133,4.600,5.900,703.033,702.200,703.800,0.000,9.000,9.000,0.050,0.000,0.120,0.016,0.000,0.031,0.031,0.000,74.778,6.878,0.000,0.664,1.840,7.950,0.231
2019-05-14,94.000,66.000,100.000,1.014,0.000,5.990,7.656,7.200,8.400,6.144,5.700,6.900,703.211,702.500,703.900,0.000,9.000,9.000,0.484,0.170,0.860,0.206,0.019,0.356,0.367,0.130,84.111,6.867,0.000,0.768,1.140,7.920,0.143
2019-05-15,100.000,100.000,100.000,0.000,0.000,0.000,9.178,8.800,9.500,7.433,5.800,9.900,702.822,701.600,703.600,1.000,9.000,9.000,0.827,0.550,0.960,0.413,0.248,0.626,0.744,0.515,92.778,7.856,0.200,0.858,0.450,7.900,0.057
2019-05-16,100.000,100.000,100.000,0.000,0.000,0.000,9.922,9.500,10.200,6.933,5.300,8.700,701.122,699.600,702.100,5.000,9.000,9.000,0.999,0.990,1.000,0.742,0.314,0.983,0.987,0.955,91.556,7.833,1.100,0.927,0.000,7.880,0.000
2019-05-17,100.000,100.000,100.000,0.000,0.000,0.000,9.511,9.000,10.100,10.289,7.900,12.600,699.922,699.600,700.400,10.000,9.000,9.000,0.964,0.900,0.990,0.212,0.076,0.948,0.949,0.900,94.667,7.256,0.000,0.974,0.000,7.850,0.000
2019-05-18,100.000,100.000,100.000,0.000,0.000,0.000,10.189,9.800,10.500,7.567,5.000,9.200,701.956,701.200,702.500,12.500,9.000,9.000,0.961,0.880,1.000,0.786,0.101,0.767,0.782,0.350,93.889,7.989,0.000,0.997,0.000,7.830,0.000
2019-05-19,100.000,100.000,100.000,0.000,0.000,0.000,9.156,8.700,9.500,5.622,4.600,7.000,702.633,701.800,703.500,0.000,9.000,9.000,0.998,0.980,1.000,0.010,0.038,0.998,0.998,0.981,86.778,7.178,0.000,0.995,0.000,7.810,0.000
2019-05-20,99.778,99.000,100.000,0.033,0.000,0.150,9.844,9.500,10.100,3.822,2.500,5.800,701.989,701.400,702.400,10.000,9.000,9.000,1.000,1.000,1.000,0.984,0.300,0.937,0.954,0.905,99.333,6.744,2.900,0.969,0.000,7.790,0.000
2019-05-21,100.000,100.000,100.000,0.000,0.000,0.000,9.000,8.600,9.500,6.200,3.000,8.400,701.367,700.800,701.900,1.500,9.000,9.000,0.867,0.570,1.000,0.850,0.262,0.001,0.263,0.110,88.667,6.767,0.700,0.924,0.910,7.770,0.117
2019-05-22,100.000,100.000,100.000,0.000,0.000,0.000,8.267,7.800,8.900,5.233,4.100,6.400,701.422,701.200,701.900,7.000,9.000,9.000,0.814,0.570,1.000,0.758,0.320,0.009,0.325,0.240,95.333,5.511,0.000,0.863,1.780,7.750,0.230
2019-05-23,100.000,100.000,100.000,0.000,0.000,0.000,7.200,6.700,7.800,3.489,2.100,5.000,702.244,701.100,703.500,0.000,9.000,9.000,0.998,0.980,1.000,0.997,0.164,0.030,0.189,0.100,92.889,6.378,0.400,0.788,2.580,7.730,0.334
2019-05-24,97.444,85.000,100.000,0.399,0.000,2.370,7.522,7.100,8.000,2.656,1.000,4.800,703.244,702.200,704.200,0.000,9.000,9.000,0.853,0.420,1.000,0.820,0.150,0.163,0.286,0.069,86.333,6.456,0.000,0.704,3.310,7.710,0.430
2019-05-25,99.667,98.000,100.000,0.050,0.000,0.300,8.267,7.900,9.000,2.856,0.700,4.900,703.044,702.300,703.700,0.000,9.000,9.000,0.999,0.990,1.000,0.946,0.117,0.991,0.992,0.982,91.556,6.678,0.000,0.613,3.980,7.690,0.517
2019-05-26,97.222,92.000,100.000,0.426,0.000,1.240,8.833,8.500,9.500,4.267,3.400,5.400,703.033,702.100,703.900,0.000,9.000,9.000,0.997,0.980,1.000,0.837,0.662,0.979,0.993,0.980,91.111,8.200,4.600,0.519,4.590,7.670,0.598
2019-05-27,100.000,100.000,100.000,0.000,0.000,0.000,9.044,9.000,9.100,2.689,0.400,4.800,703.022,702.700,703.400,2.000,9.000,9.000,0.998,0.990,1.000,0.733,0.482,0.951,0.983,0.963,93.889,5.989,1.600,0.425,5.170,7.660,0.675
2019-05-28,100.000,100.000,100.000,0.000,0.000,0.000,8.833,8.700,9.000,4.056,3.100,5.000,702.367,701.500,703.000,0.500,9.000,9.000,0.834,0.650,0.990,0.540,0.559,0.480,0.777,0.598,97.222,6.333,1.200,0.332,5.720,7.640,0.749
2019-05-29,100.000,100.000,100.000,0.000,0.000,0.000,9.444,9.000,9.800,3.867,2.600,5.300,702.378,701.900,703.000,9.500,9.000,9.000,0.968,0.900,1.000,0.826,0.162,0.727,0.779,0.401,91.111,6.367,0.000,0.244,6.270,7.620,0.823
2019-05-30,100.000,100.000,100.000,0.000,0.000,0.000,8.900,8.400,9.900,5.067,3.600,6.100,703.022,702.200,703.700,2.500,9.000,9.000,0.924,0.870,1.000,0.856,0.240,0.038,0.262,0.040,90.667,7.233,0.000,0.165,6.840,7.610,0.898
2019-05-31,100.000,100.000,100.000,0.000,0.000,0.000,9.489,9.100,10.000,4.711,2.200,6.600,702.656,701.400,703.500,1.000,9.000,9.000,0.994,0.980,1.000,0.837,0.357,0.694,0.805,0.635,92.556,7.778,4.300,0.097,7.430,7.590,0.979
2019-06-01,100.000,100.000,100.000,0.000,0.000,0.000,9.400,9.200,9.700,9.067,7.300,10.100,701.322,700.500,702.000,24.000,9.000,9.000,0.999,0.990,1.000,0.819,0.523,0.991,0.997,0.984,89.778,7.322,0.900,0.044,7.580,7.580,1.000
2019-06-02,100.000,100.000,100.000,0.000,0.000,0.000,8.733,7.500,9.400,9.311,6.900,10.900,701.233,699.800,701.900,7.000,9.000,9.000,0.833,0.420,0.980,0.091,0.098,0.808,0.823,0.398,79.111,8.022,0.000,0.011,7.560,7.560,1.000
2019-06-03,100.000,100.000,100.000,0.000,0.000,0.000,7.667,6.900,8.800,8.178,7.300,9.000,702.167,701.200,702.900,0.000,9.000,9.000,0.770,0.600,0.930,0.108,0.092,0.720,0.749,0.565,72.111,7.200,0.100,0.001,7.550,7.550,1.000
2019-06-04,100.000,100.000,100.000,0.000,0.000,0.000,8.889,8.300,9.300,5.733,5.000,6.700,703.489,702.500,704.300,0.000,9.000,9.000,0.547,0.140,0.810,0.353,0.004,0.221,0.225,0.010,94.111,5.944,0.000,0.015,7.540,7.540,1.000
2019-06-05,92.222,75.000,100.000,1.288,0.000,4.240,9.378,8.500,10.200,4.889,4.300,5.700,705.233,704.600,705.900,0.000,9.000,9.000,0.972,0.940,1.000,0.528,0.062,0.927,0.933,0.859,90.778,6.922,0.000,0.055,7.090,7.530,0.943
2019-06-06,76.667,64.000,89.000,3.967,1.720,6.550,9.656,8.900,10.900,5.878,5.100,6.600,705.567,705.100,706.000,0.000,9.000,9.000,0.932,0.670,1.000,0.194,0.114,0.909,0.918,0.662,87.333,7.700,0.000,0.119,6.120,7.510,0.815
2019-06-07,95.333,81.000,100.000,0.731,0.000,3.060,7.900,7.100,8.500,6.633,5.800,7.200,704.289,703.500,705.200,0.000,9.000,9.000,0.969,0.920,1.000,0.011,0.279,0.956,0.968,0.919,79.444,7.856,0.000,0.204,5.220,7.500,0.696
2019-06-08,95.556,91.000,100.000,0.670,0.000,1.370,7.422,7.200,7.700,8.589,7.800,9.900,701.767,700.700,702.700,0.000,9.000,9.000,0.926,0.570,1.000,0.000,0.001,0.920,0.920,0.560,66.778,7.700,0.000,0.305,4.400,7.490,0.587
2019-06-09,100.000,100.000,100.000,0.000,0.000,0.000,8.822,8.700,9.000,9.456,8.100,10.400,700.044,698.700,700.900,2.000,9.000,9.000,0.998,0.990,1.000,0.036,0.703,0.996,0.999,0.994,79.111,9.033,0.000,0.416,3.650,7.480,0.488
2019-06-10,100.000,100.000,100.000,0.000,0.000,0.000,8.922,8.500,9.500,8.856,7.100,10.400,699.600,698.900,700.400,18.000,9.000,9.000,0.998,0.990,1.000,0.433,0.832,0.983,0.998,0.997,96.444,7.133,5.500,0.531,2.950,7.480,0.395
2019-06-11,100.000,100.000,100.000,0.000,0.000,0.000,9.711,9.300,10.100,8.744,7.000,10.100,700.278,699.600,700.900,16.000,9.000,9.000,0.993,0.970,1.000,0.856,0.819,0.824,0.955,0.721,98.889,6.556,7.500,0.643,2.290,7.470,0.307
2019-06-12,100.000,100.000,100.000,0.000,0.000,0.000,10.289,9.900,10.600,7.589,5.600,9.400,700.178,698.900,701.200,45.500,9.000,9.000,0.998,0.990,1.000,0.952,0.752,0.886,0.962,0.806,95.889,5.956,2.800,0.747,1.640,7.460,0.219
2019-06-13,100.000,100.000,100.000,0.000,0.000,0.000,10.522,10.200,11.000,9.789,7.000,12.000,696.967,695.000,698.400,99.000,9.000,9.000,1.000,1.000,1.000,0.823,0.910,0.996,1.000,0.999,96.889,7.467,27.500,0.837,0.980,7.450,0.131
2019-06-14,99.222,93.000,100.000,0.116,0.000,1.040,7.000,5.500,8.800,9.011,7.600,10.300,696.433,695.500,697.500,0.000,9.000,9.000,1.000,1.000,1.000,0.994,0.179,0.641,0.717,0.427,93.444,7.478,3.500,0.909,0.290,7.450,0.038
2019-06-15,39.556,26.000,75.000,13.906,4.210,18.700,10.156,9.400,11.000,5.200,2.700,6.500,700.778,700.200,701.600,0.000,9.000,9.000,0.172,0.090,0.250,0.142,0.016,0.036,0.051,0.030,73.889,7.178,0.000,0.962,0.000,7.440,0.000
2019-06-16,99.111,95.000,100.000,0.133,0.000,0.750,10.289,7.700,10.900,2.722,0.600,4.800,703.300,703.000,703.800,0.000,9.000,9.000,0.992,0.950,1.000,0.870,0.632,0.893,0.967,0.901,92.111,8.444,2.200,0.992,0.000,7.440,0.000
2019-06-17,100.000,100.000,100.000,0.000,0.000,0.000,10.422,9.900,11.200,6.633,4.900,7.500,705.267,704.300,706.000,14.500,9.000,9.000,0.962,0.880,1.000,0.718,0.492,0.780,0.894,0.828,93.333,7.944,0.000,1.000,0.000,7.440,0.000
2019-06-18,95.778,89.000,100.000,0.649,0.000,1.720,9.178,8.800,9.600,6.511,6.100,7.200,704.067,703.500,704.900,0.000,9.000,9.000,0.927,0.850,1.000,0.044,0.136,0.910,0.921,0.840,83.000,8.200,0.000,0.986,0.000,7.430,0.000
2019-06-19,43.111,22.000,86.000,12.946,2.220,21.320,11.444,8.900,13.400,4.033,0.600,6.200,703.867,703.000,704.600,0.000,9.000,9.000,0.993,0.970,1.000,0.009,0.327,0.987,0.990,0.962,76.667,9.011,0.000,0.953,0.230,7.430,0.031
2019-06-20,57.444,29.000,96.000,8.887,0.610,17.490,11.289,9.400,12.800,3.611,2.100,5.600,702.989,702.000,703.900,0.000,9.000,9.000,0.959,0.810,1.000,0.189,0.003,0.936,0.936,0.752,80.444,8.411,0.000,0.903,1.010,7.430,0.135
2019-06-21,100.000,100.000,100.000,0.000,0.000,0.000,9.089,8.100,10.100,7.011,5.900,7.900,701.744,700.800,702.400,0.000,9.000,9.000,0.996,0.980,1.000,0.068,0.022,0.994,0.994,0.980,79.000,8.867,0.000,0.839,1.710,7.430,0.230
2019-06-22,100.000,100.000,100.000,0.000,0.000,0.000,9.044,7.800,9.900,7.422,6.000,8.700,700.756,700.300,701.300,0.500,9.000,9.000,1.000,1.000,1.000,0.099,0.026,0.996,0.996,0.990,83.444,8.544,0.000,0.763,2.350,7.430,0.316
2019-06-23,99.000,91.000,100.000,0.154,0.000,1.390,9.267,8.600,9.600,6.656,4.800,8.200,701.911,700.800,702.900,9.000,9.000,9.000,1.000,1.000,1.000,0.460,0.942,0.989,1.000,0.999,97.000,6.433,2.900,0.678,2.950,7.430,0.396
2019-06-24,98.889,96.000,100.000,0.166,0.000,0.600,7.467,6.800,8.000,8.467,7.600,10.000,702.122,701.600,702.600,0.000,9.000,9.000,0.976,0.860,1.000,0.372,0.841,0.710,0.975,0.885,92.889,5.678,0.100,0.587,3.510,7.430,0.472
2019-06-25,100.000,100.000,100.000,0.000,0.000,0.000,8.833,8.200,9.300,6.067,4.900,7.000,701.400,700.100,702.500,1.500,9.000,9.000,0.996,0.970,1.000,0.660,0.650,0.957,0.989,0.960,94.444,6.378,2.700,0.491,4.060,7.440,0.546
2019-06-26,100.000,100.000,100.000,0.000,0.000,0.000,10.133,10.000,10.400,5.956,3.600,7.400,699.556,698.900,700.400,0.000,9.000,9.000,0.881,0.740,1.000,0.801,0.129,0.331,0.419,0.319,96.222,6.478,0.000,0.395,4.620,7.440,0.621
2019-06-27,99.778,98.000,100.000,0.033,0.000,0.300,10.344,9.600,10.800,4.589,2.000,6.200,700.156,699.400,701.000,0.000,9.000,9.000,0.900,0.850,0.990,0.840,0.047,0.190,0.214,0.000,93.889,7.889,0.000,0.301,5.200,7.440,0.698
2019-06-28,79.667,62.000,100.000,3.687,0.000,7.200,13.033,11.700,14.500,1.878,0.600,3.400,700.878,699.800,701.900,0.000,9.000,9.000,0.740,0.550,0.930,0.676,0.141,0.047,0.175,0.000,91.556,9.344,0.000,0.212,5.820,7.450,0.781
2019-06-29,87.222,73.000,100.000,2.159,0.000,4.710,12.267,11.500,13.200,2.644,1.300,4.100,701.467,700.300,702.400,0.500,9.000,9.000,0.987,0.950,1.000,0.786,0.032,0.926,0.931,0.826,91.556,9.044,0.000,0.133,6.510,7.450,0.873
2019-06-30,83.889,56.000,100.000,2.934,0.000,8.660,12.044,10.900,14.200,2.411,0.400,3.400,702.178,701.200,703.000,2.000,9.000,9.000,0.980,0.960,1.000,0.842,0.056,0.886,0.892,0.822,92.000,8.489,0.800,0.068,7.280,7.460,0.976
2019-07-01,100.000,100.000,100.000,0.000,0.000,0.000,10.822,10.400,11.100,2.544,0.800,4.400,699.667,698.700,700.500,0.500,9.000,9.000,0.689,0.300,0.910,0.166,0.069,0.622,0.647,0.222,87.667,10.178,0.000,0.023,7.470,7.470,1.000
2019-07-02,99.778,98.000,100.000,0.034,0.000,0.310,11.422,11.200,11.700,3.022,1.800,4.500,702.356,702.100,702.800,5.500,9.000,9.000,1.000,1.000,1.000,0.971,0.697,0.997,1.000,0.999,98.111,8.733,1.000,0.001,7.480,7.480,1.000
2019-07-03,100.000,100.000,100.000,0.000,0.000,0.000,9.711,9.100,10.000,9.256,8.400,10.200,703.967,703.400,704.600,2.000,9.000,9.000,0.980,0.940,1.000,0.136,0.644,0.962,0.983,0.950,83.111,8.167,0.100,0.007,7.480,7.480,1.000
2019-07-04,100.000,100.000,100.000,0.000,0.000,0.000,9.067,8.800,9.400,9.611,8.200,11.700,702.467,701.200,703.500,0.500,9.000,9.000,0.998,0.980,1.000,0.131,0.489,0.996,0.996,0.965,75.667,8.933,0.000,0.041,7.460,7.490,0.995
2019-07-05,99.556,96.000,100.000,0.067,0.000,0.600,8.100,7.800,8.700,9.878,7.500,11.600,699.844,698.500,700.300,0.500,9.000,9.000,0.996,0.960,1.000,0.320,0.046,0.991,0.992,0.952,77.556,8.167,0.000,0.101,6.590,7.500,0.878
2019-07-06,100.000,100.000,100.000,0.000,0.000,0.000,9.956,9.500,10.400,8.811,7.500,10.000,700.411,700.000,701.100,1.000,9.000,9.000,1.000,1.000,1.000,0.398,0.088,0.997,0.997,0.990,93.667,8.400,0.000,0.184,5.800,7.510,0.771
2019-07-07,100.000,100.000,100.000,0.000,0.000,0.000,9.178,8.600,9.800,6.767,5.800,7.900,701.978,701.500,702.600,1.500,9.000,9.000,0.999,0.990,1.000,0.048,0.036,0.996,0.996,0.990,82.222,8.967,0.000,0.284,5.080,7.530,0.675
2019-07-08,100.000,100.000,100.000,0.000,0.000,0.000,8.556,7.900,9.000,8.144,7.100,9.600,701.967,700.300,703.100,0.500,9.000,9.000,0.992,0.970,1.000,0.034,0.042,0.988,0.988,0.971,83.222,8.600,0.000,0.394,4.400,7.540,0.584
2019-07-09,100.000,100.000,100.000,0.000,0.000,0.000,8.822,8.300,9.100,10.367,9.200,11.400,699.900,699.400,700.300,0.500,9.000,9.000,0.993,0.960,1.000,0.129,0.100,0.991,0.992,0.954,82.667,8.689,0.000,0.507,3.750,7.550,0.497
2019-07-10,100.000,100.000,100.000,0.000,0.000,0.000,9.867,9.000,10.200,7.667,6.200,9.300,702.667,701.600,703.600,1.000,9.000,9.000,0.993,0.980,1.000,0.122,0.107,0.987,0.988,0.974,88.889,8.067,0.000,0.618,3.110,7.560,0.411
2019-07-11,99.889,99.000,100.000,0.017,0.000,0.150,9.100,8.800,9.300,5.867,5.000,6.900,704.133,703.600,704.600,0.000,9.000,9.000,0.991,0.970,1.000,0.427,0.012,0.983,0.984,0.970,89.889,6.833,0.000,0.721,2.450,7.580,0.323
2019-07-12,100.000,100.000,100.000,0.000,0.000,0.000,9.100,7.800,10.600,7.333,5.200,9.800,703.011,701.800,704.100,0.500,9.000,9.000,0.324,0.040,0.960,0.066,0.049,0.267,0.283,0.000,89.111,7.789,0.000,0.812,1.750,7.590,0.231
2019-07-13,89.556,77.000,100.000,1.697,0.000,3.810,8.689,7.800,9.600,7.200,6.200,8.200,701.811,701.100,702.600,0.000,9.000,9.000,0.991,0.970,1.000,0.016,0.000,0.983,0.983,0.960,79.778,8.533,0.000,0.886,1.010,7.610,0.133
2019-07-14,66.444,38.000,97.000,6.601,0.450,13.890,10.811,9.700,11.900,3.678,2.900,4.100,702.200,701.400,702.800,0.000,9.000,9.000,0.857,0.340,1.000,0.431,0.000,0.831,0.831,0.320,92.000,8.067,0.000,0.943,0.230,7.620,0.030
2019-07-15,72.111,45.000,100.000,5.257,0.000,11.610,11.622,10.800,12.300,5.011,3.000,8.600,702.389,701.400,703.200,0.000,9.000,9.000,0.928,0.790,1.000,0.349,0.010,0.913,0.915,0.765,88.111,8.567,0.000,0.981,0.000,7.640,0.000
2019-07-16,78.889,62.000,100.000,3.640,0.000,6.990,9.856,9.100,10.700,8.056,1.200,10.600,700.389,699.100,701.400,0.000,9.000,9.000,0.406,0.000,0.910,0.004,0.008,0.393,0.398,0.000,73.444,9.333,0.000,0.998,0.000,7.660,0.000
2019-07-17,100.000,100.000,100.000,0.000,0.000,0.000,11.367,10.800,12.100,3.367,0.300,8.700,696.378,695.600,697.600,0.000,9.000,9.000,0.437,0.070,0.910,0.161,0.079,0.330,0.366,0.040,81.111,10.989,0.100,0.996,0.000,7.670,0.000
2019-07-18,96.556,84.000,100.000,0.561,0.000,2.610,11.644,10.800,12.400,4.144,2.900,5.800,695.822,695.300,696.200,0.500,9.000,9.000,1.000,1.000,1.000,0.908,0.090,0.983,0.984,0.941,94.889,8.967,1.600,0.975,0.000,7.690,0.000
2019-07-19,100.000,100.000,100.000,0.000,0.000,0.000,10.056,8.500,10.800,6.889,5.000,8.500,700.567,699.200,701.500,4.500,9.000,9.000,1.000,1.000,1.000,0.810,0.488,0.998,0.999,0.997,92.667,9.011,0.200,0.937,0.380,7.710,0.050
2019-07-20,99.556,96.000,100.000,0.068,0.000,0.610,10.067,9.700,10.400,4.367,2.900,5.800,702.567,701.800,703.400,0.000,9.000,9.000,0.963,0.910,0.990,0.386,0.554,0.838,0.932,0.866,94.000,7.889,0.000,0.884,1.010,7.730,0.130
2019-07-21,97.778,91.000,100.000,0.339,0.000,1.390,9.367,8.400,10.200,2.711,1.400,5.300,702.556,701.400,703.400,0.500,9.000,9.000,0.939,0.880,1.000,0.832,0.577,0.412,0.763,0.517,96.778,7.222,9.100,0.816,1.590,7.750,0.206
2019-07-22,93.889,87.000,100.000,0.950,0.000,2.050,8.956,8.600,9.300,4.689,3.500,6.100,702.178,701.500,702.600,0.500,9.000,9.000,0.833,0.530,0.970,0.778,0.156,0.199,0.346,0.040,96.667,6.144,0.000,0.738,2.160,7.770,0.278
2019-07-23,97.222,82.000,100.000,0.444,0.000,2.940,10.244,9.200,11.600,4.889,1.900,6.400,702.567,702.200,703.000,4.500,9.000,9.000,0.990,0.960,1.000,0.752,0.373,0.884,0.930,0.770,96.111,8.056,4.200,0.650,2.710,7.790,0.348
2019-07-24,90.778,82.000,100.000,1.487,0.000,2.970,11.056,10.000,12.000,3.100,1.400,4.400,704.044,703.500,704.600,0.000,9.000,9.000,0.940,0.860,1.000,0.601,0.119,0.892,0.904,0.722,92.667,8.322,0.000,0.555,3.280,7.810,0.420
2019-07-25,82.556,65.000,97.000,2.983,0.450,6.420,11.233,9.800,12.700,1.300,0.000,2.900,703.544,702.600,704.300,0.000,9.000,9.000,0.988,0.970,1.000,0.817,0.257,0.958,0.969,0.922,91.556,8.356,0.000,0.457,3.880,7.830,0.496
2019-07-26,86.889,78.000,100.000,2.150,0.000,3.730,11.167,10.000,12.400,2.300,0.600,4.000,702.400,701.600,703.200,0.000,9.000,9.000,0.971,0.880,1.000,0.818,0.049,0.822,0.828,0.622,91.333,7.722,0.000,0.357,4.530,7.850,0.577
2019-07-27,86.000,68.000,100.000,2.399,0.000,5.710,10.533,9.700,11.600,2.211,0.700,4.300,702.778,701.800,703.400,4.000,9.000,9.000,0.826,0.730,0.890,0.768,0.037,0.210,0.228,0.050,93.444,6.467,0.000,0.260,5.260,7.870,0.668
2019-07-28,73.222,69.000,82.000,4.650,2.940,5.500,11.244,10.100,12.000,3.556,1.300,5.400,704.233,703.700,704.700,0.000,9.000,9.000,0.991,0.970,1.000,0.793,0.023,0.966,0.966,0.920,91.111,8.067,0.000,0.171,6.080,7.900,0.770
2019-07-29,63.333,55.000,71.000,6.760,5.020,8.750,11.033,9.900,11.700,2.022,0.600,4.600,704.467,703.400,705.200,0.000,9.000,9.000,0.396,0.060,0.810,0.376,0.027,0.000,0.027,0.010,89.444,9.200,0.000,0.095,7.000,7.920,0.885
2019-07-30,58.000,52.000,71.000,8.046,5.050,9.560,11.267,10.600,12.000,2.122,1.300,3.600,703.233,702.500,703.800,0.000,9.000,9.000,0.084,0.040,0.140,0.048,0.021,0.024,0.045,0.010,86.778,8.578,0.000,0.038,7.940,7.940,1.000
2019-07-31,88.000,65.000,99.000,2.012,0.150,6.360,10.056,9.400,11.500,1.722,0.300,3.800,702.900,702.000,703.600,0.000,9.000,9.000,0.887,0.820,0.930,0.050,0.020,0.876,0.878,0.794,87.111,9.178,0.000,0.006,7.960,7.960,1.000
2019-08-01,86.778,69.000,100.000,2.226,0.000,5.460,9.689,8.500,10.600,2.256,0.500,4.300,701.944,701.300,702.600,0.000,9.000,9.000,0.953,0.920,0.970,0.823,0.070,0.643,0.672,0.451,93.111,7.200,0.000,0.002,7.990,7.990,1.000
2019-08-02,73.444,46.000,98.000,4.941,0.300,11.210,10.300,9.300,11.200,3.511,1.400,6.500,700.089,699.200,700.900,0.000,9.000,9.000,0.980,0.950,0.990,0.804,0.134,0.908,0.924,0.844,93.000,6.789,0.000,0.029,8.010,8.010,1.000
2019-08-03,68.889,58.000,81.000,5.586,3.130,7.990,10.711,9.400,11.500,4.167,3.000,5.700,699.711,699.100,700.300,0.000,9.000,9.000,0.697,0.190,0.930,0.581,0.004,0.258,0.261,0.040,90.333,8.722,0.000,0.084,7.450,8.040,0.927
2019-08-04,98.778,93.000,100.000,0.189,0.000,1.090,10.722,10.500,11.100,5.933,3.400,8.400,699.556,698.700,700.100,0.000,9.000,9.000,0.966,0.920,1.000,0.866,0.043,0.658,0.672,0.370,92.556,9.178,0.000,0.162,6.740,8.060,0.836
2019-08-05,91.889,83.000,100.000,1.300,0.000,2.770,10.467,9.900,11.000,5.956,1.200,8.000,699.644,699.000,700.500,0.500,9.000,9.000,0.966,0.920,1.000,0.724,0.033,0.927,0.929,0.803,92.444,9.044,0.000,0.259,6.060,8.080,0.750
2019-08-06,59.222,25.000,75.000,8.192,4.260,19.500,11.122,9.400,12.300,6.822,5.100,8.700,698.433,697.700,699.100,0.000,9.000,9.000,0.221,0.100,0.410,0.060,0.000,0.171,0.171,0.050,85.667,7.933,0.000,0.365,5.400,8.110,0.666
2019-08-07,100.000,100.000,100.000,0.000,0.000,0.000,11.156,10.600,11.500,4.678,1.700,10.700,695.433,694.100,696.200,6.000,9.000,9.000,0.997,0.990,1.000,0.618,0.250,0.976,0.984,0.968,91.333,9.667,3.200,0.476,4.740,8.130,0.582
2019-08-08,100.000,100.000,100.000,0.000,0.000,0.000,11.489,11.200,12.000,4.222,1.400,10.200,691.478,690.700,692.700,7.000,9.000,9.000,1.000,1.000,1.000,0.906,0.438,0.996,0.997,0.986,96.556,9.578,17.200,0.584,4.050,8.160,0.496
2019-08-09,100.000,100.000,100.000,0.000,0.000,0.000,12.089,11.500,12.900,11.844,9.900,15.400,691.467,690.700,692.000,120.000,9.000,9.000,1.000,1.000,1.000,0.902,0.612,0.990,0.997,0.985,94.111,9.533,28.600,0.686,3.320,8.190,0.406
2019-08-10,100.000,100.000,100.000,0.000,0.000,0.000,10.344,9.700,11.100,8.733,7.400,10.000,697.778,696.800,698.300,11.000,9.000,9.000,0.993,0.980,1.000,0.548,0.167,0.969,0.974,0.937,88.778,9.889,4.200,0.777,2.560,8.210,0.311
2019-08-11,100.000,100.000,100.000,0.000,0.000,0.000,10.089,9.700,10.400,4.767,2.200,6.100,699.056,698.700,699.600,0.000,9.000,9.000,0.936,0.870,1.000,0.076,0.017,0.923,0.925,0.848,90.333,9.011,0.000,0.855,1.750,8.240,0.212
2019-08-12,98.000,82.000,100.000,0.324,0.000,2.920,9.978,9.200,10.900,5.167,3.800,6.600,698.711,696.900,699.300,0.000,9.000,9.000,0.879,0.760,1.000,0.740,0.057,0.391,0.420,0.205,92.667,7.467,0.200,0.917,0.900,8.260,0.109
2019-08-13,97.444,91.000,100.000,0.393,0.000,1.400,8.856,7.800,9.700,4.456,2.200,7.700,699.667,698.700,700.600,0.000,9.000,9.000,0.412,0.030,0.990,0.303,0.043,0.300,0.329,0.020,90.667,8.378,0.000,0.963,0.040,8.290,0.004
2019-08-14,100.000,100.000,100.000,0.000,0.000,0.000,10.000,8.600,10.700,5.278,3.700,7.900,698.956,698.000,699.700,3.000,9.000,9.000,0.894,0.530,1.000,0.180,0.122,0.751,0.803,0.246,90.000,8.889,0.000,0.990,0.000,8.310,0.000
2019-08-15,100.000,100.000,100.000,0.000,0.000,0.000,10.356,9.600,10.700,7.344,5.000,8.700,698.711,698.000,699.400,17.000,9.000,9.000,0.962,0.930,0.980,0.141,0.102,0.950,0.956,0.909,92.889,8.244,0.000,0.999,0.000,8.340,0.000
2019-08-16,100.000,100.000,100.000,0.000,0.000,0.000,9.689,9.300,10.500,5.956,4.000,7.200,700.389,699.500,701.000,10.500,9.000,9.000,0.973,0.890,1.000,0.833,0.124,0.808,0.826,0.463,92.889,8.533,1.000,0.990,0.000,8.370,0.000
2019-08-17,99.889,99.000,100.000,0.017,0.000,0.150,9.422,8.600,10.400,5.856,3.800,6.800,700.967,700.300,701.800,14.000,9.000,9.000,0.784,0.520,0.990,0.057,0.181,0.717,0.761,0.509,92.111,7.189,0.000,0.964,0.000,8.390,0.000
2019-08-18,100.000,100.000,100.000,0.000,0.000,0.000,9.811,9.600,10.000,2.633,1.400,4.100,700.622,699.900,701.100,0.000,9.000,9.000,1.000,1.000,1.000,0.833,0.941,0.984,0.999,0.996,97.444,7.344,15.300,0.921,0.540,8.420,0.064
2019-08-19,93.143,77.000,100.000,1.121,0.000,3.900,9.967,9.000,11.500,1.578,0.000,4.500,700.711,699.900,701.600,3.500,9.000,7.000,0.994,0.990,1.000,0.878,0.853,0.976,0.994,0.963,96.222,7.122,0.800,0.863,1.100,8.450,0.130
2019-08-20,95.000,90.000,99.000,0.778,0.150,1.570,10.089,9.600,10.600,3.122,1.100,5.900,700.256,699.500,701.000,0.500,9.000,6.000,0.997,0.980,1.000,0.802,0.796,0.846,0.975,0.912,94.667,7.478,9.300,0.791,1.670,8.470,0.197
2019-08-21,86.111,76.000,94.000,2.257,0.920,4.080,10.489,9.800,11.300,3.278,2.300,5.000,701.967,701.500,702.500,0.000,9.000,9.000,0.879,0.810,0.980,0.820,0.110,0.548,0.574,0.304,94.222,7.333,0.500,0.708,2.250,8.500,0.265
2019-08-22,75.667,71.000,82.000,4.144,2.920,5.100,10.644,9.300,11.900,6.067,3.100,9.600,702.989,701.700,703.800,0.000,9.000,9.000,0.692,0.290,0.850,0.683,0.002,0.000,0.002,0.000,91.222,9.211,0.000,0.615,2.870,8.530,0.337
2019-08-23,96.000,96.000,96.000,0.610,0.610,0.610,10.356,9.500,10.800,3.567,2.200,6.100,699.356,697.200,701.300,15.000,9.000,1.000,0.586,0.220,1.000,0.370,0.210,0.488,0.552,0.234,84.556,10.267,2.100,0.515,3.550,8.550,0.416
2019-08-24,94.000,89.000,99.000,0.943,0.150,1.760,11.189,10.000,12.300,10.022,7.400,14.200,699.044,697.400,699.800,69.500,9.000,6.000,1.000,1.000,1.000,0.936,0.602,1.000,1.000,1.000,91.778,9.589,13.000,0.412,4.320,8.580,0.503
2019-08-25,82.222,74.000,96.000,2.962,0.610,4.450,10.522,10.000,11.400,4.133,2.000,5.800,704.311,703.600,704.900,0.000,9.000,9.000,0.998,0.980,1.000,0.880,0.034,0.958,0.959,0.903,94.222,8.733,0.000,0.309,5.170,8.610,0.601
2019-08-26,58.778,40.000,93.000,8.408,1.080,13.120,10.700,9.200,11.500,2.122,0.800,4.700,705.367,704.600,706.200,0.000,9.000,9.000,0.808,0.610,0.970,0.729,0.038,0.114,0.151,0.000,91.333,8.544,0.000,0.211,6.140,8.640,0.711
2019-08-27,58.111,43.000,70.000,8.122,5.280,12.260,12.144,11.300,13.000,2.922,1.100,5.200,704.522,703.400,705.200,0.000,9.000,9.000,0.132,0.010,0.290,0.051,0.008,0.074,0.081,0.000,80.333,8.922,0.000,0.125,7.190,8.660,0.830
2019-08-28,62.000,52.000,70.000,7.179,5.350,9.750,13.122,11.800,14.500,3.011,1.000,4.800,704.000,702.900,704.900,0.000,9.000,9.000,0.557,0.000,0.860,0.543,0.004,0.034,0.039,0.000,90.000,9.733,0.000,0.058,8.320,8.690,0.957
2019-08-29,68.778,61.000,83.000,5.590,2.760,7.300,11.100,10.100,12.100,1.767,0.500,5.200,703.811,703.100,704.400,4.500,9.000,9.000,0.639,0.300,0.860,0.518,0.141,0.171,0.282,0.020,92.778,9.278,2.000,0.015,8.720,8.720,1.000
2019-08-30,84.167,67.000,98.000,2.665,0.300,5.940,9.900,9.000,12.000,2.933,0.500,6.300,703.500,702.800,704.200,0.000,9.000,6.000,0.997,0.990,1.000,0.833,0.073,0.968,0.969,0.912,94.000,7.711,0.000,0.001,8.740,8.740,1.000
2019-08-31,97.600,97.000,99.000,0.360,0.150,0.450,9.000,8.400,9.500,2.100,0.300,6.500,703.444,702.900,704.000,2.000,9.000,5.000,0.437,0.250,0.750,0.072,0.086,0.336,0.400,0.217,82.111,9.467,0.200,0.018,8.770,8.770,1.000
2019-09-01,82.111,63.000,99.000,3.048,0.150,6.830,10.567,9.300,12.000,1.744,0.400,3.600,704.533,703.900,705.100,0.000,9.000,9.000,0.996,0.990,1.000,0.773,0.062,0.984,0.985,0.981,88.889,7.744,0.000,0.065,8.440,8.800,0.959
2019-09-02,81.143,78.000,84.000,3.083,2.570,3.670,9.567,9.100,10.100,3.456,0.900,6.700,703.589,702.200,704.800,0.000,9.000,7.000,0.904,0.800,0.970,0.008,0.051,0.894,0.900,0.804,82.444,8.567,0.000,0.136,7.750,8.820,0.878
2019-09-03,98.000,98.000,98.000,0.300,0.300,0.300,8.567,8.100,9.000,5.656,0.600,8.700,699.944,698.800,700.700,0.500,9.000,2.000,0.993,0.980,1.000,0.617,0.153,0.981,0.984,0.960,91.111,8.589,0.300,0.225,7.060,8.850,0.798
2019-09-04,93.333,84.000,99.000,1.052,0.150,2.600,9.844,9.500,10.900,2.700,0.700,5.400,699.444,698.300,700.300,0.500,9.000,6.000,0.983,0.930,1.000,0.834,0.596,0.374,0.727,0.272,95.778,6.667,1.100,0.326,6.360,8.880,0.716
2019-09-05,74.500,74.000,75.000,4.355,4.250,4.460,10.222,9.200,11.000,3.667,1.100,5.400,697.700,697.000,698.600,0.500,9.000,2.000,0.978,0.960,1.000,0.847,0.143,0.662,0.694,0.317,97.222,7.100,0.200,0.432,5.620,8.900,0.632
2019-09-06,85.222,81.000,92.000,2.381,1.240,3.130,10.111,9.700,10.800,3.156,0.800,6.400,699.078,698.300,699.700,0.000,9.000,9.000,0.988,0.950,1.000,0.858,0.393,0.877,0.903,0.640,93.222,8.300,4.200,0.537,4.850,8.930,0.543
2019-09-07,97.333,95.000,99.000,0.403,0.150,0.760,8.411,7.600,9.300,2.767,1.600,4.300,700.422,699.700,701.000,0.000,9.000,3.000,0.973,0.910,0.990,0.860,0.079,0.769,0.802,0.376,93.000,8.511,2.900,0.638,4.040,8.960,0.452
2019-09-08,55.000,25.000,82.000,9.984,2.860,19.110,7.722,6.700,10.100,3.889,1.100,6.200,700.544,699.800,701.200,0.000,9.000,5.000,0.908,0.590,1.000,0.552,0.106,0.803,0.804,0.210,85.556,7.078,0.000,0.730,3.200,8.980,0.357
2019-09-09,77.286,60.000,95.000,3.924,0.760,7.390,8.933,8.600,9.600,2.611,1.200,3.900,702.333,701.900,702.700,0.000,9.000,7.000,0.347,0.200,0.470,0.250,0.149,0.006,0.154,0.060,86.667,7.978,0.000,0.812,2.340,9.010,0.260
2019-09-10,79.444,65.000,90.000,3.486,1.570,6.370,10.867,10.100,12.200,2.733,0.600,5.100,705.289,704.900,705.700,0.000,9.000,9.000,0.480,0.180,0.840,0.452,0.057,0.037,0.091,0.010,90.222,7.811,0.000,0.880,1.470,9.040,0.163
2019-09-11,65.000,48.000,74.000,6.362,4.410,10.530,9.822,9.400,10.400,8.000,6.800,9.500,704.722,703.900,705.400,0.000,9.000,9.000,0.329,0.100,0.890,0.231,0.001,0.098,0.099,0.000,84.000,8.733,0.000,0.935,0.610,9.060,0.067
2019-09-12,47.111,43.000,57.000,10.830,8.120,12.070,10.200,9.800,10.500,6.767,5.900,8.100,703.156,702.100,703.900,0.000,9.000,9.000,0.120,0.020,0.270,0.004,0.001,0.107,0.108,0.000,72.333,7.922,0.000,0.973,0.000,9.090,0.000
2019-09-13,45.667,30.000,76.000,11.730,4.020,17.120,11.244,9.400,12.400,3.378,0.900,6.500,702.467,701.600,703.100,0.000,9.000,9.000,0.781,0.560,0.960,0.563,0.013,0.507,0.515,0.226,86.667,9.033,0.000,0.994,0.000,9.110,0.000
2019-09-14,93.000,84.000,99.000,1.107,0.150,2.570,8.978,7.600,10.200,2.044,0.700,3.300,702.211,701.100,703.000,0.000,9.000,6.000,0.866,0.640,0.990,0.687,0.014,0.469,0.475,0.128,89.111,8.489,0.000,0.998,0.000,9.140,0.000
2019-09-15,87.400,77.000,95.000,2.022,0.760,3.840,9.078,8.500,9.800,5.244,0.900,9.700,700.867,699.900,701.200,0.500,9.000,5.000,0.770,0.400,0.960,0.090,0.327,0.658,0.754,0.390,89.444,8.444,0.000,0.983,0.000,9.170,0.000
2019-09-16,71.250,62.000,89.000,5.037,1.730,6.920,9.322,8.900,9.600,5.744,2.000,13.100,701.022,700.200,701.700,0.000,9.000,8.000,0.872,0.800,0.990,0.789,0.000,0.443,0.443,0.190,94.778,6.256,0.000,0.952,0.190,9.190,0.021
2019-09-17,60.667,41.000,74.000,7.531,4.360,12.800,9.500,8.100,11.400,3.722,0.000,9.400,701.789,700.800,702.500,0.000,9.000,9.000,0.133,0.000,0.390,0.043,0.001,0.088,0.089,0.000,82.556,7.444,0.000,0.903,0.770,9.220,0.083
2019-09-18,48.000,28.000,65.000,11.123,6.280,17.900,10.789,9.900,11.900,1.767,0.000,5.200,701.911,700.900,702.700,0.000,9.000,9.000,0.130,0.020,0.510,0.114,0.017,0.004,0.021,0.000,87.111,6.089,0.000,0.839,1.370,9.240,0.149
2019-09-19,58.222,46.000,72.000,7.971,4.790,11.220,10.289,9.300,11.400,3.789,3.100,5.000,699.922,698.500,701.200,0.000,9.000,9.000,0.231,0.080,0.320,0.226,0.040,0.000,0.040,0.030,87.889,5.389,0.000,0.760,2.020,9.270,0.219
2019-09-20,,,,,,,9.478,9.100,9.900,4.144,0.700,10.200,696.767,696.000,697.400,2.000,9.000,0.000,0.848,0.600,1.000,0.812,0.581,0.113,0.632,0.334,92.333,5.478,6.600,0.670,2.740,9.290,0.295
2019-09-21,,,,,,,10.156,9.800,10.300,2.444,0.700,4.300,699.544,698.500,699.900,0.500,9.000,0.000,1.000,1.000,1.000,1.000,0.594,0.073,0.617,0.190,97.556,5.078,4.000,0.570,3.540,9.320,0.380
2019-09-22,,,,,,,7.422,6.800,7.900,6.111,4.800,7.500,703.856,703.300,704.500,0.500,9.000,0.000,0.794,0.610,0.990,0.689,0.104,0.337,0.410,0.126,89.444,6.044,0.700,0.464,4.440,9.340,0.475
2019-09-23,82.750,70.000,98.000,2.893,0.290,5.130,6.611,5.900,7.900,6.189,4.100,7.400,705.278,704.700,705.900,0.000,9.000,4.000,0.974,0.890,1.000,0.788,0.009,0.739,0.742,0.626,88.111,5.600,0.000,0.356,5.420,9.370,0.579
2019-09-24,71.500,60.000,82.000,4.933,2.850,7.300,7.244,6.400,8.400,3.789,3.000,4.300,705.856,704.900,706.600,0.000,9.000,6.000,0.526,0.310,0.910,0.517,0.009,0.014,0.023,0.000,86.333,5.856,0.200,0.252,6.480,9.390,0.690
2019-09-25,81.167,72.000,98.000,3.098,0.290,4.780,7.244,5.600,8.900,1.867,1.200,2.500,706.178,705.500,706.900,0.500,9.000,6.000,0.838,0.310,1.000,0.834,0.010,0.000,0.010,0.000,86.222,6.533,0.000,0.158,7.590,9.420,0.806
2019-09-26,,,,,,,,,,,,,,,,,0.000,0.000,0.864,0.290,1.000,0.130,0.057,0.828,0.830,0.099,86.333,6.644,0.000,0.081,8.720,9.440,0.924
2019-09-27,,,,,,,,,,,,,,,,,0.000,0.000,0.930,0.870,0.990,0.768,0.231,0.754,0.776,0.136,93.222,6.567,0.000,0.028,9.460,9.460,1.000
2019-09-28,,,,,,,,,,,,,,,,,0.000,0.000,0.601,0.270,0.920,0.504,0.086,0.134,0.212,0.080,87.667,7.800,0.000,0.003,9.490,9.490,1.000
2019-09-29,,,,,,,,,,,,,,,,,0.000,0.000,0.612,0.100,1.000,0.033,0.103,0.588,0.606,0.088,89.000,8.033,0.200,0.009,9.510,9.510,1.000
2019-09-30,,,,,,,,,,,,,,,,,0.000,0.000,1.000,1.000,1.000,0.874,0.857,1.000,1.000,1.000,94.778,6.144,20.600,0.044,9.400,9.540,0.986
2019-10-01,,,,,,,,,,,,,,,,,0.000,0.000,0.404,0.100,0.910,0.026,0.000,0.386,0.386,0.080,90.889,5.467,0.000,0.104,8.680,9.560,0.908
2019-10-02,,,,,,,,,,,,,,,,,0.000,0.000,0.827,0.490,0.920,0.781,0.151,0.046,0.191,0.089,91.333,5.944,0.200,0.184,7.940,9.580,0.829
2019-10-03,,,,,,,,,,,,,,,,,0.000,0.000,0.838,0.690,0.890,0.807,0.370,0.202,0.444,0.107,92.889,5.489,0.800,0.276,7.160,9.610,0.745
2019-10-04,,,,,,,,,,,,,,,,,0.000,0.000,0.688,0.260,0.930,0.589,0.139,0.127,0.256,0.136,88.889,5.633,0.000,0.375,6.340,9.630,0.658
2019-10-05,,,,,,,,,,,,,,,,,0.000,0.000,0.957,0.930,0.990,0.144,0.026,0.942,0.944,0.912,83.778,6.378,0.000,0.476,5.490,9.650,0.568
2019-10-06,,,,,,,,,,,,,,,,,0.000,0.000,0.598,0.160,0.990,0.507,0.002,0.151,0.153,0.000,91.000,7.511,0.000,0.576,4.610,9.670,0.477
2019-10-07,,,,,,,,,,,,,,,,,0.000,0.000,0.647,0.210,0.990,0.641,0.001,0.001,0.002,0.000,90.111,7.378,0.000,0.670,3.740,9.700,0.385
2019-10-08,,,,,,,,,,,,,,,,,0.000,0.000,0.490,0.150,1.000,0.483,0.012,0.001,0.013,0.000,88.778,6.200,0.000,0.756,2.870,9.720,0.295
2019-10-09,,,,,,,,,,,,,,,,,0.000,0.000,0.976,0.870,1.000,0.972,0.002,0.000,0.002,0.000,90.556,7.033,0.100,0.832,2.010,9.740,0.206
2019-10-10,,,,,,,,,,,,,,,,,0.000,0.000,0.196,0.040,0.860,0.188,0.001,0.000,0.001,0.000,92.667,5.667,0.000,0.896,1.170,9.760,0.120
2019-10-11,,,,,,,,,,,,,,,,,0.000,0.000,0.044,0.020,0.070,0.040,0.000,0.000,0.000,0.000,89.222,5.678,0.000,0.945,0.340,9.790,0.034
2019-10-12,,,,,,,,,,,,,,,,,0.000,0.000,0.553,0.050,0.870,0.544,0.011,0.041,0.052,0.000,91.222,6.511,0.000,0.979,0.000,9.810,0.000
2019-10-13,,,,,,,,,,,,,,,,,0.000,0.000,0.543,0.210,1.000,0.480,0.006,0.106,0.110,0.030,92.333,5.544,0.000,0.996,0.000,9.830,0.000
2019-10-14,,,,,,,,,,,,,,,,,0.000,0.000,0.124,0.060,0.220,0.117,0.002,0.002,0.004,0.000,80.667,3.578,0.300,0.995,0.000,9.850,0.000
2019-10-15,,,,,,,,,,,,,,,,,0.000,0.000,0.930,0.890,1.000,0.910,0.062,0.021,0.082,0.040,88.667,3.789,0.000,0.975,0.000,9.870,0.000
2019-10-16,,,,,,,,,,,,,,,,,0.000,0.000,0.952,0.880,1.000,0.947,0.049,0.104,0.147,0.020,94.333,4.800,0.000,0.937,0.480,9.890,0.048
2019-10-17,,,,,,,,,,,,,,,,,0.000,0.000,1.000,1.000,1.000,1.000,0.062,0.000,0.062,0.000,92.333,4.978,0.200,0.880,1.170,9.910,0.118
2019-10-18,,,,,,,,,,,,,,,,,0.000,0.000,0.936,0.880,0.990,0.927,0.061,0.000,0.061,0.010,91.111,5.000,0.200,0.807,1.930,9.930,0.194
2019-10-19,,,,,,,,,,,,,,,,,0.000,0.000,0.973,0.950,1.000,0.971,0.020,0.000,0.020,0.000,92.667,5.167,0.000,0.718,2.780,9.950,0.279
2019-10-20,,,,,,,,,,,,,,,,,0.000,0.000,0.630,0.310,0.980,0.624,0.089,0.000,0.089,0.030,87.000,4.400,0.800,0.618,3.710,9.970,0.372
2019-10-21,,,,,,,,,,,,,,,,,0.000,0.000,0.361,0.170,0.610,0.344,0.019,0.014,0.033,0.000,87.444,3.333,0.000,0.511,4.710,9.990,0.472
2019-10-22,,,,,,,,,,,,,,,,,0.000,0.000,0.471,0.170,0.950,0.457,0.044,0.006,0.049,0.000,81.333,4.600,0.000,0.399,5.770,10.010,0.576
2019-10-23,,,,,,,,,,,,,,,,,0.000,0.000,0.129,0.060,0.230,0.092,0.036,0.003,0.038,0.000,81.000,3.644,0.000,0.290,6.840,10.030,0.682
2019-10-24,,,,,,,,,,,,,,,,,0.000,0.000,0.184,0.140,0.220,0.181,0.031,0.000,0.031,0.000,89.333,4.578,0.000,0.191,7.930,10.050,0.789
2019-10-25,,,,,,,,,,,,,,,,,0.000,0.000,0.233,0.190,0.300,0.229,0.037,0.000,0.037,0.000,85.333,4.667,0.000,0.107,9.010,10.070,0.895
2019-10-26,,,,,,,,,,,,,,,,,0.000,0.000,0.676,0.230,1.000,0.667,0.021,0.003,0.024,0.000,95.444,4.644,0.200,0.045,10.090,10.090,1.000
2019-10-27,,,,,,,,,,,,,,,,,0.000,0.000,0.833,0.510,1.000,0.809,0.084,0.078,0.158,0.090,95.556,4.778,0.100,0.009,10.110,10.110,1.000
2019-10-28,,,,,,,,,,,,,,,,,0.000,0.000,0.201,0.150,0.230,0.194,0.041,0.000,0.041,0.000,88.444,5.522,0.100,0.003,10.120,10.120,1.000
2019-10-29,,,,,,,,,,,,,,,,,0.000,0.000,0.761,0.330,0.990,0.351,0.148,0.632,0.666,0.080,87.222,5.233,0.100,0.024,10.140,10.140,1.000
2019-10-30,,,,,,,,,,,,,,,,,0.000,0.000,0.991,0.970,1.000,0.508,0.542,0.942,0.983,0.968,88.000,5.700,4.200,0.071,9.550,10.160,0.940
2019-10-31,,,,,,,,,,,,,,,,,0.000,0.000,0.998,0.990,1.000,0.992,0.861,0.798,0.917,0.582,95.667,6.233,19.200,0.137,8.720,10.180,0.857
2019-11-01,,,,,,,,,,,,,,,,,0.000,0.000,0.480,0.270,0.700,0.262,0.010,0.244,0.253,0.000,92.778,4.867,0.000,0.218,7.860,10.200,0.771
2019-11-02,,,,,,,,,,,,,,,,,0.000,0.000,0.239,0.120,0.330,0.230,0.007,0.001,0.008,0.000,85.667,6.011,0.000,0.309,6.970,10.210,0.683
2019-11-03,,,,,,,,,,,,,,,,,0.000,0.000,0.850,0.560,0.970,0.304,0.574,0.698,0.850,0.450,90.333,5.756,0.100,0.405,6.080,10.230,0.594
2019-11-04,,,,,,,,,,,,,,,,,0.000,0.000,0.838,0.590,1.000,0.209,0.636,0.681,0.880,0.688,88.222,3.344,1.000,0.502,5.190,10.250,0.506
2019-11-05,,,,,,,,,,,,,,,,,0.000,0.000,0.516,0.160,0.950,0.510,0.022,0.000,0.022,0.000,85.778,2.278,0.000,0.597,4.320,10.260,0.421
2019-11-06,,,,,,,,,,,,,,,,,0.000,0.000,0.719,0.290,1.000,0.684,0.018,0.070,0.088,0.000,90.444,3.078,0.000,0.687,3.470,10.280,0.338
2019-11-07,,,,,,,,,,,,,,,,,0.000,0.000,0.599,0.370,0.940,0.588,0.074,0.009,0.083,0.040,81.111,3.111,0.000,0.770,2.640,10.290,0.256
2019-11-08,,,,,,,,,,,,,,,,,0.000,0.000,0.579,0.350,0.880,0.474,0.054,0.179,0.218,0.000,87.333,1.900,0.000,0.844,1.810,10.310,0.176
2019-11-09,,,,,,,,,,,,,,,,,0.000,0.000,0.534,0.380,0.800,0.441,0.006,0.127,0.130,0.000,87.667,1.378,0.000,0.906,0.980,10.320,0.095
2019-11-10,,,,,,,,,,,,,,,,,0.000,0.000,0.193,0.140,0.230,0.190,0.008,0.000,0.008,0.000,72.333,2.178,0.000,0.954,0.140,10.340,0.013
2019-11-11,,,,,,,,,,,,,,,,,0.000,0.000,0.501,0.090,0.900,0.137,0.000,0.424,0.424,0.000,83.000,1.967,0.000,0.986,0.000,10.350,0.000
2019-11-12,,,,,,,,,,,,,,,,,0.000,0.000,0.164,0.010,0.280,0.153,0.000,0.008,0.008,0.000,85.222,3.844,0.000,0.999,0.000,10.370,0.000
2019-11-13,,,,,,,,,,,,,,,,,0.000,0.000,0.999,0.990,1.000,0.292,0.027,0.996,0.996,0.990,84.222,3.567,0.000,0.991,0.000,10.380,0.000
2019-11-14,,,,,,,,,,,,,,,,,0.000,0.000,0.440,0.180,0.940,0.409,0.004,0.033,0.038,0.000,91.667,0.756,0.000,0.963,0.130,10.390,0.013
2019-11-15,,,,,,,,,,,,,,,,,0.000,0.000,0.166,0.090,0.300,0.161,0.000,0.000,0.000,0.000,80.778,2.367,0.000,0.915,0.950,10.410,0.092
2019-11-16,,,,,,,,,,,,,,,,,0.000,0.000,0.049,0.000,0.150,0.046,0.001,0.000,0.001,0.000,76.111,1.656,0.000,0.846,1.860,10.420,0.178
2019-11-17,,,,,,,,,,,,,,,,,0.000,0.000,0.378,0.220,0.680,0.242,0.186,0.177,0.336,0.164,81.778,5.056,0.400,0.761,2.830,10.430,0.271
2019-11-18,,,,,,,,,,,,,,,,,0.000,0.000,1.000,1.000,1.000,0.721,0.206,0.998,0.998,0.992,90.444,2.856,0.500,0.661,3.850,10.450,0.369
2019-11-19,,,,,,,,,,,,,,,,,0.000,0.000,1.000,1.000,1.000,0.488,0.338,1.000,1.000,1.000,88.000,0.833,0.000,0.552,4.890,10.460,0.468
2019-11-20,,,,,,,,,,,,,,,,,0.000,0.000,0.994,0.980,1.000,0.361,0.081,0.989,0.990,0.964,88.667,-0.089,0.000,0.439,5.940,10.470,0.567
2019-11-21,,,,,,,,,,,,,,,,,0.000,0.000,0.520,0.290,0.760,0.426,0.249,0.019,0.264,0.100,89.000,4.122,0.300,0.327,6.980,10.480,0.665
2019-11-22,,,,,,,,,,,,,,,,,0.000,0.000,0.194,0.170,0.250,0.167,0.099,0.020,0.118,0.080,91.556,5.656,0.900,0.223,8.010,10.490,0.763
2019-11-23,,,,,,,,,,,,,,,,,0.000,0.000,0.147,0.060,0.180,0.122,0.051,0.017,0.068,0.040,74.778,5.411,0.000,0.134,9.040,10.500,0.861
2019-11-24,,,,,,,,,,,,,,,,,0.000,0.000,0.271,0.200,0.340,0.262,0.032,0.000,0.032,0.020,84.111,6.233,0.100,0.065,10.090,10.510,0.959
2019-11-25,,,,,,,,,,,,,,,,,0.000,0.000,0.909,0.730,0.990,0.878,0.242,0.000,0.242,0.150,98.556,1.900,1.800,0.020,10.530,10.530,1.000
2019-11-26,,,,,,,,,,,,,,,,,0.000,0.000,0.250,0.170,0.330,0.241,0.047,0.000,0.047,0.020,89.000,3.611,0.000,0.001,10.530,10.530,1.000
2019-11-27,,,,,,,,,,,,,,,,,0.000,0.000,0.221,0.170,0.270,0.214,0.071,0.000,0.071,0.050,85.111,3.456,0.200,0.009,10.540,10.540,1.000
2019-11-28,,,,,,,,,,,,,,,,,0.000,0.000,0.551,0.310,0.950,0.546,0.050,0.000,0.050,0.020,91.889,-0.756,0.000,0.040,10.350,10.550,0.980
2019-11-29,,,,,,,,,,,,,,,,,0.000,0.000,0.374,0.140,0.630,0.360,0.106,0.000,0.106,0.080,87.222,-0.344,0.000,0.091,9.450,10.560,0.895
2019-11-30,,,,,,,,,,,,,,,,,0.000,0.000,0.299,0.190,0.450,0.287,0.078,0.000,0.078,0.040,84.556,1.811,0.000,0.159,8.540,10.570,0.808
2019-12-01,,,,,,,,,,,,,,,,,0.000,0.000,0.739,0.260,1.000,0.736,0.109,0.000,0.109,0.090,85.444,3.100,0.600,0.239,7.630,10.580,0.721
2019-12-02,,,,,,,,,,,,,,,,,0.000,0.000,0.340,0.240,0.600,0.264,0.042,0.094,0.137,0.020,77.778,-2.600,0.100,0.328,6.740,10.590,0.637
2019-12-03,,,,,,,,,,,,,,,,,0.000,0.000,0.694,0.350,0.850,0.206,0.022,0.606,0.617,0.219,84.222,-2.456,0.000,0.420,5.880,10.590,0.555
2019-12-04,,,,,,,,,,,,,,,,,0.000,0.000,0.997,0.990,1.000,0.954,0.971,0.733,0.991,0.960,94.889,-2.067,16.500,0.515,5.030,10.600,0.475
2019-12-05,,,,,,,,,,,,,,,,,0.000,0.000,0.999,0.990,1.000,0.921,0.950,0.098,0.955,0.853,94.889,-3.122,13.100,0.608,4.210,10.610,0.397
2019-12-06,,,,,,,1.200,0.700,2.100,3.111,1.200,4.300,702.067,701.100,702.700,11.000,9.000,0.000,0.997,0.990,1.000,0.919,0.868,0.040,0.869,0.640,92.556,-4.122,5.500,0.698,3.390,10.610,0.319
2019-12-07,55.000,13.000,97.000,10.973,0.360,25.230,-2.500,-3.800,0.000,6.156,4.600,7.200,699.211,698.200,699.900,0.000,9.000,4.000,0.944,0.930,0.970,0.934,0.069,0.000,0.069,0.060,95.778,-5.778,0.000,0.782,2.560,10.620,0.241
2019-12-08,7.889,5.000,11.000,31.734,27.360,36.740,2.578,1.400,5.200,4.378,0.900,9.300,702.633,702.100,703.000,0.000,9.000,9.000,0.428,0.310,0.780,0.212,0.198,0.133,0.298,0.079,85.111,-5.111,0.000,0.856,1.700,10.630,0.160
2019-12-09,8.333,7.000,15.000,31.244,24.280,32.970,3.756,3.300,4.400,2.733,0.900,3.900,701.867,700.700,702.600,0.000,9.000,9.000,0.619,0.460,0.850,0.228,0.481,0.083,0.515,0.334,79.000,-1.244,0.000,0.918,0.810,10.630,0.076
2019-12-10,42.444,17.000,61.000,12.424,6.790,22.920,3.656,2.900,4.900,3.433,1.200,4.900,700.689,700.400,700.800,0.000,9.000,9.000,0.098,0.050,0.130,0.094,0.006,0.000,0.006,0.000,83.667,-1.744,0.000,0.965,0.000,10.640,0.000
2019-12-11,,,,,,,,,,,,,,,,,0.000,0.000,0.349,0.240,0.490,0.339,0.074,0.000,0.074,0.020,89.556,-0.789,0.000,0.993,0.000,10.640,0.000
2019-12-12,,,,,,,,,,,,,,,,,0.000,0.000,0.819,0.300,1.000,0.817,0.007,0.000,0.007,0.000,88.556,0.156,0.000,0.999,0.000,10.640,0.000
2019-12-13,,,,,,,,,,,,,,,,,0.000,0.000,0.194,0.110,0.250,0.190,0.000,0.000,0.000,0.000,83.222,0.844,0.000,0.983,0.000,10.650,0.000
2019-12-14,,,,,,,,,,,,,,,,,0.000,0.000,0.179,0.170,0.190,0.171,0.013,0.000,0.013,0.000,69.333,3.044,0.000,0.942,0.650,10.650,0.061
2019-12-15,,,,,,,,,,,,,,,,,0.000,0.000,0.172,0.080,0.420,0.122,0.000,0.041,0.041,0.000,53.667,4.011,0.000,0.880,1.670,10.650,0.157
2019-12-16,,,,,,,,,,,,,,,,,0.000,0.000,0.066,0.010,0.170,0.059,0.000,0.000,0.000,0.000,42.889,6.156,0.000,0.797,2.720,10.660,0.255
2019-12-17,,,,,,,,,,,,,,,,,0.000,0.000,0.153,0.110,0.170,0.147,0.022,0.000,0.022,0.000,53.556,4.167,0.000,0.698,3.760,10.660,0.353
2019-12-18,,,,,,,,,,,,,,,,,0.000,0.000,0.278,0.230,0.380,0.246,0.050,0.039,0.088,0.040,83.333,3.200,0.000,0.589,4.780,10.660,0.449
2019-12-19,,,,,,,,,,,,,,,,,0.000,0.000,0.364,0.170,0.540,0.329,0.133,0.030,0.161,0.030,82.444,1.511,0.500,0.475,5.790,10.660,0.543
2019-12-20,,,,,,,,,,,,,,,,,0.000,0.000,0.857,0.610,1.000,0.826,0.367,0.000,0.367,0.150,99.000,1.522,0.000,0.362,6.790,10.660,0.637
2019-12-21,,,,,,,,,,,,,,,,,0.000,0.000,0.389,0.290,0.490,0.354,0.176,0.000,0.176,0.090,91.000,2.556,0.000,0.257,7.790,10.660,0.730
2019-12-22,,,,,,,,,,,,,,,,,0.000,0.000,0.186,0.170,0.230,0.180,0.019,0.000,0.019,0.000,79.556,2.500,1.100,0.165,8.800,10.660,0.825
2019-12-23,,,,,,,,,,,,,,,,,0.000,0.000,0.113,0.040,0.170,0.107,0.033,0.000,0.033,0.020,75.889,1.789,0.000,0.090,9.810,10.660,0.920
2019-12-24,,,,,,,,,,,,,,,,,0.000,0.000,0.197,0.170,0.320,0.164,0.046,0.042,0.087,0.020,61.000,2.700,0.000,0.037,10.660,10.660,1.000
2019-12-25,,,,,,,,,,,,,,,,,0.000,0.000,0.357,0.080,0.600,0.051,0.014,0.310,0.321,0.020,62.889,3.456,0.000,0.007,10.660,10.660,1.000
2019-12-26,,,,,,,,,,,,,,,,,0.000,0.000,0.359,0.220,0.470,0.354,0.088,0.000,0.088,0.060,90.778,2.200,1.200,0.001,10.660,10.660,1.000
2019-12-27,,,,,,,,,,,,,,,,,0.000,0.000,0.743,0.450,0.920,0.252,0.666,0.109,0.697,0.392,84.333,1.033,0.000,0.016,10.660,10.660,1.000
2019-12-28,,,,,,,,,,,,,,,,,0.000,0.000,0.660,0.410,0.880,0.069,0.597,0.161,0.664,0.409,85.667,3.133,0.900,0.053,10.090,10.650,0.947
2019-12-29,,,,,,,,,,,,,,,,,0.000,0.000,0.862,0.630,0.950,0.721,0.231,0.192,0.370,0.175,97.889,2.200,5.200,0.106,9.180,10.650,0.861
2019-12-30,,,,,,,,,,,,,,,,,0.000,0.000,0.999,0.990,1.000,0.999,0.493,0.156,0.570,0.421,98.222,3.267,5.300,0.174,8.280,10.650,0.778
2019-12-31,,,,,,,,,,,,,,,,,0.000,0.000,1.000,1.000,1.000,1.000,0.097,0.000,0.097,0.060,100.000,-1.022,1.900,0.252,7.420,10.640,0.697
2020-01-01,,,,,,,,,,,,,,,,,0.000,0.000,0.243,0.210,0.290,0.241,0.031,0.000,0.031,0.000,83.333,0.089,0.000,0.339,6.580,10.640,0.619
2020-01-02,,,,,,,,,,,,,,,,,0.000,0.000,0.270,0.210,0.320,0.267,0.052,0.000,0.052,0.030,85.889,1.378,0.000,0.430,5.760,10.640,0.542
2020-01-03,,,,,,,,,,,,,,,,,0.000,0.000,0.280,0.160,0.360,0.247,0.072,0.033,0.104,0.050,87.333,1.122,0.000,0.525,4.940,10.630,0.464
2020-01-04,,,,,,,,,,,,,,,,,0.000,0.000,0.822,0.680,0.910,0.437,0.099,0.649,0.682,0.347,91.000,0.967,0.000,0.619,4.100,10.630,0.386
2020-01-05,,,,,,,,,,,,,,,,,0.000,0.000,0.330,0.210,0.490,0.200,0.009,0.151,0.159,0.040,88.333,2.000,0.000,0.710,3.230,10.620,0.305
2020-01-06,,,,,,,,,,,,,,,,,0.000,0.000,0.746,0.590,0.890,0.258,0.164,0.577,0.639,0.433,88.222,3.044,0.000,0.796,2.330,10.610,0.219
2020-01-07,,,,,,,,,,,,,,,,,0.000,0.000,0.220,0.160,0.430,0.150,0.022,0.061,0.081,0.000,65.444,3.011,0.000,0.872,1.380,10.610,0.130
2020-01-08,,,,,,,,,,,,,,,,,0.000,0.000,0.311,0.220,0.410,0.306,0.012,0.000,0.012,0.000,80.000,2.256,0.000,0.933,0.400,10.600,0.037
2020-01-09,,,,,,,,,,,,,,,,,0.000,0.000,0.172,0.160,0.180,0.167,0.036,0.000,0.036,0.000,57.667,2.211,0.100,0.977,0.000,10.590,0.000
2020-01-10,,,,,,,,,,,,,,,,,0.000,0.000,0.169,0.160,0.170,0.160,0.036,0.000,0.036,0.020,77.556,2.167,0.000,0.998,0.000,10.590,0.000
2020-01-11,,,,,,,,,,,,,,,,,0.000,0.000,0.154,0.100,0.170,0.144,0.053,0.000,0.053,0.020,74.222,1.689,1.500,0.994,0.000,10.580,0.000
2020-01-12,,,,,,,,,,,,,,,,,0.000,0.000,0.471,0.210,0.720,0.412,0.239,0.000,0.239,0.100,84.556,-1.133,2.000,0.964,0.260,10.570,0.024
2020-01-13,,,,,,,,,,,,,,,,,0.000,0.000,0.160,0.070,0.260,0.156,0.026,0.000,0.026,0.000,65.889,-2.111,0.000,0.908,1.330,10.560,0.126
2020-01-14,,,,,,,,,,,,,,,,,0.000,0.000,0.189,0.090,0.280,0.147,0.036,0.031,0.066,0.000,69.000,-1.478,0.600,0.829,2.390,10.550,0.227
2020-01-15,,,,,,,,,,,,,,,,,0.000,0.000,0.104,0.070,0.140,0.087,0.063,0.000,0.063,0.030,87.778,-2.789,0.000,0.732,3.430,10.540,0.325
2020-01-16,65.889,54.000,89.000,5.374,1.400,8.250,-0.433,-1.400,0.600,8.144,7.000,8.800,699.989,699.500,700.600,,0.000,9.000,0.143,0.080,0.180,0.110,0.060,0.000,0.060,0.020,83.000,-0.411,0.600,0.625,4.440,10.530,0.421
2020-01-17,99.444,97.000,100.000,0.068,0.000,0.370,-1.089,-1.200,-1.000,9.713,7.700,12.900,699.111,698.200,699.800,,0.000,9.000,0.444,0.260,0.690,0.438,0.120,0.000,0.120,0.090,93.556,-1.533,2.700,0.511,5.430,10.520,0.516
2020-01-18,100.000,100.000,100.000,0.000,0.000,0.000,-2.022,-2.200,-1.600,9.175,8.800,9.700,698.989,698.700,699.300,,0.000,9.000,0.494,0.400,0.660,0.477,0.291,0.000,0.291,0.190,87.889,-1.589,0.400,0.399,6.420,10.510,0.611
2020-01-19,100.000,100.000,100.000,0.000,0.000,0.000,-1.967,-2.300,-1.600,,,,700.667,700.400,701.100,,0.000,9.000,0.237,0.110,0.320,0.230,0.061,0.000,0.061,0.000,79.889,-1.322,0.300,0.294,7.420,10.500,0.706
2020-01-20,22.333,14.000,38.000,20.299,12.950,25.430,4.400,2.900,5.300,5.122,4.400,6.000,704.133,703.500,704.600,,0.000,9.000,0.177,0.170,0.230,0.160,0.029,0.000,0.029,0.000,63.111,-1.389,0.000,0.200,8.410,10.490,0.801
2020-01-21,29.444,11.000,66.000,18.604,5.700,28.580,4.889,2.200,7.100,6.878,5.200,8.900,705.344,704.300,705.800,,0.000,9.000,0.391,0.030,0.950,0.061,0.014,0.343,0.350,0.000,80.556,-0.078,0.000,0.122,9.380,10.480,0.895
2020-01-22,34.222,16.000,49.000,15.532,9.910,24.250,6.411,5.400,7.400,5.889,5.200,6.400,705.567,704.600,706.200,,0.000,9.000,0.830,0.370,0.970,0.139,0.248,0.800,0.826,0.304,77.889,3.089,0.000,0.062,10.310,10.470,0.985
2020-01-23,29.333,18.000,50.000,17.442,9.710,22.750,6.567,6.100,7.400,5.522,5.300,5.900,705.500,704.800,706.100,,0.000,9.000,0.234,0.180,0.310,0.217,0.027,0.012,0.039,0.000,85.333,3.156,0.000,0.022,10.460,10.460,1.000
2020-01-24,27.222,23.000,31.000,17.578,15.840,19.750,5.989,5.500,6.900,3.656,3.000,4.400,704.678,703.200,705.400,,0.000,9.000,0.424,0.300,0.530,0.324,0.031,0.142,0.169,0.098,83.778,3.356,0.000,0.002,10.450,10.450,1.000
2020-01-25,84.000,64.000,100.000,2.592,0.000,6.300,5.078,4.100,6.000,4.322,3.300,5.300,701.700,699.500,702.900,,0.000,9.000,0.742,0.580,0.930,0.182,0.412,0.574,0.768,0.591,89.667,1.467,3.300,0.004,10.430,10.430,1.000
2020-01-26,98.556,92.000,100.000,0.190,0.000,1.000,0.678,-0.600,2.200,7.822,5.500,10.400,696.344,695.100,697.000,,0.000,9.000,0.743,0.150,0.940,0.711,0.120,0.027,0.135,0.000,96.000,-0.422,0.200,0.024,10.420,10.420,1.000
2020-01-27,88.333,59.000,100.000,1.627,0.000,6.160,-2.900,-3.900,-2.100,7.743,6.800,8.400,696.622,695.900,697.200,,0.000,9.000,0.958,0.750,1.000,0.252,0.941,0.162,0.947,0.761,78.333,-2.422,1.400,0.063,9.610,10.410,0.924
2020-01-28,100.000,100.000,100.000,0.000,0.000,0.000,-2.611,-3.700,-1.900,,,,696.778,696.400,697.100,,0.000,9.000,0.863,0.510,1.000,0.860,0.104,0.000,0.104,0.010,92.889,-3.256,3.500,0.117,8.750,10.390,0.842
2020-01-29,97.333,96.000,98.000,0.312,0.230,0.470,-6.044,-6.900,-5.400,,,,695.067,693.800,695.900,,0.000,9.000,0.332,0.220,0.640,0.299,0.186,0.000,0.186,0.050,86.333,-6.222,1.100,0.184,7.910,10.380,0.762
2020-01-30,15.333,7.000,30.000,21.220,13.060,27.850,-6.967,-8.800,-5.100,8.567,6.400,10.100,695.156,694.800,695.400,,0.000,9.000,0.077,0.000,0.170,0.070,0.024,0.000,0.024,0.000,39.444,-9.956,0.000,0.263,7.080,10.370,0.683
2020-01-31,22.333,12.000,39.000,17.043,10.490,22.620,-5.222,-6.500,-2.900,5.411,2.900,7.400,698.589,698.200,699.000,,0.000,9.000,0.126,0.070,0.170,0.119,0.047,0.000,0.047,0.010,72.333,-8.289,0.000,0.349,6.250,10.350,0.604
2020-02-01,76.444,69.000,84.000,3.160,2.040,4.300,-3.744,-4.200,-3.200,6.778,6.300,7.600,700.344,700.100,700.500,,0.000,9.000,0.170,0.170,0.170,0.161,0.077,0.000,0.077,0.050,84.000,-4.633,0.000,0.442,5.400,10.340,0.523
2020-02-02,100.000,100.000,100.000,0.000,0.000,0.000,-2.389,-2.700,-2.000,4.989,2.900,5.900,701.400,700.800,701.800,,0.000,9.000,0.436,0.160,0.690,0.378,0.287,0.000,0.287,0.040,77.111,-3.011,0.000,0.539,4.520,10.320,0.438
2020-02-03,73.444,70.000,78.000,3.980,2.980,4.830,-0.111,-0.500,0.100,4.367,3.400,4.900,701.878,700.900,702.300,,0.000,9.000,0.312,0.200,0.430,0.137,0.273,0.000,0.273,0.150,86.111,-2.167,0.300,0.636,3.610,10.310,0.350
2020-02-04,100.000,100.000,100.000,0.000,0.000,0.000,0.611,-0.100,1.300,5.389,4.200,6.500,701.678,700.500,702.300,,0.000,9.000,0.390,0.310,0.440,0.310,0.270,0.000,0.270,0.210,92.222,-1.700,0.200,0.731,2.650,10.290,0.257
2020-02-05,99.444,98.000,100.000,0.067,0.000,0.240,-0.400,-1.000,0.200,4.900,2.600,6.500,702.089,701.400,702.600,,0.000,9.000,0.394,0.220,0.530,0.382,0.094,0.000,0.094,0.070,91.111,-2.111,0.500,0.818,1.660,10.270,0.162
2020-02-06,89.889,73.000,100.000,1.560,0.000,4.330,1.033,0.500,1.700,5.744,4.900,6.400,702.700,702.000,703.000,,0.000,9.000,0.319,0.160,0.550,0.233,0.230,0.000,0.230,0.090,93.778,-1.189,0.000,0.894,0.670,10.260,0.065
2020-02-07,100.000,100.000,100.000,0.000,0.000,0.000,0.733,0.400,1.200,7.600,6.300,8.800,703.089,702.600,703.600,,0.000,9.000,0.173,0.170,0.190,0.162,0.063,0.000,0.063,0.040,83.444,-0.022,1.600,0.953,0.000,10.240,0.000
2020-02-08,99.556,96.000,100.000,0.054,0.000,0.490,-0.378,-0.700,-0.100,6.367,5.700,6.900,703.189,702.800,703.600,,0.000,9.000,0.279,0.170,0.430,0.261,0.169,0.000,0.169,0.100,81.000,-1.556,1.900,0.989,0.000,10.220,0.000
2020-02-09,98.111,89.000,100.000,0.236,0.000,1.390,-1.600,-2.200,-1.200,7.667,6.800,8.300,702.089,701.600,702.500,,0.000,9.000,0.399,0.270,0.470,0.394,0.097,0.000,0.097,0.080,89.000,-2.467,0.400,0.999,0.000,10.210,0.000
2020-02-10,64.222,61.000,66.000,6.151,5.770,6.830,3.856,2.600,4.800,4.456,3.100,5.600,704.511,704.000,704.900,,0.000,9.000,0.658,0.340,0.970,0.334,0.258,0.380,0.460,0.000,83.000,0.489,0.000,0.979,0.000,10.190,0.000
2020-02-11,69.444,60.000,81.000,5.117,2.940,6.930,3.467,1.500,4.500,7.444,5.900,8.300,704.044,703.300,704.600,,0.000,9.000,0.859,0.410,1.000,0.399,0.534,0.333,0.547,0.040,93.667,0.689,0.500,0.932,0.930,10.170,0.091
2020-02-12,86.667,68.000,100.000,2.127,0.000,5.370,3.433,2.300,4.100,7.878,7.200,8.400,703.522,702.700,703.900,,0.000,9.000,0.184,0.120,0.270,0.168,0.090,0.000,0.090,0.040,85.111,1.789,0.000,0.859,1.990,10.160,0.196
2020-02-13,98.222,93.000,100.000,0.258,0.000,1.020,3.933,2.900,5.400,7.356,5.400,8.300,703.122,702.700,703.500,,0.000,9.000,0.754,0.520,0.990,0.557,0.618,0.322,0.699,0.353,87.444,3.844,6.500,0.768,3.030,10.140,0.299
2020-02-14,91.444,81.000,100.000,1.309,0.000,2.990,4.922,4.400,5.700,7.633,6.400,8.800,704.144,703.600,704.600,,0.000,9.000,0.462,0.210,0.910,0.356,0.188,0.104,0.273,0.154,87.444,4.000,0.000,0.663,4.050,10.120,0.400
2020-02-15,99.111,96.000,100.000,0.127,0.000,0.570,3.822,2.600,5.600,7.556,6.600,8.600,702.300,701.600,703.000,,0.000,9.000,0.477,0.150,0.900,0.374,0.168,0.062,0.222,0.110,88.667,4.133,0.000,0.553,5.060,10.100,0.501
2020-02-16,100.000,100.000,100.000,0.000,0.000,0.000,3.689,3.100,4.500,11.011,9.200,13.100,700.589,699.400,701.100,,0.000,9.000,1.000,1.000,1.000,1.000,0.590,0.000,0.590,0.230,96.556,0.422,3.800,0.443,6.070,10.080,0.602
2020-02-17,89.556,77.000,100.000,1.374,0.000,3.120,-1.022,-1.800,-0.500,6.100,5.700,6.500,701.156,700.200,701.900,,0.000,9.000,0.648,0.420,1.000,0.643,0.084,0.000,0.084,0.070,87.556,-4.989,0.100,0.338,7.040,10.060,0.700
2020-02-18,56.000,43.000,69.000,6.894,4.390,9.820,-1.056,-1.800,-0.400,5.756,2.700,8.700,701.400,700.600,702.100,,0.000,9.000,0.453,0.230,0.870,0.446,0.059,0.000,0.059,0.040,82.778,-4.456,0.000,0.243,7.980,10.040,0.795
2020-02-19,63.667,56.000,72.000,5.994,3.920,7.850,0.644,-0.400,1.700,5.767,2.600,7.700,703.767,702.900,704.300,,0.000,9.000,0.177,0.120,0.220,0.169,0.049,0.000,0.049,0.000,74.778,-0.989,0.000,0.161,8.870,10.020,0.885
2020-02-20,81.333,68.000,93.000,2.918,1.000,5.220,0.667,0.200,1.000,4.889,3.500,6.000,706.200,705.700,706.500,,0.000,9.000,0.340,0.290,0.390,0.334,0.066,0.000,0.066,0.030,82.889,-0.311,0.000,0.095,9.680,10.000,0.967
2020-02-21,14.222,6.000,64.000,29.494,6.110,35.260,5.389,2.100,6.900,2.500,1.400,3.400,707.600,706.800,708.200,,0.000,9.000,0.327,0.070,1.000,0.321,0.013,0.000,0.013,0.000,87.667,0.822,0.000,0.045,9.980,9.980,1.000
2020-02-22,65.000,11.000,100.000,10.052,0.000,28.790,4.011,1.100,8.200,4.267,0.700,6.300,707.611,706.500,708.300,,0.000,9.000,0.424,0.350,0.520,0.413,0.109,0.000,0.109,0.050,77.667,1.944,0.400,0.014,9.960,9.960,1.000
2020-02-23,3.667,2.000,7.000,41.794,34.040,47.460,9.267,8.700,9.800,3.722,3.300,4.200,706.567,705.500,707.200,,0.000,9.000,0.254,0.130,0.360,0.249,0.038,0.000,0.038,0.010,83.000,2.189,0.000,0.002,9.940,9.940,1.000
2020-02-24,32.778,11.000,52.000,16.372,8.840,28.660,5.144,1.900,8.500,6.744,6.100,7.600,704.867,703.800,705.500,,0.000,9.000,0.167,0.090,0.240,0.161,0.033,0.000,0.033,0.010,89.556,3.033,0.000,0.008,9.920,9.920,1.000
2020-02-25,42.667,8.000,92.000,16.091,1.170,31.860,4.200,2.600,5.800,4.956,3.200,6.700,704.489,703.800,705.000,,0.000,9.000,0.088,0.010,0.170,0.077,0.020,0.001,0.021,0.000,54.444,4.533,0.000,0.032,9.770,9.900,0.986
2020-02-26,66.444,15.000,98.000,7.759,0.280,24.810,3.833,1.500,6.300,2.378,0.700,4.000,704.711,703.900,705.200,,0.000,9.000,0.419,0.210,0.590,0.214,0.114,0.227,0.315,0.099,80.667,3.978,0.000,0.072,8.930,9.880,0.903
2020-02-27,72.111,58.000,84.000,4.638,2.450,7.550,3.211,2.200,4.300,2.633,0.600,5.100,704.222,702.900,705.000,,0.000,9.000,0.446,0.300,0.730,0.260,0.059,0.227,0.277,0.080,80.111,2.500,0.000,0.128,8.090,9.860,0.820
2020-02-28,32.222,18.000,100.000,17.077,0.000,22.500,4.722,1.400,5.700,4.333,1.400,5.300,702.867,701.300,703.800,,0.000,9.000,0.953,0.900,0.980,0.208,0.118,0.937,0.944,0.879,76.778,3.056,0.800,0.197,7.240,9.840,0.736
2020-02-29,80.556,64.000,100.000,3.143,0.000,6.140,2.889,1.500,4.300,7.522,6.700,8.800,701.056,700.200,701.600,,0.000,9.000,0.122,0.050,0.170,0.107,0.060,0.000,0.060,0.000,84.000,3.133,0.000,0.278,6.380,9.820,0.650
2020-03-01,100.000,100.000,100.000,0.000,0.000,0.000,1.833,1.400,2.900,7.867,5.500,9.100,701.333,700.700,702.000,,0.000,9.000,0.134,0.050,0.180,0.124,0.028,0.000,0.028,0.000,79.889,2.811,0.500,0.368,5.480,9.800,0.560
2020-03-02,76.778,40.000,100.000,4.410,0.000,12.380,2.644,1.900,3.700,6.178,5.500,6.900,703.067,702.300,703.600,,0.000,9.000,0.190,0.170,0.210,0.169,0.022,0.011,0.033,0.000,76.111,1.856,0.000,0.465,4.560,9.770,0.466
2020-03-03,100.000,100.000,100.000,0.000,0.000,0.000,2.089,1.500,2.400,7.022,6.300,7.700,702.767,702.000,703.500,,0.000,9.000,0.608,0.220,1.000,0.602,0.037,0.004,0.041,0.020,81.889,3.722,0.000,0.566,3.600,9.750,0.369
2020-03-04,100.000,100.000,100.000,0.000,0.000,0.000,4.567,3.900,5.000,5.067,4.100,6.300,702.178,701.100,702.800,,0.000,9.000,0.991,0.970,1.000,0.690,0.944,0.823,0.990,0.957,92.222,0.511,5.700,0.667,2.630,9.730,0.270
2020-03-05,100.000,100.000,100.000,0.000,0.000,0.000,2.378,1.700,3.200,6.067,5.100,6.800,701.311,700.800,701.600,,0.000,9.000,0.996,0.980,1.000,0.994,0.139,0.000,0.139,0.060,96.333,-0.356,0.700,0.764,1.670,9.710,0.172
2020-03-06,100.000,100.000,100.000,0.000,0.000,0.000,2.478,2.300,2.800,5.011,4.200,6.100,701.778,701.000,702.300,,0.000,9.000,0.268,0.170,0.520,0.187,0.178,0.000,0.178,0.090,88.778,2.633,0.000,0.852,0.740,9.680,0.077
2020-03-07,100.000,100.000,100.000,0.000,0.000,0.000,3.833,3.400,4.500,6.400,5.600,7.200,700.811,699.700,701.500,,0.000,9.000,0.091,0.000,0.180,0.062,0.060,0.000,0.060,0.000,68.000,3.856,0.000,0.924,0.000,9.660,0.000
2020-03-08,68.111,61.000,85.000,5.430,2.280,6.880,4.211,3.200,4.700,6.744,6.200,7.300,699.667,698.600,700.300,,0.000,9.000,0.091,0.020,0.160,0.081,0.018,0.000,0.018,0.000,77.222,3.156,0.000,0.974,0.000,9.640,0.000
2020-03-09,100.000,100.000,100.000,0.000,0.000,0.000,5.289,4.900,5.600,11.444,9.600,12.800,698.311,697.600,698.900,,0.000,9.000,0.738,0.340,0.940,0.687,0.364,0.004,0.367,0.160,87.222,3.767,4.400,0.997,0.000,9.610,0.000
2020-03-10,100.000,100.000,100.000,0.000,0.000,0.000,2.578,2.300,2.900,10.478,8.900,12.300,699.478,698.200,700.200,,0.000,9.000,1.000,1.000,1.000,1.000,0.208,0.000,0.208,0.160,94.111,1.722,4.300,0.990,0.000,9.590,0.000
2020-03-11,100.000,100.000,100.000,0.000,0.000,0.000,3.978,2.700,4.600,6.644,5.600,7.500,703.089,702.100,703.900,,0.000,9.000,0.994,0.960,1.000,0.992,0.657,0.000,0.657,0.330,94.111,1.867,1.300,0.953,0.520,9.570,0.054
2020-03-12,100.000,100.000,100.000,0.000,0.000,0.000,5.344,4.500,5.700,9.467,8.300,11.200,702.522,701.800,702.900,,0.000,9.000,0.736,0.480,0.910,0.637,0.323,0.000,0.323,0.140,87.889,3.389,2.200,0.889,1.590,9.540,0.167
2020-03-13,100.000,100.000,100.000,0.000,0.000,0.000,6.078,5.900,6.300,8.222,6.200,10.500,702.611,701.500,703.400,,0.000,9.000,0.879,0.540,1.000,0.810,0.613,0.001,0.614,0.330,97.000,3.300,3.000,0.805,2.660,9.520,0.279
2020-03-14,100.000,100.000,100.000,0.000,0.000,0.000,2.589,1.900,3.300,10.578,8.700,12.700,699.200,698.300,699.800,,0.000,9.000,0.940,0.760,1.000,0.937,0.243,0.000,0.243,0.170,94.111,-0.278,2.500,0.706,3.700,9.490,0.390
2020-03-15,13.889,4.000,60.000,28.481,6.060,38.440,1.533,-0.100,3.400,5.822,4.500,6.400,701.256,700.900,701.500,,0.000,9.000,0.168,0.100,0.320,0.139,0.014,0.021,0.035,0.000,71.444,-1.244,0.000,0.600,4.730,9.470,0.499
2020-03-16,79.444,63.000,95.000,3.321,0.730,6.350,3.867,2.400,4.900,5.267,4.000,6.500,703.589,703.000,704.100,,0.000,9.000,0.436,0.160,0.910,0.382,0.046,0.070,0.112,0.000,80.667,0.844,0.000,0.494,5.700,9.450,0.604
2020-03-17,99.333,94.000,100.000,0.098,0.000,0.880,4.689,4.200,5.000,7.544,4.800,9.800,702.667,701.300,703.500,,0.000,9.000,0.851,0.590,0.990,0.581,0.236,0.449,0.596,0.228,86.667,2.067,0.000,0.390,6.620,9.420,0.702
2020-03-18,100.000,100.000,100.000,0.000,0.000,0.000,4.867,4.500,5.300,6.811,5.300,8.700,701.856,700.800,702.400,,0.000,9.000,0.523,0.160,1.000,0.113,0.388,0.367,0.499,0.059,91.222,2.544,4.800,0.294,7.450,9.400,0.793
2020-03-19,100.000,100.000,100.000,0.000,0.000,0.000,4.344,4.000,4.600,6.956,5.900,7.600,702.411,701.200,703.200,,0.000,9.000,0.980,0.890,1.000,0.784,0.634,0.853,0.930,0.784,97.111,3.478,5.800,0.208,8.210,9.370,0.876
2020-03-20,84.111,53.000,100.000,2.774,0.000,8.760,3.578,2.500,4.400,8.600,6.300,10.800,701.522,700.800,702.400,,0.000,9.000,0.793,0.450,0.990,0.137,0.006,0.747,0.751,0.183,85.111,3.956,0.000,0.135,8.890,9.350,0.951
2020-03-21,99.556,98.000,100.000,0.066,0.000,0.290,6.444,5.800,6.800,7.622,6.800,8.700,703.833,702.500,704.600,,0.000,9.000,0.258,0.010,0.500,0.003,0.000,0.251,0.251,0.000,66.111,4.722,0.000,0.077,9.320,9.320,1.000
2020-03-22,98.667,90.000,100.000,0.200,0.000,1.510,6.100,5.400,7.000,6.711,5.800,8.900,704.000,703.100,704.800,,0.000,9.000,0.043,0.000,0.170,0.001,0.000,0.038,0.038,0.000,68.889,5.144,0.000,0.035,9.300,9.300,1.000
2020-03-23,98.889,95.000,100.000,0.164,0.000,0.740,5.811,5.300,6.100,5.600,4.400,7.200,703.444,702.400,704.100,,0.000,9.000,0.213,0.180,0.280,0.178,0.053,0.009,0.062,0.030,80.333,4.722,0.000,0.009,9.270,9.270,1.000
2020-03-24,87.889,43.000,100.000,2.176,0.000,11.570,4.700,4.100,5.400,3.178,1.400,4.800,703.233,702.700,703.700,,0.000,9.000,0.230,0.170,0.350,0.183,0.087,0.027,0.110,0.050,84.444,4.711,0.100,0.002,9.240,9.240,1.000
2020-03-25,83.778,57.000,100.000,2.748,0.000,7.800,5.378,4.500,6.100,4.411,3.000,5.900,703.456,702.800,704.000,,0.000,9.000,0.459,0.290,0.640,0.298,0.126,0.179,0.282,0.090,83.000,5.111,0.100,0.012,9.220,9.220,1.000
2020-03-26,92.667,80.000,100.000,1.119,0.000,3.150,4.611,3.600,5.700,7.167,4.900,8.000,703.700,702.600,704.500,,0.000,9.000,0.528,0.190,0.900,0.322,0.043,0.280,0.313,0.146,83.000,5.078,0.000,0.040,8.870,9.190,0.965
2020-03-27,100.000,100.000,100.000,0.000,0.000,0.000,4.722,4.000,5.400,6.611,4.800,7.600,702.400,700.900,703.500,,0.000,9.000,0.511,0.170,0.770,0.107,0.274,0.391,0.531,0.146,88.000,3.989,0.000,0.085,8.000,9.170,0.873
2020-03-28,51.556,28.000,100.000,10.527,0.000,17.140,4.556,3.200,5.800,9.144,6.500,11.400,700.656,699.400,701.400,,0.000,9.000,0.184,0.170,0.240,0.180,0.028,0.000,0.028,0.000,81.111,1.589,0.300,0.145,7.120,9.140,0.779
2020-03-29,91.889,81.000,100.000,1.247,0.000,3.020,4.656,3.700,6.100,8.378,6.800,8.900,701.111,700.500,701.600,,0.000,9.000,0.201,0.170,0.280,0.169,0.031,0.008,0.038,0.000,77.667,2.989,0.000,0.220,6.200,9.110,0.681
2020-03-30,100.000,100.000,100.000,0.000,0.000,0.000,7.589,7.400,7.700,6.878,5.800,7.900,702.878,702.300,703.400,,0.000,9.000,0.356,0.260,0.490,0.254,0.182,0.000,0.182,0.080,87.111,4.256,0.100,0.306,5.270,9.090,0.580
2020-03-31,100.000,100.000,100.000,0.000,0.000,0.000,5.767,4.800,8.000,8.222,6.800,9.500,701.678,701.100,702.200,,0.000,9.000,0.833,0.470,0.950,0.814,0.207,0.000,0.207,0.030,85.000,5.133,1.200,0.403,4.320,9.060,0.477
2020-04-01,99.778,98.000,100.000,0.032,0.000,0.290,6.367,5.800,6.900,7.000,4.900,9.400,703.478,702.800,704.100,,0.000,9.000,0.546,0.470,0.620,0.489,0.176,0.016,0.189,0.079,81.667,4.500,0.100,0.506,3.380,9.040,0.374
2020-04-02,100.000,100.000,100.000,0.000,0.000,0.000,6.167,5.400,6.500,5.478,3.500,8.100,704.667,704.000,705.400,,0.000,9.000,0.536,0.230,0.990,0.297,0.253,0.183,0.338,0.000,91.000,4.100,0.700,0.613,2.460,9.010,0.274
2020-04-03,100.000,100.000,100.000,0.000,0.000,0.000,4.500,3.800,5.400,6.711,5.600,8.200,702.622,701.900,703.200,,0.000,9.000,0.797,0.580,0.960,0.709,0.466,0.000,0.466,0.140,93.333,3.122,0.800,0.717,1.600,8.980,0.178
2020-04-04,100.000,100.000,100.000,0.000,0.000,0.000,3.633,3.200,4.100,7.856,6.900,8.800,702.656,702.000,703.300,,0.000,9.000,0.266,0.220,0.310,0.248,0.116,0.008,0.122,0.080,83.333,2.733,0.500,0.814,0.780,8.950,0.087
2020-04-05,99.444,95.000,100.000,0.080,0.000,0.720,2.767,2.500,3.200,6.889,3.900,9.800,702.222,701.300,703.100,,0.000,9.000,0.971,0.880,1.000,0.929,0.828,0.007,0.828,0.700,96.556,1.222,2.500,0.896,0.010,8.930,0.001
2020-04-06,100.000,100.000,100.000,0.000,0.000,0.000,1.967,1.400,2.500,5.456,3.000,7.000,700.267,699.000,701.400,,0.000,9.000,0.984,0.920,1.000,0.823,0.941,0.898,0.991,0.957,99.889,1.211,13.900,0.958,0.000,8.900,0.000
2020-04-07,100.000,100.000,100.000,0.000,0.000,0.000,2.533,1.900,2.900,6.878,5.800,8.900,699.478,698.700,699.900,,0.000,9.000,0.292,0.220,0.370,0.286,0.111,0.000,0.111,0.080,91.333,0.556,0.800,0.992,0.000,8.870,0.000
2020-04-08,100.000,100.000,100.000,0.000,0.000,0.000,2.689,2.300,3.100,6.389,5.400,8.000,701.089,700.600,701.700,,0.000,9.000,0.817,0.520,0.920,0.803,0.039,0.040,0.077,0.000,90.000,1.667,0.300,0.996,0.000,8.850,0.000
2020-04-09,84.333,61.000,100.000,2.606,0.000,6.710,1.111,0.700,1.400,5.500,4.500,6.100,702.744,702.200,703.200,,0.000,9.000,0.271,0.150,0.340,0.262,0.072,0.003,0.076,0.000,77.778,2.578,0.300,0.970,0.090,8.820,0.010
2020-04-10,56.444,39.000,71.000,8.118,4.810,12.780,4.667,3.800,6.100,7.156,5.200,8.500,702.889,701.700,704.000,,0.000,9.000,0.344,0.140,0.670,0.240,0.041,0.128,0.161,0.000,79.111,3.700,0.000,0.917,1.180,8.790,0.135
2020-04-11,100.000,100.000,100.000,0.000,0.000,0.000,4.922,4.500,5.300,8.733,7.700,10.100,700.067,698.200,701.500,,0.000,9.000,0.999,0.990,1.000,0.998,0.648,0.148,0.689,0.340,95.444,2.800,4.200,0.842,2.260,8.770,0.258
2020-04-12,51.889,8.000,100.000,10.503,0.000,27.000,-3.422,-4.600,-1.900,7.900,6.500,8.900,695.267,692.900,696.800,,0.000,9.000,0.180,0.040,0.400,0.172,0.034,0.000,0.034,0.010,52.889,-4.100,0.400,0.752,3.300,8.740,0.378
2020-04-13,15.889,7.000,33.000,24.851,14.500,32.520,1.444,0.300,2.600,2.356,1.400,4.700,700.500,699.400,701.400,,0.000,9.000,0.924,0.480,0.990,0.142,0.409,0.883,0.914,0.439,72.889,-3.278,0.000,0.653,4.270,8.710,0.490
2020-04-14,75.444,16.000,100.000,5.254,0.000,23.010,-1.111,-2.500,0.600,5.422,4.600,6.800,698.911,697.500,700.000,,0.000,9.000,0.700,0.480,0.910,0.330,0.372,0.341,0.651,0.447,68.667,0.122,0.000,0.550,5.160,8.680,0.594
2020-04-15,14.000,10.000,28.000,25.738,16.720,28.890,3.967,2.600,6.100,5.456,3.000,7.700,700.544,700.300,700.800,,0.000,9.000,0.454,0.020,0.860,0.058,0.001,0.413,0.414,0.000,67.444,-0.111,0.000,0.448,5.950,8.660,0.688
2020-04-16,19.111,15.000,22.000,22.266,20.320,25.300,7.922,7.000,8.900,2.689,1.200,3.900,704.578,703.900,705.400,,0.000,9.000,0.097,0.010,0.190,0.090,0.000,0.000,0.000,0.000,71.778,1.744,0.000,0.351,6.660,8.630,0.772
2020-04-17,48.889,33.000,69.000,10.366,5.310,15.220,6.689,4.500,8.600,5.267,3.000,7.000,704.289,703.500,705.100,,0.000,9.000,0.381,0.170,0.920,0.127,0.001,0.263,0.264,0.030,85.778,4.656,0.000,0.262,7.290,8.600,0.848
2020-04-18,77.778,56.000,88.000,3.753,1.850,8.180,7.167,6.600,8.700,5.622,4.100,6.600,704.178,703.100,705.200,,0.000,9.000,0.952,0.780,1.000,0.086,0.640,0.840,0.949,0.805,73.889,5.778,0.000,0.183,7.870,8.570,0.918
2020-04-19,68.333,50.000,94.000,5.704,0.890,9.690,6.033,5.200,6.900,5.156,3.000,7.700,703.667,703.100,704.400,,0.000,9.000,0.633,0.210,0.810,0.001,0.004,0.627,0.628,0.200,58.111,5.978,0.000,0.116,8.410,8.550,0.984
2020-04-20,100.000,100.000,100.000,0.000,0.000,0.000,6.789,6.600,6.900,7.833,6.600,9.100,703.322,702.100,704.400,,0.000,9.000,0.268,0.080,0.440,0.162,0.037,0.108,0.143,0.059,84.111,5.667,0.000,0.063,8.520,8.520,1.000
2020-04-21,97.222,91.000,100.000,0.414,0.000,1.360,5.989,5.100,7.000,7.378,6.400,8.100,703.000,702.300,703.800,,0.000,9.000,0.710,0.530,0.990,0.440,0.446,0.348,0.623,0.410,90.222,5.756,1.000,0.026,8.490,8.490,1.000
2020-04-22,100.000,100.000,100.000,0.000,0.000,0.000,7.222,6.700,7.600,5.944,4.500,8.800,703.256,702.800,703.800,,0.000,9.000,0.997,0.990,1.000,0.992,0.809,0.749,0.884,0.428,98.222,4.000,10.400,0.005,8.470,8.470,1.000
2020-04-23,100.000,100.000,100.000,0.000,0.000,0.000,5.944,5.600,6.300,6.478,4.400,8.400,702.333,701.500,703.100,,0.000,9.000,1.000,1.000,1.000,1.000,0.850,0.059,0.859,0.520,100.000,1.722,9.700,0.003,8.440,8.440,1.000
2020-04-24,100.000,100.000,100.000,0.000,0.000,0.000,4.978,4.500,5.400,7.922,7.300,9.000,702.000,701.100,702.500,,0.000,9.000,0.988,0.890,1.000,0.981,0.349,0.133,0.462,0.226,94.333,2.256,3.700,0.019,8.410,8.410,1.000
2020-04-25,99.667,97.000,100.000,0.049,0.000,0.440,4.756,4.400,5.300,6.500,5.900,7.300,703.289,702.600,704.100,,0.000,9.000,0.980,0.950,1.000,0.919,0.837,0.612,0.936,0.850,92.444,3.067,1.100,0.053,7.800,8.380,0.930
2020-04-26,100.000,100.000,100.000,0.000,0.000,0.000,5.689,5.400,6.000,6.611,4.600,8.200,703.122,702.300,703.800,,0.000,9.000,0.653,0.340,0.960,0.276,0.372,0.402,0.582,0.210,83.889,4.522,1.400,0.106,6.860,8.360,0.821
2020-04-27,100.000,100.000,100.000,0.000,0.000,0.000,4.567,3.800,5.300,4.756,2.800,6.400,703.311,702.700,704.100,,0.000,9.000,0.819,0.430,0.980,0.506,0.253,0.544,0.666,0.190,89.111,3.400,0.100,0.175,5.920,8.330,0.711
2020-04-28,100.000,100.000,100.000,0.000,0.000,0.000,3.300,2.600,4.000,4.967,2.700,7.400,703.233,702.300,704.000,,0.000,9.000,0.900,0.860,0.940,0.877,0.063,0.071,0.131,0.000,92.556,1.833,0.500,0.259,4.980,8.300,0.600
2020-04-29,64.000,34.000,99.000,6.907,0.140,14.590,3.956,2.500,5.000,5.844,4.400,7.500,704.244,703.400,705.000,,0.000,9.000,0.294,0.050,0.930,0.128,0.000,0.162,0.162,0.000,86.333,3.278,0.000,0.355,4.080,8.280,0.493
2020-04-30,85.222,56.000,100.000,2.506,0.000,8.220,5.789,5.300,7.400,6.900,5.800,7.600,703.456,702.400,704.600,,0.000,9.000,0.240,0.150,0.450,0.157,0.103,0.017,0.119,0.010,77.556,5.122,0.000,0.461,3.220,8.250,0.390
2020-05-01,76.889,65.000,95.000,3.922,0.750,6.150,7.411,6.900,8.100,6.311,4.800,7.600,702.800,701.600,704.000,,0.000,9.000,0.669,0.070,0.940,0.109,0.398,0.559,0.662,0.050,77.444,5.911,0.900,0.571,2.420,8.230,0.294
2020-05-02,75.444,69.000,91.000,4.112,1.380,5.320,7.478,6.200,7.900,7.156,6.200,7.700,701.700,700.700,702.400,,0.000,9.000,0.571,0.330,0.900,0.070,0.323,0.347,0.546,0.270,87.889,6.067,0.000,0.681,1.660,8.200,0.203
2020-05-03,87.889,71.000,100.000,1.951,0.000,4.970,7.311,6.700,8.600,5.300,4.400,6.100,702.522,701.900,703.200,,0.000,9.000,0.153,0.030,0.480,0.006,0.023,0.122,0.145,0.020,70.222,6.478,0.000,0.784,0.950,8.170,0.116
2020-05-04,58.889,45.000,73.000,7.786,4.560,11.400,9.000,8.300,9.900,5.278,4.400,6.000,703.389,702.400,704.300,,0.000,9.000,0.178,0.080,0.320,0.003,0.003,0.161,0.164,0.060,86.778,6.189,0.000,0.873,0.250,8.150,0.030
2020-05-05,100.000,100.000,100.000,0.000,0.000,0.000,8.622,7.900,9.100,9.589,8.800,10.000,702.767,702.100,703.300,,0.000,9.000,0.367,0.190,0.650,0.232,0.119,0.139,0.233,0.030,69.444,8.089,0.200,0.942,0.000,8.120,0.000
2020-05-06,98.667,92.000,100.000,0.204,0.000,1.240,8.844,7.800,9.800,6.822,5.000,9.800,702.844,701.900,703.600,,0.000,9.000,0.994,0.970,1.000,0.196,0.267,0.989,0.992,0.964,88.222,7.600,0.000,0.985,0.000,8.100,0.000
2020-05-07,91.000,78.000,100.000,1.410,0.000,3.590,7.089,6.700,7.600,8.500,7.300,9.500,702.122,701.700,702.500,,0.000,9.000,0.328,0.230,0.450,0.169,0.052,0.161,0.204,0.117,81.333,6.978,0.000,0.999,0.000,8.070,0.000
2020-05-08,98.889,95.000,100.000,0.168,0.000,0.760,9.222,8.200,9.900,5.611,4.900,6.600,703.500,702.700,704.300,,0.000,9.000,0.213,0.040,0.500,0.182,0.022,0.020,0.042,0.000,86.778,6.956,0.000,0.984,0.000,8.050,0.000
2020-05-09,78.778,56.000,98.000,3.788,0.300,8.570,11.444,9.500,12.800,2.733,1.200,4.600,704.433,704.000,704.800,,0.000,9.000,0.186,0.040,0.840,0.177,0.003,0.000,0.003,0.000,90.444,7.800,0.000,0.942,0.700,8.020,0.087
2020-05-10,93.556,82.000,100.000,1.043,0.000,2.930,9.378,8.400,10.600,4.878,3.500,8.500,704.467,703.400,705.400,,0.000,9.000,0.289,0.140,0.530,0.203,0.052,0.086,0.133,0.069,90.000,8.533,0.700,0.878,1.740,8.000,0.217
2020-05-11,100.000,100.000,100.000,0.000,0.000,0.000,8.489,8.100,8.900,5.211,3.200,6.600,702.844,701.900,703.700,,0.000,9.000,0.752,0.560,0.980,0.416,0.070,0.468,0.503,0.183,94.333,5.667,0.000,0.797,2.700,7.970,0.338
2020-05-12,99.111,92.000,100.000,0.136,0.000,1.220,7.100,6.400,8.000,3.467,2.500,5.000,702.722,701.800,703.700,,0.000,9.000,0.618,0.180,0.960,0.603,0.131,0.000,0.131,0.070,94.778,6.167,0.100,0.706,3.560,7.950,0.447
2020-05-13,90.111,73.000,100.000,1.600,0.000,4.580,8.000,7.400,8.900,4.711,3.500,5.600,704.378,703.900,704.900,,0.000,9.000,0.669,0.270,0.950,0.612,0.031,0.048,0.078,0.030,86.444,6.544,0.000,0.609,4.320,7.930,0.544
2020-05-14,96.778,93.000,100.000,0.486,0.000,1.060,7.978,7.400,8.500,6.222,5.300,6.900,703.356,702.600,704.200,0.000,9.000,9.000,0.786,0.380,0.980,0.619,0.023,0.306,0.320,0.000,88.333,7.178,0.000,0.510,4.990,7.900,0.631
2020-05-15,86.111,79.000,98.000,2.243,0.300,3.470,9.722,9.000,10.400,5.378,4.700,6.000,703.667,702.800,704.600,0.000,9.000,9.000,0.667,0.350,0.850,0.107,0.022,0.628,0.639,0.321,86.000,7.111,0.000,0.413,5.590,7.880,0.709
2020-05-16,85.000,82.000,90.000,2.384,1.540,2.910,8.378,7.700,9.000,1.611,0.600,3.200,702.033,700.400,703.300,2.000,9.000,9.000,0.902,0.750,0.950,0.789,0.368,0.068,0.419,0.164,95.000,4.244,0.000,0.321,6.140,7.860,0.781
2020-05-17,97.667,92.000,100.000,0.350,0.000,1.210,7.122,6.200,8.300,6.444,4.400,8.100,698.789,697.400,700.000,0.000,9.000,9.000,0.929,0.830,1.000,0.818,0.019,0.372,0.385,0.089,93.222,6.744,0.000,0.236,6.660,7.840,0.850
2020-05-18,100.000,100.000,100.000,0.000,0.000,0.000,6.833,5.000,7.500,9.089,6.700,14.200,698.789,696.500,700.400,4.500,9.000,9.000,1.000,1.000,1.000,0.830,0.429,0.986,0.991,0.977,89.111,6.033,3.700,0.161,7.170,7.820,0.917
2020-05-19,100.000,100.000,100.000,0.000,0.000,0.000,6.622,6.000,7.200,5.689,3.900,8.100,700.467,699.200,701.200,1.000,9.000,9.000,0.672,0.390,0.940,0.533,0.301,0.239,0.468,0.219,96.556,4.100,0.600,0.098,7.690,7.800,0.986
2020-05-20,100.000,100.000,100.000,0.000,0.000,0.000,7.856,7.600,8.100,6.422,4.800,8.400,700.678,699.800,701.500,0.000,9.000,9.000,0.970,0.860,1.000,0.852,0.431,0.733,0.866,0.295,94.444,5.122,0.200,0.048,7.780,7.780,1.000
2020-05-21,100.000,100.000,100.000,0.000,0.000,0.000,9.778,9.500,10.100,7.022,5.000,10.300,699.311,698.100,700.200,94.500,9.000,9.000,0.994,0.970,1.000,0.929,0.750,0.652,0.912,0.742,99.111,5.333,10.900,0.016,7.750,7.750,1.000
2020-05-22,100.000,100.000,100.000,0.000,0.000,0.000,10.289,10.100,10.600,5.544,4.200,8.300,698.733,697.800,699.500,20.000,9.000,9.000,1.000,1.000,1.000,0.879,0.871,0.989,0.998,0.994,99.000,6.800,46.000,0.001,7.740,7.740,1.000
2020-05-23,100.000,100.000,100.000,0.000,0.000,0.000,9.967,9.800,10.100,3.489,2.700,5.000,700.800,700.000,701.400,6.500,9.000,9.000,0.954,0.700,1.000,0.949,0.188,0.049,0.226,0.069,96.000,7.578,1.000,0.006,7.720,7.720,1.000
2020-05-24,100.000,100.000,100.000,0.000,0.000,0.000,8.189,7.900,8.700,4.733,2.400,6.100,702.222,701.700,702.600,0.000,9.000,9.000,0.966,0.840,1.000,0.922,0.054,0.352,0.389,0.149,93.556,7.033,0.200,0.031,7.670,7.700,0.997
2020-05-25,100.000,100.000,100.000,0.000,0.000,0.000,8.900,8.600,9.200,7.033,5.100,8.300,703.544,702.300,704.100,0.500,9.000,9.000,0.677,0.350,0.990,0.171,0.079,0.564,0.605,0.098,84.111,7.656,0.000,0.077,6.730,7.680,0.877
2020-05-26,99.778,98.000,100.000,0.033,0.000,0.300,9.233,8.700,9.700,6.356,5.300,8.300,702.822,702.000,704.000,5.500,9.000,9.000,0.970,0.920,1.000,0.429,0.531,0.826,0.876,0.525,92.667,6.944,2.600,0.142,5.820,7.660,0.759
2020-05-27,100.000,100.000,100.000,0.000,0.000,0.000,9.722,9.500,10.000,5.389,2.600,7.300,703.244,702.200,703.800,32.000,9.000,9.000,0.957,0.800,1.000,0.761,0.093,0.707,0.723,0.155,97.889,6.411,0.200,0.224,4.950,7.640,0.648
2020-05-28,100.000,100.000,100.000,0.000,0.000,0.000,8.944,8.300,9.700,5.300,4.300,6.200,704.200,703.400,704.700,11.000,9.000,9.000,0.958,0.890,0.990,0.864,0.387,0.547,0.699,0.432,97.111,6.689,0.000,0.321,4.150,7.630,0.544
2020-05-29,100.000,100.000,100.000,0.000,0.000,0.000,9.033,8.600,9.300,6.389,5.400,7.600,704.589,704.000,705.200,0.000,9.000,9.000,0.963,0.890,1.000,0.702,0.170,0.861,0.881,0.744,96.889,6.322,0.000,0.429,3.400,7.610,0.447
2020-05-30,100.000,100.000,100.000,0.000,0.000,0.000,8.878,8.300,9.300,8.367,6.900,10.400,704.700,703.900,705.400,0.000,9.000,9.000,0.990,0.960,1.000,0.020,0.004,0.987,0.987,0.950,81.222,8.000,0.000,0.542,2.710,7.600,0.356
2020-05-31,100.000,100.000,100.000,0.000,0.000,0.000,9.422,8.900,9.800,6.200,4.800,7.600,705.067,704.500,705.600,1.000,9.000,9.000,0.954,0.760,1.000,0.086,0.014,0.953,0.954,0.762,91.556,7.700,0.000,0.655,2.040,7.580,0.269
2020-06-01,99.889,99.000,100.000,0.017,0.000,0.150,8.678,7.800,9.000,6.400,4.600,8.000,704.633,703.100,705.500,0.000,9.000,9.000,0.980,0.970,1.000,0.214,0.066,0.967,0.969,0.952,89.889,7.267,0.000,0.761,1.380,7.570,0.182
2020-06-02,97.778,91.000,100.000,0.339,0.000,1.380,8.689,7.600,10.100,5.844,4.400,6.900,704.144,703.000,705.200,1.500,9.000,9.000,0.884,0.510,1.000,0.440,0.039,0.814,0.833,0.295,89.667,7.544,0.000,0.854,0.700,7.550,0.093
2020-06-03,90.444,81.000,100.000,1.499,0.000,3.060,7.589,6.900,8.300,7.178,6.000,8.200,703.344,702.600,704.200,0.000,9.000,9.000,0.652,0.390,0.840,0.001,0.000,0.646,0.646,0.380,68.000,7.456,0.000,0.927,0.000,7.540,0.000
2020-06-04,84.889,66.000,100.000,2.548,0.000,6.020,8.300,7.900,9.000,5.900,5.000,6.700,703.644,702.600,704.400,0.000,9.000,9.000,0.848,0.630,0.930,0.000,0.089,0.829,0.847,0.614,70.222,8.222,0.000,0.977,0.000,7.530,0.000
2020-06-05,100.000,100.000,100.000,0.000,0.000,0.000,8.822,8.200,9.300,7.922,6.700,8.700,702.911,702.100,703.900,0.500,9.000,9.000,0.986,0.920,1.000,0.043,0.004,0.979,0.979,0.920,73.000,8.722,0.000,0.999,0.000,7.520,0.000
2020-06-06,100.000,100.000,100.000,0.000,0.000,0.000,8.156,7.700,9.100,8.311,7.000,9.700,701.811,701.300,702.500,1.000,9.000,9.000,0.974,0.940,1.000,0.406,0.577,0.923,0.969,0.922,83.889,7.922,0.700,0.993,0.000,7.510,0.000
2020-06-07,100.000,100.000,100.000,0.000,0.000,0.000,8.400,7.900,9.000,7.289,6.400,8.800,701.144,700.600,701.900,9.500,9.000,9.000,0.999,0.990,1.000,0.432,0.758,0.992,0.997,0.984,82.444,6.422,0.500,0.963,0.150,7.500,0.020
2020-06-08,100.000,100.000,100.000,0.000,0.000,0.000,8.078,7.500,8.300,8.411,6.600,9.200,702.556,701.900,703.200,2.000,9.000,9.000,0.998,0.990,1.000,0.413,0.700,0.994,0.999,0.994,94.333,5.122,3.700,0.911,1.080,7.490,0.145
2020-06-09,98.667,95.000,100.000,0.197,0.000,0.740,6.322,5.200,7.600,7.833,6.500,8.500,703.011,701.700,704.000,1.000,9.000,9.000,0.878,0.500,1.000,0.439,0.676,0.807,0.884,0.535,90.000,5.333,0.100,0.841,1.910,7.480,0.256
2020-06-10,87.444,73.000,100.000,2.038,0.000,4.570,7.956,7.500,8.600,6.456,5.600,7.100,703.511,702.900,704.200,0.000,9.000,9.000,0.998,0.990,1.000,0.230,0.612,0.977,0.995,0.984,85.222,7.000,0.000,0.759,2.640,7.470,0.353
2020-06-11,65.333,51.000,86.000,6.458,2.250,9.750,11.267,10.600,12.000,3.056,2.200,4.400,703.367,702.700,704.100,0.000,9.000,9.000,0.360,0.050,0.540,0.073,0.049,0.274,0.311,0.010,88.444,7.489,0.000,0.669,3.290,7.460,0.440
2020-06-12,73.556,65.000,87.000,4.660,2.090,6.420,11.944,11.200,12.800,3.556,1.500,5.600,703.422,702.800,704.000,0.000,9.000,9.000,0.182,0.080,0.340,0.054,0.049,0.090,0.135,0.070,83.000,8.922,0.000,0.574,3.870,7.460,0.519
2020-06-13,82.333,71.000,91.000,2.954,1.410,5.070,10.844,10.400,11.500,6.000,4.200,7.800,705.511,704.900,706.400,0.000,9.000,9.000,0.260,0.000,0.790,0.247,0.014,0.010,0.024,0.000,89.778,8.233,0.000,0.478,4.410,7.450,0.592
2020-06-14,93.889,68.000,100.000,1.032,0.000,5.670,10.522,9.500,11.600,3.478,0.700,5.500,707.056,706.300,707.700,0.500,9.000,9.000,0.853,0.840,0.890,0.841,0.112,0.038,0.147,0.059,94.111,7.300,0.000,0.384,4.930,7.440,0.662
2020-06-15,88.889,72.000,100.000,1.870,0.000,4.890,9.922,8.400,11.800,4.422,3.000,6.100,705.700,704.900,706.600,0.000,9.000,9.000,0.726,0.330,0.980,0.071,0.078,0.662,0.701,0.295,84.667,8.322,0.000,0.294,5.450,7.440,0.732
2020-06-16,56.889,39.000,71.000,8.629,5.080,13.620,11.844,11.200,12.700,2.633,1.500,4.800,704.300,703.200,705.000,0.000,9.000,9.000,0.596,0.260,0.830,0.450,0.013,0.147,0.157,0.000,89.556,8.533,0.000,0.211,5.980,7.440,0.804
2020-06-17,58.333,35.000,85.000,8.462,2.440,15.060,11.656,11.100,12.400,4.822,3.700,6.100,704.356,703.200,705.400,0.000,9.000,9.000,0.941,0.910,1.000,0.000,0.012,0.937,0.938,0.910,78.889,8.444,0.000,0.138,6.550,7.430,0.881
2020-06-18,58.111,48.000,66.000,7.967,6.060,10.630,10.544,9.600,11.300,5.689,4.900,6.600,704.333,703.700,704.900,0.000,9.000,9.000,0.981,0.970,1.000,0.000,0.000,0.979,0.979,0.970,67.222,8.178,0.000,0.078,7.170,7.430,0.965
2020-06-19,73.556,67.000,80.000,4.542,3.280,5.890,10.244,9.300,11.000,3.644,1.400,5.200,704.667,703.800,705.500,0.000,9.000,9.000,0.812,0.710,0.910,0.002,0.001,0.803,0.804,0.703,69.778,8.822,0.000,0.033,7.430,7.430,1.000
2020-06-20,60.111,46.000,80.000,7.601,3.270,11.230,10.156,9.000,11.500,5.711,4.500,6.700,702.956,701.900,703.700,0.000,9.000,9.000,0.904,0.650,1.000,0.019,0.010,0.891,0.894,0.615,83.444,8.000,0.000,0.006,7.430,7.430,1.000
2020-06-21,90.444,85.000,100.000,1.494,0.000,2.390,8.433,8.000,9.000,6.733,6.000,7.800,702.111,701.300,702.800,0.000,9.000,9.000,0.999,0.990,1.000,0.001,0.000,0.998,0.998,0.990,74.778,7.889,0.000,0.001,7.430,7.430,1.000
2020-06-22,79.889,61.000,100.000,3.530,0.000,7.250,10.556,9.800,11.200,4.433,3.500,6.700,703.478,702.400,704.400,0.000,9.000,9.000,0.756,0.380,0.950,0.024,0.001,0.744,0.745,0.370,78.889,9.378,0.000,0.017,7.430,7.430,1.000
2020-06-23,61.778,41.000,100.000,7.460,0.000,12.980,11.467,10.200,13.200,2.689,1.600,4.400,703.544,702.800,704.300,0.000,9.000,9.000,0.999,0.990,1.000,0.009,0.008,0.999,0.999,0.990,78.444,8.778,0.000,0.057,6.990,7.430,0.941
2020-06-24,70.222,50.000,100.000,5.662,0.000,10.130,11.111,10.100,12.200,2.200,0.500,4.700,703.089,702.600,703.500,0.000,9.000,9.000,0.998,0.990,1.000,0.159,0.097,0.996,0.997,0.985,89.556,8.378,0.000,0.118,6.170,7.430,0.830
2020-06-25,100.000,100.000,100.000,0.000,0.000,0.000,8.956,7.900,9.500,5.622,4.900,6.200,703.678,703.200,704.000,0.000,9.000,9.000,0.992,0.970,1.000,0.019,0.296,0.987,0.988,0.960,78.778,8.467,0.600,0.199,5.410,7.440,0.727
2020-06-26,90.556,78.000,100.000,1.504,0.000,3.650,9.133,8.500,9.700,5.567,4.600,6.900,704.778,703.900,705.700,0.000,9.000,9.000,0.973,0.890,1.000,0.011,0.160,0.966,0.975,0.912,84.889,6.878,0.000,0.297,4.710,7.440,0.633
2020-06-27,65.556,56.000,76.000,6.348,4.080,8.590,12.278,11.300,13.200,2.300,1.300,4.000,704.633,703.900,705.400,0.000,9.000,9.000,0.954,0.910,0.980,0.079,0.120,0.942,0.950,0.910,86.222,8.156,0.000,0.406,4.050,7.450,0.544
2020-06-28,81.444,71.000,100.000,3.156,0.000,5.080,10.622,9.000,11.700,4.689,2.600,6.800,703.389,702.400,704.300,0.000,9.000,9.000,0.982,0.910,1.000,0.028,0.011,0.977,0.977,0.910,84.000,8.456,0.000,0.520,3.410,7.450,0.458
2020-06-29,91.556,84.000,100.000,1.332,0.000,2.580,9.689,9.000,10.500,5.989,5.100,6.900,702.267,701.500,703.000,0.000,9.000,9.000,0.983,0.940,1.000,0.001,0.000,0.979,0.979,0.940,80.444,8.711,0.000,0.634,2.770,7.460,0.372
2020-06-30,100.000,100.000,100.000,0.000,0.000,0.000,10.844,10.600,11.000,5.389,3.700,6.900,702.667,702.200,703.400,0.000,9.000,9.000,0.991,0.980,1.000,0.048,0.053,0.984,0.986,0.954,88.778,8.267,0.000,0.742,2.110,7.470,0.282
2020-07-01,100.000,100.000,100.000,0.000,0.000,0.000,9.944,9.700,10.200,5.644,5.000,6.200,703.433,702.800,703.900,0.500,9.000,9.000,0.926,0.730,1.000,0.030,0.409,0.871,0.940,0.791,90.000,8.067,0.000,0.836,1.390,7.470,0.186
2020-07-02,86.556,80.000,99.000,2.181,0.150,3.300,9.689,8.600,10.200,4.656,2.900,5.600,704.444,703.900,705.100,1.000,9.000,9.000,1.000,1.000,1.000,0.726,0.756,1.000,1.000,1.000,96.111,6.633,0.000,0.911,0.610,7.480,0.081
2020-07-03,98.444,93.000,100.000,0.238,0.000,1.080,9.578,8.900,10.100,3.844,2.500,4.900,705.622,705.000,706.200,0.500,9.000,9.000,1.000,1.000,1.000,0.508,0.596,0.998,0.999,0.994,92.889,8.389,0.000,0.965,0.000,7.490,0.000
2020-07-04,96.667,87.000,100.000,0.523,0.000,2.050,9.856,9.200,10.800,3.189,0.500,5.400,704.267,703.200,705.400,15.000,9.000,9.000,0.983,0.960,1.000,0.148,0.089,0.972,0.975,0.955,91.333,8.178,0.000,0.994,0.000,7.500,0.000
2020-07-05,83.778,73.000,100.000,2.730,0.000,4.670,10.789,9.400,11.700,3.489,1.500,6.100,702.767,701.900,703.600,0.000,9.000,9.000,0.987,0.960,1.000,0.019,0.006,0.982,0.982,0.960,90.222,7.822,0.000,0.999,0.000,7.510,0.000
2020-07-06,99.556,97.000,100.000,0.068,0.000,0.460,10.622,10.400,10.800,5.278,3.300,6.700,704.333,704.100,704.900,0.500,9.000,9.000,0.997,0.980,1.000,0.270,0.094,0.996,0.996,0.983,87.889,9.022,0.000,0.980,0.000,7.520,0.000
2020-07-07,99.556,97.000,100.000,0.067,0.000,0.450,9.867,8.700,10.900,5.000,4.400,6.000,,,,0.000,9.000,9.000,0.997,0.980,1.000,0.021,0.023,0.993,0.993,0.980,87.556,8.389,0.000,0.939,0.460,7.530,0.061
2020-07-08,99.889,99.000,100.000,0.017,0.000,0.150,8.478,7.500,9.600,8.933,8.000,10.600,,,,0.500,9.000,9.000,0.999,0.990,1.000,0.028,0.750,0.996,0.999,0.997,76.667,9.300,0.000,0.882,1.160,7.550,0.154
2020-07-09,93.111,81.000,100.000,1.086,0.000,3.080,7.633,7.100,8.500,9.144,8.500,10.500,,,,0.500,9.000,9.000,0.997,0.980,1.000,0.010,0.732,0.964,0.995,0.983,64.889,9.467,0.100,0.810,1.790,7.560,0.236
2020-07-10,51.889,38.000,71.000,9.808,5.040,13.910,11.144,10.100,12.600,4.500,1.600,7.200,,,,0.000,9.000,9.000,0.837,0.400,0.990,0.013,0.328,0.800,0.835,0.380,76.778,9.222,0.000,0.728,2.360,7.570,0.312
2020-07-11,53.111,44.000,66.000,9.353,6.160,11.880,11.822,10.800,13.000,3.011,0.800,5.200,,,,0.500,9.000,9.000,0.154,0.020,0.270,0.044,0.033,0.080,0.113,0.000,84.444,8.344,0.000,0.639,2.900,7.590,0.382
2020-07-12,51.333,41.000,89.000,10.142,1.740,12.910,11.389,10.100,12.500,2.389,0.700,3.900,,,,0.000,9.000,9.000,0.756,0.360,0.970,0.051,0.103,0.681,0.737,0.353,78.000,9.300,0.000,0.546,3.430,7.600,0.451
2020-07-13,57.556,43.000,81.000,8.474,3.140,12.200,11.467,11.100,12.300,6.044,2.800,8.100,,,,0.000,9.000,9.000,0.907,0.830,0.970,0.367,0.020,0.840,0.843,0.740,87.889,8.478,0.000,0.451,3.970,7.620,0.520
2020-07-14,75.222,67.000,100.000,4.360,0.000,5.990,12.344,11.200,13.500,2.322,0.500,4.100,,,,0.000,9.000,9.000,0.657,0.320,0.930,0.071,0.014,0.588,0.595,0.119,81.000,9.744,0.000,0.357,4.530,7.630,0.593
2020-07-15,99.333,94.000,100.000,0.103,0.000,0.930,10.711,9.800,11.300,4.722,2.400,6.400,,,,2.000,9.000,9.000,0.963,0.860,1.000,0.367,0.023,0.928,0.929,0.752,94.556,8.267,0.000,0.268,5.130,7.650,0.670
2020-07-16,100.000,100.000,100.000,0.000,0.000,0.000,9.800,8.200,10.800,4.378,3.500,5.700,,,,0.500,9.000,9.000,0.716,0.520,0.960,0.038,0.026,0.686,0.696,0.480,84.778,6.800,0.000,0.186,5.800,7.670,0.756
2020-07-17,99.444,95.000,100.000,0.084,0.000,0.760,9.433,8.900,10.000,6.056,5.000,6.700,,,,0.000,9.000,9.000,0.629,0.350,0.960,0.007,0.002,0.613,0.614,0.320,82.778,7.489,0.000,0.114,6.550,7.690,0.852
2020-07-18,89.333,80.000,100.000,1.704,0.000,3.300,9.467,8.900,10.200,5.933,4.900,6.900,,,,0.000,9.000,9.000,0.966,0.800,1.000,0.010,0.000,0.960,0.960,0.790,85.889,8.822,0.000,0.057,7.400,7.700,0.960
2020-07-19,71.222,66.000,79.000,5.040,3.490,6.140,11.000,10.100,11.600,1.533,0.000,3.000,,,,1.500,9.000,9.000,0.576,0.290,0.940,0.002,0.010,0.568,0.571,0.280,85.556,7.500,0.000,0.018,7.720,7.720,1.000
2020-07-20,74.222,63.000,81.000,4.431,3.130,6.800,10.222,8.800,11.400,2.300,0.300,4.100,,,,0.000,9.000,9.000,0.610,0.170,0.860,0.354,0.010,0.288,0.297,0.069,93.778,6.000,0.000,0.001,7.740,7.740,1.000
2020-07-21,67.333,59.000,81.000,5.929,3.140,7.810,11.700,10.700,12.700,2.322,0.600,3.900,,,,0.000,9.000,9.000,0.047,0.020,0.090,0.029,0.001,0.011,0.012,0.000,85.222,8.122,0.000,0.008,7.760,7.760,1.000
2020-07-22,85.889,68.000,100.000,2.420,0.000,5.790,12.167,11.000,13.500,2.322,0.200,4.800,,,,0.000,9.000,9.000,0.177,0.040,0.380,0.068,0.026,0.074,0.099,0.000,89.444,8.278,0.000,0.041,7.710,7.780,0.990
2020-07-23,78.000,68.000,100.000,3.816,0.000,5.770,12.044,11.100,13.500,2.556,0.700,5.200,,,,0.500,9.000,9.000,0.721,0.380,0.910,0.312,0.071,0.540,0.577,0.339,93.000,7.056,0.000,0.099,6.980,7.800,0.894
2020-07-24,86.111,65.000,100.000,2.422,0.000,6.420,11.167,9.500,12.700,2.222,0.600,4.300,,,,0.000,9.000,9.000,0.999,0.990,1.000,0.798,0.072,0.982,0.983,0.960,92.889,8.989,0.000,0.179,6.300,7.820,0.805
2020-07-25,71.333,60.000,83.000,5.042,2.770,7.540,11.033,10.400,12.200,2.689,1.300,4.700,,,,0.000,9.000,9.000,0.938,0.870,1.000,0.734,0.054,0.789,0.803,0.516,89.778,7.778,0.000,0.276,5.650,7.850,0.720
2020-07-26,79.222,68.000,100.000,3.588,0.000,5.700,10.589,9.400,11.400,2.478,0.300,5.900,,,,8.000,9.000,9.000,0.988,0.970,1.000,0.059,0.091,0.987,0.988,0.970,93.556,6.633,0.200,0.385,5.020,7.870,0.638
2020-07-27,76.111,69.000,87.000,4.092,2.060,5.480,10.978,9.700,11.800,1.689,0.600,4.000,,,,0.500,9.000,9.000,0.957,0.860,1.000,0.661,0.432,0.774,0.826,0.446,92.111,7.278,2.300,0.499,4.370,7.890,0.553
2020-07-28,91.000,80.000,100.000,1.451,0.000,3.330,10.278,9.800,11.400,3.189,1.000,6.200,,,,0.500,9.000,9.000,0.818,0.650,0.870,0.769,0.113,0.096,0.199,0.099,92.444,7.111,0.000,0.612,3.680,7.910,0.465
2020-07-29,91.778,83.000,100.000,1.300,0.000,2.760,9.422,8.900,10.100,3.711,0.600,9.300,,,,5.500,9.000,9.000,0.334,0.040,0.810,0.288,0.062,0.006,0.068,0.000,88.111,8.167,0.000,0.719,2.940,7.940,0.370
2020-07-30,96.889,90.000,100.000,0.481,0.000,1.570,10.022,9.500,10.400,3.144,1.000,6.800,,,,4.500,9.000,9.000,0.903,0.780,0.980,0.020,0.069,0.892,0.901,0.784,80.000,9.511,0.000,0.813,2.130,7.960,0.268
2020-07-31,76.333,67.000,100.000,4.084,0.000,5.880,10.189,9.400,10.800,1.756,0.000,6.000,,,,0.000,9.000,9.000,0.948,0.830,1.000,0.009,0.012,0.941,0.941,0.830,82.889,8.733,0.000,0.891,1.250,7.980,0.157
2020-08-01,73.889,64.000,84.000,4.503,2.580,6.570,10.289,9.700,11.300,5.022,2.200,7.300,,,,0.000,9.000,9.000,0.221,0.040,0.480,0.070,0.004,0.157,0.161,0.020,85.333,8.056,0.000,0.948,0.320,8.010,0.040
2020-08-02,99.333,96.000,100.000,0.101,0.000,0.610,10.444,9.800,11.000,2.300,0.300,4.900,,,,0.000,9.000,9.000,1.000,1.000,1.000,0.914,0.461,1.000,1.000,1.000,93.333,7.956,5.100,0.985,0.000,8.030,0.000
2020-08-03,100.000,100.000,100.000,0.000,0.000,0.000,10.322,9.900,10.700,6.378,5.100,8.000,,,,7.500,9.000,9.000,1.000,1.000,1.000,0.616,0.284,0.999,0.999,0.992,96.889,6.522,0.200,0.999,0.000,8.050,0.000
2020-08-04,96.222,87.000,100.000,0.587,0.000,2.060,10.000,9.500,11.000,4.378,1.400,5.600,,,,5.000,9.000,9.000,1.000,1.000,1.000,0.916,0.819,0.994,0.999,0.997,97.556,6.633,0.400,0.991,0.000,8.080,0.000
2020-08-05,67.556,58.000,83.000,5.900,2.770,8.010,11.567,10.800,12.200,2.211,0.400,5.100,,,,0.000,9.000,9.000,0.986,0.970,1.000,0.752,0.407,0.953,0.971,0.925,89.556,7.844,0.000,0.964,0.000,8.100,0.000
2020-08-06,68.889,52.000,88.000,5.677,1.920,9.640,11.600,10.600,13.000,1.500,0.600,2.700,,,,0.000,9.000,9.000,0.934,0.790,1.000,0.546,0.030,0.887,0.887,0.720,88.000,7.922,0.000,0.919,0.600,8.130,0.074
2020-08-07,83.889,59.000,100.000,2.881,0.000,7.690,10.044,9.300,10.800,3.122,0.900,6.800,,,,0.000,9.000,9.000,0.784,0.190,1.000,0.443,0.052,0.686,0.695,0.170,90.111,7.544,0.000,0.859,1.160,8.150,0.143
2020-08-08,67.556,33.000,95.000,6.921,0.760,15.740,10.844,10.000,12.300,3.622,1.500,5.400,,,,0.000,9.000,9.000,0.372,0.050,0.840,0.194,0.008,0.313,0.320,0.010,87.556,8.200,0.000,0.786,1.710,8.180,0.209
2020-08-09,86.556,65.000,98.000,2.306,0.300,6.340,11.056,10.500,11.400,3.744,1.900,4.700,,,,0.000,9.000,9.000,0.379,0.080,0.770,0.057,0.058,0.312,0.341,0.010,88.222,8.878,0.000,0.704,2.250,8.200,0.274
2020-08-10,99.444,98.000,100.000,0.083,0.000,0.300,10.556,10.200,10.900,3.689,0.500,6.300,,,,0.500,9.000,9.000,0.998,0.990,1.000,0.538,0.502,0.994,0.997,0.990,94.444,8.489,1.600,0.615,2.800,8.230,0.340
2020-08-11,89.667,81.000,95.000,1.639,0.770,3.120,10.122,9.800,10.500,5.122,3.200,6.900,,,,0.000,9.000,9.000,0.996,0.970,1.000,0.738,0.078,0.972,0.973,0.940,93.222,7.489,0.000,0.521,3.390,8.260,0.410
2020-08-12,65.000,54.000,79.000,6.418,3.490,9.000,10.711,9.900,11.600,2.522,1.500,4.900,,,,0.000,9.000,9.000,0.816,0.780,0.850,0.809,0.000,0.011,0.011,0.000,91.111,7.589,2.300,0.425,4.030,8.280,0.486
2020-08-13,87.333,75.000,100.000,2.096,0.000,4.210,9.133,8.400,9.900,4.511,1.100,6.800,,,,0.000,9.000,9.000,0.384,0.010,0.810,0.321,0.002,0.067,0.068,0.000,83.556,7.478,0.000,0.330,4.740,8.310,0.571
2020-08-14,90.667,82.000,100.000,1.497,0.000,2.910,8.911,8.500,9.500,3.067,0.900,5.000,,,,0.000,9.000,9.000,0.934,0.880,0.980,0.854,0.093,0.648,0.679,0.500,90.889,7.033,1.000,0.239,5.540,8.330,0.665
2020-08-15,74.000,62.000,80.000,4.459,3.280,6.960,9.822,9.100,10.800,2.956,0.600,4.600,,,,0.000,9.000,9.000,0.981,0.960,0.990,0.741,0.002,0.950,0.950,0.900,91.889,6.656,0.000,0.157,6.440,8.360,0.771
2020-08-16,95.778,83.000,100.000,0.662,0.000,2.760,8.978,8.400,10.000,4.922,1.400,8.700,,,,0.000,9.000,9.000,0.603,0.390,0.910,0.052,0.033,0.569,0.586,0.372,84.333,7.644,0.000,0.087,7.430,8.390,0.886
2020-08-17,87.111,81.000,97.000,2.067,0.450,3.110,9.667,9.100,10.200,5.533,3.000,7.200,,,,0.000,9.000,9.000,0.919,0.850,0.980,0.499,0.059,0.620,0.642,0.214,87.000,8.667,0.000,0.036,8.410,8.410,1.000
2020-08-18,69.222,56.000,96.000,5.600,0.610,8.550,11.389,9.700,12.500,2.556,0.600,4.300,,,,0.000,9.000,9.000,0.894,0.610,0.970,0.743,0.020,0.567,0.573,0.110,90.333,7.756,0.000,0.006,8.440,8.440,1.000
2020-08-19,75.222,61.000,98.000,4.424,0.300,7.260,10.489,10.000,11.300,4.111,1.400,6.300,,,,0.000,9.000,9.000,0.090,0.000,0.370,0.083,0.000,0.001,0.001,0.000,85.222,8.189,0.000,0.004,8.470,8.470,1.000
2020-08-20,89.333,74.000,100.000,1.758,0.000,4.430,9.378,8.500,10.800,3.722,0.900,5.800,,,,0.000,9.000,9.000,0.138,0.040,0.200,0.044,0.039,0.064,0.101,0.020,82.667,8.667,0.000,0.029,8.490,8.490,1.000
2020-08-21,100.000,100.000,100.000,0.000,0.000,0.000,9.178,8.500,10.100,6.011,1.400,9.600,,,,2.500,9.000,9.000,0.977,0.910,1.000,0.027,0.012,0.972,0.973,0.901,82.889,8.633,0.000,0.081,7.980,8.520,0.936
2020-08-22,100.000,100.000,100.000,0.000,0.000,0.000,10.389,9.900,11.000,5.100,4.200,6.700,,,,3.000,9.000,9.000,0.998,0.990,1.000,0.843,0.086,0.880,0.888,0.535,93.889,7.656,0.100,0.157,7.320,8.550,0.857
2020-08-23,87.444,70.000,100.000,2.091,0.000,5.230,9.111,7.800,10.400,2.078,0.000,4.100,,,,0.000,9.000,9.000,1.000,1.000,1.000,0.617,0.022,0.999,0.999,0.990,88.333,6.978,0.000,0.252,6.660,8.580,0.777
2020-08-24,87.000,68.000,100.000,2.192,0.000,5.690,10.167,9.800,11.200,2.978,0.300,5.700,,,,0.000,9.000,9.000,1.000,1.000,1.000,0.440,0.074,0.991,0.991,0.951,91.333,8.478,0.000,0.359,5.970,8.600,0.694
2020-08-25,99.222,93.000,100.000,0.119,0.000,1.070,9.400,8.700,10.300,5.611,4.300,7.100,,,,0.000,9.000,9.000,0.997,0.970,1.000,0.026,0.024,0.997,0.997,0.971,88.778,8.344,0.000,0.471,5.240,8.630,0.607
2020-08-26,100.000,100.000,100.000,0.000,0.000,0.000,9.544,8.900,10.000,5.733,4.000,6.900,,,,0.000,9.000,9.000,0.982,0.920,1.000,0.522,0.202,0.959,0.967,0.899,94.111,7.156,0.000,0.583,4.450,8.660,0.514
2020-08-27,98.778,93.000,100.000,0.188,0.000,1.080,9.411,8.800,10.100,8.822,5.200,10.200,,,,13.500,9.000,9.000,1.000,1.000,1.000,0.452,0.577,0.998,0.998,0.992,99.000,6.567,0.500,0.688,3.590,8.680,0.414
2020-08-28,92.333,88.000,100.000,1.197,0.000,1.890,10.122,9.500,11.000,5.433,3.700,7.100,,,,0.000,9.000,9.000,0.941,0.850,1.000,0.047,0.067,0.927,0.929,0.843,93.000,7.678,0.000,0.783,2.680,8.710,0.308
2020-08-29,66.889,54.000,98.000,6.283,0.300,9.080,11.600,10.400,12.700,4.644,2.400,6.900,,,,0.000,9.000,9.000,0.957,0.860,1.000,0.851,0.318,0.816,0.837,0.270,92.333,8.389,0.000,0.862,1.740,8.740,0.199
2020-08-30,92.111,79.000,100.000,1.246,0.000,3.430,8.811,8.400,9.300,6.344,0.900,10.100,,,,0.000,9.000,9.000,0.827,0.670,0.870,0.808,0.018,0.021,0.039,0.010,87.889,7.922,0.000,0.925,0.790,8.760,0.090
2020-08-31,83.667,77.000,93.000,2.646,1.070,3.840,9.267,8.900,9.600,4.711,1.100,7.900,,,,0.000,9.000,9.000,0.999,0.990,1.000,0.860,0.123,0.996,0.996,0.972,93.111,7.578,0.300,0.969,0.000,8.790,0.000
2020-09-01,82.333,69.000,99.000,2.933,0.150,5.430,9.411,8.600,10.300,2.278,0.900,4.200,,,,0.000,9.000,9.000,1.000,1.000,1.000,0.839,0.143,0.996,0.996,0.983,92.889,8.089,1.600,0.993,0.000,8.820,0.000
2020-09-02,99.556,97.000,100.000,0.067,0.000,0.450,9.344,9.000,10.100,4.244,3.300,5.200,,,,0.000,9.000,9.000,0.456,0.050,0.980,0.049,0.007,0.416,0.417,0.010,87.556,8.444,0.000,0.998,0.000,8.840,0.000
2020-09-03,92.778,87.000,97.000,1.122,0.450,2.060,9.267,8.600,10.000,2.656,1.100,4.000,,,,0.500,9.000,9.000,0.977,0.870,1.000,0.794,0.072,0.760,0.782,0.469,90.222,7.100,0.000,0.983,0.000,8.870,0.000
2020-09-04,98.444,92.000,100.000,0.238,0.000,1.230,8.856,8.000,9.500,2.456,1.300,3.800,,,,0.500,9.000,9.000,0.574,0.110,0.890,0.553,0.019,0.028,0.046,0.020,89.778,7.956,0.100,0.951,0.180,8.900,0.020
2020-09-05,91.667,79.000,100.000,1.312,0.000,3.430,8.033,7.200,8.700,3.300,1.800,5.100,,,,0.000,9.000,9.000,0.872,0.210,1.000,0.860,0.148,0.000,0.148,0.070,91.333,6.744,2.400,0.903,0.720,8.920,0.081
2020-09-06,38.111,6.000,83.000,16.083,2.690,35.710,7.556,6.000,9.100,2.633,1.300,5.500,,,,0.000,9.000,9.000,0.400,0.170,0.550,0.143,0.048,0.297,0.333,0.117,72.111,4.444,0.000,0.841,1.270,8.950,0.142
2020-09-07,61.667,37.000,90.000,7.582,1.560,14.020,9.422,8.500,10.100,2.733,1.400,4.400,,,,0.000,9.000,9.000,0.892,0.640,0.970,0.124,0.106,0.853,0.864,0.500,82.222,7.122,0.000,0.767,1.840,8.980,0.205
2020-09-08,86.889,80.000,100.000,2.132,0.000,3.310,9.944,8.900,10.800,2.344,0.800,4.800,,,,0.000,9.000,9.000,0.998,0.990,1.000,0.824,0.196,0.979,0.984,0.964,92.111,7.400,0.000,0.682,2.450,9.000,0.273
2020-09-09,95.667,79.000,100.000,0.691,0.000,3.490,9.033,8.500,10.500,3.411,1.000,4.700,,,,0.000,9.000,9.000,0.982,0.970,0.990,0.850,0.223,0.766,0.822,0.605,92.889,7.133,0.900,0.591,3.130,9.030,0.346
2020-09-10,89.444,78.000,100.000,1.708,0.000,3.670,8.989,8.300,10.300,4.633,2.700,6.000,,,,0.000,9.000,9.000,0.967,0.920,0.990,0.751,0.089,0.891,0.906,0.780,96.222,6.356,0.000,0.494,3.880,9.060,0.428
2020-09-11,87.667,72.000,99.000,2.040,0.150,4.870,9.789,8.800,11.200,2.478,0.500,4.100,,,,0.000,9.000,9.000,0.941,0.770,1.000,0.323,0.276,0.837,0.879,0.677,90.111,7.656,0.000,0.394,4.720,9.080,0.520
2020-09-12,86.000,67.000,100.000,2.387,0.000,5.940,9.778,8.400,11.900,4.022,2.100,5.700,,,,2.000,9.000,9.000,0.757,0.420,0.990,0.483,0.199,0.352,0.424,0.174,92.667,6.422,0.000,0.296,5.650,9.110,0.621
2020-09-13,92.667,67.000,100.000,1.229,0.000,5.920,10.422,9.900,11.500,2.233,0.900,4.100,,,,0.000,9.000,9.000,0.976,0.940,1.000,0.826,0.162,0.594,0.633,0.135,94.222,7.211,0.100,0.204,6.670,9.130,0.730
2020-09-14,76.222,66.000,96.000,4.150,0.610,6.170,10.989,10.000,12.100,1.722,0.600,3.400,,,,0.000,9.000,9.000,0.958,0.900,1.000,0.928,0.089,0.163,0.230,0.030,92.778,8.400,0.600,0.123,7.740,9.160,0.845
2020-09-15,88.222,74.000,100.000,1.940,0.000,4.480,10.944,10.600,11.600,1.889,0.600,2.900,,,,13.000,9.000,9.000,0.807,0.590,0.930,0.749,0.089,0.080,0.163,0.030,92.222,8.122,0.200,0.058,8.840,9.180,0.962
2020-09-16,51.000,44.000,61.000,9.940,7.290,12.030,12.511,11.600,13.500,2.122,0.200,4.700,,,,0.000,9.000,9.000,0.941,0.830,1.000,0.084,0.062,0.929,0.937,0.844,87.000,7.811,0.000,0.016,9.210,9.210,1.000
2020-09-17,50.778,43.000,60.000,9.950,7.460,12.180,11.300,10.700,12.100,3.489,0.700,5.200,,,,0.000,9.000,9.000,0.456,0.070,0.900,0.059,0.009,0.424,0.430,0.069,82.111,8.256,0.000,0.002,9.240,9.240,1.000
2020-09-18,69.333,50.000,98.000,5.726,0.300,10.020,10.289,9.600,11.400,2.444,1.500,3.800,,,,0.000,9.000,9.000,0.721,0.490,0.900,0.109,0.129,0.653,0.695,0.478,88.000,7.856,0.000,0.017,9.260,9.260,1.000
2020-09-19,100.000,100.000,100.000,0.000,0.000,0.000,10.100,9.700,10.700,2.156,1.400,3.300,,,,3.000,9.000,9.000,0.522,0.220,0.910,0.182,0.043,0.414,0.431,0.149,90.222,7.533,0.000,0.062,8.960,9.290,0.965
2020-09-20,88.111,74.000,100.000,1.972,0.000,4.470,10.278,9.600,11.400,1.244,0.700,2.200,,,,0.500,9.000,9.000,0.950,0.890,1.000,0.939,0.103,0.007,0.109,0.030,96.000,7.667,1.000,0.132,8.260,9.310,0.888
2020-09-21,95.000,82.000,100.000,0.794,0.000,2.940,9.456,8.700,10.400,2.078,0.000,3.700,,,,0.000,9.000,9.000,0.700,0.250,0.980,0.397,0.066,0.424,0.466,0.080,91.667,7.889,0.000,0.222,7.520,9.340,0.806
2020-09-22,91.333,73.000,100.000,1.439,0.000,4.680,10.089,9.300,11.500,2.267,0.600,3.400,,,,0.000,9.000,9.000,0.772,0.510,0.980,0.483,0.001,0.617,0.617,0.210,93.333,7.989,0.000,0.325,6.730,9.360,0.719
2020-09-23,95.889,86.000,100.000,0.653,0.000,2.240,9.511,8.900,10.300,2.622,0.700,4.200,,,,0.000,9.000,9.000,0.464,0.290,0.990,0.381,0.050,0.190,0.226,0.069,93.778,7.689,0.000,0.433,5.870,9.390,0.626
2020-09-24,100.000,100.000,100.000,0.000,0.000,0.000,9.189,8.800,9.500,6.311,5.300,7.100,,,,2.500,9.000,9.000,0.986,0.920,1.000,0.963,0.550,0.342,0.754,0.532,96.667,6.822,1.200,0.542,4.960,9.410,0.527
2020-09-25,100.000,100.000,100.000,0.000,0.000,0.000,9.522,9.200,9.800,4.844,3.500,6.500,,,,3.000,9.000,9.000,0.999,0.990,1.000,0.977,0.057,0.644,0.684,0.080,91.333,6.978,0.200,0.646,4.020,9.430,0.426
2020-09-26,100.000,100.000,100.000,0.000,0.000,0.000,8.400,8.000,8.600,4.889,3.800,6.600,,,,0.000,9.000,9.000,1.000,1.000,1.000,0.997,0.278,0.983,0.986,0.910,95.667,5.956,2.600,0.741,3.070,9.460,0.325
2020-09-27,100.000,100.000,100.000,0.000,0.000,0.000,8.489,8.000,8.900,6.522,5.600,8.200,,,,3.500,9.000,9.000,0.981,0.890,1.000,0.956,0.789,0.276,0.841,0.463,99.000,5.811,1.900,0.824,2.130,9.480,0.225
2020-09-28,100.000,100.000,100.000,0.000,0.000,0.000,9.600,9.400,9.800,5.656,4.100,7.200,,,,13.000,9.000,9.000,1.000,1.000,1.000,0.998,0.924,0.132,0.928,0.490,99.222,5.744,3.000,0.893,1.230,9.510,0.129
2020-09-29,100.000,100.000,100.000,0.000,0.000,0.000,8.800,8.400,9.100,5.344,3.800,6.600,,,,1.000,9.000,9.000,0.940,0.800,1.000,0.937,0.134,0.007,0.141,0.079,96.556,6.133,0.300,0.945,0.350,9.530,0.037
2020-09-30,100.000,100.000,100.000,0.000,0.000,0.000,8.789,7.900,9.200,3.844,2.500,6.200,,,,0.500,9.000,9.000,0.998,0.990,1.000,0.997,0.113,0.000,0.113,0.000,95.333,4.889,0.700,0.980,0.000,9.550,0.000
2020-10-01,22.444,4.000,67.000,27.641,5.780,41.130,10.600,8.400,12.300,2.156,0.200,4.400,,,,0.000,9.000,9.000,0.821,0.600,1.000,0.816,0.000,0.000,0.000,0.000,92.000,6.911,0.000,0.997,0.000,9.580,0.000
2020-10-02,21.778,6.000,43.000,23.900,12.150,36.240,10.944,10.300,11.700,5.611,3.700,6.900,,,,0.000,9.000,9.000,0.187,0.080,0.380,0.133,0.006,0.053,0.058,0.000,90.333,6.000,0.000,0.995,0.000,9.600,0.000
2020-10-03,30.889,4.000,60.000,20.827,7.540,41.040,11.900,11.000,12.700,5.033,2.400,8.500,,,,0.000,9.000,9.000,0.449,0.230,0.650,0.292,0.016,0.174,0.189,0.000,86.667,7.944,0.000,0.977,0.000,9.620,0.000
2020-10-04,93.222,80.000,100.000,1.082,0.000,3.280,8.756,7.700,9.600,7.422,5.400,9.000,,,,0.000,9.000,9.000,0.579,0.130,1.000,0.573,0.001,0.000,0.001,0.000,89.778,8.044,0.000,0.941,0.330,9.650,0.035
2020-10-05,86.556,66.000,100.000,2.280,0.000,6.090,9.278,8.400,10.600,2.744,0.400,4.500,,,,0.000,9.000,9.000,0.682,0.330,0.930,0.670,0.064,0.000,0.064,0.000,91.222,5.789,0.000,0.889,0.930,9.670,0.096
2020-10-06,69.000,50.000,100.000,5.884,0.000,10.020,10.022,8.800,10.900,2.444,0.300,7.300,,,,0.000,9.000,9.000,0.956,0.860,1.000,0.949,0.004,0.053,0.057,0.000,93.667,5.067,0.000,0.824,1.570,9.690,0.162
2020-10-07,85.889,74.000,94.000,2.284,0.910,4.420,9.278,8.400,9.800,6.344,5.700,7.500,,,,0.000,9.000,9.000,0.357,0.150,0.760,0.350,0.000,0.000,0.000,0.000,89.000,4.222,0.000,0.746,2.280,9.710,0.235
2020-10-08,76.667,64.000,93.000,4.092,1.080,6.600,10.878,8.900,11.900,3.411,0.500,5.100,,,,0.000,9.000,9.000,0.768,0.590,0.910,0.759,0.066,0.001,0.067,0.030,94.889,4.744,0.000,0.657,3.070,9.740,0.315
2020-10-09,40.333,10.000,100.000,18.549,0.000,31.040,10.967,6.500,13.500,2.167,0.200,7.000,,,,0.000,9.000,9.000,0.901,0.820,1.000,0.896,0.031,0.000,0.031,0.010,95.556,4.411,0.000,0.560,3.940,9.760,0.404
2020-10-10,47.778,8.000,88.000,13.013,1.890,33.750,11.533,8.700,13.600,2.944,0.900,6.100,,,,0.000,9.000,9.000,0.122,0.060,0.190,0.116,0.006,0.000,0.006,0.000,86.333,5.644,0.000,0.458,4.890,9.780,0.500
2020-10-11,94.222,76.000,100.000,0.939,0.000,4.070,9.867,9.200,11.000,2.578,1.100,4.500,,,,0.000,9.000,9.000,0.183,0.070,0.270,0.168,0.033,0.000,0.033,0.010,86.444,7.033,0.000,0.354,5.910,9.800,0.603
2020-10-12,39.667,29.000,53.000,13.379,9.200,17.440,11.089,10.400,12.500,4.044,0.700,6.000,,,,0.000,9.000,9.000,0.323,0.100,0.520,0.154,0.054,0.156,0.201,0.030,89.778,6.556,0.000,0.253,6.960,9.820,0.709
2020-10-13,97.556,89.000,100.000,0.376,0.000,1.710,9.256,8.500,10.200,6.689,3.800,9.200,,,,17.000,9.000,9.000,0.670,0.120,0.960,0.294,0.113,0.533,0.575,0.070,82.222,7.033,0.300,0.161,8.040,9.840,0.817
2020-10-14,50.222,39.000,89.000,10.222,1.690,13.380,9.033,7.100,10.400,7.133,5.200,9.700,,,,0.500,9.000,9.000,0.316,0.150,0.600,0.162,0.003,0.164,0.167,0.000,78.000,6.778,0.000,0.085,9.130,9.870,0.925
2020-10-15,96.222,81.000,100.000,0.607,0.000,3.070,8.333,7.200,9.000,6.067,4.300,7.400,,,,0.000,9.000,9.000,0.627,0.150,1.000,0.126,0.016,0.559,0.566,0.069,75.778,6.256,0.000,0.031,9.890,9.890,1.000
2020-10-16,100.000,100.000,100.000,0.000,0.000,0.000,7.833,7.400,8.300,6.889,3.600,8.900,,,,1.500,9.000,9.000,0.563,0.290,1.000,0.468,0.286,0.168,0.388,0.107,85.000,6.978,3.000,0.004,9.910,9.910,1.000
2020-10-17,100.000,100.000,100.000,0.000,0.000,0.000,7.544,7.000,7.800,6.256,4.500,7.800,,,,1.500,9.000,9.000,0.791,0.380,0.980,0.776,0.308,0.028,0.324,0.120,91.778,4.911,0.000,0.007,9.930,9.930,1.000
2020-10-18,100.000,100.000,100.000,0.000,0.000,0.000,7.667,7.400,8.300,7.533,4.700,10.000,,,,2.500,9.000,9.000,0.988,0.970,1.000,0.980,0.369,0.194,0.488,0.290,87.111,5.500,1.800,0.041,9.880,9.950,0.993
2020-10-19,87.889,60.000,100.000,2.097,0.000,7.350,8.044,7.000,9.400,5.611,0.500,10.400,,,,2.500,9.000,9.000,0.408,0.170,0.900,0.389,0.031,0.010,0.041,0.010,90.111,4.856,0.000,0.102,9.080,9.970,0.911
2020-10-20,91.778,76.000,100.000,1.347,0.000,3.990,8.678,7.900,9.600,8.089,4.300,10.900,,,,0.000,9.000,9.000,0.990,0.980,1.000,0.276,0.028,0.980,0.981,0.961,83.556,6.722,0.000,0.184,8.220,9.990,0.823
2020-10-21,97.667,85.000,100.000,0.370,0.000,2.420,10.178,10.000,10.800,3.278,0.000,8.500,,,,1.500,9.000,9.000,0.997,0.980,1.000,0.571,0.770,0.970,0.987,0.954,94.889,6.956,0.500,0.280,7.290,10.010,0.729
2020-10-22,100.000,100.000,100.000,0.000,0.000,0.000,9.967,9.800,10.100,3.867,1.800,6.600,,,,9.500,9.000,9.000,1.000,1.000,1.000,0.912,0.777,0.717,0.876,0.654,99.778,3.444,19.200,0.384,6.330,10.030,0.631
2020-10-23,93.000,77.000,100.000,1.133,0.000,3.820,8.367,7.800,8.900,3.411,2.700,4.400,,,,0.000,9.000,9.000,0.993,0.980,1.000,0.889,0.552,0.760,0.886,0.653,95.333,2.278,0.000,0.489,5.360,10.050,0.533
2020-10-24,100.000,100.000,100.000,0.000,0.000,0.000,8.800,8.500,9.000,3.544,2.000,5.000,,,,0.000,9.000,9.000,0.567,0.330,0.970,0.399,0.068,0.319,0.343,0.000,85.000,4.456,0.000,0.592,4.400,10.070,0.438
2020-10-25,87.222,76.000,100.000,2.097,0.000,4.050,10.033,9.200,10.700,1.478,0.800,3.600,,,,0.500,9.000,9.000,0.799,0.720,0.860,0.456,0.086,0.522,0.566,0.090,91.667,5.678,0.000,0.688,3.480,10.080,0.345
2020-10-26,77.556,57.000,94.000,3.906,0.910,8.150,9.678,9.000,10.700,3.000,1.000,5.000,,,,0.000,9.000,9.000,0.497,0.410,0.570,0.489,0.008,0.000,0.008,0.000,89.111,6.000,0.000,0.774,2.600,10.100,0.257
2020-10-27,69.778,62.000,82.000,5.350,2.940,7.010,10.422,9.800,11.100,1.256,0.600,3.100,,,,0.000,9.000,9.000,0.630,0.430,1.000,0.624,0.000,0.003,0.003,0.000,86.444,6.789,0.000,0.849,1.750,10.120,0.173
2020-10-28,68.333,63.000,76.000,5.617,4.040,6.760,10.467,9.700,11.100,1.689,0.400,2.800,,,,0.000,9.000,9.000,0.906,0.830,1.000,0.799,0.024,0.370,0.381,0.010,90.556,6.456,0.000,0.911,0.920,10.140,0.090
2020-10-29,91.778,80.000,100.000,1.294,0.000,3.260,8.556,7.800,9.000,2.056,0.700,3.500,,,,0.000,9.000,9.000,0.960,0.640,1.000,0.946,0.727,0.018,0.739,0.391,94.222,6.111,0.800,0.957,0.100,10.160,0.009
2020-10-30,71.222,8.000,92.000,6.740,1.220,32.970,7.656,6.400,10.400,2.489,1.400,3.600,,,,0.000,9.000,9.000,0.390,0.250,0.560,0.384,0.023,0.000,0.023,0.000,88.111,2.800,0.000,0.986,0.000,10.170,0.000
2020-10-31,24.000,15.000,30.000,20.073,16.770,25.760,10.722,9.700,11.300,3.156,1.300,6.000,,,,0.000,9.000,9.000,0.348,0.100,0.740,0.117,0.000,0.242,0.242,0.000,86.889,2.211,0.000,0.999,0.000,10.190,0.000
2020-11-01,17.778,3.000,26.000,25.549,19.020,44.110,12.567,12.100,13.200,2.111,0.600,4.200,,,,0.000,9.000,9.000,0.699,0.430,0.910,0.167,0.000,0.621,0.621,0.310,87.222,3.678,0.000,0.993,0.000,10.210,0.000
2020-11-02,35.222,29.000,46.000,14.942,11.120,17.380,10.900,10.200,11.300,2.511,0.200,4.000,,,,0.000,9.000,9.000,0.794,0.570,0.910,0.559,0.024,0.501,0.514,0.100,89.556,4.456,0.000,0.970,0.000,10.220,0.000
2020-11-03,71.111,70.000,73.000,4.939,4.570,5.180,8.433,7.300,8.800,2.200,0.700,3.800,,,,0.000,9.000,9.000,0.938,0.910,1.000,0.932,0.028,0.002,0.030,0.000,87.111,1.600,0.000,0.930,0.580,10.240,0.057
2020-11-04,60.000,50.000,71.000,7.557,5.010,10.080,10.633,9.400,11.700,1.078,0.300,3.300,,,,0.000,9.000,9.000,0.826,0.380,0.990,0.773,0.004,0.333,0.335,0.020,90.444,2.578,0.000,0.873,1.340,10.260,0.130
2020-11-05,100.000,100.000,100.000,0.000,0.000,0.000,8.100,7.200,9.300,4.867,0.800,8.200,,,,2.000,9.000,9.000,0.830,0.420,0.970,0.121,0.047,0.799,0.808,0.318,90.778,4.022,0.000,0.801,2.170,10.270,0.211
2020-11-06,90.444,62.000,100.000,1.587,0.000,6.870,8.022,7.300,8.700,4.767,0.700,9.400,,,,4.500,9.000,9.000,0.996,0.980,1.000,0.017,0.677,0.992,0.997,0.984,76.556,7.700,0.100,0.716,3.070,10.290,0.299
2020-11-07,75.667,64.000,86.000,4.159,2.220,6.490,9.456,9.000,10.400,1.422,0.600,2.200,,,,0.000,9.000,9.000,0.539,0.140,0.890,0.307,0.293,0.073,0.304,0.010,93.667,5.956,0.000,0.620,4.030,10.300,0.391
2020-11-08,81.667,60.000,100.000,3.189,0.000,7.340,8.178,7.200,9.300,2.656,0.800,3.600,,,,0.500,9.000,9.000,0.356,0.260,0.630,0.344,0.040,0.000,0.040,0.010,94.444,2.711,0.000,0.516,5.030,10.320,0.488
2020-11-09,88.889,66.000,100.000,1.916,0.000,6.010,7.478,6.900,8.900,3.089,1.800,3.900,,,,1.500,9.000,9.000,0.998,0.990,1.000,0.820,0.981,0.930,0.999,0.997,94.222,2.256,2.300,0.408,6.060,10.330,0.586
2020-11-10,79.444,45.000,100.000,3.613,0.000,11.330,7.989,7.000,9.200,1.922,0.000,3.900,,,,0.500,9.000,9.000,0.664,0.330,1.000,0.640,0.098,0.013,0.111,0.000,91.222,1.100,0.000,0.301,7.090,10.350,0.685
2020-11-11,,,,,,,3.667,3.000,4.500,5.578,4.700,6.500,,,,0.000,9.000,0.000,0.591,0.360,0.910,0.178,0.003,0.480,0.481,0.110,86.556,0.233,0.000,0.201,8.140,10.360,0.785
2020-11-12,97.800,96.000,99.000,0.330,0.150,0.600,7.800,6.900,8.400,1.889,0.900,2.600,,,,0.500,9.000,5.000,0.991,0.960,1.000,0.266,0.801,0.931,0.989,0.970,86.111,3.711,2.200,0.115,9.210,10.380,0.887
2020-11-13,,,,,,,6.311,5.900,6.800,7.344,1.700,10.900,,,,3.500,9.000,0.000,0.917,0.760,0.990,0.802,0.733,0.059,0.748,0.660,98.111,3.833,5.600,0.049,10.300,10.390,0.991
2020-11-14,81.000,71.000,95.000,3.138,0.750,4.980,7.844,6.600,9.100,2.878,0.500,5.700,,,,0.500,9.000,6.000,0.971,0.900,1.000,0.738,0.717,0.571,0.898,0.770,92.667,4.033,0.000,0.010,10.410,10.410,1.000
2020-11-15,44.000,29.000,56.000,11.931,8.300,17.380,10.033,8.700,11.000,2.133,0.800,3.400,,,,0.000,9.000,9.000,0.836,0.570,1.000,0.681,0.200,0.291,0.418,0.000,93.222,4.933,0.000,0.001,10.420,10.420,1.000
2020-11-16,70.875,60.000,99.000,5.240,0.150,7.400,8.311,6.400,9.800,2.911,0.600,6.500,,,,0.000,9.000,8.000,0.560,0.250,0.900,0.311,0.060,0.323,0.359,0.030,83.889,5.956,0.000,0.022,10.430,10.430,1.000
2020-11-17,64.556,60.000,70.000,6.387,5.200,7.400,9.633,9.300,10.100,2.322,1.300,3.300,,,,0.000,9.000,9.000,0.121,0.020,0.210,0.106,0.028,0.000,0.028,0.000,89.889,5.556,0.000,0.071,9.790,10.440,0.938
2020-11-18,60.333,46.000,77.000,7.508,3.800,11.130,9.656,8.300,10.600,4.133,2.400,5.400,,,,0.000,9.000,9.000,0.099,0.060,0.180,0.091,0.000,0.000,0.000,0.000,91.222,6.011,0.000,0.141,8.810,10.460,0.843
2020-11-19,84.222,78.000,91.000,2.524,1.390,3.610,8.389,7.300,9.600,5.622,3.500,6.800,,,,0.000,9.000,9.000,0.111,0.060,0.190,0.103,0.013,0.000,0.013,0.010,87.000,7.000,0.000,0.228,7.810,10.470,0.746
2020-11-20,85.333,73.000,96.000,2.368,0.600,4.550,7.778,7.500,7.900,4.333,3.900,4.800,,,,0.000,9.000,9.000,0.270,0.230,0.300,0.264,0.126,0.000,0.126,0.060,84.556,7.289,1.600,0.324,6.810,10.480,0.650
2020-11-21,58.556,49.000,70.000,7.732,5.150,10.130,8.211,7.800,8.800,3.144,2.000,4.400,,,,0.000,9.000,9.000,0.282,0.050,0.870,0.277,0.000,0.000,0.000,0.000,92.111,4.667,0.000,0.424,5.850,10.490,0.558
2020-11-22,43.000,28.000,81.000,12.444,3.030,17.510,7.356,6.400,8.500,2.944,0.900,5.200,,,,0.000,9.000,9.000,0.589,0.340,0.980,0.567,0.187,0.000,0.187,0.140,94.556,5.322,0.100,0.525,4.940,10.500,0.470
2020-11-23,92.000,85.000,98.000,1.215,0.290,2.330,5.367,4.400,6.300,3.811,0.400,6.300,,,,0.000,9.000,4.000,0.437,0.280,0.590,0.419,0.109,0.000,0.109,0.040,82.444,4.833,0.000,0.622,4.070,10.510,0.387
2020-11-24,76.556,69.000,87.000,3.866,2.010,5.290,6.511,5.600,7.000,1.889,0.200,3.100,,,,0.000,9.000,9.000,0.179,0.080,0.280,0.176,0.011,0.000,0.011,0.000,85.778,4.344,0.000,0.712,3.230,10.520,0.307
2020-11-25,41.000,35.000,54.000,12.486,8.640,14.410,6.478,6.200,7.000,2.178,1.100,3.800,,,,0.000,9.000,9.000,0.699,0.490,0.850,0.262,0.013,0.537,0.543,0.304,83.444,5.367,0.000,0.794,2.410,10.530,0.229
2020-11-26,60.222,42.000,79.000,7.339,3.360,11.850,4.811,4.300,5.500,1.511,0.800,2.300,,,,0.000,9.000,9.000,0.678,0.450,0.830,0.299,0.029,0.528,0.544,0.269,81.444,4.933,0.000,0.864,1.600,10.540,0.151
2020-11-27,63.875,49.000,77.000,6.410,3.660,9.840,4.100,1.700,5.100,1.744,1.000,3.200,,,,0.000,9.000,8.000,0.759,0.420,0.960,0.563,0.031,0.322,0.344,0.049,85.667,3.167,0.000,0.922,0.770,10.550,0.073
2020-11-28,63.333,31.000,90.000,6.832,1.490,15.750,3.856,2.900,4.900,2.989,2.300,3.600,,,,0.000,9.000,9.000,0.624,0.460,0.850,0.510,0.067,0.226,0.278,0.145,90.222,1.433,0.000,0.965,0.000,10.560,0.000
2020-11-29,100.000,100.000,100.000,0.000,0.000,0.000,2.467,2.100,2.900,2.833,0.800,4.400,,,,0.000,9.000,9.000,0.789,0.430,1.000,0.758,0.213,0.013,0.224,0.140,89.000,0.844,0.800,0.991,0.000,10.570,0.000
2020-11-30,100.000,100.000,100.000,0.000,0.000,0.000,2.400,1.800,2.700,9.133,6.100,11.500,,,,2.500,9.000,9.000,0.846,0.550,0.980,0.831,0.310,0.001,0.311,0.210,87.111,0.344,0.000,1.000,0.000,10.580,0.000
2020-12-01,59.889,26.000,100.000,8.652,0.000,18.150,4.111,1.200,6.400,4.867,2.500,7.700,,,,0.000,8.000,9.000,0.534,0.340,0.700,0.526,0.104,0.000,0.104,0.030,85.111,0.433,0.000,0.990,0.000,10.590,0.000
2020-12-02,95.000,89.000,98.000,0.746,0.290,1.660,5.933,4.600,6.700,3.811,2.100,5.800,,,,0.000,9.000,9.000,0.468,0.250,0.680,0.372,0.293,0.026,0.306,0.090,81.111,0.544,0.000,0.961,0.170,10.590,0.016
2020-12-03,99.444,98.000,100.000,0.080,0.000,0.290,5.678,5.100,6.600,3.000,2.200,3.500,,,,0.000,9.000,9.000,0.616,0.420,0.790,0.399,0.328,0.230,0.477,0.275,90.111,-0.989,0.000,0.913,1.050,10.600,0.099
2020-12-04,99.667,98.000,100.000,0.048,0.000,0.290,4.589,4.000,5.400,4.033,1.500,5.700,,,,0.500,9.000,9.000,0.384,0.310,0.460,0.293,0.223,0.000,0.223,0.170,80.889,-0.578,0.000,0.848,1.980,10.610,0.187
2020-12-05,90.444,82.000,96.000,1.452,0.580,2.830,5.122,4.700,5.500,2.778,0.500,4.400,,,,0.000,9.000,9.000,0.292,0.220,0.400,0.257,0.152,0.000,0.152,0.130,89.778,0.733,0.800,0.766,2.960,10.610,0.279
2020-12-06,97.778,94.000,100.000,0.328,0.000,0.900,6.211,5.900,6.700,3.033,2.500,4.000,,,,0.000,9.000,9.000,0.304,0.240,0.360,0.284,0.137,0.000,0.137,0.090,86.556,2.478,0.000,0.671,3.940,10.620,0.371
2020-12-07,100.000,100.000,100.000,0.000,0.000,0.000,6.522,6.300,6.800,3.522,1.600,5.100,,,,0.500,9.000,9.000,0.441,0.260,0.590,0.286,0.297,0.001,0.297,0.040,88.111,2.678,2.100,0.566,4.940,10.620,0.465
2020-12-08,99.222,97.000,100.000,0.117,0.000,0.450,7.756,7.300,8.100,4.844,2.900,7.000,,,,3.000,9.000,9.000,0.813,0.350,1.000,0.763,0.347,0.143,0.430,0.253,99.000,2.656,1.000,0.455,5.930,10.630,0.558
2020-12-09,100.000,100.000,100.000,0.000,0.000,0.000,7.644,7.400,7.800,4.244,2.100,5.000,,,,12.000,9.000,9.000,0.977,0.940,1.000,0.962,0.569,0.007,0.572,0.510,99.444,4.033,2.700,0.344,6.940,10.630,0.652
2020-12-10,100.000,100.000,100.000,0.000,0.000,0.000,7.456,7.200,7.600,4.722,3.200,5.600,,,,6.500,9.000,9.000,0.657,0.400,0.960,0.609,0.319,0.000,0.319,0.210,94.889,3.978,0.300,0.239,7.970,10.640,0.749
2020-12-11,100.000,100.000,100.000,0.000,0.000,0.000,5.567,4.000,6.700,8.256,6.300,9.500,,,,2.500,9.000,9.000,0.747,0.480,0.940,0.698,0.143,0.194,0.314,0.060,95.444,3.878,0.000,0.146,9.030,10.640,0.849
2020-12-12,100.000,100.000,100.000,0.000,0.000,0.000,2.522,1.800,3.600,9.733,9.100,10.800,,,,0.000,9.000,9.000,0.222,0.180,0.280,0.221,0.061,0.000,0.061,0.030,74.667,2.433,0.600,0.072,10.130,10.650,0.952
2020-12-13,87.556,82.000,100.000,1.883,0.000,2.770,2.578,1.100,3.100,5.222,4.400,6.600,,,,0.000,9.000,9.000,0.330,0.100,0.560,0.142,0.024,0.197,0.215,0.000,74.000,2.111,0.400,0.022,10.650,10.650,1.000
2020-12-14,96.111,89.000,100.000,0.569,0.000,1.630,2.644,2.300,3.100,6.422,4.900,7.100,,,,0.000,9.000,9.000,0.929,0.360,1.000,0.927,0.118,0.000,0.118,0.070,97.333,0.611,1.400,0.001,10.650,10.650,1.000
2020-12-15,100.000,100.000,100.000,0.000,0.000,0.000,3.189,2.900,3.500,7.656,6.500,9.000,,,,0.500,9.000,9.000,0.992,0.940,1.000,0.990,0.408,0.000,0.408,0.270,99.667,0.356,3.200,0.008,10.660,10.660,1.000
2020-12-16,100.000,100.000,100.000,0.000,0.000,0.000,2.200,1.800,2.500,5.578,4.000,6.700,,,,0.000,9.000,9.000,1.000,1.000,1.000,1.000,0.139,0.000,0.139,0.060,100.000,-0.689,1.700,0.042,10.400,10.660,0.976
2020-12-17,100.000,100.000,100.000,0.000,0.000,0.000,1.300,1.000,1.700,6.944,5.100,8.100,,,,0.500,9.000,9.000,0.151,0.070,0.190,0.146,0.024,0.000,0.024,0.000,94.778,-0.600,0.000,0.099,9.370,10.660,0.879
2020-12-18,100.000,100.000,100.000,0.000,0.000,0.000,3.156,2.800,3.600,5.689,5.000,6.500,,,,0.000,9.000,9.000,0.343,0.270,0.430,0.298,0.106,0.053,0.152,0.050,89.111,1.956,0.600,0.173,8.360,10.660,0.784
2020-12-19,93.222,84.000,100.000,0.999,0.000,2.440,2.667,2.300,3.200,5.200,3.600,6.400,,,,0.000,9.000,9.000,0.924,0.800,1.000,0.643,0.080,0.692,0.715,0.434,96.667,-0.456,0.000,0.259,7.390,10.660,0.693
2020-12-20,100.000,100.000,100.000,0.000,0.000,0.000,4.111,3.500,4.300,4.767,4.000,5.400,,,,1.000,9.000,9.000,0.990,0.940,1.000,0.900,0.683,0.910,0.969,0.867,95.333,-1.167,0.300,0.352,6.480,10.660,0.608
2020-12-21,99.444,95.000,100.000,0.080,0.000,0.720,3.667,2.500,4.000,4.422,3.900,5.600,,,,0.000,9.000,9.000,0.998,0.990,1.000,0.913,0.128,0.953,0.963,0.901,99.111,-1.867,0.100,0.448,5.620,10.660,0.527
2020-12-22,97.000,90.000,100.000,0.449,0.000,1.520,5.744,5.400,6.300,4.133,3.100,5.300,,,,0.500,9.000,9.000,0.536,0.340,0.710,0.319,0.411,0.018,0.419,0.210,86.111,2.056,1.700,0.545,4.780,10.660,0.448
2020-12-23,100.000,100.000,100.000,0.000,0.000,0.000,7.500,7.100,7.700,6.878,5.400,8.100,,,,42.500,9.000,9.000,0.904,0.820,0.930,0.884,0.267,0.000,0.267,0.180,98.333,2.144,0.600,0.638,3.960,10.660,0.371
2020-12-24,100.000,100.000,100.000,0.000,0.000,0.000,2.933,1.700,3.800,8.256,7.100,9.000,,,,0.000,9.000,9.000,0.257,0.170,0.390,0.251,0.084,0.000,0.084,0.050,85.778,2.111,2.000,0.725,3.130,10.660,0.294
2020-12-25,27.889,24.000,35.000,16.978,14.100,18.710,3.567,2.900,4.000,7.544,6.700,8.200,,,,0.000,9.000,9.000,0.488,0.230,0.860,0.481,0.032,0.000,0.032,0.000,91.778,0.556,0.100,0.805,2.290,10.660,0.215
2020-12-26,63.556,19.000,100.000,8.834,0.000,21.790,2.800,0.500,5.100,7.144,6.600,7.800,,,,0.000,9.000,9.000,0.207,0.120,0.270,0.196,0.089,0.000,0.089,0.070,88.778,1.600,0.000,0.874,1.420,10.660,0.134
2020-12-27,99.222,96.000,100.000,0.114,0.000,0.590,5.533,5.200,5.900,5.089,4.300,6.100,,,,0.500,9.000,9.000,0.483,0.310,0.660,0.366,0.286,0.154,0.392,0.168,91.667,2.822,0.400,0.931,0.530,10.650,0.050
2020-12-28,99.778,98.000,100.000,0.032,0.000,0.290,5.367,4.900,5.600,6.622,4.500,8.400,,,,0.000,9.000,9.000,0.461,0.210,0.860,0.436,0.183,0.000,0.183,0.050,89.667,3.589,0.100,0.972,0.000,10.650,0.000
2020-12-29,93.667,78.000,100.000,0.977,0.000,3.440,2.522,1.100,4.100,8.689,7.000,10.100,,,,0.000,9.000,9.000,0.283,0.140,0.500,0.278,0.047,0.000,0.047,0.000,95.222,2.511,0.000,0.995,0.000,10.650,0.000
2020-12-30,100.000,100.000,100.000,0.000,0.000,0.000,-0.722,-1.300,-0.300,9.650,9.000,10.100,,,,0.000,9.000,9.000,0.294,0.200,0.600,0.198,0.043,0.107,0.144,0.000,69.667,-4.733,0.900,0.999,0.000,10.640,0.000
2020-12-31,19.222,16.000,24.000,21.261,18.240,23.480,1.811,0.200,3.200,8.756,7.000,9.800,,,,0.000,9.000,9.000,0.211,0.190,0.230,0.206,0.086,0.000,0.086,0.080,81.222,-5.478,0.300,0.982,0.000,10.640,0.000
2021-01-01,43.333,39.000,51.000,9.782,7.870,10.940,-0.767,-1.300,-0.200,8.856,8.400,9.600,,,,0.000,9.000,9.000,0.189,0.170,0.230,0.184,0.063,0.000,0.063,0.020,75.556,-4.056,0.600,0.943,0.650,10.640,0.061
2021-01-02,15.889,6.000,27.000,25.031,17.260,35.420,4.278,2.100,7.500,7.200,5.300,10.800,,,,0.000,9.000,9.000,0.218,0.090,0.360,0.213,0.018,0.000,0.018,0.000,78.333,-2.722,0.000,0.885,1.640,10.630,0.155
2021-01-03,60.889,27.000,81.000,7.543,2.890,17.150,1.433,0.700,2.500,7.300,5.700,8.500,,,,0.000,9.000,9.000,0.256,0.160,0.380,0.183,0.037,0.117,0.149,0.040,84.778,-0.989,0.000,0.807,2.640,10.630,0.248
2021-01-04,64.667,20.000,100.000,8.051,0.000,21.160,3.078,1.700,5.000,9.333,8.000,10.200,,,,0.000,9.000,9.000,0.037,0.000,0.090,0.030,0.008,0.000,0.008,0.000,78.889,-0.900,0.000,0.714,3.620,10.620,0.341
2021-01-05,68.889,47.000,94.000,5.397,0.860,10.270,2.111,1.100,3.400,8.400,7.600,9.100,,,,0.000,9.000,9.000,0.394,0.220,0.600,0.337,0.067,0.099,0.159,0.070,91.889,-0.333,1.000,0.608,4.600,10.620,0.433
2021-01-06,100.000,100.000,100.000,0.000,0.000,0.000,2.189,1.400,3.400,7.444,6.000,8.800,,,,0.000,9.000,9.000,0.999,0.990,1.000,0.997,0.072,0.279,0.330,0.200,97.444,-0.811,2.500,0.496,5.590,10.610,0.527
2021-01-07,100.000,100.000,100.000,0.000,0.000,0.000,-1.156,-1.500,-0.800,8.780,6.800,12.400,,,,0.000,9.000,9.000,1.000,1.000,1.000,1.000,0.701,0.000,0.701,0.280,100.000,-5.511,6.100,0.383,6.600,10.600,0.622
2021-01-08,100.000,100.000,100.000,0.000,0.000,0.000,-2.589,-3.300,-2.100,,,,,,,0.000,9.000,9.000,1.000,1.000,1.000,1.000,0.268,0.070,0.321,0.236,98.444,-7.500,2.200,0.274,7.640,10.600,0.721
2021-01-09,97.444,96.000,99.000,0.299,0.120,0.470,-6.256,-7.200,-5.300,,,,,,,0.000,9.000,9.000,0.939,0.860,0.990,0.933,0.139,0.000,0.139,0.100,94.889,-8.900,0.600,0.178,8.720,10.590,0.823
2021-01-10,99.333,99.000,100.000,0.080,0.000,0.120,-3.444,-4.400,-2.200,,,,,,,0.000,9.000,9.000,0.998,0.990,1.000,0.992,0.742,0.000,0.742,0.550,95.444,-5.889,1.900,0.098,9.810,10.580,0.927
2021-01-11,99.889,99.000,100.000,0.013,0.000,0.120,-2.278,-3.300,-1.400,,,,,,,0.000,9.000,9.000,1.000,1.000,1.000,1.000,0.902,0.000,0.902,0.830,99.889,-5.978,6.600,0.040,10.570,10.570,1.000
2021-01-12,54.222,28.000,87.000,7.512,1.570,14.300,-6.600,-9.100,-3.100,,,,,,,0.000,9.000,9.000,0.217,0.140,0.300,0.211,0.016,0.000,0.016,0.000,80.667,-7.778,0.000,0.008,10.560,10.560,1.000
2021-01-13,25.333,21.000,37.000,15.606,11.380,17.450,-2.111,-2.600,-1.700,0.522,0.200,0.900,,,,0.000,9.000,9.000,0.170,0.140,0.230,0.161,0.011,0.000,0.011,0.000,76.333,-4.544,0.000,0.001,10.560,10.560,1.000
2021-01-14,51.111,21.000,78.000,9.010,2.940,17.410,-2.022,-2.800,-1.500,6.567,5.900,7.300,,,,0.000,9.000,9.000,0.162,0.100,0.190,0.154,0.033,0.000,0.033,0.000,72.444,-3.078,0.000,0.020,10.550,10.550,1.000
2021-01-15,22.111,6.000,51.000,21.871,9.140,35.340,4.667,2.700,7.200,1.544,0.300,2.800,,,,0.000,9.000,9.000,0.148,0.090,0.240,0.140,0.013,0.000,0.013,0.000,80.333,-1.578,0.100,0.061,9.800,10.540,0.930
2021-01-16,99.556,99.000,100.000,0.053,0.000,0.120,-2.411,-3.200,-1.800,4.667,2.900,5.600,,,,0.000,9.000,9.000,0.992,0.970,1.000,0.990,0.123,0.000,0.123,0.060,89.889,-2.678,1.000,0.120,8.840,10.530,0.839
2021-01-17,94.222,84.000,99.000,0.722,0.120,2.040,-3.600,-4.400,-2.600,8.244,6.900,9.000,,,,0.000,9.000,9.000,0.970,0.740,1.000,0.967,0.097,0.033,0.126,0.070,96.556,-5.622,0.300,0.194,7.920,10.520,0.753
2021-01-18,81.667,73.000,99.000,2.467,0.120,3.740,-1.444,-2.100,-1.000,6.211,5.200,6.900,,,,0.000,9.000,9.000,0.212,0.110,0.310,0.207,0.052,0.000,0.052,0.010,86.333,-4.067,0.000,0.277,7.050,10.510,0.671
2021-01-19,70.333,51.000,100.000,5.104,0.000,9.150,1.789,0.600,2.800,6.378,4.700,7.900,,,,0.000,9.000,9.000,0.261,0.140,0.450,0.250,0.062,0.000,0.062,0.040,88.333,-1.811,0.000,0.368,6.210,10.500,0.591
2021-01-20,100.000,100.000,100.000,0.000,0.000,0.000,2.133,1.700,2.800,6.556,5.000,8.500,,,,0.000,9.000,9.000,0.221,0.130,0.390,0.209,0.059,0.007,0.065,0.040,87.889,1.011,0.000,0.461,5.370,10.480,0.512
2021-01-21,94.667,90.000,100.000,0.807,0.000,1.530,7.122,6.500,7.700,4.244,3.400,5.700,,,,0.000,9.000,9.000,0.399,0.320,0.460,0.243,0.152,0.179,0.304,0.120,80.333,3.856,0.000,0.555,4.530,10.470,0.432
2021-01-22,99.222,93.000,100.000,0.114,0.000,1.030,4.467,1.900,6.000,6.733,4.600,8.500,,,,1.500,9.000,9.000,0.587,0.080,1.000,0.508,0.323,0.280,0.387,0.010,97.000,2.722,1.900,0.648,3.660,10.460,0.350
2021-01-23,44.667,2.000,100.000,18.829,0.000,46.140,2.433,0.100,5.900,6.567,4.900,8.400,,,,0.000,9.000,9.000,0.206,0.170,0.300,0.201,0.078,0.000,0.078,0.000,72.111,1.822,1.000,0.735,2.780,10.450,0.266
2021-01-24,9.556,4.000,15.000,31.853,24.620,40.450,7.789,5.300,10.000,7.789,3.900,10.300,,,,0.000,9.000,9.000,0.406,0.180,0.610,0.186,0.011,0.268,0.277,0.010,74.667,1.289,0.000,0.815,1.860,10.440,0.179
2021-01-25,43.444,37.000,53.000,11.338,8.560,13.440,3.000,1.500,4.300,8.544,7.300,9.600,,,,0.000,9.000,9.000,0.738,0.280,0.960,0.156,0.000,0.652,0.652,0.160,45.444,2.011,0.000,0.885,0.940,10.420,0.090
2021-01-26,45.000,27.000,55.000,11.110,8.170,17.300,2.700,1.700,3.600,7.211,5.300,8.900,,,,0.000,9.000,9.000,0.214,0.180,0.300,0.207,0.102,0.000,0.102,0.050,79.000,0.900,0.900,0.940,0.020,10.410,0.002
2021-01-27,73.778,57.000,100.000,4.427,0.000,7.560,-0.222,-1.900,1.200,8.100,7.200,9.200,,,,0.000,9.000,9.000,0.179,0.100,0.230,0.173,0.018,0.000,0.018,0.000,88.111,-0.178,0.600,0.979,0.000,10.400,0.000
2021-01-28,100.000,100.000,100.000,0.000,0.000,0.000,-1.633,-2.100,-1.400,8.633,8.000,9.400,,,,0.000,9.000,9.000,0.391,0.320,0.480,0.384,0.113,0.000,0.113,0.090,88.111,-3.111,1.700,0.998,0.000,10.380,0.000
2021-01-29,97.000,91.000,99.000,0.362,0.120,1.100,-4.278,-5.300,-3.000,6.850,6.000,8.500,,,,0.000,9.000,9.000,1.000,1.000,1.000,1.000,0.090,0.000,0.090,0.070,92.111,-3.900,0.300,0.994,0.000,10.370,0.000
2021-01-30,60.000,56.000,65.000,6.340,5.120,7.070,-0.022,-0.500,0.600,5.389,4.000,7.200,,,,0.000,9.000,9.000,0.259,0.190,0.350,0.252,0.058,0.000,0.058,0.000,80.667,-2.689,0.000,0.966,0.210,10.350,0.020
2021-01-31,51.778,41.000,61.000,9.012,6.710,11.970,2.100,1.400,3.100,3.611,2.100,4.700,,,,0.000,9.000,9.000,0.103,0.020,0.190,0.099,0.012,0.000,0.012,0.000,81.667,-2.289,0.000,0.914,1.220,10.340,0.118
2021-02-01,52.889,43.000,60.000,8.789,6.950,11.550,3.178,1.300,4.800,3.133,1.500,4.400,,,,0.000,9.000,9.000,0.069,0.030,0.130,0.056,0.010,0.003,0.013,0.000,76.444,-0.444,0.000,0.841,2.220,10.320,0.215
2021-02-02,75.444,61.000,86.000,3.413,1.800,5.820,-1.233,-1.700,-0.500,4.822,4.200,6.000,,,,0.000,9.000,9.000,0.357,0.260,0.460,0.349,0.083,0.000,0.083,0.070,77.444,-0.378,0.000,0.750,3.220,10.310,0.312
2021-02-03,60.444,44.000,90.000,7.068,1.270,10.950,0.522,-0.400,1.400,1.589,0.000,3.400,,,,0.000,9.000,9.000,0.197,0.150,0.420,0.159,0.006,0.030,0.036,0.000,75.111,-0.300,0.000,0.645,4.230,10.290,0.411
2021-02-04,51.778,12.000,95.000,11.940,0.710,26.950,1.478,-0.900,4.200,1.944,1.100,3.500,,,,0.000,9.000,9.000,0.289,0.220,0.360,0.284,0.052,0.000,0.052,0.000,81.222,0.322,0.000,0.533,5.250,10.280,0.511
2021-02-05,5.667,3.000,9.000,36.161,30.550,42.350,6.122,5.500,6.600,6.333,5.400,7.000,,,,0.000,9.000,9.000,0.191,0.110,0.230,0.183,0.011,0.000,0.011,0.000,87.000,0.133,0.000,0.419,6.300,10.260,0.614
2021-02-06,2.444,2.000,4.000,44.824,39.510,46.610,6.922,6.500,7.300,6.456,5.800,7.100,,,,0.000,9.000,9.000,0.174,0.110,0.260,0.166,0.016,0.000,0.016,0.000,80.667,1.767,0.000,0.310,7.360,10.250,0.718
2021-02-07,6.778,3.000,13.000,34.518,26.140,42.350,6.022,4.600,7.500,6.033,3.900,7.200,,,,0.000,9.000,9.000,0.207,0.180,0.230,0.198,0.003,0.000,0.003,0.000,78.333,2.989,0.000,0.211,8.410,10.230,0.822
2021-02-08,59.556,33.000,100.000,8.251,0.000,14.780,2.500,0.700,3.900,3.822,0.900,6.500,,,,0.000,9.000,9.000,0.602,0.400,0.950,0.584,0.140,0.068,0.201,0.080,80.667,0.300,0.300,0.128,9.410,10.210,0.921
2021-02-09,84.556,73.000,100.000,2.453,0.000,4.420,4.167,3.900,4.400,4.056,2.100,6.600,,,,0.000,9.000,9.000,0.311,0.140,0.400,0.298,0.039,0.000,0.039,0.010,82.556,0.300,0.300,0.064,10.190,10.190,1.000
2021-02-10,100.000,100.000,100.000,0.000,0.000,0.000,5.778,5.500,6.200,5.867,4.300,6.700,,,,14.000,9.000,9.000,0.782,0.600,0.980,0.610,0.674,0.192,0.733,0.494,98.333,0.967,10.300,0.022,10.180,10.180,1.000
2021-02-11,32.778,4.000,93.000,20.594,1.000,39.690,3.622,0.300,7.400,6.711,5.100,9.000,,,,0.000,9.000,9.000,0.276,0.110,0.820,0.270,0.011,0.000,0.011,0.000,91.556,-1.156,0.000,0.003,10.160,10.160,1.000
2021-02-12,12.889,6.000,34.000,27.830,14.470,34.980,5.278,3.900,5.900,2.178,0.700,3.300,,,,0.000,9.000,9.000,0.278,0.230,0.320,0.269,0.071,0.000,0.071,0.040,82.778,1.689,0.200,0.007,10.140,10.140,1.000
2021-02-13,100.000,100.000,100.000,0.000,0.000,0.000,-0.222,-1.000,0.900,6.111,4.600,8.500,,,,0.000,9.000,9.000,0.306,0.160,0.460,0.299,0.018,0.000,0.018,0.000,89.444,0.289,0.000,0.032,10.000,10.120,0.987
2021-02-14,63.778,11.000,100.000,7.256,0.000,27.780,-0.733,-2.400,3.400,5.100,3.100,7.000,,,,0.000,9.000,9.000,0.124,0.060,0.190,0.118,0.006,0.000,0.006,0.000,83.000,-1.267,0.000,0.076,9.090,10.110,0.900
2021-02-15,86.778,54.000,100.000,2.166,0.000,8.270,-0.444,-1.400,0.900,5.778,1.000,9.100,,,,0.000,9.000,9.000,0.460,0.240,0.990,0.453,0.141,0.000,0.141,0.090,79.889,0.678,1.100,0.135,8.220,10.090,0.815
2021-02-16,99.444,96.000,100.000,0.068,0.000,0.490,-1.022,-2.000,-0.100,7.300,4.900,8.500,,,,0.000,9.000,9.000,0.267,0.070,0.500,0.237,0.109,0.000,0.109,0.000,82.222,-0.133,0.000,0.208,7.360,10.070,0.731
2021-02-17,100.000,100.000,100.000,0.000,0.000,0.000,-1.611,-1.900,-1.200,6.857,3.900,7.700,,,,0.000,9.000,9.000,0.859,0.310,1.000,0.858,0.149,0.002,0.151,0.140,88.778,-3.956,2.200,0.289,6.500,10.050,0.647
2021-02-18,30.111,19.000,69.000,14.811,4.280,18.760,-1.556,-4.700,0.100,2.844,0.800,5.400,,,,0.000,9.000,9.000,0.313,0.270,0.370,0.308,0.072,0.000,0.072,0.020,77.778,-6.256,0.000,0.378,5.640,10.030,0.562
2021-02-19,50.222,23.000,64.000,8.431,5.250,16.510,-1.767,-2.300,-1.200,4.711,3.300,6.600,,,,0.000,9.000,9.000,0.927,0.900,0.960,0.189,0.048,0.901,0.906,0.870,71.667,-2.922,0.000,0.471,4.760,10.010,0.475
2021-02-20,18.889,10.000,30.000,22.804,16.040,29.460,5.022,3.900,6.200,2.722,0.500,5.100,,,,0.000,9.000,9.000,0.828,0.490,1.000,0.093,0.007,0.816,0.816,0.475,73.444,-2.044,0.000,0.566,3.850,9.990,0.386
2021-02-21,17.556,12.000,26.000,23.420,18.150,27.570,6.633,5.900,7.100,6.067,5.700,6.400,,,,0.000,9.000,9.000,0.168,0.000,0.400,0.006,0.000,0.158,0.158,0.000,57.333,-0.233,0.000,0.659,2.930,9.970,0.294
2021-02-22,50.111,40.000,76.000,9.869,3.900,12.530,5.344,4.700,6.200,4.967,3.900,5.800,,,,0.000,9.000,9.000,0.057,0.010,0.110,0.052,0.000,0.000,0.000,0.000,63.222,3.156,0.000,0.749,2.010,9.950,0.202
2021-02-23,100.000,100.000,100.000,0.000,0.000,0.000,4.278,3.600,4.700,6.978,4.700,8.800,,,,0.500,9.000,9.000,0.227,0.190,0.260,0.219,0.040,0.000,0.040,0.000,69.111,3.000,0.000,0.830,1.110,9.930,0.112
2021-02-24,97.667,87.000,100.000,0.346,0.000,1.960,2.911,2.400,3.500,5.289,3.500,7.800,,,,0.000,9.000,9.000,0.254,0.180,0.370,0.237,0.090,0.000,0.090,0.040,85.778,2.722,0.000,0.901,0.260,9.910,0.026
2021-02-25,88.222,75.000,100.000,1.834,0.000,4.030,3.211,2.800,3.800,6.678,6.300,7.400,,,,0.000,9.000,9.000,0.229,0.020,0.480,0.028,0.208,0.000,0.208,0.000,82.111,2.378,0.000,0.955,0.000,9.890,0.000
2021-02-26,100.000,100.000,100.000,0.000,0.000,0.000,3.011,2.500,3.600,6.456,5.600,8.000,,,,0.500,9.000,9.000,0.217,0.150,0.260,0.166,0.091,0.000,0.091,0.030,82.889,2.489,0.000,0.988,0.000,9.870,0.000
2021-02-27,100.000,100.000,100.000,0.000,0.000,0.000,2.678,2.300,3.400,6.489,4.000,7.800,,,,0.000,9.000,9.000,0.269,0.180,0.440,0.184,0.144,0.000,0.144,0.070,77.333,1.589,0.400,0.998,0.000,9.840,0.000
2021-02-28,63.444,56.000,68.000,6.376,5.400,8.090,4.511,3.900,5.400,5.600,4.400,6.400,,,,0.000,9.000,9.000,0.080,0.000,0.180,0.064,0.008,0.000,0.008,0.000,52.556,3.967,0.000,0.981,0.000,9.820,0.000
2021-03-01,94.333,83.000,100.000,0.860,0.000,2.640,3.544,2.900,4.800,5.000,4.400,6.000,,,,0.000,9.000,9.000,0.269,0.120,0.840,0.199,0.097,0.000,0.097,0.050,67.000,3.333,0.000,0.938,0.810,9.800,0.083
2021-03-02,100.000,100.000,100.000,0.000,0.000,0.000,3.300,3.100,3.500,7.767,6.700,9.100,,,,3.500,9.000,9.000,0.692,0.310,1.000,0.623,0.403,0.000,0.403,0.200,95.444,-0.200,2.500,0.870,1.850,9.780,0.189
2021-03-03,100.000,100.000,100.000,0.000,0.000,0.000,2.267,1.800,2.800,6.667,4.300,9.200,,,,0.000,9.000,9.000,0.736,0.170,1.000,0.730,0.071,0.000,0.071,0.000,99.444,0.800,0.100,0.782,2.900,9.760,0.297
2021-03-04,100.000,100.000,100.000,0.000,0.000,0.000,3.511,3.200,3.700,4.244,2.400,6.200,,,,8.500,9.000,9.000,0.914,0.440,0.990,0.380,0.907,0.000,0.907,0.440,91.556,2.656,2.200,0.679,3.970,9.730,0.407
2021-03-05,100.000,100.000,100.000,0.000,0.000,0.000,5.489,5.200,5.800,7.289,4.600,11.100,,,,9.500,9.000,9.000,0.439,0.210,0.610,0.237,0.284,0.001,0.285,0.040,83.222,3.333,0.300,0.568,5.040,9.710,0.519
2021-03-06,100.000,100.000,100.000,0.000,0.000,0.000,5.211,5.000,5.600,6.033,4.600,7.100,,,,9.500,9.000,9.000,0.847,0.370,0.990,0.534,0.748,0.042,0.751,0.200,86.111,2.211,1.700,0.456,6.090,9.690,0.629
2021-03-07,82.333,56.000,100.000,2.936,0.000,7.950,2.511,1.800,3.300,4.989,4.000,5.700,,,,0.000,9.000,9.000,0.212,0.190,0.240,0.201,0.081,0.000,0.081,0.050,92.889,2.044,0.600,0.347,7.100,9.670,0.735
2021-03-08,97.333,92.000,100.000,0.387,0.000,1.170,2.489,2.000,3.400,5.144,4.300,6.600,,,,0.000,9.000,9.000,0.231,0.180,0.300,0.189,0.058,0.000,0.058,0.000,77.333,1.967,0.000,0.247,8.030,9.640,0.833
2021-03-09,91.222,82.000,99.000,1.317,0.140,2.780,2.600,2.100,3.100,3.978,3.300,4.500,,,,0.500,9.000,9.000,0.176,0.170,0.190,0.164,0.053,0.000,0.053,0.010,71.778,2.467,1.100,0.161,8.860,9.620,0.921
2021-03-10,70.222,55.000,85.000,5.053,2.270,8.250,3.433,2.500,4.100,4.611,2.800,5.700,,,,0.000,9.000,9.000,0.218,0.170,0.330,0.211,0.044,0.000,0.044,0.020,75.000,2.578,0.000,0.092,9.600,9.600,1.000
2021-03-11,90.778,69.000,100.000,1.462,0.000,5.160,2.289,1.100,3.500,3.344,1.500,4.200,,,,0.000,9.000,9.000,0.157,0.110,0.190,0.150,0.032,0.000,0.032,0.000,78.333,1.811,0.000,0.041,9.570,9.570,1.000
2021-03-12,99.889,99.000,100.000,0.016,0.000,0.140,2.456,1.700,3.100,4.267,3.100,5.700,,,,0.000,9.000,9.000,0.264,0.170,0.370,0.259,0.080,0.000,0.080,0.000,73.222,3.189,0.800,0.011,9.550,9.550,1.000
2021-03-13,100.000,100.000,100.000,0.000,0.000,0.000,1.844,1.300,2.100,5.378,3.200,7.100,,,,0.000,9.000,9.000,0.203,0.180,0.270,0.201,0.004,0.000,0.004,0.000,77.111,1.789,0.000,0.002,9.520,9.520,1.000
2021-03-14,69.222,52.000,100.000,5.387,0.000,8.980,3.500,3.000,4.100,4.978,1.900,7.700,,,,0.000,9.000,9.000,0.191,0.150,0.230,0.186,0.014,0.000,0.014,0.000,76.667,2.556,0.000,0.012,9.500,9.500,1.000
2021-03-15,44.556,38.000,55.000,11.038,8.200,13.030,3.411,2.700,3.900,7.100,5.300,8.400,,,,0.000,9.000,9.000,0.094,0.010,0.170,0.087,0.012,0.000,0.012,0.000,71.556,3.400,0.000,0.041,9.110,9.480,0.961
2021-03-16,55.444,46.000,73.000,8.332,4.390,10.670,4.311,3.600,5.400,6.756,5.800,7.900,,,,0.000,9.000,9.000,0.100,0.020,0.170,0.091,0.011,0.000,0.011,0.000,62.222,4.078,0.000,0.087,8.240,9.450,0.872
2021-03-17,78.667,62.000,96.000,3.593,0.590,6.670,4.944,4.500,5.600,4.356,3.600,5.100,,,,0.000,9.000,9.000,0.152,0.100,0.170,0.144,0.008,0.000,0.008,0.000,62.556,5.156,0.100,0.147,7.380,9.430,0.782
2021-03-18,74.111,70.000,79.000,4.227,3.320,5.030,4.533,4.000,5.200,7.167,5.400,8.100,,,,0.000,9.000,9.000,0.180,0.060,0.270,0.132,0.002,0.041,0.043,0.000,67.667,4.600,0.000,0.220,6.490,9.400,0.691
2021-03-19,78.778,75.000,91.000,3.407,1.360,4.090,5.044,4.200,5.700,3.300,1.500,4.300,,,,0.000,9.000,9.000,0.176,0.100,0.440,0.130,0.014,0.040,0.054,0.000,63.778,5.289,0.000,0.303,5.600,9.380,0.597
2021-03-20,88.222,72.000,100.000,1.843,0.000,4.580,4.344,3.700,5.400,5.133,3.800,7.100,,,,0.000,9.000,9.000,0.204,0.100,0.370,0.144,0.107,0.069,0.171,0.050,68.556,5.500,4.700,0.393,4.680,9.350,0.501
2021-03-21,100.000,100.000,100.000,0.000,0.000,0.000,3.322,2.900,3.800,8.611,7.400,10.100,,,,0.000,9.000,9.000,0.461,0.240,1.000,0.386,0.327,0.000,0.327,0.150,82.889,0.911,1.300,0.488,3.770,9.330,0.404
2021-03-22,100.000,100.000,100.000,0.000,0.000,0.000,3.789,3.600,3.900,5.122,4.300,5.800,,,,13.500,9.000,9.000,1.000,1.000,1.000,1.000,0.519,0.469,0.668,0.280,99.889,-1.967,1.800,0.586,2.870,9.300,0.309
2021-03-23,98.222,92.000,100.000,0.261,0.000,1.180,3.378,2.500,3.800,6.678,5.500,9.100,,,,11.000,9.000,9.000,0.988,0.960,1.000,0.977,0.728,0.302,0.794,0.487,98.556,0.167,6.800,0.682,2.010,9.280,0.217
2021-03-24,46.333,11.000,100.000,13.332,0.000,27.890,1.822,0.300,3.900,10.656,9.000,12.700,,,,0.000,9.000,9.000,0.142,0.060,0.340,0.137,0.008,0.000,0.008,0.000,90.000,-1.622,0.000,0.775,1.190,9.250,0.129
2021-03-25,67.778,43.000,91.000,5.851,1.340,11.620,4.956,4.300,5.600,6.244,5.200,7.100,,,,0.000,9.000,9.000,0.266,0.200,0.350,0.262,0.016,0.000,0.016,0.010,76.556,1.789,0.000,0.857,0.430,9.230,0.046
2021-03-26,79.667,22.000,100.000,4.369,0.000,20.010,3.533,2.800,5.000,5.667,4.300,6.800,,,,0.000,9.000,9.000,0.060,0.010,0.120,0.051,0.007,0.000,0.007,0.000,84.111,3.344,0.000,0.926,0.000,9.200,0.000
2021-03-27,86.000,81.000,91.000,2.170,1.350,2.990,4.800,4.800,4.800,5.950,5.900,6.000,,,,0.000,2.000,2.000,0.076,0.010,0.170,0.068,0.004,0.000,0.004,0.000,73.444,4.778,0.000,0.974,0.000,9.170,0.000
2021-03-28,,,,,,,,,,,,,,,,,0.000,0.000,0.073,0.030,0.110,0.064,0.006,0.000,0.006,0.000,85.889,3.922,0.000,0.997,0.000,9.150,0.000
2021-03-29,,,,,,,,,,,,,,,,,0.000,0.000,0.072,0.010,0.210,0.063,0.007,0.002,0.009,0.000,73.778,5.400,0.000,0.992,0.000,9.120,0.000
2021-03-30,99.667,97.000,100.000,0.050,0.000,0.450,7.833,7.100,8.300,6.656,5.100,8.300,,,,0.000,9.000,9.000,0.350,0.010,0.940,0.120,0.021,0.237,0.250,0.000,83.778,6.033,0.000,0.957,0.430,9.090,0.048
2021-03-31,83.111,67.000,100.000,2.841,0.000,5.720,7.133,6.700,7.800,4.989,3.900,6.500,,,,0.000,9.000,9.000,0.752,0.430,0.990,0.133,0.557,0.557,0.751,0.408,59.333,8.156,0.600,0.896,1.530,9.070,0.169
2021-04-01,71.222,46.000,81.000,5.071,3.020,10.930,6.900,6.300,7.900,6.144,5.000,7.500,,,,0.000,9.000,9.000,0.086,0.020,0.170,0.002,0.071,0.006,0.076,0.010,40.778,7.900,0.000,0.813,2.650,9.040,0.293
2021-04-02,50.222,35.000,71.000,10.032,4.980,14.600,8.744,8.100,9.800,3.933,1.800,5.000,,,,0.000,9.000,9.000,0.069,0.000,0.170,0.061,0.000,0.002,0.002,0.000,63.111,5.856,0.200,0.714,3.750,9.020,0.416
2021-04-03,69.556,41.000,88.000,5.704,1.850,12.650,8.078,6.900,9.800,2.933,0.400,4.000,,,,0.000,9.000,9.000,0.160,0.130,0.180,0.099,0.110,0.010,0.120,0.069,79.556,7.056,4.400,0.605,4.800,8.990,0.534
2021-04-04,96.778,92.000,100.000,0.480,0.000,1.200,6.544,5.300,7.400,3.044,1.000,4.500,,,,0.000,9.000,9.000,0.223,0.200,0.260,0.218,0.018,0.000,0.018,0.000,81.667,5.056,0.000,0.495,5.770,8.960,0.644
2021-04-05,80.000,64.000,100.000,3.372,0.000,6.500,7.400,5.200,9.900,3.278,1.100,5.100,,,,0.000,9.000,9.000,0.118,0.020,0.170,0.109,0.002,0.000,0.002,0.000,60.000,5.056,0.000,0.387,6.630,8.930,0.743
2021-04-06,67.556,58.000,85.000,5.762,2.350,7.810,8.189,6.900,9.000,2.911,2.300,4.300,,,,0.000,9.000,9.000,0.170,0.160,0.180,0.160,0.000,0.000,0.000,0.000,77.333,4.456,0.000,0.287,7.390,8.910,0.830
2021-04-07,61.333,44.000,73.000,7.120,4.510,11.510,7.089,5.800,8.200,5.644,4.700,6.100,,,,0.000,9.000,9.000,0.293,0.220,0.500,0.217,0.001,0.079,0.080,0.000,75.889,4.300,0.000,0.199,8.060,8.880,0.908
2021-04-08,98.778,91.000,100.000,0.183,0.000,1.360,4.900,4.200,5.900,3.689,2.900,4.500,,,,0.000,9.000,9.000,0.804,0.380,1.000,0.792,0.329,0.003,0.330,0.190,89.778,2.811,2.000,0.124,8.660,8.850,0.978
2021-04-09,99.111,95.000,100.000,0.129,0.000,0.730,3.644,3.300,4.300,4.122,3.000,4.900,,,,0.000,9.000,9.000,0.423,0.270,0.650,0.411,0.147,0.009,0.154,0.110,95.889,1.233,1.300,0.067,8.830,8.830,1.000
2021-04-10,76.444,67.000,90.000,3.879,1.500,5.700,5.833,4.600,6.700,1.078,0.400,2.100,,,,0.000,9.000,9.000,0.244,0.200,0.310,0.241,0.146,0.000,0.146,0.090,85.333,3.222,1.600,0.026,8.800,8.800,1.000
2021-04-11,90.444,78.000,100.000,1.491,0.000,3.570,6.089,5.800,6.700,3.278,0.800,5.000,,,,0.000,9.000,9.000,0.634,0.190,0.960,0.623,0.151,0.000,0.151,0.110,91.778,4.311,0.000,0.005,8.770,8.770,1.000
2021-04-12,78.333,65.000,98.000,3.667,0.290,6.170,6.778,5.700,7.700,3.733,2.600,5.200,,,,0.000,9.000,9.000,0.162,0.100,0.260,0.116,0.001,0.048,0.049,0.000,75.667,4.156,0.000,0.002,8.740,8.740,1.000
2021-04-13,99.000,95.000,100.000,0.149,0.000,0.750,6.989,6.500,7.500,4.622,4.200,5.300,,,,0.000,9.000,9.000,0.277,0.180,0.330,0.244,0.153,0.012,0.164,0.140,86.111,6.156,2.300,0.018,8.720,8.720,1.000
2021-04-14,94.000,74.000,100.000,0.966,0.000,4.270,5.578,4.800,6.300,5.233,4.300,7.300,,,,0.000,9.000,9.000,0.220,0.170,0.260,0.197,0.068,0.000,0.068,0.000,83.222,4.222,0.000,0.051,8.110,8.690,0.933
2021-04-15,93.222,86.000,100.000,1.031,0.000,2.180,6.311,5.700,6.800,3.678,3.200,4.500,,,,0.000,9.000,9.000,0.407,0.200,0.650,0.159,0.128,0.201,0.310,0.120,77.444,5.033,1.500,0.100,7.220,8.660,0.833
2021-04-16,100.000,100.000,100.000,0.000,0.000,0.000,6.533,6.300,6.800,5.478,3.600,7.500,,,,0.500,9.000,9.000,0.258,0.180,0.390,0.207,0.116,0.000,0.116,0.020,75.111,5.467,0.000,0.163,6.310,8.640,0.731
2021-04-17,100.000,100.000,100.000,0.000,0.000,0.000,6.067,5.600,6.800,2.544,1.800,3.100,,,,0.500,9.000,9.000,0.847,0.360,1.000,0.830,0.213,0.003,0.216,0.160,81.778,3.600,0.800,0.239,5.400,8.610,0.627
2021-04-18,96.556,79.000,100.000,0.541,0.000,3.380,5.689,4.900,6.300,3.311,0.600,4.700,,,,0.000,9.000,9.000,0.974,0.930,1.000,0.964,0.182,0.007,0.186,0.020,91.444,3.411,0.100,0.326,4.510,8.580,0.525
2021-04-19,,,,,,,,,,,,,,,,,0.000,0.000,0.304,0.110,0.480,0.288,0.028,0.000,0.028,0.000,83.667,3.833,0.000,0.421,3.650,8.550,0.426
2021-04-20,,,,,,,,,,,,,,,,,0.000,0.000,0.611,0.080,0.960,0.512,0.050,0.113,0.161,0.000,87.222,4.289,0.000,0.521,2.830,8.530,0.332
2021-04-21,,,,,,,,,,,,,,,,,0.000,0.000,0.272,0.100,0.480,0.158,0.133,0.094,0.216,0.089,81.556,6.256,0.000,0.624,2.070,8.500,0.243
2021-04-22,,,,,,,,,,,,,,,,,0.000,0.000,0.827,0.480,0.930,0.813,0.050,0.000,0.050,0.010,93.667,5.444,0.500,0.724,1.350,8.470,0.160
2021-04-23,75.111,27.000,100.000,4.952,0.000,17.640,5.078,4.100,6.100,2.033,0.600,4.900,,,,0.000,9.000,9.000,0.468,0.240,1.000,0.462,0.147,0.000,0.147,0.070,79.444,5.778,1.000,0.817,0.670,8.440,0.080
2021-04-24,90.889,55.000,100.000,1.646,0.000,8.370,4.400,3.200,6.000,3.433,1.500,5.700,,,,0.000,9.000,9.000,0.837,0.670,0.990,0.560,0.192,0.471,0.533,0.308,90.778,5.000,1.400,0.897,0.010,8.420,0.001
2021-04-25,94.778,79.000,100.000,0.823,0.000,3.380,5.544,4.700,6.300,2.044,0.800,3.800,,,,0.500,9.000,9.000,0.951,0.680,1.000,0.948,0.174,0.000,0.174,0.100,93.222,2.922,0.500,0.958,0.000,8.390,0.000
2021-04-26,100.000,100.000,100.000,0.000,0.000,0.000,5.156,4.700,6.000,4.133,2.900,5.200,,,,0.500,9.000,9.000,0.979,0.920,1.000,0.946,0.046,0.342,0.360,0.010,90.889,3.578,0.900,0.992,0.000,8.360,0.000
2021-04-27,100.000,100.000,100.000,0.000,0.000,0.000,6.289,5.900,6.700,3.667,1.800,5.500,,,,0.500,9.000,9.000,0.966,0.910,1.000,0.769,0.227,0.806,0.852,0.771,95.556,3.278,0.000,0.998,0.000,8.340,0.000
2021-04-28,100.000,100.000,100.000,0.000,0.000,0.000,7.178,6.500,7.500,4.944,4.200,5.900,,,,14.500,9.000,9.000,0.998,0.990,1.000,0.988,0.893,0.448,0.939,0.790,96.111,4.144,3.500,0.973,0.040,8.310,0.005
2021-04-29,51.778,7.000,100.000,14.838,0.000,33.670,6.011,4.300,7.300,5.378,1.600,7.000,,,,0.000,9.000,9.000,0.944,0.750,1.000,0.939,0.080,0.000,0.080,0.000,94.889,2.944,0.100,0.919,1.190,8.280,0.144
2021-04-30,15.000,11.000,25.000,25.472,18.540,29.140,7.967,5.700,9.700,2.011,1.000,4.000,,,,0.000,9.000,9.000,0.872,0.690,0.970,0.000,0.736,0.610,0.908,0.795,46.222,5.500,0.000,0.842,2.320,8.260,0.280
2021-05-01,39.556,30.000,52.000,13.202,9.280,16.710,8.833,8.100,9.200,1.467,0.400,3.200,,,,0.000,9.000,9.000,0.736,0.320,0.970,0.000,0.283,0.518,0.746,0.377,71.333,3.756,0.000,0.748,3.360,8.230,0.408
2021-05-02,29.667,18.000,45.000,17.003,11.100,23.010,7.311,6.500,8.500,2.811,1.400,5.500,,,,0.000,9.000,9.000,0.971,0.840,1.000,0.152,0.012,0.958,0.959,0.787,72.000,6.078,0.000,0.645,4.290,8.210,0.523
2021-05-03,91.556,79.000,100.000,1.319,0.000,3.400,6.567,6.100,7.200,6.367,5.500,7.900,,,,2.000,9.000,9.000,0.942,0.610,1.000,0.286,0.751,0.873,0.936,0.580,85.667,5.422,0.600,0.537,5.100,8.180,0.624
2021-05-04,92.889,85.000,96.000,1.070,0.590,2.340,5.978,5.500,6.800,7.967,6.900,8.800,,,,0.000,9.000,9.000,0.987,0.940,1.000,0.040,0.273,0.980,0.984,0.931,65.889,6.811,0.200,0.431,5.800,8.150,0.712
2021-05-05,100.000,100.000,100.000,0.000,0.000,0.000,7.500,7.200,8.100,5.644,4.900,7.100,,,,0.000,9.000,9.000,0.494,0.230,1.000,0.394,0.060,0.098,0.156,0.020,83.778,5.678,0.000,0.332,6.420,8.130,0.790
2021-05-06,97.667,89.000,100.000,0.354,0.000,1.690,7.322,7.000,8.000,5.167,4.800,5.700,,,,0.500,9.000,9.000,0.560,0.270,0.920,0.047,0.011,0.524,0.530,0.206,76.778,6.056,0.000,0.241,6.980,8.100,0.861
2021-05-07,81.889,76.000,90.000,2.927,1.530,4.000,7.922,6.900,8.700,6.533,5.800,7.500,,,,0.000,9.000,9.000,0.810,0.310,0.990,0.132,0.048,0.756,0.757,0.210,70.556,8.044,0.000,0.162,7.500,8.080,0.928
2021-05-08,67.667,54.000,95.000,5.749,0.740,8.710,7.578,6.600,8.600,6.967,6.400,7.500,,,,0.000,9.000,9.000,0.164,0.040,0.340,0.099,0.008,0.061,0.068,0.000,51.000,7.167,0.000,0.097,8.000,8.050,0.993
2021-05-09,82.556,63.000,100.000,2.917,0.000,6.680,7.722,6.500,9.200,6.044,4.400,7.200,,,,0.000,9.000,9.000,0.969,0.890,1.000,0.046,0.511,0.949,0.971,0.878,59.000,8.367,0.200,0.048,8.030,8.030,1.000
2021-05-10,66.333,42.000,94.000,6.400,0.910,12.160,8.333,7.800,8.900,4.956,3.400,5.600,,,,0.000,9.000,9.000,0.372,0.200,0.630,0.043,0.068,0.303,0.344,0.190,66.222,7.978,0.000,0.016,8.000,8.000,1.000
2021-05-11,,,,,,,,,,,,,,,,,0.000,0.000,0.704,0.370,0.960,0.006,0.000,0.699,0.699,0.360,48.667,8.233,0.000,0.001,7.980,7.980,1.000
2021-05-12,,,,,,,,,,,,,,,,,0.000,0.000,0.776,0.220,1.000,0.018,0.013,0.769,0.776,0.236,66.667,8.311,0.000,0.004,7.960,7.960,1.000
2021-05-13,74.889,57.000,100.000,4.672,0.000,8.200,9.967,9.000,11.000,3.722,2.500,4.700,,,,0.000,9.000,9.000,0.924,0.730,1.000,0.114,0.030,0.920,0.921,0.723,85.778,8.933,0.100,0.026,7.930,7.930,1.000
2021-05-14,42.333,17.000,74.000,14.361,4.500,24.190,11.589,10.800,12.500,4.578,1.100,6.700,,,,0.000,9.000,9.000,0.678,0.230,0.950,0.060,0.003,0.638,0.640,0.167,86.000,7.811,0.000,0.064,7.080,7.910,0.895
2021-05-15,69.333,57.000,95.000,5.608,0.760,8.170,9.967,9.200,10.600,6.133,5.100,6.800,,,,0.000,9.000,9.000,0.142,0.090,0.230,0.110,0.004,0.028,0.032,0.000,78.556,8.444,0.000,0.120,6.180,7.890,0.784
2021-05-16,50.333,45.000,60.000,9.958,7.440,11.480,10.467,10.100,11.200,4.033,3.600,5.400,,,,0.000,9.000,9.000,0.711,0.220,0.980,0.116,0.002,0.684,0.685,0.160,70.556,8.867,0.000,0.190,5.320,7.870,0.677
2021-05-17,86.333,65.000,100.000,2.287,0.000,6.210,8.478,7.600,9.500,6.011,5.100,6.900,,,,0.000,9.000,9.000,0.588,0.180,0.900,0.041,0.086,0.549,0.577,0.180,80.444,8.044,0.000,0.273,4.510,7.840,0.575
2021-05-18,74.444,42.000,100.000,4.769,0.000,12.270,8.133,7.600,9.200,5.856,4.800,6.800,,,,0.500,9.000,9.000,0.862,0.570,1.000,0.106,0.060,0.844,0.851,0.564,83.778,7.933,0.000,0.367,3.750,7.820,0.479
2021-05-19,71.889,54.000,100.000,5.118,0.000,8.840,9.056,8.800,9.300,7.789,5.500,9.400,,,,0.000,9.000,9.000,0.974,0.910,1.000,0.038,0.004,0.967,0.967,0.901,80.778,7.311,0.000,0.469,3.050,7.800,0.391
2021-05-20,97.667,96.000,100.000,0.350,0.000,0.600,8.578,8.100,9.400,5.722,4.800,6.600,,,,0.000,9.000,9.000,0.988,0.960,1.000,0.049,0.001,0.982,0.982,0.950,71.778,7.378,0.000,0.576,2.390,7.780,0.307
2021-05-21,98.667,91.000,100.000,0.203,0.000,1.380,8.478,7.700,9.300,5.756,4.600,6.800,,,,0.000,9.000,9.000,0.901,0.610,1.000,0.032,0.093,0.886,0.895,0.601,85.889,7.533,0.000,0.683,1.750,7.760,0.225
2021-05-22,84.889,77.000,100.000,2.467,0.000,3.820,8.722,8.300,9.100,5.911,4.600,6.800,,,,0.000,9.000,9.000,0.982,0.950,1.000,0.032,0.142,0.979,0.981,0.956,84.667,7.578,0.000,0.784,1.120,7.740,0.144
2021-05-23,85.222,44.000,100.000,2.670,0.000,11.810,9.522,8.900,11.100,4.089,2.900,5.400,,,,0.000,9.000,9.000,0.873,0.620,1.000,0.316,0.007,0.829,0.829,0.610,90.444,8.022,0.000,0.872,0.460,7.720,0.060
2021-05-24,95.222,83.000,100.000,0.757,0.000,2.780,9.611,8.600,10.900,4.267,1.600,6.200,,,,2.500,9.000,9.000,0.846,0.290,1.000,0.334,0.128,0.720,0.752,0.282,89.778,8.267,2.100,0.941,0.000,7.700,0.000
2021-05-25,100.000,100.000,100.000,0.000,0.000,0.000,10.700,10.500,10.900,2.867,1.700,5.000,,,,1.000,9.000,9.000,0.763,0.550,0.960,0.712,0.248,0.096,0.321,0.208,87.000,8.367,7.000,0.985,0.000,7.680,0.000
2021-05-26,93.444,72.000,100.000,1.072,0.000,4.730,8.467,7.300,10.100,8.267,6.500,9.600,,,,0.000,9.000,9.000,0.810,0.150,1.000,0.073,0.003,0.758,0.761,0.020,83.556,7.089,0.000,1.000,0.000,7.670,0.000
2021-05-27,97.333,76.000,100.000,0.446,0.000,4.010,8.722,8.200,9.400,6.333,5.200,7.700,,,,0.000,9.000,9.000,0.990,0.920,1.000,0.081,0.011,0.986,0.986,0.922,75.889,8.878,0.000,0.984,0.000,7.650,0.000
2021-05-28,100.000,100.000,100.000,0.000,0.000,0.000,9.200,8.900,9.500,7.022,6.200,7.900,,,,0.000,9.000,9.000,0.943,0.510,1.000,0.077,0.124,0.930,0.935,0.470,68.778,10.033,0.200,0.939,0.760,7.630,0.099
2021-05-29,100.000,100.000,100.000,0.000,0.000,0.000,9.411,8.700,9.800,10.200,7.200,12.000,,,,2.500,9.000,9.000,0.999,0.990,1.000,0.392,0.412,0.997,0.997,0.981,83.778,8.222,0.800,0.870,1.780,7.620,0.234
2021-05-30,100.000,100.000,100.000,0.000,0.000,0.000,9.833,8.900,10.900,5.700,2.700,7.700,699.950,699.500,700.300,33.000,9.000,9.000,0.999,0.990,1.000,0.719,0.208,0.989,0.991,0.980,98.444,7.578,0.300,0.784,2.680,7.600,0.352
2021-05-31,100.000,100.000,100.000,0.000,0.000,0.000,8.767,8.200,9.300,6.944,5.000,9.200,700.989,700.100,701.400,11.500,9.000,9.000,0.949,0.780,1.000,0.443,0.486,0.881,0.931,0.726,98.000,5.811,0.400,0.687,3.450,7.590,0.455
2021-06-01,98.778,91.000,100.000,0.189,0.000,1.400,9.356,9.000,9.800,6.267,4.900,7.100,702.556,702.000,702.900,0.000,9.000,9.000,0.959,0.880,1.000,0.729,0.372,0.579,0.750,0.334,95.778,6.900,0.000,0.584,4.110,7.570,0.543
2021-06-02,76.889,66.000,100.000,3.988,0.000,6.030,9.100,8.200,10.200,6.856,5.400,7.900,703.589,703.000,704.200,2.000,9.000,9.000,0.941,0.870,0.990,0.056,0.052,0.937,0.940,0.860,83.667,8.044,0.200,0.481,4.700,7.560,0.622
2021-06-03,76.778,57.000,91.000,4.157,1.420,8.370,12.056,10.500,13.700,4.611,3.500,5.600,702.778,701.700,703.600,0.000,9.000,9.000,0.696,0.330,0.920,0.024,0.000,0.684,0.684,0.320,83.556,9.744,0.000,0.382,5.240,7.540,0.695
2021-06-04,100.000,100.000,100.000,0.000,0.000,0.000,11.178,10.400,11.900,2.511,0.000,5.000,699.778,698.600,700.700,19.000,9.000,9.000,0.999,0.990,1.000,0.861,0.638,0.982,0.993,0.963,97.778,8.889,12.000,0.289,5.750,7.530,0.763
2021-06-05,100.000,100.000,100.000,0.000,0.000,0.000,9.889,9.600,10.200,6.756,4.500,8.600,699.578,698.700,700.100,39.500,9.000,9.000,1.000,1.000,1.000,0.740,0.506,0.999,1.000,0.996,99.333,6.067,9.200,0.206,6.250,7.520,0.832
2021-06-06,100.000,100.000,100.000,0.000,0.000,0.000,8.967,8.500,9.500,6.044,4.300,8.300,701.633,701.000,702.300,2.500,9.000,9.000,1.000,1.000,1.000,0.853,0.353,0.989,0.994,0.979,99.667,5.711,0.900,0.135,6.770,7.510,0.902
2021-06-07,91.556,85.000,100.000,1.333,0.000,2.410,9.378,8.500,10.000,3.967,0.400,6.600,704.033,702.900,704.700,0.000,9.000,9.000,1.000,1.000,1.000,0.874,0.592,0.996,0.998,0.995,96.333,7.233,0.100,0.077,7.320,7.500,0.976
2021-06-08,98.000,92.000,100.000,0.304,0.000,1.230,8.911,8.300,9.800,3.144,1.200,5.500,703.789,702.600,704.600,2.500,9.000,9.000,0.987,0.970,1.000,0.840,0.167,0.880,0.899,0.789,93.667,7.033,0.900,0.034,7.490,7.490,1.000
2021-06-09,97.778,89.000,100.000,0.348,0.000,1.730,9.767,9.200,10.200,2.178,0.600,3.900,702.744,701.900,703.500,7.000,9.000,9.000,1.000,1.000,1.000,0.857,0.587,0.979,0.991,0.979,91.111,7.311,3.500,0.008,7.480,7.480,1.000
2021-06-10,92.222,78.000,100.000,1.277,0.000,3.700,10.456,10.000,11.200,2.356,1.000,4.500,702.944,702.200,703.700,5.500,9.000,9.000,0.973,0.950,1.000,0.817,0.530,0.853,0.940,0.878,91.889,7.400,0.000,0.000,7.470,7.470,1.000
2021-06-11,87.778,80.000,93.000,1.959,1.080,3.310,10.489,10.100,10.700,3.044,1.300,4.600,704.722,704.300,705.300,0.000,9.000,9.000,0.999,0.990,1.000,0.698,0.013,0.988,0.988,0.961,89.778,8.311,0.000,0.011,7.460,7.460,1.000
2021-06-12,98.778,95.000,100.000,0.184,0.000,0.760,9.956,9.000,10.500,3.789,2.100,5.800,705.389,704.500,706.100,4.000,9.000,9.000,0.998,0.990,1.000,0.776,0.613,0.960,0.977,0.919,90.222,7.778,0.900,0.040,7.230,7.460,0.970
2021-06-13,98.333,92.000,100.000,0.256,0.000,1.230,9.767,8.800,10.700,5.400,3.900,6.600,703.444,701.600,704.700,1.000,9.000,9.000,0.984,0.910,1.000,0.727,0.253,0.904,0.918,0.770,87.667,7.811,0.000,0.087,6.410,7.450,0.860
2021-06-14,75.556,67.000,99.000,4.226,0.150,5.900,10.533,9.000,11.000,3.789,3.000,5.300,701.667,700.300,702.700,0.000,9.000,9.000,0.913,0.670,1.000,0.020,0.062,0.902,0.911,0.660,84.556,8.244,0.000,0.152,5.650,7.450,0.758
2021-06-15,94.667,87.000,100.000,0.839,0.000,2.050,9.656,9.100,10.300,6.356,5.600,7.000,701.467,700.700,702.000,0.000,9.000,9.000,0.958,0.760,1.000,0.007,0.001,0.958,0.958,0.760,76.889,8.756,0.000,0.233,4.940,7.440,0.664
2021-06-16,97.111,90.000,100.000,0.446,0.000,1.560,9.044,8.400,9.900,6.633,5.100,8.000,703.200,702.800,703.900,0.000,9.000,9.000,0.984,0.930,1.000,0.012,0.004,0.980,0.980,0.930,81.333,7.456,0.000,0.326,4.290,7.440,0.577
2021-06-17,99.778,98.000,100.000,0.033,0.000,0.300,9.278,8.700,10.100,6.211,4.200,6.800,703.178,702.500,703.700,0.000,9.000,9.000,0.696,0.000,1.000,0.022,0.000,0.686,0.686,0.000,81.444,8.511,0.000,0.430,3.680,7.430,0.495
2021-06-18,92.667,81.000,100.000,1.186,0.000,3.110,9.367,8.600,10.000,6.156,4.700,7.700,701.922,701.100,702.900,0.000,9.000,9.000,0.996,0.980,1.000,0.017,0.003,0.988,0.988,0.980,83.111,8.422,0.000,0.540,3.080,7.430,0.414
2021-06-19,100.000,100.000,100.000,0.000,0.000,0.000,9.178,8.700,10.000,7.189,6.100,8.000,700.500,699.700,701.200,0.000,9.000,9.000,0.987,0.960,1.000,0.070,0.000,0.982,0.982,0.950,85.778,8.022,0.000,0.651,2.470,7.430,0.333
2021-06-20,100.000,100.000,100.000,0.000,0.000,0.000,9.678,9.000,10.400,5.700,4.600,7.000,700.156,699.200,700.700,0.000,9.000,9.000,0.990,0.970,1.000,0.228,0.030,0.988,0.988,0.970,89.667,8.422,0.000,0.756,1.830,7.430,0.246
2021-06-21,99.333,96.000,100.000,0.100,0.000,0.600,9.278,8.600,9.800,6.544,4.800,9.100,699.633,698.800,700.400,0.500,9.000,9.000,1.000,1.000,1.000,0.307,0.932,1.000,1.000,1.000,96.444,7.556,0.300,0.850,1.130,7.430,0.152
2021-06-22,100.000,100.000,100.000,0.000,0.000,0.000,9.944,9.800,10.100,5.878,3.600,7.600,700.500,700.100,701.000,13.500,9.000,9.000,1.000,1.000,1.000,0.808,0.727,1.000,1.000,1.000,99.111,6.467,4.700,0.926,0.340,7.430,0.046
2021-06-23,98.111,94.000,100.000,0.289,0.000,0.920,9.911,9.200,10.400,2.267,0.700,3.800,701.644,700.200,702.200,1.500,9.000,9.000,0.994,0.980,1.000,0.800,0.577,0.901,0.941,0.660,99.667,6.511,2.200,0.976,0.000,7.430,0.000
2021-06-24,100.000,100.000,100.000,0.000,0.000,0.000,10.500,10.100,10.800,2.322,0.900,4.000,701.733,700.900,702.300,3.000,9.000,9.000,0.981,0.950,1.000,0.924,0.306,0.271,0.527,0.190,98.222,7.111,3.900,0.999,0.000,7.430,0.000
2021-06-25,100.000,100.000,100.000,0.000,0.000,0.000,10.444,10.000,10.700,5.833,3.000,7.800,701.922,701.100,702.800,1.500,9.000,9.000,0.977,0.920,1.000,0.872,0.256,0.781,0.837,0.645,99.000,7.044,0.000,0.992,0.000,7.440,0.000
2021-06-26,100.000,100.000,100.000,0.000,0.000,0.000,9.800,9.600,10.300,4.944,4.100,6.000,702.822,702.300,703.800,1.000,9.000,9.000,0.692,0.400,0.900,0.101,0.137,0.622,0.673,0.357,84.889,7.856,0.000,0.957,0.270,7.440,0.036
2021-06-27,100.000,100.000,100.000,0.000,0.000,0.000,9.833,9.400,10.200,6.189,5.100,7.600,701.622,700.900,702.100,1.000,9.000,9.000,0.992,0.940,1.000,0.253,0.083,0.989,0.990,0.939,91.444,7.178,0.000,0.898,1.130,7.450,0.152
2021-06-28,100.000,100.000,100.000,0.000,0.000,0.000,9.533,8.900,10.000,8.122,6.600,9.300,701.211,700.900,701.700,3.500,9.000,9.000,1.000,1.000,1.000,0.396,0.928,0.902,0.997,0.983,88.000,7.800,1.100,0.822,1.870,7.450,0.251
2021-06-29,100.000,100.000,100.000,0.000,0.000,0.000,8.578,7.900,9.900,9.378,8.500,10.000,701.367,701.100,701.800,2.500,9.000,9.000,0.999,0.990,1.000,0.100,0.678,0.999,1.000,0.997,88.000,7.522,1.500,0.733,2.520,7.460,0.338
2021-06-30,75.556,69.000,90.000,4.076,1.530,5.330,7.289,6.900,7.700,7.656,7.100,8.400,702.400,701.900,703.000,0.000,9.000,9.000,0.990,0.930,1.000,0.016,0.019,0.989,0.989,0.920,69.556,7.878,0.000,0.637,3.100,7.460,0.415
2021-07-01,90.889,69.000,100.000,1.554,0.000,5.380,9.133,8.100,10.100,5.922,5.000,6.900,703.378,702.900,704.000,0.000,9.000,9.000,0.936,0.700,1.000,0.003,0.000,0.927,0.927,0.670,76.000,8.233,0.000,0.538,3.640,7.470,0.487
2021-07-02,53.000,43.000,66.000,9.461,6.120,12.330,12.144,11.200,13.300,2.144,1.200,3.300,704.044,703.100,704.900,0.000,9.000,9.000,0.971,0.890,1.000,0.006,0.001,0.968,0.968,0.881,86.222,8.067,0.000,0.440,4.160,7.480,0.556
2021-07-03,60.556,43.000,94.000,7.946,0.930,12.330,12.244,11.400,13.300,2.500,0.800,4.600,704.256,703.700,705.000,0.000,9.000,9.000,0.858,0.560,1.000,0.538,0.057,0.776,0.789,0.400,89.444,10.078,0.000,0.346,4.680,7.490,0.625
2021-07-04,59.778,42.000,91.000,8.126,1.400,12.440,10.989,9.800,11.800,3.044,0.600,4.100,704.667,703.900,705.300,0.000,9.000,9.000,0.297,0.180,0.450,0.084,0.020,0.212,0.227,0.040,86.222,8.489,0.000,0.259,5.230,7.500,0.697
2021-07-05,99.556,98.000,100.000,0.067,0.000,0.300,10.167,9.200,11.100,4.789,1.900,9.400,702.278,700.900,703.300,14.000,9.000,9.000,0.986,0.910,1.000,0.140,0.209,0.979,0.982,0.918,79.333,9.722,1.100,0.181,5.820,7.510,0.775
2021-07-06,86.444,81.000,90.000,2.181,1.570,3.140,10.544,10.000,11.200,4.944,3.300,8.100,705.511,704.700,706.000,0.000,9.000,9.000,0.846,0.680,0.960,0.769,0.003,0.144,0.146,0.000,93.222,9.078,0.200,0.114,6.460,7.520,0.859
2021-07-07,58.111,35.000,93.000,8.953,1.090,15.060,11.756,10.900,12.400,2.167,0.900,3.400,707.033,706.500,707.600,0.000,9.000,9.000,0.298,0.020,0.830,0.289,0.000,0.026,0.026,0.000,91.333,8.478,0.000,0.061,7.180,7.530,0.953
2021-07-08,38.000,30.000,67.000,14.320,5.940,17.260,12.444,11.900,13.500,1.778,0.300,3.300,706.289,705.500,707.100,0.000,9.000,9.000,0.317,0.030,0.810,0.290,0.026,0.000,0.026,0.000,87.333,8.533,0.000,0.023,7.540,7.540,1.000
2021-07-09,57.000,32.000,92.000,9.668,1.240,16.240,11.256,10.300,12.200,2.233,0.000,4.200,705.956,705.200,706.600,0.000,9.000,9.000,0.736,0.530,0.910,0.222,0.008,0.659,0.661,0.475,87.556,8.911,0.000,0.003,7.560,7.560,1.000
2021-07-10,76.778,48.000,100.000,4.254,0.000,10.710,11.422,10.400,12.300,2.756,1.500,4.600,706.722,706.100,707.200,0.000,9.000,9.000,0.984,0.970,1.000,0.239,0.000,0.969,0.969,0.900,85.000,8.589,0.000,0.003,7.570,7.570,1.000
2021-07-11,55.556,34.000,90.000,9.249,1.580,15.520,12.267,11.000,13.000,1.322,0.700,2.200,706.522,705.800,707.200,0.000,9.000,9.000,0.988,0.970,1.000,0.054,0.000,0.986,0.986,0.960,88.667,8.811,0.000,0.023,7.580,7.580,1.000
2021-07-12,80.556,67.000,98.000,3.304,0.300,5.930,11.322,10.100,12.600,1.244,0.500,2.500,705.289,704.200,706.000,0.000,9.000,9.000,0.949,0.900,0.990,0.292,0.009,0.926,0.926,0.880,93.889,8.122,0.000,0.063,7.110,7.600,0.936
2021-07-13,57.222,43.000,100.000,8.794,0.000,12.200,11.533,10.100,13.400,3.311,1.700,5.400,704.689,703.800,705.600,0.000,9.000,9.000,0.943,0.830,0.990,0.793,0.004,0.740,0.741,0.559,93.000,6.511,0.000,0.123,6.450,7.610,0.848
2021-07-14,73.556,63.000,81.000,4.562,3.100,6.710,9.856,9.400,10.800,3.478,2.200,5.600,703.856,703.300,704.600,0.000,9.000,9.000,0.729,0.310,0.860,0.641,0.003,0.203,0.207,0.010,89.000,8.222,0.000,0.201,5.840,7.630,0.765
2021-07-15,86.667,81.000,97.000,2.134,0.450,3.120,9.211,8.500,10.200,3.311,0.700,5.400,703.733,703.000,704.300,0.000,9.000,9.000,0.936,0.890,0.970,0.062,0.037,0.921,0.923,0.860,84.111,7.578,0.000,0.294,5.250,7.650,0.686
2021-07-16,64.556,53.000,78.000,6.490,3.650,9.170,9.878,9.500,10.300,4.033,3.000,5.600,702.489,701.300,703.400,0.000,9.000,9.000,0.988,0.970,1.000,0.817,0.017,0.912,0.914,0.840,92.667,7.211,0.000,0.399,4.670,7.660,0.609
2021-07-17,54.444,43.000,84.000,9.150,2.580,12.170,11.411,10.100,12.500,1.500,0.200,3.100,701.089,700.200,701.800,0.000,9.000,9.000,0.904,0.490,1.000,0.087,0.040,0.868,0.874,0.335,82.889,8.578,0.000,0.511,4.060,7.680,0.529
2021-07-18,62.778,48.000,70.000,6.951,5.270,10.730,11.789,11.200,12.500,1.867,0.500,4.900,701.022,700.300,701.600,0.000,9.000,9.000,0.980,0.950,1.000,0.288,0.461,0.942,0.970,0.928,84.778,8.178,0.000,0.624,3.420,7.700,0.444
2021-07-19,76.222,65.000,87.000,4.069,2.060,6.290,9.789,9.100,10.600,3.956,1.400,6.700,700.644,699.900,701.600,0.000,9.000,9.000,0.991,0.970,1.000,0.306,0.404,0.976,0.988,0.975,91.556,8.733,0.000,0.732,2.700,7.720,0.349
2021-07-20,77.889,55.000,94.000,3.921,0.920,8.680,9.600,8.400,10.700,3.011,1.300,6.600,699.778,698.500,700.700,0.000,9.000,9.000,0.519,0.050,0.930,0.047,0.011,0.488,0.493,0.000,93.556,8.211,0.000,0.829,1.880,7.740,0.243
2021-07-21,99.778,98.000,100.000,0.033,0.000,0.300,10.522,10.100,10.800,5.756,4.100,9.300,696.856,695.000,698.600,4.500,9.000,9.000,1.000,1.000,1.000,0.846,0.334,0.999,0.999,0.994,90.667,9.000,2.500,0.908,0.950,7.760,0.123
2021-07-22,99.111,95.000,100.000,0.136,0.000,0.770,10.211,9.400,11.100,4.911,0.700,8.800,692.567,691.700,693.800,1.000,9.000,9.000,0.998,0.990,1.000,0.842,0.304,0.914,0.953,0.750,96.889,9.100,4.800,0.964,0.000,7.780,0.000
2021-07-23,98.444,92.000,100.000,0.242,0.000,1.260,10.922,10.200,11.700,3.978,0.600,9.900,691.933,690.900,692.800,3.500,9.000,9.000,1.000,1.000,1.000,0.898,0.866,0.997,1.000,0.998,97.667,8.622,31.400,0.994,0.000,7.800,0.000
2021-07-24,100.000,100.000,100.000,0.000,0.000,0.000,10.078,9.700,10.500,6.767,4.100,9.400,694.600,694.200,694.900,8.500,9.000,9.000,1.000,1.000,1.000,0.751,0.131,1.000,1.000,1.000,95.333,8.011,0.900,0.996,0.000,7.820,0.000
2021-07-25,100.000,100.000,100.000,0.000,0.000,0.000,9.867,9.400,10.600,9.767,8.600,11.500,695.800,695.400,696.200,5.000,9.000,9.000,0.983,0.900,1.000,0.378,0.053,0.936,0.941,0.847,88.444,9.044,0.000,0.973,0.000,7.840,0.000
2021-07-26,88.111,80.000,100.000,1.931,0.000,3.310,9.867,8.900,10.600,5.567,4.200,7.000,695.511,695.000,696.500,0.000,9.000,9.000,0.754,0.400,0.940,0.018,0.002,0.740,0.741,0.370,88.889,8.656,0.000,0.927,0.570,7.860,0.072
2021-07-27,100.000,100.000,100.000,0.000,0.000,0.000,10.678,10.100,11.200,4.856,2.900,6.500,696.333,695.900,696.700,0.000,9.000,9.000,0.820,0.490,0.990,0.543,0.020,0.668,0.676,0.460,91.333,8.889,0.000,0.862,1.200,7.880,0.152
2021-07-28,99.556,96.000,100.000,0.068,0.000,0.610,10.156,9.700,10.800,4.378,2.100,6.300,698.044,697.700,698.500,0.000,9.000,9.000,0.967,0.860,1.000,0.553,0.073,0.940,0.947,0.830,95.222,8.444,0.000,0.783,1.780,7.910,0.225
2021-07-29,100.000,100.000,100.000,0.000,0.000,0.000,10.578,10.200,11.200,5.367,3.300,6.600,699.889,699.100,700.600,4.500,9.000,9.000,0.997,0.990,1.000,0.751,0.063,0.966,0.968,0.951,94.000,8.578,0.400,0.695,2.320,7.930,0.293
2021-07-30,100.000,100.000,100.000,0.000,0.000,0.000,10.522,10.400,10.700,6.489,5.100,7.900,699.456,698.500,700.300,0.500,9.000,9.000,0.999,0.990,1.000,0.791,0.702,0.999,0.999,0.995,94.000,9.111,11.800,0.602,2.860,7.950,0.360
2021-07-31,100.000,100.000,100.000,0.000,0.000,0.000,10.267,9.700,10.700,5.733,4.400,7.500,696.944,696.000,697.700,23.000,9.000,9.000,1.000,1.000,1.000,0.866,0.976,0.987,1.000,0.999,98.889,7.422,34.400,0.506,3.420,7.980,0.428
2021-08-01,100.000,100.000,100.000,0.000,0.000,0.000,9.767,9.500,10.000,6.100,4.400,9.100,696.378,695.900,697.200,3.000,9.000,9.000,0.999,0.990,1.000,0.633,0.653,0.976,0.994,0.975,97.889,7.722,4.800,0.412,4.000,8.000,0.500
2021-08-02,100.000,100.000,100.000,0.000,0.000,0.000,10.689,10.500,10.800,4.356,3.000,5.300,696.489,695.800,697.100,0.500,9.000,9.000,0.986,0.950,1.000,0.814,0.462,0.830,0.942,0.863,98.444,7.544,0.300,0.321,4.640,8.020,0.578
2021-08-03,100.000,100.000,100.000,0.000,0.000,0.000,10.700,10.400,11.000,5.978,4.500,7.100,697.656,697.300,698.000,3.000,9.000,9.000,1.000,1.000,1.000,0.839,0.742,0.994,1.000,0.999,98.667,7.633,3.200,0.236,5.340,8.050,0.663
2021-08-04,91.000,85.000,97.000,1.429,0.460,2.440,11.111,10.500,11.800,2.556,1.200,4.000,697.789,696.800,698.600,0.500,9.000,9.000,1.000,1.000,1.000,0.907,0.928,0.998,1.000,0.999,97.778,8.622,3.600,0.160,6.110,8.070,0.757
2021-08-05,95.556,88.000,100.000,0.699,0.000,1.920,10.589,9.900,11.300,3.456,2.200,5.100,697.511,696.600,698.400,0.500,9.000,9.000,1.000,1.000,1.000,0.593,0.643,1.000,1.000,1.000,99.556,7.489,5.700,0.096,6.970,8.100,0.861
2021-08-06,100.000,100.000,100.000,0.000,0.000,0.000,11.822,11.500,12.100,9.089,7.300,11.100,695.233,693.800,696.100,87.000,9.000,9.000,1.000,1.000,1.000,0.900,0.860,1.000,1.000,1.000,99.778,8.400,22.000,0.046,7.890,8.120,0.972
2021-08-07,100.000,100.000,100.000,0.000,0.000,0.000,11.811,11.800,11.900,6.556,4.200,9.400,699.278,698.100,699.700,10.000,9.000,9.000,1.000,1.000,1.000,0.866,0.744,0.998,0.998,0.985,97.000,7.967,15.900,0.014,8.150,8.150,1.000
2021-08-08,99.333,94.000,100.000,0.103,0.000,0.930,10.789,10.000,11.500,3.144,1.600,5.100,702.289,701.700,702.900,1.500,9.000,9.000,0.996,0.960,1.000,0.792,0.654,0.863,0.890,0.278,96.889,8.911,15.500,0.002,8.170,8.170,1.000
2021-08-09,93.111,71.000,100.000,1.171,0.000,5.120,9.989,9.000,12.600,3.778,2.300,5.200,703.122,702.700,703.600,0.000,9.000,9.000,0.884,0.720,0.930,0.792,0.199,0.234,0.389,0.227,96.667,7.856,0.000,0.011,8.200,8.200,1.000
2021-08-10,95.444,87.000,100.000,0.712,0.000,2.070,10.222,9.900,10.900,3.622,2.000,4.600,704.022,703.800,704.300,0.000,9.000,9.000,1.000,1.000,1.000,0.864,0.601,0.987,0.996,0.989,93.444,7.711,0.600,0.044,8.120,8.220,0.988
2021-08-11,99.667,98.000,100.000,0.050,0.000,0.300,9.922,8.900,11.100,3.600,1.500,5.600,704.711,704.100,705.400,1.000,9.000,9.000,0.999,0.990,1.000,0.748,0.371,0.993,0.997,0.991,95.000,8.400,12.800,0.099,7.520,8.250,0.912
2021-08-12,99.333,97.000,100.000,0.101,0.000,0.460,10.378,9.400,11.100,2.944,2.100,5.000,703.667,702.600,704.600,3.500,9.000,9.000,0.987,0.960,1.000,0.329,0.280,0.969,0.978,0.946,92.333,8.256,0.100,0.174,6.930,8.280,0.838
2021-08-13,94.778,82.000,100.000,0.848,0.000,2.970,10.333,9.600,11.500,2.744,1.400,4.600,702.389,701.800,703.000,0.000,9.000,9.000,0.922,0.650,1.000,0.731,0.561,0.661,0.701,0.109,97.000,7.100,1.600,0.266,6.340,8.300,0.763
2021-08-14,100.000,100.000,100.000,0.000,0.000,0.000,10.311,9.300,10.900,3.178,0.400,5.500,704.267,703.800,704.800,12.000,9.000,9.000,0.901,0.820,1.000,0.889,0.166,0.057,0.206,0.030,99.000,7.267,0.700,0.372,5.710,8.330,0.686
2021-08-15,84.667,67.000,98.000,2.578,0.300,5.950,11.044,10.100,12.100,2.778,0.500,5.400,706.744,706.400,707.200,0.000,9.000,9.000,0.708,0.330,0.840,0.699,0.033,0.000,0.033,0.000,93.000,8.533,0.000,0.484,5.020,8.350,0.601
2021-08-16,93.222,87.000,100.000,1.073,0.000,2.090,10.711,10.000,11.200,2.056,0.300,5.800,706.633,705.500,707.400,0.500,9.000,9.000,0.882,0.840,0.930,0.844,0.029,0.190,0.216,0.010,92.556,8.278,0.000,0.599,4.260,8.380,0.508
2021-08-17,89.778,80.000,100.000,1.620,0.000,3.240,8.667,7.800,10.200,4.644,3.500,5.900,704.156,703.000,704.900,0.500,9.000,9.000,1.000,1.000,1.000,0.830,0.020,1.000,1.000,1.000,91.333,8.744,0.500,0.708,3.390,8.410,0.404
2021-08-18,100.000,100.000,100.000,0.000,0.000,0.000,8.656,8.300,9.100,5.189,3.500,6.800,702.889,702.100,703.400,0.000,9.000,9.000,0.996,0.990,1.000,0.812,0.263,0.967,0.976,0.951,97.333,6.556,0.000,0.806,2.430,8.430,0.288
2021-08-19,76.889,63.000,87.000,3.926,2.050,6.800,9.622,8.700,11.400,3.178,0.700,5.900,704.067,703.500,704.700,0.000,9.000,9.000,0.919,0.850,1.000,0.856,0.024,0.260,0.275,0.070,95.111,5.867,0.200,0.888,1.390,8.460,0.165
2021-08-20,76.222,60.000,100.000,4.146,0.000,7.450,10.600,9.800,11.600,2.222,1.100,3.300,704.700,703.600,705.600,0.000,9.000,9.000,0.820,0.520,0.960,0.456,0.056,0.687,0.701,0.462,90.778,8.411,0.000,0.949,0.330,8.490,0.039
2021-08-21,81.556,67.000,100.000,3.207,0.000,5.980,11.022,9.600,12.700,1.289,0.000,2.800,703.744,702.500,704.600,0.500,9.000,9.000,0.903,0.780,0.970,0.718,0.090,0.721,0.773,0.685,92.000,6.889,3.000,0.986,0.000,8.510,0.000
2021-08-22,95.778,74.000,100.000,0.700,0.000,4.420,9.067,7.600,9.900,4.089,2.000,7.700,702.733,701.900,703.400,0.000,9.000,9.000,0.943,0.840,1.000,0.574,0.011,0.818,0.819,0.630,90.556,8.233,0.000,0.998,0.000,8.540,0.000
2021-08-23,86.444,81.000,99.000,2.204,0.150,3.130,10.378,9.200,11.100,2.989,0.600,4.900,703.889,702.900,704.500,0.000,9.000,9.000,0.987,0.930,1.000,0.167,0.306,0.974,0.985,0.927,89.556,7.533,0.000,0.987,0.000,8.570,0.000
2021-08-24,91.444,69.000,100.000,1.422,0.000,5.470,9.589,8.600,11.000,3.200,1.600,4.200,704.500,703.800,705.100,0.000,9.000,9.000,0.832,0.280,0.970,0.701,0.114,0.544,0.616,0.227,92.333,7.978,0.100,0.954,0.130,8.600,0.016
2021-08-25,83.333,70.000,97.000,2.800,0.450,5.250,9.700,8.100,10.600,2.644,0.700,6.000,705.800,705.300,706.400,0.500,9.000,9.000,0.866,0.810,1.000,0.854,0.042,0.100,0.137,0.000,92.889,6.467,0.000,0.902,0.700,8.620,0.081
2021-08-26,42.444,21.000,75.000,13.373,4.200,21.630,10.589,9.100,11.600,1.178,0.300,2.300,706.067,705.600,706.600,0.000,9.000,9.000,0.162,0.020,0.530,0.151,0.004,0.003,0.008,0.000,86.444,7.122,0.000,0.835,1.260,8.650,0.145
2021-08-27,58.222,48.000,64.000,7.967,6.530,10.650,11.011,9.600,11.600,2.022,0.900,3.700,706.322,705.700,707.100,0.000,9.000,9.000,0.187,0.060,0.430,0.076,0.043,0.070,0.110,0.000,85.222,7.689,0.000,0.757,1.810,8.680,0.209
2021-08-28,64.000,51.000,70.000,6.584,5.250,9.750,10.633,10.200,11.500,2.411,0.300,4.200,705.778,705.100,706.200,0.000,9.000,9.000,0.428,0.010,0.830,0.418,0.010,0.006,0.016,0.000,83.667,7.844,0.000,0.670,2.390,8.700,0.275
2021-08-29,62.000,49.000,79.000,7.087,3.480,10.340,10.278,9.700,11.300,3.733,2.000,6.200,706.000,704.800,706.700,0.000,9.000,9.000,0.523,0.170,0.970,0.334,0.000,0.203,0.203,0.030,86.000,8.589,0.000,0.578,3.010,8.730,0.345
2021-08-30,99.333,96.000,100.000,0.101,0.000,0.610,9.833,9.500,10.200,3.222,0.800,6.600,705.900,704.800,706.500,1.000,9.000,9.000,0.909,0.760,1.000,0.147,0.140,0.882,0.904,0.724,83.333,8.511,0.000,0.484,3.690,8.760,0.421
2021-08-31,72.222,56.000,95.000,4.950,0.760,8.500,11.033,9.900,11.700,2.011,0.700,3.500,705.733,704.800,706.400,0.000,9.000,9.000,0.851,0.280,1.000,0.846,0.006,0.000,0.006,0.000,88.778,8.956,0.000,0.390,4.440,8.780,0.505
2021-09-01,67.333,54.000,97.000,6.051,0.460,8.950,10.211,9.700,10.900,3.322,0.800,6.400,704.978,704.000,705.700,0.000,9.000,9.000,0.711,0.460,0.870,0.704,0.002,0.000,0.002,0.000,88.111,9.056,0.000,0.300,5.260,8.810,0.597
2021-09-02,75.889,53.000,99.000,4.410,0.150,9.120,9.367,8.900,9.700,2.667,0.300,7.100,703.400,701.800,704.300,0.000,9.000,9.000,0.638,0.280,0.920,0.623,0.064,0.001,0.066,0.000,88.889,7.411,0.000,0.215,6.160,8.840,0.697
2021-09-03,73.333,58.000,100.000,4.836,0.000,7.980,10.244,9.000,11.400,2.256,0.400,5.100,703.156,702.300,703.800,0.000,9.000,9.000,0.041,0.010,0.090,0.022,0.002,0.011,0.013,0.000,87.889,6.378,0.000,0.139,7.120,8.860,0.803
2021-09-04,82.889,67.000,100.000,2.910,0.000,5.940,10.556,9.700,12.000,3.711,1.200,5.800,704.556,703.500,705.200,0.500,9.000,9.000,0.578,0.190,0.840,0.516,0.001,0.069,0.070,0.000,91.556,6.667,0.000,0.077,8.120,8.890,0.913
2021-09-05,87.222,68.000,100.000,2.181,0.000,5.730,11.078,10.000,12.000,3.344,1.000,5.500,705.122,704.500,706.100,2.500,9.000,9.000,0.946,0.900,0.990,0.782,0.030,0.830,0.835,0.663,91.333,7.489,0.000,0.031,8.920,8.920,1.000
2021-09-06,84.889,74.000,100.000,2.507,0.000,4.450,10.067,9.500,10.800,2.644,1.400,4.500,705.989,705.200,706.500,0.500,9.000,9.000,0.907,0.790,1.000,0.824,0.060,0.480,0.482,0.010,88.222,7.967,0.000,0.006,8.940,8.940,1.000
2021-09-07,60.000,45.000,99.000,7.807,0.150,11.600,10.978,9.600,12.200,1.911,0.500,4.100,704.822,703.900,705.500,0.000,9.000,9.000,0.131,0.010,0.280,0.126,0.001,0.000,0.001,0.000,85.556,8.433,0.000,0.004,8.970,8.970,1.000
2021-09-08,48.333,26.000,60.000,10.743,7.460,18.790,10.522,10.000,11.100,4.400,0.900,7.100,704.522,703.800,704.900,0.000,9.000,9.000,0.883,0.710,0.960,0.051,0.000,0.864,0.864,0.700,87.556,7.322,0.000,0.028,9.000,9.000,1.000
2021-09-09,64.667,56.000,73.000,6.529,4.700,8.550,12.511,11.800,13.400,2.356,0.400,4.600,705.256,704.600,705.800,0.000,9.000,9.000,0.857,0.750,0.950,0.021,0.000,0.843,0.843,0.740,84.667,8.367,0.000,0.077,8.580,9.020,0.951
2021-09-10,96.444,89.000,100.000,0.549,0.000,1.720,9.444,8.900,10.200,7.122,0.900,10.500,701.433,699.200,703.200,0.000,9.000,9.000,0.663,0.330,0.970,0.022,0.022,0.648,0.651,0.310,79.222,9.422,0.000,0.148,7.950,9.050,0.879
2021-09-11,100.000,100.000,100.000,0.000,0.000,0.000,10.044,9.700,10.300,8.611,0.500,11.200,695.833,693.600,697.300,20.000,9.000,9.000,1.000,1.000,1.000,0.987,0.824,0.989,1.000,0.998,90.111,9.100,11.200,0.239,7.280,9.080,0.802
2021-09-12,100.000,100.000,100.000,0.000,0.000,0.000,9.522,9.100,10.600,8.289,5.900,10.300,697.689,695.800,699.300,8.000,9.000,9.000,0.997,0.980,1.000,0.864,0.276,0.943,0.948,0.754,92.889,7.356,3.100,0.344,6.530,9.100,0.717
2021-09-13,100.000,100.000,100.000,0.000,0.000,0.000,9.344,8.900,9.900,6.289,5.000,7.200,704.089,703.100,704.700,0.000,9.000,9.000,0.903,0.670,1.000,0.034,0.013,0.891,0.892,0.630,84.556,8.000,0.000,0.457,5.690,9.130,0.623
2021-09-14,98.667,95.000,100.000,0.200,0.000,0.750,8.500,7.300,9.300,5.267,4.000,6.600,705.278,704.000,705.900,0.500,9.000,9.000,0.950,0.890,0.980,0.792,0.029,0.791,0.798,0.606,90.000,7.800,0.000,0.570,4.760,9.150,0.520
2021-09-15,100.000,100.000,100.000,0.000,0.000,0.000,8.378,7.300,9.200,4.700,3.800,5.700,704.044,703.000,705.100,0.000,9.000,9.000,0.922,0.870,1.000,0.881,0.306,0.317,0.482,0.137,87.444,7.800,2.300,0.679,3.760,9.180,0.409
2021-09-16,96.667,84.000,100.000,0.522,0.000,2.580,9.011,8.300,10.000,2.644,2.000,4.100,703.533,702.600,704.200,0.500,9.000,9.000,0.293,0.220,0.470,0.112,0.212,0.039,0.245,0.200,88.333,7.122,0.000,0.778,2.710,9.200,0.295
2021-09-17,97.222,92.000,100.000,0.422,0.000,1.240,9.678,9.500,9.800,2.133,0.800,3.900,705.256,704.700,705.700,0.000,9.000,9.000,0.622,0.340,0.840,0.397,0.090,0.260,0.328,0.163,88.889,8.567,0.000,0.862,1.670,9.230,0.181
2021-09-18,95.667,77.000,100.000,0.703,0.000,3.890,10.578,10.300,11.400,2.967,1.300,5.000,706.633,705.700,707.400,0.000,9.000,9.000,0.571,0.240,0.880,0.554,0.034,0.006,0.039,0.010,89.778,8.189,0.000,0.928,0.660,9.260,0.072
2021-09-19,90.333,80.000,100.000,1.572,0.000,3.330,11.000,10.400,11.500,2.067,0.600,4.000,706.111,704.900,707.000,0.500,9.000,9.000,0.837,0.710,0.940,0.803,0.031,0.383,0.402,0.069,90.111,8.089,0.000,0.972,0.000,9.280,0.000
2021-09-20,82.000,76.000,92.000,2.982,1.240,4.100,10.756,9.800,11.800,2.322,0.700,4.000,705.444,704.400,706.300,0.000,9.000,9.000,0.792,0.710,0.860,0.530,0.029,0.442,0.455,0.069,89.111,7.611,0.000,0.995,0.000,9.310,0.000
2021-09-21,72.750,58.000,85.000,4.804,2.390,8.020,10.050,8.600,12.000,2.900,1.300,4.900,705.000,704.400,705.500,6.000,9.000,8.000,0.850,0.830,0.880,0.772,0.018,0.238,0.251,0.120,86.111,7.156,0.000,0.996,0.000,9.330,0.000
2021-09-22,74.222,69.000,80.000,4.390,3.270,5.440,9.722,9.200,10.300,2.233,0.900,4.800,707.011,706.400,707.400,0.500,9.000,9.000,0.734,0.310,0.960,0.260,0.018,0.611,0.621,0.173,85.333,7.378,0.000,0.977,0.000,9.360,0.000
2021-09-23,84.111,73.000,100.000,2.636,0.000,4.600,9.322,8.800,9.800,3.622,0.600,5.900,707.722,707.100,708.100,0.000,9.000,9.000,0.999,0.990,1.000,0.840,0.006,0.974,0.975,0.900,88.889,6.200,0.000,0.939,0.290,9.380,0.030
2021-09-24,87.778,76.000,100.000,1.990,0.000,4.030,9.044,8.600,9.800,3.389,1.300,5.200,706.133,705.200,706.600,0.500,9.000,9.000,0.087,0.020,0.270,0.070,0.014,0.001,0.016,0.000,83.556,7.122,0.000,0.885,0.860,9.400,0.091
2021-09-25,24.000,4.000,100.000,25.910,0.000,41.070,10.456,8.600,12.100,8.778,6.100,10.300,705.356,704.300,706.000,0.000,9.000,9.000,0.493,0.070,1.000,0.488,0.001,0.011,0.012,0.000,89.222,6.600,0.000,0.817,1.460,9.430,0.155
2021-09-26,53.889,36.000,75.000,9.116,4.170,14.470,9.433,8.200,10.500,3.756,0.000,7.200,704.789,703.700,705.700,0.000,9.000,9.000,0.407,0.100,0.810,0.402,0.006,0.000,0.006,0.000,84.556,8.333,0.000,0.739,2.110,9.450,0.223
2021-09-27,46.222,28.000,89.000,11.636,1.720,17.760,10.000,9.200,10.600,4.056,1.400,7.500,703.378,702.300,704.100,0.000,9.000,9.000,0.678,0.220,1.000,0.677,0.006,0.000,0.006,0.000,88.444,8.067,0.000,0.653,2.830,9.480,0.298
2021-09-28,41.556,35.000,60.000,12.706,7.400,14.840,10.311,9.700,10.600,6.644,1.300,8.700,702.611,701.700,703.300,0.000,9.000,9.000,0.203,0.000,0.930,0.199,0.000,0.000,0.000,0.000,84.222,7.956,0.000,0.561,3.610,9.500,0.380
2021-09-29,34.778,30.000,45.000,15.097,11.530,17.060,11.222,10.800,11.900,3.344,1.000,6.200,702.878,701.900,703.500,0.000,9.000,9.000,0.230,0.060,0.360,0.226,0.001,0.000,0.001,0.000,86.444,7.633,0.000,0.465,4.470,9.520,0.470
2021-09-30,75.889,61.000,100.000,4.316,0.000,7.160,8.933,7.700,10.800,2.600,0.500,4.400,703.167,702.200,703.900,0.000,9.000,9.000,0.830,0.290,0.960,0.816,0.014,0.024,0.038,0.000,89.556,8.256,0.500,0.369,5.400,9.550,0.565
2021-10-01,87.444,75.000,100.000,2.048,0.000,4.200,8.589,8.100,9.000,3.244,1.800,4.300,704.333,703.700,704.800,0.000,9.000,9.000,0.723,0.180,0.960,0.703,0.047,0.000,0.047,0.010,90.444,7.367,0.200,0.277,6.360,9.570,0.665
2021-10-02,64.000,22.000,100.000,8.138,0.000,20.720,8.933,8.000,9.600,3.656,1.500,5.300,705.633,705.100,706.100,0.000,9.000,9.000,0.159,0.020,0.340,0.116,0.003,0.036,0.039,0.000,82.667,6.856,0.000,0.190,7.360,9.600,0.767
2021-10-03,80.889,39.000,100.000,3.584,0.000,13.150,7.578,6.600,8.400,3.978,0.700,8.600,705.811,704.500,706.800,0.000,9.000,9.000,0.050,0.010,0.220,0.039,0.009,0.003,0.012,0.000,57.222,7.000,0.000,0.114,8.370,9.620,0.870
2021-10-04,81.111,37.000,100.000,3.636,0.000,13.960,8.011,7.100,9.200,4.644,0.700,7.400,705.433,703.000,706.400,1.000,9.000,9.000,0.070,0.020,0.130,0.034,0.043,0.000,0.043,0.000,68.444,6.644,0.000,0.055,9.390,9.640,0.974
2021-10-05,74.889,59.000,97.000,4.407,0.440,7.580,8.000,6.900,8.800,4.700,2.100,8.300,704.533,703.700,705.200,0.000,9.000,9.000,0.054,0.010,0.130,0.032,0.041,0.000,0.041,0.010,48.889,6.356,0.000,0.015,9.660,9.660,1.000
2021-10-06,96.000,85.000,100.000,0.624,0.000,2.380,8.256,7.600,8.800,3.344,1.500,4.900,703.067,702.400,703.600,1.000,9.000,9.000,0.198,0.050,0.390,0.031,0.027,0.146,0.169,0.030,77.556,7.600,0.000,0.001,9.690,9.690,1.000
2021-10-07,94.111,77.000,100.000,0.954,0.000,3.870,9.544,8.800,10.800,2.867,0.700,5.900,703.144,702.700,703.500,0.500,9.000,9.000,0.954,0.800,1.000,0.088,0.219,0.934,0.967,0.875,81.111,7.633,0.000,0.014,9.710,9.710,1.000
2021-10-08,66.444,54.000,77.000,6.032,3.790,8.900,9.144,7.900,10.100,2.544,0.600,3.700,704.389,703.700,705.000,0.000,9.000,9.000,0.917,0.540,1.000,0.054,0.507,0.871,0.917,0.520,73.111,8.556,0.000,0.056,9.530,9.730,0.980
2021-10-09,52.111,46.000,58.000,9.347,7.800,11.000,9.033,8.400,10.000,7.289,4.600,10.000,703.656,703.100,704.200,0.000,9.000,9.000,0.479,0.220,0.750,0.020,0.000,0.463,0.463,0.200,79.556,7.244,0.000,0.122,8.790,9.750,0.901
2021-10-10,96.111,78.000,100.000,0.622,0.000,3.590,8.544,6.500,9.800,6.900,1.900,12.500,699.789,697.800,701.200,9.000,9.000,9.000,0.916,0.340,1.000,0.403,0.309,0.906,0.913,0.328,67.333,8.544,3.200,0.210,7.960,9.780,0.814
2021-10-11,100.000,100.000,100.000,0.000,0.000,0.000,10.511,9.500,11.300,5.600,3.500,10.400,694.556,693.200,696.100,85.000,9.000,9.000,1.000,1.000,1.000,0.958,0.879,1.000,1.000,1.000,91.556,8.978,50.000,0.312,7.040,9.800,0.718
2021-10-12,99.111,95.000,100.000,0.134,0.000,0.760,9.678,9.000,10.300,4.011,1.300,8.200,701.500,699.400,702.600,16.500,9.000,9.000,0.919,0.830,1.000,0.424,0.388,0.768,0.884,0.761,91.111,8.511,1.700,0.423,6.040,9.820,0.615
2021-10-13,100.000,100.000,100.000,0.000,0.000,0.000,10.100,9.600,10.400,3.656,0.500,7.000,703.611,701.900,704.600,17.000,9.000,9.000,1.000,1.000,1.000,0.998,0.962,0.998,1.000,0.999,96.556,7.333,33.600,0.535,5.000,9.840,0.508
2021-10-14,61.000,18.000,100.000,9.761,0.000,23.020,7.700,6.200,8.600,8.344,3.500,10.400,702.289,701.300,703.300,2.500,9.000,9.000,0.952,0.850,1.000,0.884,0.533,0.559,0.722,0.387,94.778,7.000,1.500,0.644,3.960,9.860,0.401
2021-10-15,56.444,49.000,77.000,8.328,3.810,10.180,8.544,7.300,9.300,6.678,3.900,8.700,703.733,703.000,704.300,0.000,9.000,9.000,0.471,0.210,0.670,0.012,0.424,0.118,0.498,0.261,74.778,6.678,0.000,0.743,2.950,9.880,0.298
2021-10-16,94.111,75.000,100.000,0.953,0.000,4.130,6.967,6.200,7.500,3.789,1.500,9.000,705.667,704.700,706.700,2.500,9.000,9.000,0.819,0.320,1.000,0.806,0.486,0.000,0.486,0.020,86.222,6.122,2.400,0.829,1.980,9.900,0.200
2021-10-17,97.667,88.000,100.000,0.352,0.000,1.840,6.456,5.900,7.300,5.056,1.800,6.800,705.222,704.000,706.200,0.500,9.000,9.000,0.987,0.950,1.000,0.982,0.027,0.000,0.027,0.000,91.000,3.122,0.000,0.900,1.060,9.920,0.107
2021-10-18,99.556,96.000,100.000,0.066,0.000,0.590,5.778,5.100,6.500,6.922,6.000,7.900,706.022,705.000,706.800,0.000,9.000,9.000,0.233,0.170,0.310,0.227,0.000,0.000,0.000,0.000,84.444,4.644,0.000,0.952,0.170,9.940,0.017
2021-10-19,95.000,91.000,100.000,0.760,0.000,1.390,7.511,6.300,8.400,4.011,2.600,5.300,706.089,705.200,706.800,0.000,9.000,9.000,0.799,0.420,1.000,0.594,0.134,0.504,0.582,0.170,89.778,5.789,0.600,0.985,0.000,9.960,0.000
2021-10-20,100.000,100.000,100.000,0.000,0.000,0.000,7.211,6.800,7.700,7.633,6.500,8.400,703.833,702.700,704.900,0.000,9.000,9.000,0.874,0.570,0.990,0.741,0.012,0.520,0.523,0.060,90.667,5.089,0.000,0.999,0.000,9.980,0.000
2021-10-21,100.000,100.000,100.000,0.000,0.000,0.000,7.733,7.600,7.900,5.700,4.700,6.900,704.222,703.500,704.700,1.000,9.000,9.000,0.968,0.890,1.000,0.811,0.742,0.577,0.899,0.805,95.333,5.133,3.500,0.993,0.000,10.000,0.000
2021-10-22,100.000,100.000,100.000,0.000,0.000,0.000,7.267,4.600,8.500,2.778,0.600,4.300,705.289,703.700,706.600,17.000,9.000,9.000,0.982,0.960,1.000,0.964,0.550,0.020,0.559,0.360,98.222,2.200,12.600,0.969,0.000,10.020,0.000
2021-10-23,100.000,100.000,100.000,0.000,0.000,0.000,7.267,7.100,7.500,5.511,3.300,7.700,705.711,704.700,706.300,3.000,9.000,9.000,0.937,0.830,1.000,0.922,0.717,0.000,0.717,0.380,97.556,3.367,4.400,0.929,0.470,10.040,0.047
2021-10-24,100.000,100.000,100.000,0.000,0.000,0.000,6.422,5.800,6.700,2.911,2.200,4.000,704.567,703.100,705.200,0.500,9.000,9.000,0.957,0.910,1.000,0.949,0.102,0.000,0.102,0.040,96.111,4.400,1.500,0.873,1.160,10.060,0.115
2021-10-25,100.000,100.000,100.000,0.000,0.000,0.000,6.200,5.800,6.400,4.487,3.300,5.900,704.025,703.400,704.500,0.000,9.000,8.000,0.781,0.240,1.000,0.777,0.077,0.000,0.077,0.000,88.111,4.667,0.200,0.804,1.910,10.080,0.189
2021-10-26,86.444,59.000,100.000,2.358,0.000,7.500,5.767,4.900,7.500,4.000,1.800,6.500,704.789,704.300,705.100,0.000,9.000,9.000,0.152,0.030,0.260,0.143,0.026,0.000,0.026,0.000,88.000,5.000,0.000,0.724,2.730,10.100,0.270
2021-10-27,88.333,70.000,100.000,1.903,0.000,5.140,6.056,4.900,7.900,4.089,2.900,5.100,704.878,704.200,705.500,0.000,9.000,9.000,0.458,0.210,0.860,0.453,0.084,0.000,0.084,0.040,86.667,4.756,0.000,0.635,3.610,10.120,0.357
2021-10-28,94.556,84.000,100.000,0.823,0.000,2.480,4.578,4.000,5.200,5.367,3.100,6.300,705.000,704.300,705.600,0.000,9.000,9.000,0.386,0.190,0.990,0.382,0.119,0.000,0.119,0.090,87.556,4.044,1.300,0.540,4.530,10.130,0.447
2021-10-29,90.333,75.000,100.000,1.551,0.000,4.110,4.800,3.600,6.400,5.789,4.200,6.700,704.589,704.000,705.100,0.000,9.000,9.000,0.558,0.310,0.850,0.531,0.180,0.000,0.180,0.080,84.889,4.156,0.600,0.441,5.490,10.150,0.541
2021-10-30,95.444,85.000,100.000,0.692,0.000,2.320,5.422,4.800,5.800,3.411,2.000,4.300,705.844,705.100,706.600,0.000,9.000,9.000,0.372,0.170,0.880,0.339,0.184,0.037,0.202,0.000,88.667,4.044,0.000,0.342,6.470,10.170,0.636
2021-10-31,84.889,75.000,91.000,2.366,1.360,4.100,5.700,5.500,6.100,3.533,1.200,6.100,706.522,705.900,707.200,0.000,9.000,9.000,0.386,0.270,0.540,0.324,0.118,0.000,0.118,0.020,91.556,4.189,0.000,0.246,7.450,10.190,0.731
2021-11-01,99.222,94.000,100.000,0.116,0.000,0.890,6.011,5.500,6.600,3.278,2.300,4.300,706.056,705.000,706.900,0.000,9.000,9.000,0.231,0.170,0.290,0.226,0.071,0.000,0.071,0.050,87.556,4.789,0.100,0.158,8.450,10.200,0.828
2021-11-02,100.000,100.000,100.000,0.000,0.000,0.000,5.700,5.500,6.000,6.678,5.300,7.900,705.244,704.300,706.200,0.000,9.000,9.000,0.344,0.240,0.500,0.280,0.226,0.000,0.226,0.100,88.222,4.656,0.000,0.085,9.470,10.220,0.927
2021-11-03,99.222,97.000,100.000,0.114,0.000,0.440,6.678,6.500,7.000,4.133,2.600,5.800,704.678,703.800,705.400,0.500,9.000,9.000,0.869,0.600,0.970,0.857,0.181,0.000,0.181,0.100,94.222,4.311,0.200,0.031,10.240,10.240,1.000
2021-11-04,96.778,85.000,100.000,0.496,0.000,2.340,6.344,5.900,6.700,5.244,4.300,5.800,704.456,703.400,705.000,0.000,9.000,9.000,0.509,0.140,0.960,0.486,0.071,0.000,0.071,0.010,93.000,4.822,0.000,0.003,10.250,10.250,1.000
2021-11-05,91.778,84.000,99.000,1.254,0.150,2.490,6.311,5.500,7.200,8.200,7.200,9.500,702.022,700.900,702.900,0.000,9.000,9.000,0.108,0.080,0.150,0.088,0.023,0.013,0.035,0.000,88.444,4.922,0.000,0.005,10.270,10.270,1.000
2021-11-06,52.556,29.000,72.000,9.514,4.710,17.090,7.678,6.400,8.800,4.089,2.300,5.400,702.744,702.200,703.200,0.000,9.000,9.000,0.149,0.090,0.170,0.138,0.024,0.000,0.024,0.000,74.333,4.633,0.000,0.036,10.290,10.290,1.000
2021-11-07,54.111,43.000,74.000,8.854,4.280,11.650,6.333,5.700,7.700,6.200,4.700,7.300,703.000,702.200,703.700,0.000,9.000,9.000,0.342,0.060,0.830,0.088,0.090,0.220,0.295,0.050,69.111,4.333,0.000,0.095,9.440,10.300,0.917
2021-11-08,100.000,100.000,100.000,0.000,0.000,0.000,6.167,5.600,6.600,7.567,5.900,10.600,702.167,701.200,702.900,4.000,9.000,9.000,0.998,0.990,1.000,0.998,0.244,0.000,0.244,0.130,95.333,3.444,2.300,0.177,8.440,10.320,0.818
2021-11-09,100.000,100.000,100.000,0.000,0.000,0.000,3.322,2.100,4.100,7.911,6.900,11.900,701.633,700.000,702.800,16.500,9.000,9.000,0.500,0.300,0.810,0.398,0.369,0.019,0.383,0.194,83.444,1.578,1.700,0.274,7.370,10.330,0.713
2021-11-10,58.889,15.000,100.000,10.004,0.000,24.080,0.856,-0.500,2.400,6.744,4.200,8.700,700.022,699.200,701.700,0.000,9.000,9.000,0.170,0.170,0.170,0.160,0.077,0.000,0.077,0.030,76.778,-1.289,0.800,0.381,6.300,10.350,0.609
2021-11-11,67.000,18.000,100.000,7.228,0.000,22.010,2.000,0.700,3.000,6.522,5.300,7.300,702.089,701.500,702.700,0.000,9.000,9.000,0.246,0.170,0.450,0.156,0.140,0.000,0.140,0.060,66.889,0.267,0.000,0.491,5.260,10.360,0.508
2021-11-12,100.000,100.000,100.000,0.000,0.000,0.000,4.389,3.900,4.600,7.311,5.500,8.900,702.589,701.300,703.200,6.500,9.000,9.000,0.967,0.860,1.000,0.947,0.590,0.000,0.590,0.360,98.333,-0.189,4.900,0.597,4.280,10.370,0.412
2021-11-13,100.000,100.000,100.000,0.000,0.000,0.000,2.244,1.300,3.200,6.578,5.700,7.400,701.689,700.800,702.200,0.000,9.000,9.000,0.952,0.890,1.000,0.941,0.021,0.061,0.081,0.020,98.556,-0.533,0.000,0.697,3.350,10.390,0.322
2021-11-14,91.111,80.000,98.000,1.336,0.280,3.110,2.533,2.200,2.900,4.878,3.300,6.400,702.622,702.000,703.100,0.000,9.000,9.000,0.450,0.220,0.880,0.293,0.040,0.193,0.223,0.010,93.333,0.878,0.000,0.786,2.460,10.400,0.237
2021-11-15,61.556,45.000,73.000,6.946,4.470,11.090,5.878,5.300,6.400,3.889,2.500,5.100,703.600,703.100,704.000,0.000,9.000,9.000,0.206,0.170,0.270,0.196,0.062,0.000,0.062,0.000,86.333,3.256,0.000,0.862,1.600,10.420,0.154
2021-11-16,77.667,75.000,82.000,3.613,2.840,4.120,5.856,4.900,6.700,5.967,4.900,7.700,704.556,703.700,705.300,0.000,9.000,9.000,0.617,0.250,0.880,0.420,0.402,0.008,0.408,0.100,93.222,3.978,0.400,0.922,0.750,10.430,0.072
2021-11-17,97.778,88.000,100.000,0.339,0.000,1.850,6.011,5.600,6.600,5.289,4.400,6.900,703.278,701.900,704.200,0.000,9.000,9.000,0.737,0.580,0.910,0.727,0.090,0.000,0.090,0.020,94.556,4.311,0.000,0.966,0.000,10.440,0.000
2021-11-18,100.000,100.000,100.000,0.000,0.000,0.000,4.722,4.500,4.900,6.422,5.300,7.800,700.556,699.800,701.100,5.000,9.000,9.000,0.360,0.260,0.520,0.160,0.301,0.000,0.301,0.230,92.889,3.522,0.900,0.992,0.000,10.450,0.000
2021-11-19,64.000,27.000,83.000,6.979,2.610,17.740,5.989,3.200,7.300,2.022,0.700,3.600,700.978,700.600,701.300,0.000,9.000,9.000,0.189,0.140,0.230,0.180,0.021,0.000,0.021,0.010,94.111,3.478,0.000,1.000,0.000,10.470,0.000
2021-11-20,99.222,97.000,100.000,0.116,0.000,0.440,5.633,4.700,6.100,4.111,2.300,6.800,702.478,701.600,703.000,0.000,9.000,9.000,0.190,0.110,0.250,0.167,0.114,0.000,0.114,0.040,92.222,4.178,0.000,0.990,0.000,10.480,0.000
2021-11-21,99.000,92.000,100.000,0.147,0.000,1.180,4.656,3.300,5.800,7.322,6.500,8.200,701.767,701.000,702.400,0.000,9.000,9.000,0.381,0.010,0.830,0.361,0.030,0.000,0.030,0.010,90.333,2.744,0.000,0.963,0.020,10.490,0.002
2021-11-22,100.000,100.000,100.000,0.000,0.000,0.000,4.922,4.500,5.300,5.778,4.300,6.900,701.956,701.500,702.400,1.500,9.000,9.000,0.992,0.930,1.000,0.991,0.204,0.000,0.204,0.120,99.222,1.167,2.300,0.919,0.810,10.500,0.077
2021-11-23,100.000,100.000,100.000,0.000,0.000,0.000,3.733,3.300,4.400,6.778,6.400,7.200,702.678,702.200,703.100,0.000,9.000,9.000,1.000,1.000,1.000,1.000,0.087,0.000,0.087,0.030,99.333,0.500,1.700,0.860,1.660,10.510,0.157
2021-11-24,88.889,85.000,93.000,1.663,1.020,2.290,3.378,2.800,3.800,7.300,6.900,7.900,703.056,702.400,703.600,0.000,9.000,9.000,0.279,0.150,0.400,0.183,0.133,0.028,0.158,0.030,90.222,1.689,0.000,0.788,2.550,10.520,0.242
2021-11-25,100.000,100.000,100.000,0.000,0.000,0.000,4.922,4.600,5.300,4.111,3.000,4.800,704.222,703.800,704.800,0.500,9.000,9.000,0.470,0.250,0.720,0.194,0.364,0.049,0.388,0.070,90.333,2.156,0.000,0.704,3.470,10.530,0.330
2021-11-26,100.000,100.000,100.000,0.000,0.000,0.000,3.944,3.500,4.300,4.022,2.100,5.500,704.878,704.400,705.300,1.500,9.000,9.000,0.856,0.750,0.980,0.601,0.637,0.003,0.638,0.300,92.333,1.211,7.000,0.610,4.410,10.540,0.418
2021-11-27,94.667,71.000,100.000,0.862,0.000,4.790,3.989,3.800,4.500,1.967,0.000,3.100,705.822,705.000,706.500,2.000,9.000,9.000,0.923,0.810,0.970,0.864,0.568,0.001,0.568,0.480,92.667,1.278,0.900,0.510,5.350,10.550,0.507
2021-11-28,99.778,98.000,100.000,0.032,0.000,0.290,5.478,5.200,5.800,2.167,0.300,4.000,704.700,703.700,705.700,13.000,9.000,9.000,0.834,0.550,0.990,0.439,0.728,0.048,0.741,0.573,93.889,1.278,14.100,0.406,6.300,10.560,0.596
2021-11-29,98.778,89.000,100.000,0.186,0.000,1.670,5.122,4.400,5.700,4.378,2.200,6.400,702.844,701.700,703.900,0.000,9.000,9.000,0.528,0.210,0.950,0.514,0.069,0.006,0.074,0.050,91.000,4.211,0.200,0.303,7.260,10.570,0.687
2021-11-30,97.000,91.000,100.000,0.432,0.000,1.310,2.500,1.300,3.300,7.722,6.400,8.900,700.544,700.000,701.400,0.000,9.000,9.000,0.590,0.140,1.000,0.582,0.077,0.000,0.077,0.030,84.667,-0.311,0.100,0.205,8.260,10.580,0.781
2021-12-01,10.778,6.000,15.000,28.412,23.970,34.510,3.800,1.800,5.600,3.200,0.600,5.300,700.456,699.600,701.100,0.000,9.000,9.000,0.366,0.160,0.780,0.438,0.030,0.000,0.030,0.000,87.222,-3.367,0.000,0.120,9.310,10.580,0.880
2021-12-02,22.375,11.000,37.000,19.690,13.020,27.380,0.688,-0.300,2.400,2.575,0.800,4.700,700.138,699.700,700.400,0.000,9.000,8.000,0.372,0.290,0.450,0.371,0.117,0.000,0.117,0.070,87.667,-2.789,1.400,0.053,10.420,10.590,0.984
2021-12-03,18.125,6.000,28.000,20.137,14.440,33.760,-1.750,-2.600,1.100,3.788,2.900,6.200,700.975,700.600,701.400,0.000,9.000,8.000,0.329,0.190,0.540,0.317,0.052,0.009,0.060,0.000,81.889,-4.922,0.000,0.012,10.600,10.600,1.000
2021-12-04,23.667,2.000,97.000,28.842,0.360,45.330,1.533,-4.200,3.500,2.356,0.400,6.100,701.944,701.200,702.600,0.000,9.000,9.000,0.544,0.350,0.910,0.484,0.041,0.000,0.041,0.000,85.556,-3.622,0.000,0.000,10.600,10.600,1.000
2021-12-05,87.444,65.000,100.000,1.980,0.000,5.850,0.478,-0.400,1.500,2.156,0.500,4.600,701.144,700.500,701.600,0.000,9.000,9.000,0.188,0.110,0.280,0.447,0.080,0.000,0.080,0.060,85.444,-1.078,0.000,0.019,10.610,10.610,1.000
2021-12-06,72.667,42.000,100.000,4.929,0.000,11.660,1.678,0.400,2.700,3.622,0.400,8.700,703.178,702.500,703.600,0.000,9.000,9.000,0.340,0.150,0.800,0.223,0.010,0.180,0.188,0.000,90.556,-1.656,0.000,0.068,9.950,10.620,0.938
2021-12-07,19.000,7.000,46.000,24.173,10.520,32.890,4.222,1.900,5.600,3.622,2.400,5.400,704.222,703.900,704.500,0.000,9.000,9.000,0.333,0.200,0.480,0.334,0.027,0.000,0.027,0.000,87.111,-0.878,0.000,0.140,8.840,10.620,0.832
2021-12-08,21.000,11.000,29.000,21.030,16.770,28.300,5.533,4.800,6.300,1.867,0.800,3.100,704.778,704.200,705.200,0.000,9.000,9.000,0.383,0.260,0.570,0.372,0.043,0.000,0.043,0.020,96.444,-1.489,0.000,0.230,7.740,10.630,0.728
2021-12-09,19.000,2.000,73.000,27.480,4.330,46.780,6.133,1.800,7.800,1.756,0.400,5.000,704.656,703.800,705.400,0.000,9.000,9.000,0.412,0.370,0.530,0.421,0.053,0.000,0.053,0.000,92.889,0.644,0.000,0.330,6.700,10.630,0.630
2021-12-10,31.667,25.000,43.000,15.507,11.380,18.310,3.700,3.000,4.200,3.600,1.800,4.800,704.356,703.800,704.800,0.000,9.000,9.000,0.297,0.230,0.410,0.278,0.016,0.000,0.016,0.000,86.222,0.767,0.000,0.435,5.720,10.640,0.538
2021-12-11,33.889,23.000,41.000,14.587,11.940,19.340,3.289,2.400,4.200,3.978,1.500,5.400,704.300,703.600,705.000,0.000,9.000,9.000,0.203,0.160,0.260,0.213,0.013,0.000,0.013,0.000,90.111,1.633,0.000,0.539,4.810,10.640,0.452
2021-12-12,94.444,79.000,100.000,0.841,0.000,3.240,0.311,-0.500,1.200,2.400,0.700,4.200,703.600,702.900,704.200,0.000,9.000,9.000,0.797,0.450,1.000,0.762,0.110,0.000,0.110,0.050,91.778,0.211,0.000,0.639,3.930,10.650,0.369
2021-12-13,95.286,88.000,100.000,0.686,0.000,1.770,1.314,1.000,1.900,5.000,3.400,6.300,702.900,702.300,703.700,0.000,9.000,7.000,0.286,0.160,0.630,0.279,0.034,0.000,0.034,0.000,89.000,-0.433,0.200,0.731,3.080,10.650,0.289
2021-12-14,81.111,72.000,96.000,2.977,0.580,4.580,2.933,2.400,3.500,4.011,2.700,6.200,703.433,703.100,703.900,0.000,9.000,9.000,0.179,0.130,0.230,0.169,0.110,0.000,0.110,0.080,91.222,0.733,0.500,0.812,2.230,10.650,0.209
2021-12-15,52.222,37.000,88.000,9.498,1.810,13.420,3.944,3.000,5.200,4.644,2.200,6.700,703.233,702.700,703.600,0.000,9.000,9.000,0.252,0.230,0.300,0.249,0.051,0.000,0.051,0.020,86.111,3.256,0.000,0.880,1.370,10.650,0.129
2021-12-16,65.889,62.000,69.000,5.804,5.130,6.640,3.811,2.900,4.800,6.744,6.000,7.600,703.289,702.800,703.900,0.000,9.000,9.000,0.172,0.120,0.210,0.163,0.043,0.004,0.048,0.020,83.111,3.344,0.100,0.935,0.500,10.660,0.047
2021-12-17,93.222,87.000,99.000,0.971,0.140,1.920,0.767,-0.400,1.500,6.767,4.600,9.000,702.144,700.900,703.100,0.000,9.000,9.000,0.998,0.990,1.000,0.997,0.106,0.504,0.557,0.325,92.667,-2.389,0.100,0.973,0.000,10.660,0.000
2021-12-18,96.667,81.000,100.000,0.498,0.000,2.890,2.744,0.100,4.600,9.222,8.300,10.100,702.556,702.200,703.000,2.500,9.000,9.000,1.000,1.000,1.000,1.000,0.439,0.232,0.558,0.316,98.111,-0.911,1.300,0.995,0.000,10.660,0.000
2021-12-19,99.444,96.000,100.000,0.082,0.000,0.590,5.156,3.700,5.900,10.022,8.900,11.400,704.133,702.800,705.200,0.500,9.000,9.000,0.869,0.520,1.000,0.576,0.073,0.690,0.698,0.334,91.667,1.200,0.000,0.999,0.000,10.660,0.000
2021-12-20,100.000,100.000,100.000,0.000,0.000,0.000,7.667,7.300,8.100,5.867,4.200,6.900,704.317,704.100,704.600,14.500,9.000,6.000,0.959,0.910,1.000,0.894,0.563,0.568,0.794,0.509,99.000,1.900,0.000,0.985,0.000,10.660,0.000
2021-12-21,100.000,100.000,100.000,0.000,0.000,0.000,7.200,6.500,7.900,8.600,7.100,9.400,701.117,700.500,701.700,54.000,9.000,6.000,0.947,0.890,1.000,0.932,0.607,0.000,0.607,0.220,99.556,3.411,10.200,0.954,0.350,10.660,0.033
2021-12-22,28.444,20.000,49.000,17.630,9.920,21.470,6.478,6.000,6.900,5.711,4.600,6.700,702.322,701.700,702.700,0.000,9.000,9.000,0.707,0.320,1.000,0.597,0.220,0.000,0.220,0.050,97.889,3.111,0.500,0.906,1.260,10.660,0.118
2021-12-23,99.444,95.000,100.000,0.081,0.000,0.730,3.856,3.500,4.200,6.222,5.100,7.200,702.456,701.800,703.100,0.000,9.000,9.000,0.201,0.130,0.300,0.168,0.009,0.024,0.033,0.000,89.222,2.989,0.000,0.841,2.180,10.660,0.204
2021-12-24,95.750,84.000,100.000,0.637,0.000,2.460,3.050,2.700,3.900,6.338,5.600,7.600,702.938,702.500,703.300,0.000,9.000,8.000,0.849,0.710,0.930,0.214,0.744,0.624,0.900,0.794,86.889,2.556,1.900,0.763,3.100,10.660,0.290
2021-12-25,100.000,100.000,100.000,0.000,0.000,0.000,2.933,1.600,3.300,5.767,4.300,7.500,703.611,702.200,704.300,3.000,9.000,9.000,0.987,0.950,1.000,0.970,0.667,0.000,0.667,0.400,98.111,-3.822,6.100,0.672,4.010,10.660,0.376
2021-12-26,97.667,88.000,100.000,0.303,0.000,1.540,-0.083,-0.300,0.200,5.380,4.700,5.800,703.767,703.100,704.400,0.000,9.000,6.000,1.000,1.000,1.000,0.998,0.962,0.000,0.962,0.910,100.000,-4.411,4.100,0.571,4.930,10.660,0.463
2021-12-27,100.000,100.000,100.000,0.000,0.000,0.000,0.311,-0.200,0.700,5.533,4.400,6.300,704.211,703.300,704.800,0.000,9.000,9.000,0.932,0.830,1.000,0.919,0.347,0.000,0.347,0.120,99.444,-2.967,1.400,0.464,5.870,10.650,0.551
2021-12-28,92.333,84.000,100.000,1.056,0.000,2.390,-0.067,-0.400,0.600,4.133,2.700,5.700,703.556,703.200,704.000,0.000,9.000,9.000,0.128,0.040,0.190,0.118,0.038,0.000,0.038,0.000,93.222,-3.044,0.000,0.356,6.850,10.650,0.643
2021-12-29,96.833,86.000,100.000,0.447,0.000,2.060,-0.200,-0.800,0.100,8.233,7.900,8.600,703.883,703.300,704.400,0.500,9.000,6.000,0.262,0.210,0.320,0.256,0.138,0.000,0.138,0.100,89.889,0.078,2.000,0.252,7.880,10.650,0.740
2021-12-30,70.667,38.000,100.000,5.456,0.000,12.910,0.100,-2.000,2.500,8.722,7.900,9.400,703.989,703.300,704.600,0.000,9.000,9.000,0.276,0.210,0.380,0.269,0.097,0.000,0.097,0.090,85.000,-1.133,0.700,0.157,8.980,10.650,0.843
2021-12-31,100.000,100.000,100.000,0.000,0.000,0.000,-0.812,-1.100,-0.600,7.933,7.800,8.100,703.663,703.000,704.200,0.000,9.000,8.000,0.339,0.170,0.830,0.334,0.040,0.000,0.040,0.010,86.333,-1.633,0.900,0.080,10.130,10.640,0.952
2022-01-01,91.429,89.000,97.000,1.083,0.370,1.400,-0.743,-1.300,-0.500,8.329,6.800,9.400,703.271,702.400,704.000,0.000,9.000,7.000,0.162,0.110,0.190,0.160,0.064,0.000,0.064,0.020,89.889,-2.044,0.400,0.027,10.640,10.640,1.000
2022-01-02,98.111,85.000,100.000,0.243,0.000,1.950,-1.156,-1.900,-0.600,8.844,6.800,10.800,702.489,701.800,703.000,0.000,9.000,9.000,0.224,0.140,0.360,0.224,0.041,0.000,0.041,0.000,89.889,-0.967,0.500,0.002,10.630,10.630,1.000
2022-01-03,30.556,23.000,46.000,16.110,10.380,19.270,2.689,1.400,3.700,3.900,2.700,4.900,703.644,703.100,704.000,0.000,9.000,9.000,0.167,0.130,0.210,0.164,0.076,0.000,0.076,0.010,85.000,-0.456,0.100,0.008,10.630,10.630,1.000
2022-01-04,71.556,41.000,84.000,5.026,2.430,12.080,2.856,2.200,3.900,4.000,1.400,5.600,703.167,702.100,704.000,0.000,9.000,9.000,0.548,0.240,0.880,0.187,0.129,0.438,0.506,0.126,89.889,-0.756,0.000,0.043,10.320,10.620,0.971
2022-01-05,100.000,100.000,100.000,0.000,0.000,0.000,3.633,3.200,4.200,6.278,4.900,7.000,702.533,701.900,703.100,0.000,9.000,9.000,0.468,0.330,0.640,0.319,0.150,0.192,0.313,0.099,91.222,0.711,0.500,0.102,9.200,10.620,0.867
2022-01-06,100.000,100.000,100.000,0.000,0.000,0.000,3.056,2.500,3.700,5.200,3.800,6.300,702.589,701.800,703.100,13.000,9.000,9.000,0.993,0.970,1.000,0.991,0.334,0.014,0.345,0.230,100.000,-1.389,5.300,0.181,8.160,10.610,0.769
2022-01-07,100.000,100.000,100.000,0.000,0.000,0.000,0.900,0.400,1.200,5.822,4.400,8.000,702.000,701.200,702.900,8.500,9.000,9.000,0.428,0.360,0.540,0.389,0.297,0.000,0.297,0.220,97.222,-0.978,1.400,0.272,7.180,10.600,0.677
2022-01-08,99.889,99.000,100.000,0.013,0.000,0.120,-1.333,-2.300,-0.700,6.180,5.400,7.000,699.589,697.400,701.100,0.000,9.000,9.000,0.207,0.140,0.280,0.204,0.077,0.000,0.077,0.050,84.444,-1.100,0.800,0.370,6.250,10.600,0.590
2022-01-09,67.889,53.000,100.000,5.277,0.000,8.460,-0.067,-0.900,0.700,4.478,3.600,5.000,699.678,698.900,700.200,0.000,9.000,9.000,0.164,0.090,0.230,0.157,0.033,0.000,0.033,0.000,90.444,-2.678,0.000,0.470,5.370,10.590,0.507
2022-01-10,99.778,98.000,100.000,0.027,0.000,0.240,-0.767,-1.300,-0.200,6.967,5.900,8.200,698.644,697.700,699.700,0.000,9.000,9.000,0.076,0.010,0.210,0.060,0.034,0.000,0.034,0.010,94.111,-2.744,0.000,0.569,4.500,10.580,0.425
2022-01-11,100.000,100.000,100.000,0.000,0.000,0.000,-1.178,-1.800,-0.900,7.500,6.400,8.800,698.044,696.500,699.200,0.000,9.000,9.000,0.878,0.380,1.000,0.878,0.123,0.000,0.123,0.090,93.000,-3.544,1.800,0.663,3.630,10.580,0.343
2022-01-12,99.889,99.000,100.000,0.013,0.000,0.120,-2.278,-2.700,-1.800,,,,698.744,698.200,699.200,0.000,9.000,9.000,0.906,0.880,0.970,0.902,0.041,0.001,0.042,0.020,95.222,-4.422,0.300,0.749,2.750,10.570,0.261
2022-01-13,90.111,80.000,99.000,1.277,0.120,2.660,-2.133,-2.800,-1.300,8.762,6.300,14.400,699.578,699.100,699.900,0.000,9.000,9.000,0.382,0.170,0.750,0.382,0.109,0.001,0.110,0.090,93.444,-3.489,2.000,0.826,1.870,10.560,0.177
2022-01-14,100.000,100.000,100.000,0.000,0.000,0.000,-0.617,-1.000,-0.300,,,,700.333,699.900,700.800,0.000,9.000,6.000,0.441,0.220,0.640,0.430,0.180,0.000,0.180,0.090,94.667,-2.511,0.600,0.891,0.970,10.550,0.092
2022-01-15,76.333,51.000,100.000,3.740,0.000,9.000,-0.222,-1.100,0.700,5.089,3.600,6.600,703.189,702.700,703.600,0.000,9.000,9.000,0.180,0.160,0.230,0.179,0.064,0.000,0.064,0.030,73.889,-0.678,0.500,0.942,0.090,10.540,0.008
2022-01-16,99.222,95.000,100.000,0.111,0.000,0.720,2.233,2.000,2.600,6.444,6.000,7.200,703.533,702.800,704.100,0.000,9.000,9.000,0.298,0.170,0.990,0.296,0.048,0.000,0.048,0.020,96.000,-0.556,0.200,0.977,0.000,10.530,0.000
2022-01-17,100.000,100.000,100.000,0.000,0.000,0.000,3.767,2.500,4.300,4.178,2.800,5.700,703.156,702.100,703.600,17.500,9.000,9.000,0.616,0.400,0.950,0.566,0.344,0.000,0.344,0.250,97.222,-0.256,1.200,0.996,0.000,10.520,0.000
2022-01-18,100.000,100.000,100.000,0.000,0.000,0.000,2.622,2.100,3.400,5.744,4.700,7.200,701.067,700.400,701.400,7.500,9.000,9.000,0.952,0.920,0.980,0.943,0.250,0.017,0.261,0.110,99.444,-1.222,0.900,0.996,0.000,10.510,0.000
2022-01-19,93.000,86.000,100.000,0.896,0.000,1.810,-0.280,-0.700,0.000,3.460,2.500,4.400,700.840,700.700,700.900,0.000,9.000,5.000,0.271,0.190,0.410,0.269,0.026,0.000,0.026,0.000,89.222,-2.033,0.000,0.978,0.000,10.500,0.000
2022-01-20,97.111,93.000,100.000,0.413,0.000,1.010,1.200,0.600,1.800,2.289,0.600,4.400,701.333,700.700,701.800,0.000,9.000,9.000,0.643,0.510,1.000,0.578,0.383,0.006,0.387,0.290,85.333,-1.222,5.100,0.940,0.750,10.490,0.071
2022-01-21,100.000,100.000,100.000,0.000,0.000,0.000,2.289,1.600,2.600,4.300,3.200,5.600,701.456,700.700,701.900,1.500,9.000,9.000,0.976,0.850,1.000,0.950,0.712,0.046,0.727,0.530,97.556,-0.422,2.000,0.884,1.660,10.480,0.159
2022-01-22,100.000,100.000,100.000,0.000,0.000,0.000,4.540,3.800,5.100,7.280,4.100,10.300,699.800,698.600,700.700,4.000,9.000,5.000,0.730,0.490,0.920,0.499,0.469,0.040,0.484,0.300,98.778,-0.111,7.400,0.811,2.580,10.460,0.246
2022-01-23,100.000,100.000,100.000,0.000,0.000,0.000,2.167,1.700,2.900,5.900,5.200,6.700,699.556,698.800,700.800,0.000,9.000,9.000,0.460,0.230,0.760,0.174,0.440,0.000,0.440,0.210,92.333,1.233,0.000,0.723,3.500,10.450,0.334
2022-01-24,100.000,100.000,100.000,0.000,0.000,0.000,2.913,2.700,3.300,5.487,4.500,5.900,700.138,699.600,700.600,1.000,9.000,8.000,0.650,0.320,0.990,0.539,0.491,0.000,0.491,0.240,98.333,0.978,2.500,0.622,4.440,10.440,0.425
2022-01-25,94.571,91.000,100.000,0.779,0.000,1.300,0.714,0.400,1.100,6.414,5.600,6.900,700.957,700.500,701.500,0.000,9.000,7.000,0.186,0.170,0.210,0.186,0.067,0.000,0.067,0.040,88.111,0.278,0.800,0.514,5.410,10.430,0.519
2022-01-26,84.333,74.000,95.000,2.419,0.710,4.180,2.089,1.500,2.900,5.267,4.200,5.900,702.378,701.800,702.800,0.000,9.000,9.000,0.124,0.060,0.170,0.117,0.047,0.000,0.047,0.030,83.889,0.422,0.000,0.403,6.450,10.410,0.619
2022-01-27,76.667,73.000,86.000,3.762,2.130,4.420,4.344,3.900,4.700,5.733,4.400,6.600,702.722,702.000,703.100,0.000,9.000,9.000,0.240,0.210,0.280,0.240,0.061,0.000,0.061,0.030,83.889,0.956,0.300,0.294,7.530,10.400,0.724
2022-01-28,99.167,95.000,100.000,0.120,0.000,0.720,2.083,1.500,2.500,3.133,1.800,4.000,700.483,698.800,701.600,7.500,9.000,6.000,0.918,0.740,1.000,0.736,0.676,0.250,0.754,0.475,100.000,1.011,14.000,0.193,8.650,10.390,0.833
2022-01-29,99.000,97.000,100.000,0.140,0.000,0.420,0.433,0.100,0.700,6.800,5.400,7.600,695.767,695.600,695.900,0.000,9.000,3.000,0.970,0.750,1.000,0.968,0.387,0.002,0.387,0.050,98.667,0.656,1.400,0.109,9.760,10.370,0.941
2022-01-30,24.286,7.000,87.000,20.319,1.640,31.910,-0.971,-2.900,0.100,2.900,1.200,6.200,697.629,693.200,701.100,0.500,9.000,7.000,0.250,0.180,0.300,0.250,0.089,0.000,0.089,0.050,84.111,-4.333,0.900,0.047,10.360,10.360,1.000
2022-01-31,90.222,57.000,100.000,1.400,0.000,6.640,-0.267,-0.900,0.500,4.533,3.900,5.700,700.422,699.800,700.800,1.500,9.000,9.000,0.697,0.430,1.000,0.652,0.583,0.000,0.583,0.320,88.333,-2.178,1.100,0.010,10.340,10.340,1.000
2022-02-01,100.000,100.000,100.000,0.000,0.000,0.000,2.922,2.800,3.100,5.611,4.300,7.400,702.022,701.700,702.300,28.000,9.000,9.000,0.988,0.930,1.000,0.981,0.553,0.000,0.553,0.300,99.778,-0.822,2.000,0.002,10.330,10.330,1.000
2022-02-02,100.000,100.000,100.000,0.000,0.000,0.000,2.189,1.900,2.600,6.044,4.600,7.600,701.411,700.600,702.000,0.500,9.000,9.000,0.400,0.170,0.920,0.324,0.223,0.000,0.223,0.110,97.111,-0.300,0.100,0.022,10.310,10.310,1.000
2022-02-03,100.000,100.000,100.000,0.000,0.000,0.000,2.267,1.000,3.400,8.500,7.300,10.900,699.856,698.800,700.400,5.000,9.000,9.000,0.989,0.920,1.000,0.988,0.197,0.000,0.197,0.080,99.222,0.278,5.700,0.067,9.430,10.300,0.916
2022-02-04,99.889,99.000,100.000,0.013,0.000,0.120,-1.622,-2.300,-0.900,8.033,6.000,10.200,699.344,698.500,700.100,0.000,9.000,9.000,0.413,0.190,0.830,0.412,0.090,0.000,0.090,0.060,98.222,-2.289,1.900,0.131,8.450,10.280,0.822
2022-02-05,40.444,25.000,58.000,12.211,6.410,18.260,0.978,-1.000,3.700,5.589,3.200,6.900,702.133,701.800,702.400,0.000,9.000,9.000,0.383,0.320,0.460,0.383,0.072,0.000,0.072,0.020,89.000,-2.678,0.900,0.210,7.510,10.270,0.731
2022-02-06,67.500,49.000,84.000,5.153,2.080,8.390,-0.033,-1.100,0.800,5.700,5.100,6.500,701.633,700.800,702.500,0.000,9.000,6.000,0.306,0.140,0.520,0.290,0.053,0.019,0.071,0.040,91.000,-2.867,0.200,0.299,6.600,10.250,0.644
2022-02-07,100.000,100.000,100.000,0.000,0.000,0.000,4.100,3.600,4.500,7.656,5.700,9.700,701.367,700.900,701.900,14.500,9.000,9.000,0.826,0.400,1.000,0.787,0.443,0.050,0.460,0.100,98.667,0.344,2.300,0.394,5.700,10.230,0.557
2022-02-08,99.778,98.000,100.000,0.031,0.000,0.280,1.711,1.500,2.000,8.778,7.300,9.800,701.167,700.600,701.800,0.000,9.000,9.000,0.323,0.230,0.470,0.262,0.104,0.150,0.241,0.070,86.889,0.322,0.900,0.490,4.810,10.220,0.470
2022-02-09,96.571,92.000,100.000,0.433,0.000,1.010,-0.200,-0.900,0.500,5.471,4.100,7.000,700.614,699.400,701.100,0.000,9.000,7.000,0.400,0.210,0.550,0.138,0.094,0.300,0.367,0.190,75.333,-0.189,0.000,0.585,3.900,10.200,0.383
2022-02-10,80.778,65.000,100.000,3.096,0.000,5.850,0.544,-0.100,1.000,5.511,4.700,6.300,701.100,700.600,701.400,0.000,9.000,9.000,0.196,0.150,0.250,0.194,0.088,0.000,0.088,0.030,78.000,0.067,1.200,0.676,3.000,10.180,0.294
2022-02-11,57.111,30.000,81.000,8.191,2.950,16.070,3.944,3.300,4.300,3.022,1.400,4.800,701.967,701.000,702.600,0.000,9.000,9.000,0.074,0.000,0.170,0.074,0.000,0.000,0.000,0.000,62.000,1.011,0.000,0.760,2.100,10.160,0.206
2022-02-12,76.778,46.000,100.000,4.180,0.000,10.610,2.867,1.900,4.200,6.433,5.100,7.700,700.500,699.700,701.200,0.000,9.000,9.000,0.237,0.190,0.310,0.166,0.139,0.000,0.139,0.080,60.444,2.033,0.300,0.835,1.220,10.150,0.120
2022-02-13,100.000,100.000,100.000,0.000,0.000,0.000,2.767,1.900,3.800,8.722,5.500,12.500,698.622,697.600,699.200,31.500,9.000,9.000,0.976,0.910,1.000,0.773,0.964,0.024,0.965,0.912,99.444,1.411,11.300,0.899,0.390,10.130,0.039
2022-02-14,81.889,66.000,100.000,2.509,0.000,4.930,-0.822,-1.600,0.100,4.789,2.800,7.000,697.989,697.200,699.200,0.000,9.000,9.000,0.529,0.220,0.880,0.529,0.080,0.000,0.080,0.050,89.222,-1.411,0.600,0.949,0.000,10.110,0.000
2022-02-15,100.000,100.000,100.000,0.000,0.000,0.000,-1.356,-2.900,-0.700,6.850,5.600,8.100,697.422,695.200,698.700,0.000,9.000,9.000,0.742,0.450,0.930,0.737,0.100,0.000,0.100,0.030,95.111,-1.878,0.300,0.983,0.000,10.090,0.000
2022-02-16,87.333,72.000,100.000,1.704,0.000,3.920,-1.267,-2.100,-0.500,1.556,0.400,3.400,698.656,698.400,698.800,0.000,9.000,9.000,0.198,0.120,0.350,0.149,0.078,0.000,0.078,0.050,83.667,-3.400,0.000,0.997,0.000,10.070,0.000
2022-02-17,94.444,76.000,100.000,0.869,0.000,3.790,1.033,0.300,2.100,4.244,2.500,5.700,699.211,698.600,699.500,5.500,9.000,9.000,0.957,0.830,1.000,0.588,0.907,0.067,0.911,0.821,97.667,-1.089,2.300,0.992,0.000,10.050,0.000
2022-02-18,100.000,100.000,100.000,0.000,0.000,0.000,2.522,1.800,3.000,7.733,6.000,8.800,699.622,699.100,700.400,4.000,9.000,9.000,0.823,0.190,0.990,0.498,0.794,0.000,0.794,0.060,98.333,-0.133,4.100,0.965,0.230,10.030,0.023
2022-02-19,100.000,100.000,100.000,0.000,0.000,0.000,3.489,3.300,3.800,3.344,2.300,5.200,699.478,698.800,700.000,29.000,9.000,9.000,1.000,1.000,1.000,0.999,0.999,0.019,0.999,0.990,100.000,-3.044,23.900,0.918,1.170,10.010,0.116
2022-02-20,100.000,100.000,100.000,0.000,0.000,0.000,1.489,1.100,1.900,2.811,2.200,3.500,699.811,699.500,700.300,7.000,9.000,9.000,1.000,1.000,1.000,1.000,0.962,0.049,0.966,0.930,100.000,-6.856,5.600,0.850,2.110,9.990,0.211
2022-02-21,100.000,100.000,100.000,0.000,0.000,0.000,4.733,4.500,4.900,5.144,3.900,6.100,702.667,701.900,703.000,59.000,9.000,9.000,0.997,0.990,1.000,0.933,0.992,0.149,0.993,0.980,99.667,-3.722,19.600,0.764,3.080,9.970,0.309
2022-02-22,100.000,100.000,100.000,0.000,0.000,0.000,5.578,4.800,6.200,6.567,4.400,9.200,703.122,702.200,703.900,6.500,9.000,9.000,0.976,0.940,1.000,0.938,0.837,0.076,0.850,0.810,99.222,-0.578,10.100,0.664,4.090,9.950,0.411
2022-02-23,100.000,100.000,100.000,0.000,0.000,0.000,2.667,0.900,3.800,8.456,7.000,9.300,701.922,700.800,702.500,7.000,9.000,9.000,1.000,1.000,1.000,1.000,0.531,0.000,0.531,0.300,100.000,-2.256,2.500,0.555,5.150,9.930,0.518
2022-02-24,74.111,69.000,80.000,4.119,3.060,5.080,1.133,0.400,1.700,8.278,7.600,8.800,702.578,701.700,703.200,0.000,9.000,9.000,0.929,0.630,1.000,0.929,0.068,0.000,0.068,0.030,95.889,-1.200,1.400,0.442,6.230,9.910,0.629
2022-02-25,88.667,76.000,100.000,1.519,0.000,3.270,-0.144,-0.700,0.500,8.967,7.800,9.800,702.544,701.700,703.100,0.000,9.000,9.000,0.198,0.110,0.330,0.194,0.047,0.000,0.047,0.010,92.667,-0.622,0.400,0.330,7.320,9.890,0.740
2022-02-26,14.333,10.000,22.000,24.960,19.700,28.780,2.811,2.300,3.100,7.389,6.500,7.900,702.644,702.000,703.200,0.000,9.000,9.000,0.164,0.100,0.240,0.153,0.062,0.010,0.072,0.030,82.222,0.689,1.200,0.227,8.350,9.870,0.846
2022-02-27,24.667,17.000,30.000,18.748,16.120,23.270,5.133,4.600,6.000,6.756,5.700,7.900,703.567,703.000,704.100,0.000,9.000,9.000,0.178,0.110,0.210,0.164,0.033,0.000,0.033,0.000,75.667,1.644,0.000,0.138,9.300,9.850,0.944
2022-02-28,16.000,8.000,27.000,25.412,17.590,32.150,5.867,5.000,7.000,7.011,6.600,7.600,704.411,703.900,704.700,0.000,9.000,9.000,0.086,0.050,0.130,0.061,0.028,0.008,0.035,0.000,50.556,3.789,0.000,0.068,9.830,9.830,1.000
2022-03-01,47.667,24.000,58.000,10.661,7.580,19.090,5.200,4.800,6.000,6.700,6.100,7.000,703.822,702.800,704.300,0.000,9.000,9.000,0.177,0.100,0.450,0.120,0.070,0.041,0.108,0.050,80.556,4.156,0.000,0.023,9.810,9.810,1.000
2022-03-02,41.444,32.000,51.000,12.187,9.290,15.370,4.722,4.500,5.100,5.544,4.600,6.400,703.011,702.200,703.600,0.000,9.000,9.000,0.790,0.490,1.000,0.406,0.053,0.693,0.712,0.405,88.444,3.333,0.900,0.003,9.780,9.780,1.000
2022-03-03,69.222,63.000,74.000,5.151,4.200,6.440,3.911,3.400,4.400,6.033,4.700,6.400,702.067,701.300,702.600,0.000,9.000,9.000,0.229,0.090,0.400,0.122,0.146,0.027,0.172,0.020,84.222,3.844,0.000,0.008,9.760,9.760,1.000
2022-03-04,72.222,44.000,88.000,4.927,1.810,11.180,4.389,3.700,4.800,7.333,6.400,8.600,700.611,699.500,701.500,0.000,9.000,9.000,0.154,0.110,0.210,0.143,0.057,0.000,0.057,0.030,82.000,1.844,0.200,0.037,9.450,9.740,0.971
2022-03-05,95.889,82.000,100.000,0.623,0.000,2.750,1.611,1.100,2.000,6.667,5.500,7.900,700.600,700.000,701.200,0.000,9.000,9.000,0.189,0.170,0.260,0.181,0.093,0.000,0.093,0.060,78.000,2.500,0.700,0.087,8.510,9.720,0.876
2022-03-06,100.000,100.000,100.000,0.000,0.000,0.000,3.322,3.100,3.500,7.633,7.000,8.200,700.078,698.300,701.000,0.500,9.000,9.000,0.711,0.370,0.990,0.669,0.370,0.000,0.370,0.160,92.667,1.878,1.100,0.153,7.580,9.690,0.782
2022-03-07,45.667,7.000,99.000,12.662,0.120,32.520,-2.944,-6.700,2.600,6.944,0.900,10.500,694.711,689.900,699.400,0.000,9.000,9.000,0.336,0.030,0.890,0.328,0.014,0.000,0.014,0.000,84.556,-6.611,0.100,0.231,6.660,9.670,0.689
2022-03-08,2.667,1.000,7.000,45.476,33.340,53.190,6.633,5.900,7.500,1.911,0.700,3.200,700.878,700.300,701.300,0.000,9.000,9.000,0.176,0.110,0.230,0.176,0.010,0.000,0.010,0.000,84.000,-2.556,0.000,0.317,5.740,9.650,0.595
2022-03-09,19.667,5.000,48.000,23.548,10.170,36.850,5.889,4.900,6.600,2.756,0.400,5.300,701.367,700.200,702.000,0.000,9.000,9.000,0.272,0.190,0.350,0.271,0.003,0.000,0.003,0.000,78.667,0.500,0.000,0.409,4.810,9.630,0.500
2022-03-10,9.333,1.000,28.000,35.701,17.120,52.590,5.556,4.700,5.900,1.178,0.800,1.500,700.111,699.500,700.600,0.000,9.000,9.000,0.167,0.080,0.310,0.163,0.026,0.000,0.026,0.010,83.444,0.644,0.000,0.503,3.900,9.600,0.406
2022-03-11,48.333,37.000,59.000,10.111,7.250,13.500,3.956,3.200,4.900,3.756,1.900,4.900,701.022,700.700,701.400,0.000,9.000,9.000,0.247,0.200,0.300,0.247,0.101,0.000,0.101,0.060,76.333,2.800,0.800,0.597,3.000,9.580,0.313
2022-03-12,39.111,23.000,66.000,13.758,5.870,19.630,5.878,5.000,6.600,5.189,3.200,6.600,701.067,700.200,701.800,0.000,9.000,9.000,0.274,0.140,0.440,0.149,0.022,0.146,0.164,0.010,86.667,2.778,0.000,0.688,2.150,9.550,0.225
2022-03-13,48.222,29.000,77.000,10.804,3.640,16.600,3.967,2.200,5.000,5.222,4.600,6.600,700.689,699.400,701.500,0.000,9.000,9.000,0.201,0.170,0.290,0.201,0.052,0.000,0.052,0.030,81.556,3.711,0.400,0.772,1.350,9.530,0.141
2022-03-14,88.556,67.000,100.000,1.843,0.000,5.540,2.833,2.300,3.500,5.733,4.500,7.400,700.033,699.100,700.400,0.000,9.000,9.000,0.306,0.050,0.650,0.083,0.039,0.231,0.263,0.040,72.667,4.300,0.200,0.848,0.610,9.510,0.064
2022-03-15,60.556,19.000,88.000,8.380,1.810,22.140,5.222,4.200,7.200,3.044,1.400,4.500,701.044,700.200,701.700,0.000,9.000,9.000,0.626,0.160,0.950,0.122,0.089,0.576,0.620,0.157,86.889,3.622,0.000,0.912,0.000,9.480,0.000
2022-03-16,87.556,70.000,100.000,2.021,0.000,5.050,5.489,4.900,6.000,5.800,3.400,7.900,701.100,699.500,702.200,0.000,9.000,9.000,0.999,0.990,1.000,0.369,0.286,0.993,0.994,0.982,91.000,5.000,0.000,0.961,0.000,9.460,0.000
2022-03-17,100.000,100.000,100.000,0.000,0.000,0.000,6.844,5.900,7.800,7.611,6.000,9.300,698.967,698.200,700.000,9.000,9.000,9.000,0.857,0.540,0.980,0.742,0.318,0.452,0.581,0.110,93.667,5.233,1.400,0.990,0.000,9.430,0.000
2022-03-18,100.000,100.000,100.000,0.000,0.000,0.000,4.322,3.900,4.900,7.722,6.400,9.400,698.644,698.200,698.900,0.000,9.000,9.000,0.841,0.610,0.990,0.176,0.004,0.806,0.806,0.470,80.556,3.833,0.000,0.998,0.000,9.410,0.000
2022-03-19,52.444,27.000,99.000,9.903,0.140,17.930,5.900,3.200,8.200,4.578,2.000,7.400,700.922,700.600,701.300,0.000,9.000,9.000,0.440,0.250,0.740,0.440,0.066,0.000,0.066,0.050,88.222,4.489,0.800,0.983,0.000,9.380,0.000
2022-03-20,98.778,95.000,100.000,0.179,0.000,0.740,5.378,4.700,5.900,5.656,4.700,7.200,702.989,702.400,703.600,10.000,9.000,9.000,0.714,0.240,0.930,0.099,0.684,0.207,0.723,0.203,78.444,4.300,1.300,0.943,0.740,9.360,0.079
2022-03-21,100.000,100.000,100.000,0.000,0.000,0.000,6.856,6.700,7.000,8.589,4.800,11.800,703.200,702.300,703.900,0.000,9.000,9.000,0.247,0.120,0.380,0.172,0.146,0.013,0.155,0.030,72.556,4.544,0.000,0.880,1.760,9.330,0.189
2022-03-22,100.000,100.000,100.000,0.000,0.000,0.000,7.578,7.400,8.000,10.067,8.500,11.000,701.611,700.700,702.200,14.500,9.000,9.000,1.000,1.000,1.000,1.000,0.822,0.331,0.840,0.386,96.556,4.844,3.300,0.797,2.830,9.310,0.304
2022-03-23,100.000,100.000,100.000,0.000,0.000,0.000,5.411,5.100,5.800,7.389,6.500,8.500,700.744,700.500,701.000,6.000,9.000,9.000,0.997,0.980,1.000,0.982,0.514,0.460,0.751,0.519,100.000,1.900,2.900,0.698,3.920,9.280,0.422
2022-03-24,100.000,100.000,100.000,0.000,0.000,0.000,6.144,5.500,6.700,4.178,2.500,6.900,702.756,702.100,703.300,6.000,9.000,9.000,0.906,0.620,0.990,0.374,0.832,0.431,0.908,0.704,97.444,3.067,1.100,0.588,5.010,9.260,0.541
2022-03-25,100.000,100.000,100.000,0.000,0.000,0.000,7.411,6.900,8.000,9.744,9.200,10.300,701.922,701.300,702.300,2.500,9.000,9.000,0.742,0.520,0.910,0.232,0.466,0.461,0.678,0.288,79.222,6.222,1.100,0.474,6.050,9.230,0.656
2022-03-26,100.000,100.000,100.000,0.000,0.000,0.000,7.900,7.200,8.800,8.389,6.400,10.100,701.633,700.500,702.400,41.500,9.000,9.000,0.956,0.930,0.980,0.920,0.669,0.331,0.765,0.417,92.778,4.944,3.800,0.361,7.010,9.210,0.761
2022-03-27,100.000,100.000,100.000,0.000,0.000,0.000,7.078,6.800,7.300,7.389,5.000,9.600,702.100,701.400,702.900,2.500,9.000,9.000,1.000,1.000,1.000,1.000,0.163,0.211,0.339,0.259,99.556,4.022,5.100,0.257,7.850,9.180,0.856
2022-03-28,100.000,100.000,100.000,0.000,0.000,0.000,5.522,5.000,5.900,5.133,3.200,7.900,704.311,703.700,704.700,14.500,9.000,9.000,0.994,0.970,1.000,0.953,0.948,0.867,0.988,0.928,99.889,2.389,5.500,0.165,8.600,9.150,0.939
2022-03-29,100.000,100.000,100.000,0.000,0.000,0.000,6.578,5.800,7.000,4.178,2.600,5.600,705.378,704.800,705.800,0.000,9.000,9.000,0.600,0.350,0.930,0.212,0.239,0.411,0.530,0.213,88.778,4.811,0.000,0.091,9.130,9.130,1.000
2022-03-30,94.889,83.000,100.000,0.798,0.000,2.700,7.144,6.500,7.500,4.711,3.800,5.900,705.856,704.700,706.700,0.000,9.000,9.000,0.233,0.040,0.830,0.213,0.004,0.017,0.021,0.000,90.778,3.122,0.000,0.039,9.100,9.100,1.000
2022-03-31,95.667,88.000,100.000,0.658,0.000,1.850,6.600,6.300,7.000,3.789,3.300,4.900,705.533,704.500,706.400,0.000,9.000,9.000,0.490,0.340,0.660,0.299,0.116,0.262,0.345,0.166,91.000,4.422,3.700,0.008,9.070,9.070,1.000
2022-04-01,100.000,100.000,100.000,0.000,0.000,0.000,5.389,4.400,6.000,6.278,5.300,7.900,703.611,702.300,704.400,4.500,9.000,9.000,1.000,1.000,1.000,1.000,0.121,0.109,0.217,0.050,98.778,1.056,2.900,0.001,9.050,9.050,1.000
2022-04-02,100.000,100.000,100.000,0.000,0.000,0.000,3.533,3.300,3.800,4.511,3.900,5.300,701.544,700.700,702.200,50.000,9.000,9.000,1.000,1.000,1.000,0.989,0.994,0.942,1.000,0.998,99.444,-3.122,32.900,0.016,9.020,9.020,1.000
2022-04-03,65.111,22.000,100.000,6.850,0.000,19.620,1.089,-0.200,2.500,6.167,5.100,6.800,702.256,700.900,703.600,0.000,9.000,9.000,0.970,0.890,1.000,0.968,0.074,0.000,0.074,0.020,95.111,-2.333,0.200,0.051,8.390,8.990,0.933
2022-04-04,15.778,6.000,58.000,27.537,7.610,35.130,5.711,5.000,6.400,5.211,3.300,6.500,704.967,703.800,705.900,0.000,9.000,9.000,0.458,0.280,0.900,0.458,0.038,0.000,0.038,0.000,88.333,1.178,0.000,0.103,7.450,8.970,0.831
2022-04-05,13.444,8.000,25.000,26.339,18.170,31.740,4.733,3.100,5.700,3.167,0.800,5.300,702.944,701.900,703.800,0.000,9.000,9.000,0.298,0.230,0.550,0.298,0.020,0.000,0.020,0.000,85.444,2.711,0.100,0.170,6.520,8.940,0.729
2022-04-06,96.667,88.000,100.000,0.491,0.000,1.790,2.611,1.800,3.600,3.944,2.000,5.400,701.600,700.400,702.700,0.000,9.000,9.000,0.882,0.610,1.000,0.880,0.161,0.000,0.161,0.110,88.000,2.944,0.900,0.248,5.580,8.910,0.626
2022-04-07,99.556,99.000,100.000,0.062,0.000,0.140,2.967,2.800,3.200,1.633,0.400,2.500,701.522,700.700,702.200,0.500,9.000,9.000,0.968,0.930,1.000,0.962,0.229,0.000,0.229,0.180,89.222,1.089,3.400,0.334,4.670,8.890,0.526
2022-04-08,100.000,100.000,100.000,0.000,0.000,0.000,2.611,1.300,3.500,4.956,4.000,5.700,700.889,700.100,701.500,0.000,9.000,9.000,0.853,0.480,0.990,0.847,0.058,0.000,0.058,0.000,86.333,2.233,0.000,0.425,3.800,8.860,0.429
2022-04-09,94.444,84.000,100.000,0.848,0.000,2.480,4.367,3.600,5.100,5.156,4.400,6.000,701.400,700.700,701.900,0.000,9.000,9.000,0.454,0.230,0.910,0.451,0.094,0.000,0.094,0.050,89.556,4.267,0.000,0.520,2.980,8.830,0.337
2022-04-10,93.111,85.000,98.000,1.052,0.290,2.350,6.278,5.800,6.800,4.244,3.500,5.300,702.422,701.500,703.100,0.000,9.000,9.000,0.344,0.300,0.400,0.226,0.289,0.000,0.289,0.230,86.111,5.522,0.100,0.615,2.220,8.810,0.252
2022-04-11,90.222,85.000,98.000,1.513,0.290,2.370,7.078,6.500,7.800,1.844,0.600,3.700,701.478,700.400,702.300,0.000,9.000,9.000,0.430,0.200,0.940,0.347,0.211,0.000,0.211,0.140,86.222,5.689,0.000,0.708,1.530,8.780,0.174
2022-04-12,84.444,67.000,98.000,2.531,0.290,5.770,6.989,5.600,8.200,2.489,1.600,3.200,699.944,698.500,700.800,0.000,9.000,9.000,0.180,0.120,0.230,0.169,0.141,0.000,0.141,0.090,85.556,5.733,0.200,0.794,0.880,8.750,0.100
2022-04-13,85.333,72.000,100.000,2.326,0.000,4.590,4.100,3.600,4.400,6.256,5.700,6.600,698.244,697.000,699.000,0.000,9.000,9.000,0.288,0.210,0.470,0.211,0.161,0.026,0.179,0.060,78.667,5.544,0.000,0.871,0.270,8.720,0.031
2022-04-14,82.333,58.000,100.000,2.928,0.000,7.530,4.378,3.600,5.700,3.800,2.100,5.600,699.822,699.300,700.400,0.000,9.000,9.000,0.464,0.180,1.000,0.464,0.148,0.000,0.148,0.050,93.444,3.711,2.300,0.933,0.000,8.700,0.000
2022-04-15,89.556,56.000,100.000,1.849,0.000,8.010,3.733,2.500,4.500,6.922,6.000,7.500,699.878,699.000,700.700,0.000,9.000,9.000,0.310,0.210,0.430,0.293,0.084,0.026,0.108,0.060,88.333,2.322,1.100,0.977,0.000,8.670,0.000
2022-04-16,100.000,100.000,100.000,0.000,0.000,0.000,4.689,3.700,5.400,5.711,5.200,7.100,700.611,700.000,701.400,2.000,9.000,9.000,1.000,1.000,1.000,1.000,0.728,0.002,0.730,0.180,96.222,1.867,1.800,0.998,0.000,8.640,0.000
2022-04-17,94.333,74.000,100.000,0.916,0.000,4.310,5.200,4.200,6.600,4.822,3.200,6.600,702.856,702.300,703.400,0.000,9.000,9.000,0.630,0.270,0.970,0.577,0.010,0.191,0.198,0.010,94.222,1.967,0.200,0.993,0.000,8.610,0.000
2022-04-18,100.000,100.000,100.000,0.000,0.000,0.000,6.822,6.400,7.300,4.622,3.300,6.100,703.800,702.800,704.600,0.500,9.000,9.000,0.609,0.370,0.870,0.566,0.327,0.004,0.330,0.070,93.556,3.511,1.000,0.961,0.370,8.590,0.043
2022-04-19,100.000,100.000,100.000,0.000,0.000,0.000,6.733,6.500,6.800,4.944,4.300,5.900,703.611,702.600,704.300,12.500,9.000,9.000,0.997,0.980,1.000,0.990,0.611,0.533,0.893,0.740,93.556,3.156,2.100,0.904,1.490,8.560,0.174
2022-04-20,100.000,100.000,100.000,0.000,0.000,0.000,5.811,5.700,6.100,7.000,4.100,8.400,702.000,701.500,702.400,0.500,9.000,9.000,0.937,0.880,0.980,0.922,0.138,0.114,0.236,0.059,98.000,3.167,0.000,0.823,2.620,8.530,0.306
2022-04-21,73.556,56.000,92.000,4.553,1.210,8.160,6.689,6.300,7.300,7.556,6.500,8.300,703.789,703.100,704.400,0.000,9.000,9.000,0.241,0.110,0.510,0.112,0.026,0.122,0.144,0.010,81.222,5.044,0.000,0.725,3.700,8.510,0.435
2022-04-22,98.222,88.000,100.000,0.272,0.000,1.860,7.778,6.600,8.300,6.444,5.500,8.700,704.067,703.300,704.800,1.000,9.000,9.000,0.637,0.090,0.910,0.559,0.061,0.188,0.234,0.040,89.667,5.967,0.000,0.616,4.700,8.480,0.555
2022-04-23,87.889,81.000,95.000,1.877,0.750,3.020,6.444,6.000,7.100,6.678,5.900,7.400,702.622,701.800,703.300,0.000,9.000,9.000,0.200,0.090,0.330,0.044,0.036,0.157,0.187,0.088,74.333,5.800,0.000,0.503,5.580,8.450,0.661
2022-04-24,89.333,79.000,100.000,1.688,0.000,3.420,7.644,7.100,7.900,4.600,3.400,5.500,703.356,702.500,704.100,0.000,9.000,9.000,0.688,0.280,0.940,0.519,0.101,0.362,0.429,0.253,87.556,5.189,0.000,0.391,6.350,8.420,0.753
2022-04-25,73.111,52.000,100.000,4.753,0.000,9.260,8.522,7.700,10.000,5.900,4.900,7.300,702.622,701.700,703.400,0.000,9.000,9.000,0.542,0.180,0.990,0.491,0.024,0.142,0.164,0.050,92.889,5.689,0.000,0.286,7.010,8.400,0.835
2022-04-26,67.222,32.000,100.000,6.748,0.000,15.770,7.644,6.800,8.400,5.789,5.400,6.600,703.178,702.500,703.800,0.000,9.000,9.000,0.422,0.240,0.660,0.007,0.036,0.401,0.423,0.239,67.111,7.111,0.000,0.194,7.610,8.370,0.909
2022-04-27,56.778,53.000,78.000,8.200,3.610,9.070,8.678,7.900,9.300,4.122,3.200,4.900,704.411,703.900,704.900,0.000,9.000,9.000,0.427,0.250,0.810,0.107,0.027,0.339,0.358,0.202,83.889,5.900,0.000,0.117,8.160,8.340,0.978
2022-04-28,90.444,62.000,100.000,1.580,0.000,6.860,7.533,6.900,8.200,7.333,6.300,8.600,704.244,703.500,704.800,0.000,9.000,9.000,0.157,0.050,0.240,0.130,0.030,0.000,0.030,0.000,72.778,6.667,0.000,0.058,8.320,8.320,1.000
2022-04-29,96.889,89.000,100.000,0.474,0.000,1.720,7.878,6.800,9.000,6.311,4.900,7.900,704.278,703.200,705.200,0.000,9.000,9.000,0.970,0.930,0.990,0.251,0.072,0.912,0.920,0.820,77.889,6.833,1.300,0.019,8.290,8.290,1.000
2022-04-30,98.000,90.000,100.000,0.304,0.000,1.530,6.556,6.400,6.700,5.989,4.800,6.700,702.856,701.400,703.800,0.000,9.000,9.000,0.971,0.880,1.000,0.224,0.556,0.892,0.971,0.888,80.000,5.878,0.400,0.002,8.260,8.260,1.000
2022-05-01,100.000,100.000,100.000,0.000,0.000,0.000,6.722,6.000,7.200,6.233,4.900,8.400,701.233,699.700,702.300,17.500,9.000,9.000,1.000,1.000,1.000,0.997,0.984,0.877,1.000,0.998,98.222,2.178,9.100,0.004,8.240,8.240,1.000
2022-05-02,92.556,86.000,100.000,1.141,0.000,2.170,5.967,5.200,6.600,5.333,2.800,9.200,701.100,700.800,701.300,3.000,9.000,9.000,0.999,0.990,1.000,0.951,0.862,0.960,0.990,0.930,100.000,1.056,7.800,0.026,8.210,8.210,1.000
2022-05-03,100.000,100.000,100.000,0.000,0.000,0.000,6.122,5.100,6.800,3.178,1.200,5.100,702.700,702.100,703.100,12.500,9.000,9.000,0.957,0.930,1.000,0.884,0.746,0.129,0.784,0.665,98.000,2.167,2.600,0.065,7.280,8.190,0.889
2022-05-04,100.000,100.000,100.000,0.000,0.000,0.000,7.344,6.800,7.700,3.700,2.800,4.500,702.622,701.500,703.600,0.500,9.000,9.000,0.978,0.880,1.000,0.908,0.137,0.692,0.737,0.546,93.667,5.744,0.500,0.120,6.360,8.160,0.779
2022-05-05,77.222,64.000,85.000,3.752,2.350,6.390,6.789,6.300,7.700,6.411,6.000,7.200,702.044,701.700,702.600,0.000,9.000,9.000,0.864,0.490,1.000,0.449,0.146,0.797,0.830,0.429,92.333,5.844,1.300,0.189,5.470,8.130,0.672
2022-05-06,72.778,61.000,86.000,4.696,2.200,7.090,7.956,7.700,8.300,4.722,3.600,5.500,703.500,703.100,704.000,0.000,9.000,9.000,0.916,0.620,1.000,0.237,0.030,0.892,0.898,0.558,86.000,6.578,0.000,0.268,4.630,8.110,0.571
2022-05-07,95.222,75.000,100.000,0.776,0.000,4.200,7.300,6.300,9.100,4.556,1.300,6.600,704.200,703.700,704.700,0.000,9.000,9.000,0.970,0.870,1.000,0.329,0.477,0.954,0.969,0.864,89.667,6.544,1.700,0.356,3.860,8.080,0.478
2022-05-08,99.667,98.000,100.000,0.050,0.000,0.300,7.322,7.100,7.500,3.844,3.100,5.100,703.778,702.800,704.600,0.000,9.000,9.000,0.938,0.470,1.000,0.613,0.579,0.861,0.906,0.330,91.778,6.289,0.900,0.450,3.160,8.060,0.392
2022-05-09,100.000,100.000,100.000,0.000,0.000,0.000,5.889,5.200,6.800,6.400,5.400,7.600,702.344,701.400,703.200,0.500,9.000,9.000,0.962,0.860,1.000,0.884,0.144,0.140,0.265,0.150,92.556,4.078,0.100,0.548,2.510,8.030,0.313
2022-05-10,100.000,100.000,100.000,0.000,0.000,0.000,6.000,5.700,6.400,5.967,3.900,7.300,701.611,700.800,702.400,2.000,9.000,9.000,0.994,0.990,1.000,0.519,0.627,0.990,0.996,0.989,92.333,5.156,1.500,0.647,1.910,8.010,0.238
2022-05-11,100.000,100.000,100.000,0.000,0.000,0.000,6.567,5.400,7.600,6.267,5.300,8.200,701.622,700.700,702.900,0.500,9.000,9.000,0.811,0.410,1.000,0.627,0.114,0.487,0.535,0.195,92.444,4.267,0.100,0.742,1.320,7.990,0.166
2022-05-12,100.000,100.000,100.000,0.000,0.000,0.000,7.889,7.400,8.500,7.244,6.400,8.100,700.367,699.400,701.100,27.000,9.000,9.000,1.000,1.000,1.000,0.772,0.897,0.999,1.000,0.996,98.000,4.756,8.500,0.829,0.750,7.960,0.094
2022-05-13,100.000,100.000,100.000,0.000,0.000,0.000,8.389,8.100,8.700,7.689,6.500,10.300,700.656,700.200,701.000,32.500,9.000,9.000,0.999,0.990,1.000,0.551,0.837,0.988,0.997,0.989,95.889,6.256,15.900,0.904,0.150,7.940,0.019
2022-05-14,100.000,100.000,100.000,0.000,0.000,0.000,9.111,8.800,9.400,6.422,5.300,7.400,701.878,701.300,702.200,37.500,9.000,9.000,0.951,0.890,0.980,0.908,0.689,0.291,0.771,0.549,100.000,5.511,17.100,0.961,0.000,7.920,0.000
2022-05-15,100.000,100.000,100.000,0.000,0.000,0.000,8.989,8.500,9.600,7.822,7.100,8.900,700.422,699.800,701.000,35.000,9.000,9.000,1.000,1.000,1.000,1.000,0.972,0.928,0.997,0.981,100.000,3.356,21.200,0.993,0.000,7.890,0.000
2022-05-16,100.000,100.000,100.000,0.000,0.000,0.000,8.167,7.500,9.500,6.122,4.600,7.600,699.678,699.000,700.400,59.000,9.000,9.000,1.000,1.000,1.000,1.000,0.977,0.706,0.988,0.909,100.000,2.056,27.600,0.998,0.000,7.870,0.000
2022-05-17,100.000,100.000,100.000,0.000,0.000,0.000,6.822,5.500,8.000,6.211,4.700,7.100,701.867,701.100,702.400,0.500,9.000,9.000,0.992,0.940,1.000,0.990,0.137,0.359,0.431,0.182,92.556,4.144,2.500,0.974,0.010,7.850,0.001
2022-05-18,95.778,90.000,100.000,0.651,0.000,1.550,8.622,7.700,9.300,1.800,0.000,3.200,704.522,703.800,705.300,0.000,9.000,9.000,0.699,0.420,0.930,0.281,0.286,0.557,0.673,0.354,84.889,6.667,0.200,0.922,1.160,7.830,0.148
2022-05-19,92.111,71.000,100.000,1.299,0.000,5.030,8.300,7.700,10.200,4.611,2.600,7.200,701.956,700.800,702.800,0.000,9.000,9.000,0.980,0.930,1.000,0.922,0.127,0.557,0.645,0.346,92.333,6.389,0.000,0.845,2.240,7.810,0.287
2022-05-20,100.000,100.000,100.000,0.000,0.000,0.000,8.089,7.400,8.700,4.556,4.100,5.000,699.633,698.800,700.200,0.000,8.000,9.000,0.799,0.490,1.000,0.496,0.108,0.670,0.722,0.344,92.000,6.467,0.400,0.750,3.190,7.780,0.410
2022-05-21,100.000,100.000,100.000,0.000,0.000,0.000,7.289,7.000,7.500,4.911,4.300,5.400,699.844,699.200,700.500,5.000,9.000,9.000,0.950,0.900,1.000,0.657,0.793,0.213,0.859,0.696,95.111,5.133,5.100,0.644,4.010,7.760,0.517
2022-05-22,100.000,100.000,100.000,0.000,0.000,0.000,8.578,8.400,8.700,4.844,3.000,6.300,700.700,700.000,701.400,1.500,9.000,9.000,0.993,0.960,1.000,0.897,0.619,0.896,0.961,0.683,95.778,6.278,1.200,0.532,4.720,7.740,0.609
2022-05-23,100.000,100.000,100.000,0.000,0.000,0.000,9.233,8.800,9.400,5.478,4.500,6.500,702.867,702.300,703.400,1.500,9.000,9.000,0.998,0.990,1.000,0.874,0.394,0.969,0.982,0.966,94.000,6.900,1.500,0.423,5.330,7.730,0.691
2022-05-24,100.000,100.000,100.000,0.000,0.000,0.000,9.733,9.500,10.000,6.389,4.000,7.500,703.100,702.400,703.600,29.500,9.000,9.000,1.000,1.000,1.000,1.000,0.976,0.963,0.999,0.992,99.778,6.689,17.300,0.319,5.890,7.710,0.765
2022-05-25,100.000,100.000,100.000,0.000,0.000,0.000,9.389,9.100,9.600,6.522,4.000,8.700,700.967,699.900,701.900,19.500,9.000,9.000,0.988,0.950,1.000,0.908,0.558,0.844,0.935,0.740,98.333,6.211,2.300,0.226,6.420,7.690,0.835
2022-05-26,100.000,100.000,100.000,0.000,0.000,0.000,9.412,9.000,9.700,9.012,7.200,10.500,699.263,698.300,699.900,25.000,9.000,8.000,0.996,0.980,1.000,0.847,0.840,0.943,0.991,0.969,97.444,5.722,3.400,0.146,6.940,7.670,0.905
2022-05-27,100.000,100.000,100.000,0.000,0.000,0.000,9.878,9.000,10.500,6.756,5.000,8.600,700.367,699.100,701.400,65.000,9.000,9.000,0.998,0.990,1.000,0.902,0.259,0.962,0.973,0.953,99.111,6.544,0.900,0.083,7.480,7.650,0.977
2022-05-28,96.778,89.000,100.000,0.491,0.000,1.700,7.567,7.300,8.300,7.689,7.200,8.900,701.489,700.600,702.300,0.000,9.000,9.000,0.946,0.860,1.000,0.013,0.001,0.946,0.946,0.860,81.667,6.567,0.000,0.036,7.640,7.640,1.000
2022-05-29,84.889,71.000,100.000,2.519,0.000,5.070,10.100,9.400,11.200,5.200,3.600,5.900,702.711,701.800,703.700,0.000,9.000,9.000,0.781,0.490,0.950,0.043,0.011,0.777,0.779,0.500,82.444,6.867,0.000,0.009,7.620,7.620,1.000
2022-05-30,100.000,100.000,100.000,0.000,0.000,0.000,9.711,8.900,10.300,5.333,4.100,6.600,702.656,701.800,703.400,0.500,9.000,9.000,0.987,0.960,1.000,0.300,0.044,0.970,0.971,0.943,89.444,7.667,0.000,0.000,7.600,7.600,1.000
2022-05-31,100.000,100.000,100.000,0.000,0.000,0.000,9.111,8.500,9.900,7.356,5.600,9.400,703.122,702.500,703.600,0.000,9.000,9.000,0.956,0.820,1.000,0.057,0.044,0.952,0.955,0.827,84.444,7.489,0.100,0.010,7.590,7.590,1.000
2022-06-01,100.000,100.000,100.000,0.000,0.000,0.000,8.633,8.100,9.100,7.500,7.100,8.000,701.756,701.000,702.300,0.000,9.000,9.000,0.980,0.950,1.000,0.031,0.107,0.980,0.981,0.950,80.111,8.011,0.000,0.038,7.310,7.570,0.965
2022-06-02,100.000,100.000,100.000,0.000,0.000,0.000,8.656,8.300,9.100,6.633,6.100,7.400,701.978,701.500,702.700,2.000,9.000,9.000,0.981,0.960,1.000,0.024,0.187,0.981,0.985,0.961,84.000,7.733,0.000,0.082,6.460,7.560,0.855
2022-06-03,99.556,97.000,100.000,0.067,0.000,0.450,8.311,8.000,8.700,5.600,5.100,6.200,702.289,701.700,702.900,0.000,9.000,9.000,0.999,0.990,1.000,0.036,0.263,0.999,0.999,0.990,87.000,7.789,0.300,0.141,5.680,7.550,0.753
2022-06-04,100.000,100.000,100.000,0.000,0.000,0.000,9.056,8.600,9.600,6.444,5.600,7.500,701.833,700.600,702.400,0.500,9.000,9.000,0.993,0.970,1.000,0.024,0.811,0.991,0.997,0.978,82.222,7.556,0.000,0.214,4.970,7.530,0.659
2022-06-05,100.000,100.000,100.000,0.000,0.000,0.000,8.344,8.000,8.800,9.822,7.900,11.300,699.867,699.100,700.400,0.000,9.000,9.000,0.978,0.940,1.000,0.234,0.033,0.886,0.896,0.472,86.333,7.756,0.100,0.298,4.320,7.520,0.574
2022-06-06,100.000,100.000,100.000,0.000,0.000,0.000,9.111,8.600,9.600,7.522,5.800,10.500,699.744,699.200,700.500,41.000,9.000,9.000,0.987,0.880,1.000,0.072,0.614,0.977,0.991,0.926,91.778,7.289,0.600,0.391,3.720,7.510,0.496
2022-06-07,100.000,100.000,100.000,0.000,0.000,0.000,9.056,8.700,9.300,6.367,3.900,9.100,701.056,700.600,701.700,15.000,9.000,9.000,0.994,0.980,1.000,0.668,0.909,0.977,0.998,0.992,96.889,5.156,9.800,0.490,3.160,7.500,0.421
2022-06-08,100.000,100.000,100.000,0.000,0.000,0.000,8.211,7.300,8.800,8.111,7.000,10.400,701.111,699.600,702.000,11.000,9.000,9.000,1.000,1.000,1.000,0.570,0.848,0.984,0.998,0.991,96.222,4.756,7.200,0.593,2.610,7.490,0.349
2022-06-09,93.667,80.000,100.000,0.988,0.000,3.230,7.044,6.500,7.700,8.633,7.700,9.800,700.700,699.900,701.500,2.500,9.000,9.000,0.997,0.970,1.000,0.007,0.491,0.996,0.999,0.990,86.222,5.378,1.300,0.694,2.050,7.480,0.274
2022-06-10,99.556,96.000,100.000,0.066,0.000,0.590,6.867,6.400,7.600,10.844,9.300,12.000,701.033,700.300,701.800,0.000,9.000,9.000,0.988,0.960,1.000,0.024,0.786,0.956,0.989,0.960,82.556,6.611,0.000,0.791,1.460,7.470,0.196
2022-06-11,100.000,100.000,100.000,0.000,0.000,0.000,9.644,8.700,10.200,8.822,6.900,11.000,702.633,701.300,703.500,45.000,9.000,9.000,1.000,1.000,1.000,0.667,0.670,0.997,0.998,0.987,95.222,6.144,3.900,0.875,0.810,7.470,0.108
2022-06-12,100.000,100.000,100.000,0.000,0.000,0.000,7.444,6.400,8.200,8.422,7.000,9.100,701.833,701.400,702.500,0.000,9.000,9.000,0.780,0.410,0.960,0.038,0.216,0.762,0.810,0.414,81.111,6.389,0.000,0.942,0.060,7.460,0.008
2022-06-13,100.000,100.000,100.000,0.000,0.000,0.000,7.811,7.400,8.400,9.100,7.900,9.900,701.244,700.800,701.600,0.000,9.000,9.000,0.964,0.770,1.000,0.003,0.007,0.964,0.965,0.772,70.333,8.133,0.000,0.985,0.000,7.450,0.000
2022-06-14,99.222,97.000,100.000,0.114,0.000,0.440,7.222,6.600,8.400,7.644,6.700,8.000,702.900,702.500,703.300,0.000,9.000,9.000,0.957,0.820,1.000,0.021,0.049,0.954,0.961,0.856,73.889,7.433,0.000,0.999,0.000,7.450,0.000
2022-06-15,98.778,95.000,100.000,0.181,0.000,0.750,7.556,6.700,8.700,6.044,5.200,6.800,703.656,703.000,704.500,0.000,9.000,9.000,0.957,0.930,0.980,0.012,0.021,0.953,0.954,0.921,80.667,5.733,0.000,0.983,0.000,7.440,0.000
2022-06-16,99.333,94.000,100.000,0.100,0.000,0.900,7.656,6.800,8.400,8.000,6.600,9.400,702.433,701.800,703.200,0.000,9.000,9.000,0.977,0.890,1.000,0.309,0.634,0.948,0.978,0.947,89.556,6.333,3.300,0.938,0.720,7.440,0.097
2022-06-17,88.000,75.000,100.000,1.914,0.000,4.160,7.611,7.300,7.800,6.744,6.100,7.300,702.822,702.100,703.600,0.000,9.000,9.000,0.981,0.960,1.000,0.010,0.147,0.981,0.984,0.968,70.111,7.122,0.000,0.867,1.640,7.430,0.221
2022-06-18,90.778,81.000,100.000,1.469,0.000,3.060,8.200,7.600,8.900,6.344,5.600,7.400,703.200,702.500,703.900,0.000,9.000,9.000,0.996,0.980,1.000,0.009,0.134,0.996,0.996,0.980,78.000,7.411,0.000,0.777,2.420,7.430,0.326
2022-06-19,90.000,82.000,100.000,1.560,0.000,2.900,7.922,7.600,8.600,6.111,5.700,6.700,702.467,701.300,703.300,0.000,9.000,9.000,0.993,0.970,1.000,0.009,0.024,0.993,0.993,0.970,82.778,6.644,0.000,0.675,3.100,7.430,0.417
2022-06-20,72.778,59.000,100.000,4.884,0.000,7.620,8.611,7.700,9.500,6.533,6.100,7.300,701.667,700.900,702.400,0.000,9.000,9.000,0.991,0.960,1.000,0.006,0.001,0.991,0.991,0.960,76.222,7.222,0.000,0.568,3.690,7.430,0.497
2022-06-21,72.111,67.000,79.000,4.787,3.450,5.830,9.344,9.000,9.500,5.389,4.500,6.700,703.989,703.500,704.500,0.000,9.000,9.000,0.980,0.920,1.000,0.053,0.520,0.977,0.983,0.915,82.000,7.189,0.000,0.461,4.250,7.430,0.572
2022-06-22,70.556,52.000,84.000,5.307,2.570,9.560,10.633,9.600,11.900,3.333,0.900,6.100,706.067,705.300,706.900,0.000,9.000,9.000,0.852,0.620,0.960,0.048,0.033,0.843,0.847,0.610,88.556,7.144,0.000,0.359,4.780,7.430,0.643
2022-06-23,66.111,54.000,90.000,6.226,1.560,8.950,10.644,9.700,11.200,3.367,1.000,5.600,705.344,704.000,706.500,0.000,9.000,9.000,0.876,0.650,1.000,0.734,0.019,0.446,0.453,0.060,89.333,7.222,0.000,0.266,5.320,7.430,0.715
2022-06-24,80.333,70.000,100.000,3.368,0.000,5.240,10.144,9.200,10.900,3.744,1.900,5.600,703.744,702.600,704.900,3.500,9.000,9.000,0.999,0.990,1.000,0.831,0.614,0.994,0.995,0.982,93.333,6.878,0.100,0.183,5.880,7.430,0.791
2022-06-25,70.556,61.000,78.000,5.206,3.670,7.310,11.178,10.100,12.300,2.978,1.100,5.400,704.478,703.600,705.300,0.000,9.000,9.000,0.987,0.960,1.000,0.638,0.501,0.874,0.890,0.582,93.000,6.222,0.000,0.114,6.480,7.440,0.871
2022-06-26,69.778,57.000,80.000,5.396,3.310,8.220,11.067,10.200,11.400,2.789,1.400,4.500,705.089,704.400,705.700,0.000,9.000,9.000,0.986,0.950,1.000,0.656,0.056,0.949,0.953,0.901,87.667,8.244,0.000,0.061,7.140,7.440,0.960
2022-06-27,75.667,60.000,100.000,4.377,0.000,7.530,11.267,10.100,12.000,3.567,1.700,5.000,703.500,702.800,704.300,0.000,9.000,9.000,0.991,0.970,1.000,0.564,0.062,0.972,0.974,0.930,89.111,7.744,0.100,0.024,7.440,7.440,1.000
2022-06-28,84.222,67.000,100.000,2.704,0.000,5.950,10.933,9.600,12.100,2.167,0.500,4.300,701.733,700.800,702.500,0.000,9.000,9.000,0.998,0.990,1.000,0.813,0.051,0.979,0.980,0.961,88.556,8.411,0.000,0.004,7.450,7.450,1.000
2022-06-29,81.444,71.000,97.000,3.093,0.450,5.070,10.633,9.800,11.200,1.667,0.500,3.900,701.667,700.800,702.300,0.000,9.000,9.000,0.986,0.950,1.000,0.773,0.050,0.883,0.893,0.626,90.889,7.456,0.000,0.003,7.460,7.460,1.000
2022-06-30,94.778,80.000,100.000,0.843,0.000,3.320,9.756,9.200,10.900,2.722,0.800,5.800,701.778,700.800,702.400,0.000,9.000,9.000,0.991,0.970,1.000,0.809,0.206,0.932,0.944,0.861,88.222,8.389,0.200,0.019,7.460,7.460,1.000
2022-07-01,94.222,83.000,100.000,0.908,0.000,2.760,9.533,9.100,10.100,3.167,1.400,5.000,701.922,701.100,702.600,1.500,9.000,9.000,1.000,1.000,1.000,0.814,0.551,0.976,0.990,0.957,92.222,7.500,0.600,0.053,7.050,7.470,0.944
2022-07-02,100.000,100.000,100.000,0.000,0.000,0.000,10.233,9.900,10.800,4.533,2.400,6.300,701.800,701.000,702.600,1.000,9.000,9.000,0.999,0.990,1.000,0.819,0.782,0.988,0.998,0.991,95.778,6.444,0.500,0.103,6.390,7.480,0.855
2022-07-03,100.000,100.000,100.000,0.000,0.000,0.000,9.556,9.100,10.000,6.400,4.400,7.400,701.278,700.500,702.100,0.000,9.000,9.000,0.962,0.920,0.990,0.436,0.113,0.932,0.941,0.915,90.444,7.478,0.000,0.169,5.800,7.490,0.774
2022-07-04,90.556,78.000,100.000,1.536,0.000,3.690,9.989,8.900,10.800,3.889,1.400,6.700,702.233,701.400,702.900,0.500,9.000,9.000,0.983,0.910,1.000,0.648,0.267,0.970,0.974,0.890,96.889,6.533,0.000,0.249,5.240,7.500,0.699
2022-07-05,93.000,88.000,99.000,1.088,0.150,1.900,9.033,8.200,9.900,6.067,5.300,7.100,702.600,702.100,703.100,0.000,9.000,9.000,0.690,0.270,1.000,0.389,0.209,0.318,0.475,0.290,97.444,6.022,0.000,0.340,4.710,7.510,0.628
2022-07-06,93.444,86.000,100.000,1.033,0.000,2.240,9.844,9.300,10.300,4.033,2.800,4.700,704.167,703.600,704.700,0.500,9.000,9.000,0.804,0.610,0.930,0.472,0.022,0.518,0.524,0.010,95.111,7.500,0.000,0.440,4.180,7.520,0.557
2022-07-07,63.778,51.000,98.000,6.898,0.300,9.870,11.956,10.700,12.600,2.156,0.700,4.800,705.078,704.200,705.800,0.000,9.000,9.000,0.854,0.790,0.910,0.854,0.003,0.001,0.004,0.000,94.111,8.056,0.300,0.546,3.640,7.530,0.483
2022-07-08,64.333,54.000,81.000,6.636,3.140,9.040,11.967,11.300,12.400,1.267,0.400,2.900,703.722,702.400,704.600,0.000,9.000,9.000,0.869,0.810,0.940,0.821,0.007,0.248,0.253,0.000,90.556,8.200,0.000,0.653,3.050,7.540,0.404
2022-07-09,60.556,27.000,88.000,8.373,1.920,18.550,12.011,10.900,12.700,1.867,0.800,3.800,703.644,703.000,704.400,0.000,9.000,9.000,0.893,0.720,0.980,0.428,0.011,0.798,0.799,0.580,88.000,8.800,0.000,0.755,2.380,7.550,0.315
2022-07-10,49.000,42.000,61.000,10.578,7.310,12.630,12.789,12.200,13.600,2.589,1.100,3.700,704.056,703.600,704.500,0.000,9.000,9.000,0.482,0.150,0.870,0.318,0.011,0.293,0.300,0.150,87.222,9.033,0.000,0.848,1.600,7.570,0.212
2022-07-11,54.000,46.000,74.000,9.186,4.500,11.370,12.322,11.800,13.100,3.056,1.300,5.200,704.778,704.000,705.600,0.000,9.000,9.000,0.530,0.020,0.790,0.510,0.018,0.026,0.043,0.000,85.778,9.344,0.000,0.923,0.690,7.580,0.091
2022-07-12,64.667,44.000,83.000,6.609,2.770,11.850,10.756,10.200,11.500,3.633,0.900,8.300,703.367,701.700,704.400,0.000,9.000,9.000,0.458,0.000,0.900,0.166,0.000,0.401,0.401,0.000,84.111,8.689,0.000,0.974,0.000,7.600,0.000
2022-07-13,65.778,53.000,78.000,6.420,3.740,9.400,12.911,12.300,13.500,1.911,0.500,3.300,702.489,701.600,703.300,0.000,9.000,9.000,0.732,0.250,0.950,0.042,0.012,0.716,0.720,0.206,79.889,9.156,0.000,0.998,0.000,7.610,0.000
2022-07-14,83.444,73.000,100.000,2.812,0.000,4.740,12.656,11.800,13.500,1.800,0.000,4.000,702.678,701.700,703.500,0.000,9.000,9.000,0.974,0.900,1.000,0.697,0.156,0.944,0.952,0.858,89.222,9.378,0.000,0.990,0.000,7.630,0.000
2022-07-15,99.444,98.000,100.000,0.083,0.000,0.300,10.933,10.600,11.300,2.267,1.200,2.900,702.278,701.400,703.200,0.000,9.000,9.000,0.999,0.990,1.000,0.357,0.190,0.997,0.997,0.990,83.889,8.422,0.300,0.953,0.270,7.640,0.036
2022-07-16,99.556,98.000,100.000,0.067,0.000,0.300,9.467,9.100,10.400,5.422,4.900,6.600,702.589,702.100,703.200,0.500,9.000,9.000,0.989,0.960,1.000,0.036,0.240,0.984,0.989,0.969,81.889,8.978,0.200,0.891,1.030,7.660,0.134
2022-07-17,96.778,94.000,100.000,0.488,0.000,0.910,8.678,8.200,9.500,7.622,6.800,9.000,702.033,701.600,702.700,0.000,9.000,9.000,0.977,0.940,1.000,0.069,0.048,0.973,0.975,0.943,79.111,8.722,0.000,0.809,1.690,7.680,0.220
2022-07-18,92.000,70.000,100.000,1.320,0.000,5.270,10.744,10.000,11.500,4.900,3.800,6.100,703.811,703.400,704.300,0.000,9.000,9.000,0.991,0.980,1.000,0.117,0.086,0.988,0.989,0.976,81.333,9.222,0.000,0.715,2.290,7.700,0.297
2022-07-19,71.000,52.000,97.000,5.438,0.460,9.590,11.956,11.300,12.600,4.411,2.700,5.500,706.056,705.600,706.300,0.000,9.000,9.000,0.944,0.850,1.000,0.854,0.030,0.751,0.760,0.373,94.222,8.933,0.000,0.613,2.850,7.710,0.370
2022-07-20,76.667,61.000,100.000,4.189,0.000,7.400,12.278,10.700,13.900,1.489,0.500,3.900,707.789,707.300,708.200,0.000,9.000,9.000,0.629,0.290,0.810,0.628,0.024,0.000,0.024,0.000,91.333,7.644,0.000,0.510,3.410,7.730,0.441
2022-07-21,49.222,29.000,85.000,11.170,2.450,17.650,12.756,11.800,13.500,1.833,0.400,3.300,707.833,707.000,708.500,0.000,9.000,9.000,0.487,0.130,0.790,0.486,0.001,0.000,0.001,0.000,87.222,9.578,0.000,0.410,3.980,7.750,0.513
2022-07-22,66.222,39.000,83.000,6.456,2.800,13.700,13.022,11.800,14.100,1.444,0.300,3.500,706.544,705.800,707.200,0.000,9.000,9.000,0.286,0.050,0.790,0.198,0.091,0.029,0.118,0.030,84.444,9.511,0.000,0.316,4.580,7.770,0.590
2022-07-23,37.111,21.000,66.000,15.203,6.190,22.060,13.400,12.500,14.200,2.022,0.400,3.400,705.467,704.500,706.200,0.000,9.000,9.000,0.648,0.320,0.920,0.102,0.029,0.597,0.607,0.334,87.000,9.944,0.000,0.230,5.240,7.790,0.672
2022-07-24,60.222,29.000,87.000,8.466,2.080,17.540,12.089,11.100,12.800,2.633,0.600,4.600,704.844,704.100,705.500,0.000,9.000,9.000,0.332,0.030,0.630,0.081,0.040,0.280,0.306,0.030,87.000,9.622,0.000,0.155,5.960,7.810,0.763
2022-07-25,57.222,34.000,93.000,9.153,1.090,15.230,11.044,10.500,11.600,4.000,0.000,6.600,704.611,703.600,705.200,0.000,9.000,9.000,0.437,0.080,0.790,0.293,0.007,0.174,0.179,0.070,88.778,8.678,0.000,0.093,6.750,7.840,0.861
2022-07-26,64.333,31.000,100.000,8.169,0.000,16.660,11.156,10.200,12.500,3.511,0.200,5.700,703.556,702.200,704.600,0.000,9.000,9.000,0.142,0.000,0.440,0.097,0.072,0.019,0.088,0.000,88.556,8.589,0.000,0.046,7.600,7.860,0.967
2022-07-27,68.778,43.000,100.000,5.854,0.000,12.130,10.611,10.100,11.300,5.467,3.500,7.600,703.011,702.300,703.700,0.000,9.000,9.000,0.833,0.640,0.960,0.783,0.000,0.239,0.239,0.010,91.667,8.067,0.000,0.016,7.880,7.880,1.000
2022-07-28,66.333,53.000,78.000,6.057,3.670,9.180,9.922,9.400,10.400,2.733,0.400,7.700,702.167,701.100,703.000,0.000,9.000,9.000,0.318,0.070,0.810,0.302,0.011,0.019,0.030,0.000,84.444,8.800,0.000,0.002,7.900,7.900,1.000
2022-07-29,86.556,74.000,100.000,2.221,0.000,4.420,9.933,9.200,10.400,3.656,1.000,8.600,700.444,699.000,701.500,0.000,9.000,9.000,0.989,0.960,1.000,0.911,0.061,0.767,0.795,0.496,91.111,7.622,0.000,0.007,7.920,7.920,1.000
2022-07-30,81.000,69.000,92.000,3.204,1.250,5.510,11.233,10.500,12.000,2.356,0.900,4.400,700.100,699.300,700.700,0.000,9.000,9.000,0.998,0.990,1.000,0.769,0.514,0.964,0.992,0.939,94.111,7.056,0.100,0.031,7.950,7.950,1.000
2022-07-31,87.667,84.000,93.000,1.977,1.090,2.600,11.033,10.500,12.000,1.511,0.000,3.800,701.711,701.200,702.200,1.000,9.000,9.000,1.000,1.000,1.000,0.844,0.230,1.000,1.000,1.000,90.667,7.800,0.000,0.073,7.480,7.970,0.939
2022-08-01,85.444,77.000,97.000,2.377,0.450,3.880,10.122,8.700,10.900,3.556,0.700,7.000,702.900,702.600,703.300,0.000,9.000,9.000,0.983,0.950,1.000,0.730,0.326,0.928,0.957,0.835,95.000,7.833,0.200,0.132,6.950,7.990,0.869
2022-08-02,92.444,82.000,100.000,1.197,0.000,2.940,9.589,8.600,10.400,2.733,0.900,5.100,703.189,702.700,703.500,0.000,9.000,9.000,0.899,0.850,0.970,0.853,0.204,0.177,0.329,0.130,95.556,6.967,0.400,0.207,6.430,8.020,0.802
2022-08-03,90.667,81.000,98.000,1.480,0.300,3.130,10.189,9.900,10.600,1.678,0.000,4.300,703.978,703.500,704.600,0.000,9.000,9.000,0.961,0.880,0.990,0.844,0.051,0.821,0.831,0.449,89.444,7.544,0.000,0.297,5.910,8.040,0.734
2022-08-04,86.222,79.000,99.000,2.242,0.150,3.490,10.078,9.500,10.600,2.856,0.800,5.500,704.600,704.100,705.100,0.000,9.000,9.000,0.854,0.520,0.990,0.814,0.013,0.310,0.323,0.010,93.111,7.089,0.000,0.397,5.350,8.070,0.663
2022-08-05,97.778,93.000,100.000,0.339,0.000,1.080,9.911,9.200,10.800,3.800,0.900,5.800,704.400,703.600,704.900,0.500,9.000,9.000,0.587,0.160,0.850,0.544,0.031,0.087,0.116,0.000,91.222,8.256,0.600,0.505,4.730,8.090,0.585
2022-08-06,76.333,56.000,100.000,4.246,0.000,8.400,9.478,8.500,10.200,3.922,0.800,7.100,703.256,702.800,703.900,0.000,9.000,9.000,0.834,0.600,0.960,0.301,0.036,0.661,0.673,0.224,87.000,7.478,0.000,0.616,4.030,8.120,0.496
2022-08-07,83.444,71.000,100.000,2.743,0.000,5.080,9.822,8.600,11.400,2.833,0.800,7.200,703.767,703.000,704.500,1.500,9.000,9.000,0.662,0.390,0.970,0.328,0.274,0.423,0.572,0.242,84.778,7.056,0.000,0.723,3.210,8.140,0.394
2022-08-08,67.444,62.000,74.000,5.814,4.460,7.020,10.733,9.700,11.500,2.178,0.700,4.300,704.122,703.200,704.700,0.000,9.000,9.000,0.982,0.940,1.000,0.363,0.017,0.976,0.976,0.940,84.556,7.511,0.000,0.821,2.250,8.170,0.275
2022-08-09,65.444,53.000,72.000,6.306,4.870,9.350,11.500,10.900,12.800,2.089,0.900,3.900,703.833,702.700,704.600,0.000,9.000,9.000,0.007,0.000,0.030,0.000,0.007,0.000,0.007,0.000,83.556,7.756,0.000,0.903,1.170,8.190,0.142
2022-08-10,89.000,75.000,100.000,1.779,0.000,4.230,10.300,9.900,10.900,3.022,1.500,4.600,703.989,702.800,705.000,0.000,9.000,9.000,0.510,0.150,0.860,0.423,0.022,0.113,0.132,0.000,90.889,7.911,0.000,0.962,0.010,8.220,0.001
2022-08-11,78.778,56.000,99.000,3.813,0.150,8.480,10.711,9.700,11.400,3.489,0.200,6.200,704.378,703.300,705.300,0.000,9.000,9.000,0.877,0.840,1.000,0.856,0.179,0.170,0.288,0.090,92.778,7.922,1.200,0.993,0.000,8.240,0.000
2022-08-12,68.111,53.000,100.000,5.979,0.000,9.320,11.767,10.200,12.800,2.456,1.000,4.000,704.211,703.200,704.800,0.000,9.000,9.000,0.581,0.290,0.810,0.344,0.008,0.294,0.299,0.000,91.778,7.367,0.000,0.995,0.000,8.270,0.000
2022-08-13,76.000,67.000,99.000,4.192,0.150,5.970,11.844,10.300,13.000,2.011,0.800,4.000,703.900,703.300,704.400,0.000,9.000,9.000,0.928,0.730,0.990,0.773,0.028,0.677,0.687,0.433,90.889,8.322,0.000,0.969,0.000,8.300,0.000
2022-08-14,74.444,61.000,100.000,4.497,0.000,7.260,10.956,9.900,11.600,3.844,1.500,6.200,703.233,702.000,704.000,0.000,9.000,9.000,0.833,0.790,0.880,0.822,0.048,0.058,0.104,0.000,87.889,8.722,0.100,0.918,0.540,8.320,0.065
2022-08-15,80.778,71.000,100.000,3.254,0.000,5.100,11.044,10.500,11.900,2.600,0.600,4.700,703.544,702.800,704.300,0.000,9.000,9.000,0.029,0.000,0.130,0.026,0.007,0.000,0.007,0.000,88.333,7.744,0.000,0.847,1.140,8.350,0.137
2022-08-16,62.111,55.000,70.000,7.072,5.290,8.800,11.822,10.800,12.500,3.056,1.000,5.200,703.578,702.800,704.000,0.000,9.000,9.000,0.872,0.450,0.960,0.753,0.003,0.572,0.574,0.290,92.778,7.933,0.000,0.762,1.720,8.380,0.206
2022-08-17,95.444,84.000,100.000,0.718,0.000,2.610,10.300,9.800,11.400,4.633,2.700,6.300,702.833,701.500,703.800,0.000,9.000,9.000,0.986,0.900,1.000,0.522,0.156,0.983,0.984,0.887,93.111,7.778,3.700,0.668,2.310,8.400,0.275
2022-08-18,85.667,79.000,95.000,2.323,0.770,3.490,10.511,10.000,11.300,2.389,0.400,5.200,702.922,702.200,703.700,0.000,9.000,9.000,0.752,0.320,0.920,0.582,0.013,0.336,0.343,0.079,92.667,8.144,0.000,0.570,2.920,8.430,0.346
2022-08-19,71.556,56.000,85.000,5.053,2.440,8.480,10.911,10.400,11.700,3.089,0.800,4.500,704.711,704.100,705.200,0.000,9.000,9.000,0.934,0.840,1.000,0.923,0.003,0.127,0.130,0.000,94.444,8.544,0.000,0.472,3.570,8.450,0.423
2022-08-20,84.333,68.000,100.000,2.621,0.000,5.610,9.778,8.900,11.800,4.178,0.900,6.200,704.478,703.400,705.200,0.000,9.000,9.000,0.964,0.870,1.000,0.458,0.048,0.949,0.955,0.853,92.222,8.444,0.000,0.377,4.280,8.480,0.505
2022-08-21,60.889,48.000,81.000,7.397,3.110,10.570,10.267,9.800,10.700,5.789,3.700,8.100,703.233,702.000,704.000,0.000,9.000,9.000,1.000,1.000,1.000,0.560,0.004,0.999,0.999,0.990,92.000,7.767,0.000,0.288,5.060,8.510,0.595
2022-08-22,46.667,34.000,64.000,11.321,6.590,15.410,11.589,10.900,12.100,5.467,3.700,7.400,703.267,702.600,703.900,0.000,9.000,9.000,0.491,0.050,0.800,0.389,0.000,0.159,0.159,0.010,87.333,8.311,0.000,0.207,5.900,8.540,0.692
2022-08-23,89.111,75.000,100.000,1.783,0.000,4.250,9.844,9.300,10.700,4.511,0.300,8.400,702.544,701.500,703.400,0.000,9.000,9.000,0.828,0.660,0.970,0.041,0.032,0.819,0.823,0.630,76.444,9.167,0.000,0.136,6.800,8.560,0.794
2022-08-24,74.778,66.000,88.000,4.404,1.900,6.150,11.289,10.400,11.800,4.911,4.000,6.000,704.244,703.700,704.700,0.000,9.000,9.000,0.936,0.740,1.000,0.700,0.028,0.768,0.772,0.069,88.667,8.489,0.000,0.078,7.730,8.590,0.899
2022-08-25,84.667,68.000,100.000,2.534,0.000,5.710,9.700,8.900,11.700,4.900,3.200,6.400,705.922,705.000,706.600,0.000,9.000,9.000,0.909,0.790,1.000,0.816,0.129,0.300,0.395,0.217,95.333,7.133,0.000,0.035,8.620,8.620,1.000
2022-08-26,77.778,66.000,88.000,3.818,1.910,6.150,11.000,10.500,11.800,1.578,0.500,2.500,705.900,704.800,706.600,0.000,9.000,9.000,0.977,0.940,1.000,0.398,0.008,0.954,0.955,0.933,89.778,7.900,0.000,0.009,8.640,8.640,1.000
2022-08-27,80.333,75.000,91.000,3.260,1.390,4.240,10.022,8.900,10.500,2.989,0.300,7.600,704.067,703.400,704.600,0.500,9.000,9.000,0.981,0.940,1.000,0.791,0.257,0.940,0.954,0.838,89.667,7.567,0.100,0.002,8.670,8.670,1.000
2022-08-28,97.444,93.000,100.000,0.391,0.000,1.080,9.433,8.800,10.400,3.333,0.000,8.000,704.044,703.500,704.600,0.000,9.000,9.000,0.892,0.810,0.990,0.844,0.084,0.573,0.591,0.166,93.778,6.967,0.400,0.014,8.700,8.700,1.000
2022-08-29,90.889,75.000,100.000,1.491,0.000,4.280,10.689,10.300,11.400,3.189,0.300,5.900,705.022,703.900,705.600,0.000,9.000,9.000,0.589,0.000,0.840,0.589,0.001,0.000,0.001,0.000,92.444,8.111,0.000,0.047,8.660,8.720,0.992
2022-08-30,79.000,57.000,100.000,3.752,0.000,8.240,10.567,10.100,11.700,4.722,0.500,7.200,703.089,701.900,703.800,0.000,9.000,9.000,0.857,0.790,0.970,0.857,0.004,0.036,0.039,0.000,92.889,8.789,0.000,0.100,8.130,8.750,0.929
2022-08-31,95.222,76.000,100.000,0.774,0.000,4.070,10.089,9.400,11.100,4.856,3.200,6.300,701.989,700.800,702.700,0.000,9.000,9.000,0.801,0.500,1.000,0.484,0.157,0.644,0.700,0.248,91.667,8.800,1.500,0.172,7.580,8.780,0.864
2022-09-01,98.111,96.000,100.000,0.287,0.000,0.610,10.422,9.900,10.800,6.144,1.600,11.200,698.178,697.500,698.900,0.500,9.000,9.000,1.000,1.000,1.000,0.900,0.500,0.916,0.945,0.808,90.778,8.022,1.500,0.260,6.990,8.800,0.794
2022-09-02,100.000,100.000,100.000,0.000,0.000,0.000,10.156,9.800,10.600,5.444,0.700,9.500,694.978,693.800,696.200,0.500,9.000,9.000,0.986,0.970,1.000,0.848,0.182,0.764,0.804,0.586,97.111,8.633,1.900,0.360,6.320,8.830,0.716
2022-09-03,98.667,92.000,100.000,0.207,0.000,1.250,11.167,10.800,11.600,4.244,1.700,7.100,693.400,692.600,694.400,18.000,9.000,9.000,1.000,1.000,1.000,0.891,0.896,0.999,1.000,0.999,94.333,7.978,24.500,0.470,5.560,8.860,0.628
2022-09-04,100.000,100.000,100.000,0.000,0.000,0.000,10.500,10.200,10.800,7.800,6.100,10.200,696.922,696.100,697.300,4.500,9.000,9.000,1.000,1.000,1.000,0.866,0.374,1.000,1.000,1.000,96.333,7.700,5.800,0.583,4.670,8.880,0.526
2022-09-05,96.889,92.000,100.000,0.480,0.000,1.260,11.111,10.300,11.800,1.389,0.500,3.200,702.256,701.800,702.800,0.000,9.000,9.000,1.000,1.000,1.000,0.726,0.131,0.999,0.999,0.991,94.111,8.778,0.700,0.694,3.670,8.910,0.411
2022-09-06,92.111,77.000,100.000,1.261,0.000,3.860,9.878,9.200,10.900,4.889,2.200,7.500,705.944,705.500,706.500,1.500,9.000,9.000,1.000,1.000,1.000,0.852,0.917,0.967,0.996,0.981,95.444,7.744,2.800,0.795,2.570,8.940,0.287
2022-09-07,91.444,87.000,98.000,1.343,0.300,2.080,10.233,9.200,11.000,2.311,0.400,4.700,707.000,705.800,707.700,0.000,9.000,9.000,0.972,0.920,1.000,0.791,0.568,0.793,0.870,0.581,91.778,7.467,4.700,0.881,1.430,8.960,0.159
2022-09-08,11.667,6.000,22.000,29.482,20.660,36.290,10.078,9.200,10.800,8.289,4.700,10.500,704.911,703.900,705.400,0.000,9.000,9.000,0.204,0.050,0.640,0.064,0.001,0.149,0.149,0.000,74.000,5.100,0.000,0.946,0.300,8.990,0.033
2022-09-09,27.556,8.000,53.000,20.352,9.170,33.280,11.289,10.200,12.500,3.800,2.300,4.800,704.489,703.300,705.400,0.000,9.000,9.000,0.778,0.290,1.000,0.769,0.000,0.012,0.012,0.000,89.667,6.644,0.400,0.986,0.000,9.020,0.000
2022-09-10,42.889,20.000,53.000,12.552,9.180,22.010,9.778,9.200,10.900,3.311,0.700,7.900,702.367,700.900,703.400,0.000,9.000,9.000,0.993,0.950,1.000,0.228,0.209,0.972,0.987,0.940,87.667,6.678,0.000,0.999,0.000,9.040,0.000
2022-09-11,100.000,100.000,100.000,0.000,0.000,0.000,8.767,7.700,9.300,7.244,3.100,11.000,699.089,697.200,700.900,6.000,9.000,9.000,0.997,0.980,1.000,0.841,0.361,0.990,0.995,0.968,93.556,7.122,3.200,0.984,0.000,9.070,0.000
2022-09-12,98.000,92.000,100.000,0.307,0.000,1.240,9.589,8.800,10.200,3.389,2.600,5.200,698.022,697.600,698.500,1.000,9.000,9.000,0.993,0.950,1.000,0.888,0.598,0.983,0.994,0.961,95.778,6.422,4.600,0.946,0.140,9.100,0.015
2022-09-13,98.000,93.000,100.000,0.301,0.000,1.060,7.689,7.400,8.000,4.278,3.700,5.800,699.033,698.200,699.900,0.000,9.000,9.000,0.941,0.850,0.990,0.838,0.052,0.554,0.573,0.088,96.778,5.267,0.000,0.888,0.730,9.120,0.080
2022-09-14,78.556,57.000,99.000,3.688,0.150,8.180,8.833,7.500,10.700,1.289,0.500,2.100,699.933,699.200,700.500,0.000,9.000,9.000,0.938,0.820,0.990,0.066,0.012,0.934,0.935,0.802,90.556,6.289,0.000,0.815,1.340,9.150,0.147
2022-09-15,88.444,65.000,100.000,1.886,0.000,6.200,7.500,6.900,8.300,1.622,0.300,2.700,699.489,698.600,700.200,0.000,9.000,9.000,0.834,0.680,0.950,0.746,0.200,0.062,0.244,0.129,95.222,5.711,0.700,0.730,1.990,9.170,0.217
2022-09-16,96.222,84.000,100.000,0.580,0.000,2.510,7.067,6.100,7.700,2.300,0.600,3.900,699.500,699.000,700.100,0.500,9.000,9.000,0.896,0.840,0.940,0.866,0.072,0.000,0.072,0.050,90.444,5.678,0.300,0.638,2.690,9.200,0.292
2022-09-17,100.000,100.000,100.000,0.000,0.000,0.000,6.233,4.400,7.700,3.244,1.500,5.800,699.044,698.200,699.900,0.000,9.000,9.000,0.750,0.250,1.000,0.673,0.058,0.323,0.352,0.030,90.000,4.911,0.200,0.544,3.450,9.220,0.374
2022-09-18,85.444,63.000,100.000,2.434,0.000,6.570,6.422,5.500,8.100,1.900,0.800,2.800,699.867,699.100,700.600,0.000,9.000,9.000,0.744,0.360,0.960,0.568,0.019,0.316,0.328,0.010,90.667,4.878,0.000,0.449,4.280,9.250,0.463
2022-09-19,87.556,57.000,100.000,2.190,0.000,8.020,8.156,6.900,9.000,3.178,0.700,5.300,701.056,700.300,701.700,0.000,9.000,9.000,0.781,0.220,1.000,0.701,0.412,0.032,0.418,0.010,92.667,6.033,0.100,0.356,5.160,9.270,0.556
2022-09-20,49.000,20.000,100.000,12.993,0.000,22.110,9.056,7.700,10.800,2.767,0.300,6.300,702.011,701.300,702.400,0.000,9.000,9.000,0.854,0.500,1.000,0.722,0.008,0.258,0.261,0.000,93.778,4.489,0.400,0.269,6.080,9.300,0.654
2022-09-21,82.222,24.000,100.000,4.167,0.000,19.730,7.533,6.300,10.300,2.133,0.600,3.300,702.589,702.000,703.200,0.000,9.000,9.000,0.993,0.970,1.000,0.992,0.032,0.000,0.032,0.000,88.556,6.567,1.200,0.189,7.010,9.320,0.752
2022-09-22,75.778,69.000,80.000,4.083,3.300,5.400,9.767,9.200,10.300,5.289,4.300,6.000,702.778,702.100,703.300,0.000,9.000,9.000,0.568,0.210,0.980,0.568,0.003,0.000,0.003,0.000,88.667,5.400,0.000,0.119,7.950,9.350,0.851
2022-09-23,99.111,95.000,100.000,0.133,0.000,0.750,7.922,6.800,9.600,3.489,1.200,7.700,702.656,701.500,703.500,0.500,9.000,9.000,0.592,0.240,0.900,0.591,0.007,0.004,0.011,0.000,92.444,5.522,0.000,0.064,8.880,9.370,0.948
2022-09-24,94.444,55.000,100.000,1.041,0.000,8.620,8.656,7.600,9.800,4.800,0.400,10.000,702.644,700.400,703.700,2.000,9.000,9.000,0.406,0.150,0.750,0.372,0.029,0.032,0.060,0.010,94.667,6.000,0.000,0.024,9.400,9.400,1.000
2022-09-25,99.333,96.000,100.000,0.101,0.000,0.610,10.111,9.500,10.300,6.033,3.700,8.000,704.044,703.600,704.300,4.000,9.000,9.000,0.527,0.080,0.870,0.492,0.047,0.054,0.101,0.030,96.333,6.500,0.000,0.003,9.420,9.420,1.000
2022-09-26,24.111,17.000,35.000,20.032,14.920,24.040,10.767,10.000,11.900,2.211,0.600,4.700,703.311,702.500,704.000,0.000,9.000,9.000,0.077,0.020,0.190,0.074,0.013,0.000,0.013,0.000,85.444,6.756,0.000,0.004,9.450,9.450,1.000
2022-09-27,34.000,26.000,43.000,15.552,12.150,19.000,11.889,11.400,12.400,1.978,0.600,3.700,703.300,702.700,703.900,0.000,9.000,9.000,0.499,0.080,0.960,0.499,0.000,0.000,0.000,0.000,89.556,7.778,0.000,0.027,9.470,9.470,1.000
2022-09-28,42.556,25.000,100.000,13.610,0.000,19.370,10.500,9.100,11.400,3.311,1.700,5.300,703.933,703.200,704.500,0.000,9.000,9.000,0.567,0.360,0.850,0.567,0.017,0.000,0.017,0.000,89.889,7.956,0.000,0.073,9.180,9.500,0.966
2022-09-29,59.889,31.000,99.000,8.668,0.150,16.610,10.011,8.600,11.800,2.622,0.800,4.900,705.656,705.200,706.100,0.000,9.000,9.000,0.900,0.810,0.990,0.900,0.012,0.004,0.017,0.000,90.222,7.656,0.000,0.141,8.520,9.520,0.896
2022-09-30,49.444,19.000,90.000,12.479,1.570,23.050,11.278,10.100,12.700,2.122,1.100,4.900,706.678,706.300,707.000,0.000,9.000,9.000,0.452,0.040,0.740,0.430,0.000,0.042,0.042,0.010,87.222,7.044,0.000,0.227,7.790,9.540,0.816
2022-10-01,72.556,59.000,90.000,4.794,1.570,7.690,10.300,9.400,11.000,4.211,2.400,5.800,707.167,706.400,707.700,0.000,9.000,9.000,0.444,0.050,0.820,0.439,0.000,0.016,0.016,0.000,89.667,7.589,0.000,0.327,6.940,9.570,0.725
2022-10-02,40.111,31.000,49.000,13.296,10.370,16.760,11.800,10.900,13.000,2.944,0.500,6.200,707.156,706.100,707.900,0.000,9.000,9.000,0.386,0.020,0.970,0.351,0.030,0.058,0.086,0.000,88.778,8.156,0.000,0.438,5.970,9.590,0.623
2022-10-03,27.333,26.000,29.000,18.208,17.450,18.920,11.333,10.800,11.800,7.167,5.600,9.700,706.689,705.800,707.300,0.000,9.000,9.000,0.596,0.070,0.980,0.596,0.000,0.000,0.000,0.000,90.889,7.567,0.000,0.552,4.920,9.610,0.512
2022-10-04,35.444,32.000,41.000,14.552,12.520,15.910,9.178,8.200,9.900,10.811,8.000,12.200,705.911,705.100,706.700,0.000,9.000,9.000,0.153,0.060,0.280,0.153,0.000,0.000,0.000,0.000,83.667,7.233,0.000,0.664,3.820,9.640,0.396
2022-10-05,98.889,91.000,100.000,0.171,0.000,1.390,8.522,7.700,8.900,6.744,4.700,8.400,707.056,706.400,708.100,0.500,9.000,9.000,0.112,0.010,0.250,0.110,0.010,0.000,0.010,0.000,87.778,6.233,0.000,0.768,2.710,9.660,0.281
2022-10-06,94.778,83.000,100.000,0.826,0.000,2.730,8.711,8.300,9.300,2.956,1.700,4.600,706.767,705.900,707.400,0.000,9.000,9.000,0.408,0.170,0.990,0.341,0.092,0.031,0.120,0.070,91.333,6.478,0.000,0.857,1.640,9.680,0.170
2022-10-07,100.000,100.000,100.000,0.000,0.000,0.000,8.789,8.200,9.400,4.011,1.100,7.900,706.267,705.500,706.700,8.500,9.000,9.000,0.866,0.700,1.000,0.606,0.576,0.457,0.805,0.579,89.111,6.889,4.500,0.927,0.610,9.700,0.063
2022-10-08,100.000,100.000,100.000,0.000,0.000,0.000,9.011,8.700,9.200,3.656,2.100,7.800,706.256,705.200,706.900,2.500,9.000,9.000,0.991,0.960,1.000,0.983,0.430,0.113,0.496,0.350,94.889,5.933,3.600,0.974,0.000,9.730,0.000
2022-10-09,100.000,100.000,100.000,0.000,0.000,0.000,8.644,8.200,9.200,0.700,0.000,1.500,706.011,704.800,706.800,6.500,9.000,9.000,0.999,0.990,1.000,0.998,0.593,0.389,0.809,0.406,96.444,5.833,8.200,0.997,0.000,9.750,0.000
2022-10-10,92.556,59.000,100.000,1.280,0.000,7.350,5.556,4.600,6.600,5.867,4.300,7.900,703.589,702.500,704.300,0.000,9.000,9.000,0.946,0.890,1.000,0.934,0.028,0.039,0.065,0.000,95.222,2.567,0.100,0.996,0.000,9.770,0.000
2022-10-11,70.111,55.000,90.000,5.293,1.520,8.600,8.322,6.600,9.500,1.800,1.000,3.000,703.044,702.600,703.400,0.000,9.000,9.000,0.957,0.860,1.000,0.540,0.033,0.913,0.917,0.820,87.444,1.933,0.000,0.972,0.000,9.790,0.000
2022-10-12,82.889,58.000,100.000,3.140,0.000,7.920,8.078,6.400,10.400,5.500,0.700,10.500,703.389,702.100,704.000,2.000,9.000,9.000,0.464,0.240,0.660,0.454,0.147,0.000,0.147,0.050,93.778,3.844,0.000,0.928,0.360,9.810,0.037
2022-10-13,75.778,61.000,100.000,4.273,0.000,7.190,8.444,5.200,10.100,2.567,1.300,4.000,702.878,701.800,703.600,0.000,9.000,9.000,0.652,0.370,0.860,0.649,0.043,0.000,0.043,0.000,90.111,5.389,0.300,0.867,1.040,9.830,0.106
2022-10-14,100.000,100.000,100.000,0.000,0.000,0.000,8.056,6.900,9.300,4.711,2.000,10.600,701.378,701.000,701.700,2.000,9.000,9.000,0.673,0.380,0.950,0.582,0.038,0.296,0.320,0.108,89.111,6.767,0.000,0.793,1.780,9.860,0.181
2022-10-15,100.000,100.000,100.000,0.000,0.000,0.000,10.078,9.700,10.400,4.022,3.000,7.500,700.522,699.600,701.900,38.000,9.000,9.000,1.000,1.000,1.000,0.977,0.641,0.937,0.969,0.871,97.667,7.756,5.700,0.710,2.590,9.880,0.262
2022-10-16,99.444,98.000,100.000,0.083,0.000,0.300,7.378,6.100,9.700,6.333,3.000,10.600,700.222,699.200,701.300,0.500,9.000,9.000,0.934,0.840,1.000,0.040,0.106,0.926,0.934,0.840,92.556,6.911,0.000,0.620,3.450,9.900,0.348
2022-10-17,100.000,100.000,100.000,0.000,0.000,0.000,6.922,6.500,7.300,7.833,4.800,11.500,701.589,700.400,702.100,3.000,9.000,9.000,1.000,1.000,1.000,0.926,0.384,0.931,0.958,0.870,95.889,3.011,0.400,0.527,4.350,9.920,0.439
2022-10-18,93.333,78.000,100.000,1.072,0.000,3.670,9.033,8.600,10.100,2.122,0.500,2.900,703.633,703.200,704.200,0.000,9.000,9.000,0.439,0.340,0.540,0.289,0.290,0.017,0.302,0.160,89.000,2.056,0.200,0.433,5.270,9.940,0.530
2022-10-19,85.444,71.000,94.000,2.374,0.920,5.060,9.700,8.400,10.900,2.567,0.300,4.900,705.611,705.100,706.100,0.000,9.000,9.000,0.451,0.150,0.940,0.402,0.010,0.057,0.067,0.000,85.000,2.400,0.000,0.340,6.200,9.960,0.623
2022-10-20,32.333,16.000,59.000,17.138,7.650,25.070,10.867,9.700,11.800,6.711,5.100,8.300,706.356,705.900,706.700,0.000,9.000,9.000,0.334,0.120,0.540,0.167,0.002,0.183,0.185,0.000,91.667,3.489,0.000,0.252,7.120,9.980,0.714
2022-10-21,100.000,100.000,100.000,0.000,0.000,0.000,10.656,10.200,11.100,5.411,0.600,10.700,706.722,705.800,707.800,4.500,9.000,9.000,0.844,0.580,0.940,0.332,0.193,0.782,0.821,0.539,89.444,7.156,1.800,0.171,8.040,10.000,0.804
2022-10-22,90.556,85.000,96.000,1.493,0.610,2.420,10.422,9.900,11.300,2.533,1.100,4.700,706.422,705.200,707.500,0.000,9.000,9.000,0.994,0.980,1.000,0.922,0.674,0.522,0.845,0.698,95.556,7.156,2.400,0.102,8.960,10.020,0.895
2022-10-23,88.111,76.000,100.000,1.924,0.000,4.000,8.744,8.200,9.400,2.922,0.200,6.500,704.600,703.600,705.400,1.500,9.000,9.000,1.000,1.000,1.000,1.000,0.170,0.011,0.178,0.060,94.778,5.244,1.500,0.048,9.900,10.040,0.986
2022-10-24,59.556,46.000,100.000,7.806,0.000,11.000,8.478,7.500,9.200,1.267,0.800,1.800,704.878,704.200,705.400,0.000,9.000,9.000,0.921,0.730,0.990,0.592,0.052,0.807,0.816,0.661,84.444,0.889,0.600,0.013,10.060,10.060,1.000
2022-10-25,57.667,51.000,64.000,7.890,6.410,9.510,8.056,7.500,8.700,1.633,0.500,2.300,704.700,704.000,705.200,0.000,9.000,9.000,0.948,0.840,1.000,0.563,0.008,0.909,0.910,0.767,87.556,2.700,0.000,0.000,10.070,10.070,1.000
2022-10-26,71.333,68.000,76.000,4.887,3.960,5.570,7.911,7.400,8.400,6.322,5.100,7.600,703.678,702.900,704.400,0.000,9.000,9.000,0.457,0.220,0.830,0.457,0.052,0.000,0.052,0.030,89.111,4.189,0.200,0.012,10.090,10.090,1.000
2022-10-27,90.444,76.000,100.000,1.544,0.000,3.940,6.000,5.300,7.100,7.822,6.300,8.700,704.011,703.400,704.700,0.000,9.000,9.000,0.262,0.230,0.330,0.260,0.033,0.000,0.033,0.010,87.111,4.089,0.000,0.050,10.050,10.110,0.993
2022-10-28,100.000,100.000,100.000,0.000,0.000,0.000,6.756,6.000,7.300,8.411,6.900,11.100,704.344,703.600,705.200,2.500,9.000,9.000,0.378,0.230,0.470,0.348,0.102,0.002,0.104,0.040,85.667,4.811,0.000,0.113,9.220,10.130,0.910
2022-10-29,100.000,100.000,100.000,0.000,0.000,0.000,6.378,5.700,7.300,10.111,3.900,12.500,702.356,701.700,703.100,1.500,9.000,9.000,0.951,0.810,1.000,0.499,0.038,0.900,0.907,0.581,89.333,4.744,0.100,0.196,8.270,10.150,0.815
2022-10-30,100.000,100.000,100.000,0.000,0.000,0.000,8.478,7.600,9.200,4.233,0.500,8.900,700.289,699.600,700.900,12.500,9.000,9.000,1.000,1.000,1.000,0.864,0.886,0.999,1.000,1.000,94.667,5.789,11.300,0.296,7.220,10.170,0.711
2022-10-31,100.000,100.000,100.000,0.000,0.000,0.000,7.411,7.000,7.900,6.967,2.500,10.700,700.722,700.000,701.300,21.500,9.000,9.000,1.000,1.000,1.000,0.650,0.926,1.000,1.000,1.000,95.333,4.378,16.200,0.406,6.130,10.180,0.602
2022-11-01,95.222,80.000,100.000,0.759,0.000,3.280,7.178,5.900,9.500,3.900,1.100,9.100,701.956,701.100,702.800,0.500,9.000,9.000,0.996,0.980,1.000,0.547,0.239,0.991,0.994,0.965,91.222,3.967,1.000,0.520,5.030,10.200,0.493
2022-11-02,89.556,77.000,97.000,1.652,0.450,3.830,8.622,8.000,9.300,2.578,1.400,4.000,703.811,703.400,704.200,0.000,9.000,9.000,0.722,0.250,1.000,0.323,0.174,0.584,0.648,0.150,96.667,5.211,0.100,0.632,3.970,10.220,0.388
2022-11-03,91.667,58.000,100.000,1.484,0.000,7.730,8.211,7.300,9.000,2.944,2.200,3.500,705.211,704.600,705.700,2.500,9.000,9.000,0.927,0.860,1.000,0.862,0.142,0.299,0.371,0.050,96.444,5.378,1.200,0.736,2.950,10.230,0.288
2022-11-04,100.000,100.000,100.000,0.000,0.000,0.000,7.378,6.900,7.700,4.133,2.800,6.300,705.356,704.600,706.100,5.500,9.000,9.000,0.921,0.700,1.000,0.844,0.273,0.130,0.347,0.120,93.222,4.056,2.300,0.827,1.980,10.250,0.193
2022-11-05,100.000,100.000,100.000,0.000,0.000,0.000,6.522,5.700,7.100,3.922,2.000,5.500,705.322,704.400,706.000,6.500,9.000,9.000,0.893,0.560,1.000,0.881,0.461,0.009,0.466,0.337,97.111,2.933,1.000,0.901,1.030,10.270,0.100
2022-11-06,100.000,100.000,100.000,0.000,0.000,0.000,6.256,6.000,6.500,2.800,2.300,3.500,705.211,704.600,705.700,0.000,9.000,9.000,0.550,0.250,1.000,0.512,0.180,0.007,0.185,0.110,98.111,2.778,0.100,0.956,0.090,10.280,0.009
2022-11-07,98.333,90.000,100.000,0.252,0.000,1.530,6.189,5.600,6.900,1.933,0.500,3.400,705.489,704.900,705.900,0.000,9.000,9.000,0.277,0.190,0.350,0.173,0.164,0.029,0.188,0.130,88.111,4.456,0.500,0.989,0.000,10.300,0.000
2022-11-08,87.556,82.000,100.000,1.968,0.000,2.880,7.067,5.600,7.500,2.022,1.000,2.800,706.189,705.600,706.500,0.500,9.000,9.000,0.279,0.160,0.540,0.233,0.138,0.002,0.139,0.090,93.667,4.822,0.100,1.000,0.000,10.310,0.000
2022-11-09,79.444,74.000,84.000,3.344,2.530,4.360,7.711,6.900,8.300,1.944,0.000,3.800,706.333,705.800,706.800,0.000,9.000,9.000,0.379,0.070,0.860,0.363,0.043,0.000,0.043,0.020,88.222,5.189,0.000,0.990,0.000,10.330,0.000
2022-11-10,81.556,74.000,84.000,2.996,2.560,4.380,8.856,8.600,9.100,2.089,0.500,3.800,706.067,705.500,706.500,0.000,9.000,9.000,0.266,0.170,0.430,0.266,0.091,0.000,0.091,0.060,91.000,6.022,0.500,0.961,0.000,10.340,0.000
2022-11-11,57.222,54.000,63.000,8.022,6.670,8.820,8.822,8.400,9.500,6.322,4.300,8.000,706.033,705.200,706.900,0.000,9.000,9.000,0.763,0.130,1.000,0.763,0.038,0.000,0.038,0.020,93.000,6.033,0.000,0.914,0.720,10.360,0.069
2022-11-12,29.556,11.000,54.000,19.026,8.750,29.160,8.856,8.000,9.800,5.700,4.900,7.500,706.133,705.600,706.600,0.000,9.000,9.000,0.141,0.040,0.220,0.140,0.011,0.000,0.011,0.000,74.778,5.722,0.000,0.853,1.550,10.370,0.150
2022-11-13,32.556,28.000,39.000,15.522,13.070,17.410,7.744,7.300,8.200,5.100,4.400,6.100,706.411,705.700,707.000,0.000,9.000,9.000,0.252,0.190,0.380,0.252,0.001,0.000,0.001,0.000,82.667,5.422,0.000,0.780,2.440,10.390,0.235
2022-11-14,45.111,32.000,57.000,11.421,7.970,15.830,7.389,6.400,8.900,4.822,2.600,6.300,704.889,704.100,705.600,0.000,9.000,9.000,0.161,0.010,0.300,0.161,0.001,0.000,0.001,0.000,73.222,5.022,0.000,0.697,3.340,10.400,0.321
2022-11-15,96.444,86.000,100.000,0.543,0.000,2.180,6.033,5.600,7.000,4.289,2.800,5.300,704.133,703.500,704.800,0.000,9.000,9.000,0.260,0.170,0.420,0.106,0.206,0.004,0.208,0.120,92.556,3.522,0.300,0.607,4.250,10.410,0.409
2022-11-16,66.111,53.000,91.000,6.004,1.360,8.930,6.567,5.900,7.600,4.433,1.900,6.400,704.211,703.500,704.900,0.000,9.000,9.000,0.359,0.060,0.910,0.358,0.078,0.009,0.086,0.000,89.000,4.856,0.400,0.513,5.160,10.430,0.495
2022-11-17,38.333,33.000,54.000,13.527,8.710,15.340,7.922,7.200,8.600,3.878,3.200,5.100,705.611,705.300,705.900,0.000,9.000,9.000,0.170,0.070,0.900,0.161,0.020,0.000,0.020,0.010,89.556,3.733,0.000,0.417,6.050,10.440,0.580
2022-11-18,59.444,58.000,62.000,7.452,6.830,7.770,8.300,7.800,8.900,2.933,0.000,4.500,705.967,705.100,706.600,0.000,9.000,9.000,0.196,0.170,0.230,0.196,0.010,0.001,0.011,0.000,86.778,5.567,0.000,0.322,6.950,10.450,0.665
2022-11-19,50.667,38.000,66.000,9.952,5.990,13.510,8.478,8.200,9.000,3.856,2.500,5.000,704.544,703.800,705.200,0.000,9.000,9.000,0.166,0.120,0.180,0.160,0.137,0.019,0.153,0.020,82.667,5.733,6.200,0.232,7.850,10.460,0.750
2022-11-20,71.444,56.000,85.000,4.950,2.360,8.290,8.067,7.300,8.600,3.089,2.500,3.600,704.533,704.100,704.900,0.000,9.000,9.000,0.203,0.140,0.270,0.199,0.053,0.000,0.053,0.000,81.556,5.133,0.000,0.150,8.780,10.470,0.838
2022-11-21,89.556,74.000,100.000,1.686,0.000,4.370,8.289,7.700,8.900,2.522,0.300,4.700,705.011,704.200,705.600,0.000,9.000,9.000,0.967,0.910,0.990,0.278,0.338,0.942,0.962,0.901,87.889,6.133,0.000,0.081,9.760,10.490,0.931
2022-11-22,100.000,100.000,100.000,0.000,0.000,0.000,7.778,7.400,8.200,5.811,4.100,7.100,704.322,704.100,704.600,7.000,9.000,9.000,0.602,0.360,1.000,0.426,0.183,0.376,0.489,0.286,94.444,4.289,0.000,0.031,10.500,10.500,1.000
2022-11-23,100.000,100.000,100.000,0.000,0.000,0.000,8.500,8.000,8.700,5.467,3.600,8.000,704.511,703.600,705.100,24.000,9.000,9.000,0.996,0.980,1.000,0.990,0.349,0.418,0.643,0.389,99.333,5.200,2.500,0.004,10.510,10.510,1.000
2022-11-24,100.000,100.000,100.000,0.000,0.000,0.000,8.289,7.600,8.700,5.967,4.700,7.000,705.289,704.700,705.600,13.000,9.000,9.000,0.983,0.930,1.000,0.842,0.861,0.809,0.957,0.854,99.556,5.133,0.500,0.004,10.520,10.520,1.000
2022-11-25,100.000,100.000,100.000,0.000,0.000,0.000,7.133,6.500,7.600,6.867,4.100,9.400,703.589,702.600,704.400,19.000,9.000,9.000,0.880,0.680,0.970,0.851,0.539,0.020,0.547,0.218,95.222,5.100,11.700,0.032,10.530,10.530,1.000
2022-11-26,100.000,100.000,100.000,0.000,0.000,0.000,5.600,4.700,6.100,6.756,5.400,8.100,703.233,702.800,703.700,1.000,9.000,9.000,0.448,0.290,0.600,0.273,0.346,0.036,0.367,0.240,90.111,4.078,1.200,0.087,9.680,10.540,0.919
2022-11-27,99.000,93.000,100.000,0.149,0.000,1.050,6.267,5.600,6.800,7.200,5.500,8.500,703.333,702.800,703.800,0.500,9.000,9.000,0.180,0.010,0.450,0.063,0.007,0.129,0.135,0.000,83.556,4.400,0.000,0.166,8.560,10.550,0.812
2022-11-28,56.000,51.000,68.000,8.348,5.560,9.600,8.678,8.300,8.900,6.667,5.500,7.600,705.522,705.000,706.200,0.000,9.000,9.000,0.090,0.050,0.170,0.076,0.008,0.013,0.021,0.000,57.444,6.667,0.000,0.262,7.430,10.560,0.704
2022-11-29,40.556,34.000,48.000,12.768,10.330,15.050,8.622,7.600,9.400,6.367,5.700,7.000,705.978,705.300,706.700,0.000,9.000,9.000,0.561,0.270,0.920,0.353,0.020,0.254,0.265,0.000,86.778,5.833,0.000,0.370,6.330,10.560,0.600
2022-11-30,100.000,100.000,100.000,0.000,0.000,0.000,7.233,7.000,7.400,4.900,3.300,6.500,705.300,704.600,706.000,1.000,9.000,9.000,0.992,0.980,1.000,0.991,0.203,0.043,0.233,0.080,97.222,2.011,1.500,0.482,5.300,10.570,0.501
2022-12-01,100.000,100.000,100.000,0.000,0.000,0.000,6.460,6.200,6.600,6.280,5.400,7.400,704.720,704.400,705.000,0.000,8.000,5.000,0.910,0.830,1.000,0.901,0.130,0.007,0.136,0.040,98.667,2.300,1.300,0.592,4.320,10.580,0.408
2022-12-02,99.778,98.000,100.000,0.032,0.000,0.290,5.822,5.600,6.100,5.067,3.000,6.700,704.922,704.000,705.600,0.000,9.000,9.000,0.353,0.120,0.900,0.244,0.091,0.110,0.197,0.069,95.556,2.600,0.000,0.696,3.380,10.590,0.319
2022-12-03,75.111,58.000,89.000,4.162,1.680,7.640,6.133,5.800,6.500,5.200,4.500,6.100,704.967,704.400,705.600,0.000,9.000,9.000,0.220,0.180,0.270,0.220,0.012,0.000,0.012,0.000,78.556,4.589,0.000,0.789,2.450,10.600,0.232
2022-12-04,60.778,25.000,77.000,7.636,3.750,18.820,6.867,5.900,7.600,4.022,2.700,5.200,704.922,703.800,705.700,0.000,9.000,9.000,0.472,0.350,0.830,0.449,0.143,0.014,0.155,0.050,92.667,4.278,0.900,0.867,1.540,10.600,0.145
2022-12-05,85.111,58.000,100.000,2.452,0.000,7.640,4.189,2.900,5.900,5.500,4.400,6.700,702.644,701.600,703.500,0.000,9.000,9.000,0.576,0.470,0.900,0.443,0.359,0.001,0.359,0.240,91.667,1.344,1.500,0.928,0.610,10.610,0.057
2022-12-06,100.000,100.000,100.000,0.000,0.000,0.000,2.333,1.700,3.100,6.344,5.400,7.400,701.667,701.200,702.100,0.000,9.000,9.000,0.904,0.760,1.000,0.900,0.053,0.000,0.053,0.020,95.889,0.633,0.700,0.971,0.000,10.620,0.000
2022-12-07,40.111,23.000,94.000,13.512,0.860,19.620,4.156,1.700,6.000,2.800,1.500,4.000,702.422,701.600,703.100,0.000,9.000,9.000,0.243,0.120,0.420,0.230,0.059,0.000,0.059,0.010,92.889,0.244,0.000,0.994,0.000,10.620,0.000
2022-12-08,25.000,18.000,49.000,19.062,9.810,22.620,5.589,4.600,6.200,6.022,3.900,7.400,700.600,699.700,701.300,0.000,9.000,9.000,0.303,0.150,0.390,0.302,0.008,0.000,0.008,0.000,92.222,1.311,0.000,0.999,0.000,10.630,0.000
2022-12-09,10.111,7.000,15.000,29.701,24.700,33.620,6.056,5.600,7.000,4.844,2.200,6.100,698.789,698.400,699.100,0.000,9.000,9.000,0.281,0.200,0.390,0.277,0.013,0.000,0.013,0.000,87.556,0.656,0.000,0.984,0.000,10.630,0.000
2022-12-10,95.556,84.000,100.000,0.659,0.000,2.450,3.278,2.300,4.200,2.911,0.800,5.400,699.311,698.900,699.600,0.000,9.000,9.000,0.331,0.200,0.470,0.294,0.114,0.000,0.114,0.020,87.333,1.356,0.000,0.952,0.290,10.640,0.027
2022-12-11,94.333,83.000,100.000,0.841,0.000,2.640,2.078,0.400,4.500,1.944,0.000,5.000,699.189,698.500,699.700,0.000,9.000,9.000,0.408,0.300,0.540,0.351,0.258,0.000,0.258,0.220,78.556,-0.833,0.600,0.904,1.180,10.640,0.111
2022-12-12,100.000,100.000,100.000,0.000,0.000,0.000,4.944,4.800,5.100,4.967,3.200,7.100,700.811,700.600,701.200,0.500,9.000,9.000,0.887,0.530,0.980,0.850,0.531,0.000,0.531,0.410,91.889,0.200,0.800,0.842,2.080,10.640,0.195
2022-12-13,100.000,100.000,100.000,0.000,0.000,0.000,4.867,4.400,5.500,6.378,5.000,7.700,702.767,702.300,703.200,0.000,9.000,9.000,0.608,0.280,0.980,0.598,0.199,0.000,0.199,0.120,92.111,0.089,1.200,0.768,2.970,10.650,0.279
2022-12-14,100.000,100.000,100.000,0.000,0.000,0.000,6.189,5.100,6.600,6.689,5.300,7.800,702.822,702.400,703.100,1.500,9.000,9.000,0.859,0.710,0.940,0.833,0.350,0.000,0.350,0.070,98.000,-1.567,0.900,0.684,3.850,10.650,0.361
2022-12-15,100.000,100.000,100.000,0.000,0.000,0.000,6.233,5.800,6.700,7.022,5.700,8.300,702.656,701.900,703.200,0.500,9.000,9.000,0.647,0.260,0.910,0.593,0.262,0.000,0.262,0.030,98.667,1.056,0.000,0.592,4.710,10.650,0.442
2022-12-16,100.000,100.000,100.000,0.000,0.000,0.000,5.433,5.000,5.900,5.722,4.100,7.200,703.100,702.500,703.400,6.000,9.000,9.000,0.611,0.420,0.930,0.534,0.360,0.011,0.368,0.250,90.556,2.289,2.100,0.495,5.580,10.660,0.523
2022-12-17,100.000,100.000,100.000,0.000,0.000,0.000,0.111,-0.900,1.800,5.533,3.900,6.700,700.722,699.900,701.400,4.000,9.000,9.000,0.996,0.980,1.000,0.993,0.692,0.002,0.693,0.310,98.667,-5.444,2.900,0.395,6.460,10.660,0.606
2022-12-18,12.444,8.000,25.000,25.989,15.660,30.530,0.344,-1.700,1.400,3.411,2.000,4.400,699.467,699.100,700.100,0.000,9.000,9.000,0.301,0.080,0.520,0.301,0.066,0.000,0.066,0.030,82.000,-5.722,0.100,0.297,7.380,10.660,0.692
2022-12-19,41.222,33.000,53.000,11.886,8.520,14.530,0.822,0.500,1.200,2.733,1.500,3.900,700.544,700.100,700.900,0.000,9.000,9.000,0.333,0.260,0.420,0.333,0.079,0.002,0.081,0.020,85.667,-3.733,0.500,0.204,8.360,10.660,0.784
2022-12-20,80.778,65.000,98.000,2.828,0.240,5.850,-1.244,-3.600,1.000,4.633,4.100,5.100,698.544,697.400,699.600,0.000,9.000,9.000,0.831,0.630,0.980,0.534,0.026,0.648,0.657,0.340,93.111,-1.733,0.100,0.122,9.410,10.660,0.883
2022-12-21,57.778,15.000,99.000,7.646,0.120,21.050,-1.989,-3.000,-1.200,6.778,3.900,10.200,695.300,694.900,695.700,0.000,9.000,9.000,0.593,0.330,0.770,0.223,0.078,0.491,0.532,0.255,79.222,-3.633,1.100,0.057,10.530,10.660,0.988
2022-12-22,15.889,7.000,43.000,22.061,9.690,28.820,-1.933,-2.600,-0.200,4.111,2.600,5.500,696.544,696.100,696.900,0.000,9.000,9.000,0.211,0.170,0.260,0.211,0.073,0.000,0.073,0.020,70.000,-6.856,0.500,0.015,10.660,10.660,1.000
2022-12-23,37.333,20.000,53.000,11.597,7.330,17.640,-4.111,-5.700,-2.700,4.811,3.200,5.900,697.133,696.700,697.400,0.000,9.000,9.000,0.169,0.160,0.170,0.169,0.086,0.000,0.086,0.060,64.778,-7.756,0.600,0.001,10.660,10.660,1.000
2022-12-24,7.333,2.000,25.000,34.181,15.500,44.500,-0.444,-3.100,1.000,1.767,1.200,2.300,698.744,698.500,698.900,0.000,9.000,9.000,0.090,0.020,0.170,0.088,0.033,0.000,0.033,0.000,64.556,-9.011,0.000,0.017,10.660,10.660,1.000
2022-12-25,15.000,7.000,22.000,24.630,19.380,32.100,2.200,0.900,4.000,5.489,2.000,7.700,700.900,700.200,701.400,0.000,9.000,9.000,0.300,0.130,0.530,0.256,0.058,0.080,0.133,0.040,74.778,-5.933,0.100,0.063,9.990,10.660,0.937
2022-12-26,48.000,33.000,56.000,9.846,7.760,14.730,0.944,-0.100,2.900,3.278,2.100,5.300,701.633,701.200,701.900,0.000,9.000,9.000,0.279,0.160,0.380,0.279,0.077,0.000,0.077,0.040,88.556,-3.800,0.300,0.133,8.820,10.660,0.828
2022-12-27,72.111,61.000,82.000,4.279,2.370,6.660,-0.278,-1.200,0.500,2.022,1.100,3.100,702.500,702.000,702.900,0.000,9.000,9.000,0.224,0.160,0.300,0.216,0.102,0.000,0.102,0.060,90.667,-3.367,0.500,0.224,7.720,10.660,0.724
2022-12-28,99.889,99.000,100.000,0.016,0.000,0.140,0.711,0.300,0.900,2.344,0.800,4.000,704.178,703.400,704.700,0.500,9.000,9.000,0.764,0.490,0.990,0.751,0.399,0.000,0.399,0.210,88.111,-0.889,1.300,0.326,6.680,10.650,0.627
2022-12-29,99.111,98.000,100.000,0.124,0.000,0.280,2.133,1.500,2.400,2.211,0.300,4.000,704.867,704.400,705.100,1.000,9.000,9.000,0.866,0.730,0.970,0.526,0.750,0.052,0.763,0.658,95.222,-1.422,0.200,0.435,5.700,10.650,0.536
2022-12-30,37.444,23.000,96.000,14.829,0.570,19.390,3.767,2.000,4.900,1.989,0.400,3.200,705.089,704.200,705.800,0.000,9.000,9.000,0.241,0.130,0.470,0.212,0.044,0.003,0.048,0.010,86.000,-2.233,0.000,0.543,4.760,10.650,0.447
2022-12-31,100.000,100.000,100.000,0.000,0.000,0.000,2.356,2.100,2.600,2.067,1.000,3.400,705.833,705.100,706.500,2.500,9.000,9.000,0.690,0.350,0.970,0.367,0.646,0.000,0.646,0.250,82.667,-0.922,1.300,0.646,3.840,10.640,0.361
2023-01-01,99.556,96.000,100.000,0.064,0.000,0.580,4.322,3.200,5.000,2.511,0.800,4.200,705.956,704.800,706.700,1.500,9.000,9.000,0.911,0.710,0.970,0.628,0.790,0.014,0.793,0.600,96.444,0.578,1.200,0.740,2.920,10.640,0.274
2023-01-02,79.889,70.000,90.000,3.188,1.470,4.970,3.144,1.900,4.100,3.511,2.300,4.200,705.444,704.600,706.100,0.000,9.000,9.000,0.751,0.450,1.000,0.706,0.154,0.090,0.228,0.090,99.778,-0.378,0.400,0.822,1.990,10.630,0.187
2023-01-03,95.222,84.000,100.000,0.699,0.000,2.410,1.533,1.100,2.700,5.200,3.100,6.700,704.244,703.500,704.700,0.000,9.000,9.000,0.381,0.240,0.440,0.372,0.101,0.000,0.101,0.050,95.778,-0.311,0.700,0.890,1.050,10.630,0.099
2023-01-04,88.222,34.000,100.000,2.272,0.000,14.430,0.789,-0.400,3.600,4.178,3.500,4.700,704.778,704.400,705.200,0.000,8.000,9.000,0.409,0.140,0.900,0.376,0.057,0.079,0.133,0.040,94.222,-1.367,0.000,0.943,0.130,10.620,0.012
2023-01-05,19.667,13.000,26.000,21.587,17.790,26.280,5.044,3.800,5.700,6.200,3.100,8.700,705.233,704.100,706.100,0.000,9.000,9.000,0.186,0.090,0.220,0.181,0.076,0.009,0.084,0.060,84.889,1.289,0.600,0.978,0.000,10.620,0.000
2023-01-06,100.000,100.000,100.000,0.000,0.000,0.000,0.544,0.100,1.100,7.644,6.400,8.800,703.122,702.100,703.700,0.000,9.000,9.000,0.418,0.220,0.580,0.347,0.193,0.000,0.193,0.100,85.444,0.878,1.200,0.996,0.000,10.610,0.000
2023-01-07,99.444,95.000,100.000,0.079,0.000,0.710,1.100,0.600,1.500,6.811,5.700,7.400,703.233,702.800,703.600,0.500,8.000,9.000,0.688,0.530,0.850,0.331,0.547,0.067,0.575,0.350,82.333,0.611,0.000,0.996,0.000,10.610,0.000
2023-01-08,58.889,19.000,99.000,9.717,0.140,22.160,3.500,1.000,7.300,3.111,1.500,5.300,704.922,704.300,705.400,0.000,9.000,9.000,0.644,0.510,0.760,0.117,0.584,0.021,0.593,0.396,80.000,1.433,4.100,0.979,0.000,10.600,0.000
2023-01-09,100.000,100.000,100.000,0.000,0.000,0.000,3.622,3.500,3.700,2.800,1.500,3.900,703.800,702.900,704.500,7.000,9.000,9.000,0.841,0.440,1.000,0.769,0.767,0.000,0.767,0.280,95.444,1.489,5.800,0.944,0.630,10.590,0.060
2023-01-10,100.000,100.000,100.000,0.000,0.000,0.000,3.056,2.800,3.300,5.111,3.700,6.400,702.378,701.700,703.000,1.000,9.000,9.000,0.747,0.390,1.000,0.561,0.621,0.000,0.621,0.260,94.222,1.567,2.000,0.894,1.510,10.580,0.143
2023-01-11,88.333,75.000,98.000,1.797,0.290,4.060,4.511,4.100,4.800,2.822,0.500,5.500,703.022,702.100,703.600,0.000,9.000,9.000,0.601,0.540,0.670,0.388,0.529,0.000,0.529,0.380,85.444,2.789,1.000,0.829,2.370,10.580,0.224
2023-01-12,84.444,74.000,93.000,2.480,1.040,4.320,6.467,5.600,7.100,6.400,3.300,8.800,702.933,702.000,703.600,0.000,9.000,9.000,0.138,0.070,0.230,0.128,0.020,0.000,0.020,0.000,93.667,1.522,0.000,0.752,3.220,10.570,0.304
2023-01-13,65.111,59.000,71.000,6.093,4.860,7.440,6.078,5.900,6.400,7.667,7.000,8.600,701.022,700.100,702.000,0.000,9.000,9.000,0.337,0.050,0.630,0.080,0.303,0.002,0.304,0.020,80.333,4.011,0.000,0.663,4.070,10.560,0.385
2023-01-14,72.000,26.000,100.000,5.478,0.000,17.930,3.556,1.800,4.800,5.800,4.900,6.700,699.756,699.100,700.400,0.000,9.000,9.000,0.177,0.110,0.260,0.151,0.089,0.000,0.089,0.060,81.667,3.700,0.000,0.567,4.940,10.550,0.468
2023-01-15,100.000,100.000,100.000,0.000,0.000,0.000,0.456,-0.600,1.600,8.711,7.200,9.600,698.689,698.200,699.000,0.000,9.000,9.000,0.919,0.370,1.000,0.919,0.101,0.000,0.101,0.080,96.222,-0.389,1.400,0.464,5.860,10.540,0.555
2023-01-16,100.000,100.000,100.000,0.000,0.000,0.000,-0.711,-1.200,-0.300,9.900,9.600,10.200,699.678,698.700,700.200,0.000,9.000,9.000,0.910,0.690,1.000,0.910,0.090,0.000,0.090,0.070,98.778,-2.344,0.800,0.360,6.830,10.530,0.649
2023-01-17,63.111,34.000,94.000,6.677,0.740,14.080,-0.389,-1.100,0.500,6.356,5.800,7.600,702.400,702.000,702.800,0.000,9.000,9.000,0.224,0.180,0.270,0.224,0.060,0.000,0.060,0.040,85.667,-1.289,0.700,0.258,7.880,10.520,0.749
2023-01-18,99.889,99.000,100.000,0.016,0.000,0.140,0.344,0.100,0.900,8.744,7.800,9.200,702.022,701.100,702.600,0.000,9.000,9.000,0.176,0.140,0.200,0.151,0.038,0.036,0.073,0.010,78.778,-1.944,0.200,0.166,9.000,10.510,0.856
2023-01-19,84.222,78.000,92.000,2.306,1.000,3.390,0.056,-0.600,0.400,7.200,5.200,8.100,702.867,702.600,703.200,0.000,9.000,9.000,0.149,0.100,0.190,0.143,0.072,0.000,0.072,0.030,73.444,-1.844,0.200,0.088,10.130,10.500,0.965
2023-01-20,98.222,93.000,100.000,0.252,0.000,1.000,1.233,0.900,1.600,5.600,4.800,6.400,702.500,701.700,703.300,0.000,9.000,9.000,0.441,0.380,0.540,0.412,0.263,0.000,0.263,0.130,83.333,-0.822,1.700,0.032,10.490,10.490,1.000
2023-01-21,67.111,48.000,100.000,5.776,0.000,10.060,2.756,1.200,4.300,5.567,4.000,7.100,702.022,701.800,702.300,0.000,9.000,9.000,0.214,0.180,0.250,0.214,0.131,0.000,0.131,0.100,88.000,-0.133,1.300,0.005,10.480,10.480,1.000
2023-01-22,100.000,100.000,100.000,0.000,0.000,0.000,1.133,0.500,1.800,10.489,8.300,12.000,700.133,699.500,700.800,0.000,9.000,9.000,0.138,0.050,0.180,0.132,0.054,0.000,0.054,0.010,68.111,2.233,0.300,0.007,10.470,10.470,1.000
2023-01-23,99.556,98.000,100.000,0.053,0.000,0.240,-0.056,-1.300,1.900,9.133,7.400,10.400,698.722,697.800,700.200,0.000,9.000,9.000,0.244,0.170,0.350,0.230,0.072,0.054,0.123,0.060,86.667,0.500,1.300,0.040,10.150,10.450,0.971
2023-01-24,98.556,98.000,99.000,0.173,0.120,0.240,-3.444,-3.900,-3.200,13.117,9.700,18.300,697.222,696.100,697.900,0.000,9.000,9.000,0.286,0.230,0.360,0.271,0.063,0.152,0.206,0.145,72.778,-7.556,1.100,0.100,9.030,10.440,0.864
2023-01-25,26.778,23.000,33.000,17.413,14.560,19.310,3.044,1.500,4.000,8.333,7.600,9.400,698.489,698.200,698.800,0.500,9.000,9.000,0.332,0.140,0.680,0.329,0.057,0.002,0.059,0.020,87.111,-4.233,0.900,0.181,7.970,10.430,0.765
2023-01-26,67.333,36.000,99.000,6.539,0.120,13.560,-0.778,-3.700,2.200,8.371,7.400,10.100,699.200,698.300,699.800,0.000,9.000,9.000,0.398,0.170,0.700,0.141,0.070,0.301,0.354,0.060,82.556,-2.922,0.700,0.276,6.970,10.420,0.669
2023-01-27,98.889,98.000,99.000,0.133,0.120,0.240,-3.789,-4.300,-3.200,,,,695.633,694.600,697.000,0.000,9.000,9.000,0.553,0.250,1.000,0.524,0.083,0.124,0.197,0.080,83.444,-7.656,1.700,0.378,6.000,10.400,0.577
2023-01-28,27.556,9.000,50.000,17.400,7.890,29.250,0.044,-4.700,3.200,2.989,1.400,4.600,697.689,696.900,698.300,0.000,9.000,9.000,0.510,0.210,0.880,0.493,0.101,0.041,0.138,0.080,88.667,-7.189,0.600,0.482,5.050,10.390,0.486
2023-01-29,18.333,8.000,53.000,23.810,8.500,30.930,1.556,0.600,2.200,2.911,1.200,3.800,700.411,699.900,700.800,0.000,9.000,9.000,0.184,0.120,0.280,0.183,0.058,0.000,0.058,0.000,82.667,-5.911,0.100,0.584,4.100,10.380,0.395
2023-01-30,5.556,4.000,8.000,35.444,30.860,39.190,3.522,1.200,5.700,4.622,1.200,7.900,702.144,701.900,702.500,0.000,9.000,9.000,0.163,0.130,0.210,0.163,0.000,0.000,0.000,0.000,54.111,-3.300,0.000,0.680,3.150,10.360,0.304
2023-01-31,25.333,6.000,85.000,22.729,2.230,34.820,3.622,0.400,5.700,7.067,5.900,9.900,700.600,699.600,701.400,0.000,9.000,9.000,0.214,0.030,0.480,0.214,0.001,0.000,0.001,0.000,73.222,-2.467,0.000,0.766,2.210,10.350,0.213
2023-02-01,63.556,43.000,100.000,6.630,0.000,11.450,2.633,1.200,3.800,8.311,7.200,9.700,701.711,701.400,701.900,0.000,9.000,9.000,0.111,0.050,0.170,0.110,0.034,0.000,0.034,0.000,79.444,-1.333,0.000,0.842,1.290,10.330,0.125
2023-02-02,36.778,19.000,70.000,14.348,4.910,22.240,5.389,2.200,7.800,7.289,5.800,8.000,702.078,701.100,703.000,0.000,9.000,9.000,0.176,0.170,0.210,0.176,0.044,0.000,0.044,0.000,75.222,0.789,0.400,0.904,0.430,10.320,0.042
2023-02-03,74.556,50.000,100.000,4.490,0.000,9.590,2.911,1.600,5.200,6.489,4.800,8.200,701.522,700.700,702.100,0.000,9.000,9.000,0.259,0.180,0.420,0.199,0.133,0.000,0.133,0.060,90.444,0.900,1.100,0.951,0.000,10.300,0.000
2023-02-04,100.000,100.000,100.000,0.000,0.000,0.000,2.767,2.300,3.100,4.800,3.800,6.000,701.689,700.900,702.400,0.500,9.000,9.000,0.856,0.800,0.930,0.350,0.830,0.137,0.854,0.780,97.667,0.189,13.500,0.983,0.000,10.290,0.000
2023-02-05,100.000,100.000,100.000,0.000,0.000,0.000,4.489,4.100,4.800,5.511,4.800,6.400,701.478,701.100,701.900,0.000,9.000,9.000,0.617,0.530,0.730,0.424,0.517,0.039,0.538,0.358,94.444,1.322,2.200,0.997,0.000,10.270,0.000
2023-02-06,100.000,100.000,100.000,0.000,0.000,0.000,3.656,2.800,4.200,7.589,5.800,9.300,700.344,699.900,700.800,1.000,9.000,9.000,0.488,0.160,0.980,0.163,0.359,0.069,0.413,0.040,87.333,3.378,0.600,0.994,0.000,10.250,0.000
2023-02-07,100.000,100.000,100.000,0.000,0.000,0.000,3.767,2.800,4.400,5.478,4.800,6.100,702.867,702.400,703.400,0.000,9.000,9.000,0.194,0.170,0.210,0.190,0.088,0.000,0.088,0.050,77.444,2.689,1.600,0.973,0.030,10.240,0.003
2023-02-08,73.778,69.000,82.000,4.282,2.780,5.210,3.911,3.300,4.700,5.500,4.500,6.700,703.356,702.800,703.700,0.000,9.000,9.000,0.188,0.160,0.230,0.166,0.082,0.000,0.082,0.040,72.333,2.533,0.100,0.934,0.880,10.220,0.086
2023-02-09,92.444,75.000,100.000,1.174,0.000,4.050,3.856,3.400,4.500,4.811,3.800,5.800,703.211,702.500,703.700,0.000,9.000,9.000,0.139,0.050,0.200,0.106,0.064,0.000,0.064,0.020,62.111,3.956,0.000,0.879,1.730,10.200,0.170
2023-02-10,88.889,80.000,100.000,1.707,0.000,3.140,3.922,3.700,4.100,6.967,6.400,7.700,702.278,701.700,702.600,0.000,9.000,9.000,0.269,0.180,0.490,0.219,0.150,0.000,0.150,0.040,86.222,3.633,0.700,0.808,2.590,10.190,0.254
2023-02-11,44.889,37.000,69.000,11.311,5.220,13.600,5.578,4.900,5.900,6.778,6.500,7.200,703.333,702.600,703.800,0.000,9.000,9.000,0.153,0.120,0.180,0.149,0.049,0.001,0.050,0.020,42.111,5.367,0.300,0.724,3.480,10.170,0.342
2023-02-12,56.889,32.000,91.000,8.340,1.350,15.340,4.356,4.000,4.800,8.300,6.500,9.700,702.489,701.500,703.200,0.000,9.000,9.000,0.056,0.000,0.190,0.056,0.001,0.000,0.001,0.000,39.778,5.489,0.000,0.628,4.410,10.150,0.434
2023-02-13,96.111,92.000,100.000,0.564,0.000,1.170,3.267,3.000,3.600,8.356,7.700,9.000,701.044,700.500,701.600,0.000,9.000,9.000,0.251,0.170,0.440,0.237,0.141,0.000,0.141,0.040,71.222,3.667,2.400,0.523,5.400,10.130,0.533
2023-02-14,100.000,100.000,100.000,0.000,0.000,0.000,0.811,0.400,1.500,8.756,6.400,10.100,699.744,699.300,700.100,0.000,9.000,9.000,1.000,1.000,1.000,1.000,0.154,0.000,0.154,0.110,93.778,-0.700,2.200,0.415,6.450,10.110,0.638
2023-02-15,9.111,2.000,25.000,33.662,18.380,46.740,6.067,4.600,7.700,2.656,1.000,5.700,703.589,703.000,704.000,0.000,9.000,9.000,0.370,0.190,0.500,0.369,0.060,0.000,0.060,0.040,80.889,-2.944,0.400,0.307,7.540,10.100,0.747
2023-02-16,6.889,4.000,10.000,33.854,29.220,39.190,5.500,5.100,6.000,5.100,4.000,5.700,704.344,703.500,704.800,0.000,9.000,9.000,0.256,0.160,0.340,0.256,0.004,0.000,0.004,0.000,73.444,-0.878,0.000,0.206,8.630,10.080,0.856
2023-02-17,21.667,11.000,35.000,21.364,14.410,28.790,7.111,6.500,8.100,3.378,2.100,4.600,704.311,703.500,704.800,0.000,9.000,9.000,0.180,0.110,0.310,0.164,0.007,0.021,0.028,0.000,80.444,0.033,0.000,0.119,9.640,10.060,0.959
2023-02-18,28.778,6.000,62.000,21.129,6.840,35.610,7.844,7.100,8.800,4.378,3.000,5.800,703.889,703.200,704.300,0.000,9.000,9.000,0.743,0.300,1.000,0.694,0.066,0.370,0.413,0.108,89.333,2.422,0.000,0.053,10.040,10.040,1.000
2023-02-19,64.444,39.000,80.000,6.428,3.170,12.750,4.578,3.500,5.500,5.389,4.400,6.500,701.667,700.700,702.500,0.000,9.000,9.000,0.994,0.980,1.000,0.778,0.061,0.969,0.971,0.905,89.667,0.367,0.400,0.012,10.020,10.020,1.000
2023-02-20,44.889,18.000,81.000,12.267,2.990,22.760,6.022,4.900,7.500,2.778,1.100,5.200,701.711,701.100,702.100,0.000,9.000,9.000,0.747,0.490,0.990,0.318,0.088,0.593,0.625,0.353,83.889,-2.322,0.000,0.002,10.000,10.000,1.000
2023-02-21,45.222,37.000,61.000,10.998,6.810,13.460,4.033,3.300,4.800,4.767,4.500,5.100,702.389,701.800,702.900,0.000,9.000,9.000,0.489,0.240,1.000,0.486,0.054,0.001,0.055,0.030,93.778,-3.811,0.300,0.021,9.980,9.980,1.000
2023-02-22,32.778,22.000,44.000,15.306,10.970,19.880,3.478,1.700,5.000,3.778,3.200,4.600,701.644,700.900,702.300,0.000,9.000,9.000,0.333,0.190,0.540,0.272,0.069,0.077,0.140,0.040,85.333,-0.678,0.100,0.068,9.060,9.960,0.909
2023-02-23,53.111,42.000,68.000,8.834,5.400,11.700,3.911,3.100,5.100,6.333,5.300,7.600,701.378,700.700,702.000,0.000,9.000,9.000,0.190,0.170,0.220,0.189,0.052,0.000,0.052,0.010,74.778,2.311,0.800,0.136,8.030,9.940,0.808
2023-02-24,73.778,64.000,87.000,4.268,1.930,6.080,1.511,1.200,1.900,5.233,4.600,6.100,702.589,702.300,702.800,0.000,9.000,9.000,0.418,0.300,0.510,0.394,0.079,0.048,0.122,0.050,80.778,0.033,0.600,0.221,7.020,9.920,0.708
2023-02-25,100.000,100.000,100.000,0.000,0.000,0.000,0.678,0.000,1.300,5.544,3.600,6.800,704.289,703.500,704.800,0.000,9.000,9.000,0.976,0.950,1.000,0.971,0.298,0.000,0.298,0.190,83.889,-4.144,0.900,0.315,6.030,9.900,0.609
2023-02-26,57.778,40.000,72.000,7.589,4.450,12.270,0.756,0.100,2.600,2.933,0.500,4.900,704.544,703.900,705.000,0.000,9.000,9.000,0.979,0.950,1.000,0.978,0.088,0.000,0.088,0.060,90.889,-3.744,0.500,0.414,5.040,9.880,0.510
2023-02-27,35.444,30.000,53.000,13.979,8.670,15.920,2.222,1.300,3.100,2.744,0.700,5.300,704.589,703.700,705.100,0.000,9.000,9.000,0.322,0.120,0.420,0.319,0.054,0.000,0.054,0.020,93.111,-3.211,0.300,0.514,4.070,9.850,0.413
2023-02-28,36.333,31.000,45.000,13.777,10.880,15.680,4.633,3.400,5.700,3.467,2.200,5.600,704.022,703.200,704.600,0.000,9.000,9.000,0.147,0.040,0.250,0.141,0.014,0.000,0.014,0.010,89.556,-1.422,0.000,0.610,3.120,9.830,0.317
2023-03-01,76.778,70.000,81.000,3.367,2.520,4.320,0.044,-0.800,1.600,5.967,5.800,6.700,703.133,702.300,703.700,0.000,9.000,9.000,0.130,0.020,0.200,0.124,0.047,0.000,0.047,0.010,81.556,-0.144,0.800,0.701,2.230,9.810,0.227
2023-03-02,80.222,60.000,95.000,2.366,0.610,6.030,-1.175,-1.500,-0.800,5.589,3.900,6.600,703.456,702.400,704.200,0.000,9.000,9.000,0.194,0.170,0.230,0.194,0.014,0.000,0.014,0.000,78.444,-2.922,0.400,0.783,1.400,9.790,0.143
2023-03-03,76.444,65.000,94.000,3.342,0.740,5.810,-0.956,-1.800,0.200,4.567,4.200,5.000,703.156,702.300,703.700,0.000,9.000,9.000,0.547,0.250,0.810,0.538,0.127,0.000,0.127,0.070,81.778,-1.822,0.700,0.855,0.650,9.770,0.067
2023-03-04,35.333,7.000,99.000,16.118,0.120,28.700,-1.944,-4.000,-0.800,4.256,3.500,5.700,702.589,701.600,703.100,0.000,9.000,9.000,0.271,0.170,0.340,0.271,0.111,0.000,0.111,0.090,75.111,-2.222,0.300,0.915,0.000,9.750,0.000
2023-03-05,10.889,2.000,37.000,31.448,11.540,45.000,1.533,-0.200,3.200,6.489,3.800,9.900,702.267,701.600,702.800,0.000,9.000,9.000,0.162,0.130,0.180,0.161,0.073,0.000,0.073,0.020,73.667,-4.133,0.500,0.959,0.000,9.720,0.000
2023-03-06,7.111,2.000,15.000,33.869,24.120,44.830,2.578,0.900,3.200,1.689,0.700,2.600,702.878,702.100,703.400,0.000,9.000,9.000,0.169,0.100,0.230,0.169,0.012,0.000,0.012,0.000,71.000,-1.544,0.000,0.988,0.000,9.700,0.000
2023-03-07,30.556,19.000,41.000,15.893,11.850,21.490,2.322,1.500,3.300,1.978,0.400,3.500,702.811,701.800,703.500,0.000,9.000,9.000,0.224,0.170,0.260,0.224,0.009,0.000,0.009,0.000,74.667,-0.878,0.000,0.999,0.000,9.680,0.000
2023-03-08,49.111,32.000,63.000,9.817,6.310,14.860,1.489,0.800,2.200,3.811,1.800,5.500,701.844,700.500,702.800,0.000,9.000,9.000,0.092,0.030,0.210,0.063,0.053,0.000,0.053,0.010,73.889,-0.589,0.000,0.991,0.000,9.650,0.000
2023-03-09,40.222,7.000,99.000,16.704,0.140,32.250,1.811,0.000,3.500,2.778,0.300,5.200,701.578,700.800,702.100,0.000,9.000,9.000,0.227,0.150,0.300,0.224,0.106,0.000,0.106,0.020,78.889,-0.456,0.400,0.963,0.310,9.630,0.032
2023-03-10,27.333,7.000,49.000,18.903,9.740,32.720,4.400,3.400,5.700,2.400,0.500,4.400,702.311,701.700,702.900,0.000,9.000,9.000,0.222,0.180,0.300,0.216,0.117,0.000,0.117,0.060,78.222,2.256,0.000,0.917,1.200,9.610,0.124
2023-03-11,9.000,3.000,22.000,32.110,19.740,41.790,3.700,2.800,4.700,2.778,1.800,3.700,702.478,701.400,703.300,0.000,9.000,9.000,0.283,0.020,0.780,0.066,0.018,0.238,0.251,0.010,75.778,1.656,0.000,0.852,2.120,9.580,0.221
2023-03-12,100.000,100.000,100.000,0.000,0.000,0.000,1.822,1.400,2.200,2.600,1.600,3.300,702.156,700.800,702.900,0.000,9.000,9.000,0.976,0.950,1.000,0.942,0.292,0.000,0.292,0.200,86.111,-0.400,3.200,0.771,3.090,9.560,0.323
2023-03-13,100.000,100.000,100.000,0.000,0.000,0.000,-0.067,-0.300,0.400,7.400,6.100,9.300,698.867,697.900,699.400,1.500,9.000,9.000,1.000,1.000,1.000,1.000,0.673,0.333,0.776,0.510,97.111,-2.100,2.500,0.675,4.110,9.540,0.431
2023-03-14,37.222,8.000,100.000,16.386,0.000,30.880,0.056,-1.700,1.700,8.178,6.800,8.800,699.411,698.800,700.000,0.000,9.000,9.000,0.501,0.100,0.850,0.092,0.057,0.444,0.479,0.089,86.778,-0.900,0.000,0.570,5.170,9.510,0.543
2023-03-15,70.889,67.000,77.000,4.797,3.640,5.580,3.478,3.000,4.000,3.156,2.600,3.800,703.556,702.800,704.200,0.000,9.000,9.000,0.179,0.150,0.240,0.179,0.038,0.000,0.038,0.000,80.444,0.844,0.100,0.458,6.220,9.490,0.656
2023-03-16,76.778,52.000,91.000,3.857,1.320,9.020,3.256,2.600,4.500,4.767,2.200,6.600,703.900,702.400,704.800,0.000,9.000,9.000,0.359,0.210,0.780,0.228,0.101,0.187,0.273,0.100,87.667,2.311,0.400,0.347,7.230,9.460,0.764
2023-03-17,65.222,57.000,75.000,5.970,3.990,7.700,3.711,2.600,4.700,4.200,1.900,6.200,702.544,701.400,703.400,0.000,9.000,9.000,0.173,0.110,0.270,0.170,0.029,0.000,0.029,0.010,73.889,2.311,0.000,0.241,8.150,9.440,0.864
2023-03-18,99.889,99.000,100.000,0.016,0.000,0.140,1.756,0.700,3.100,6.633,5.600,7.800,700.933,699.900,701.600,0.000,9.000,9.000,0.240,0.180,0.280,0.239,0.080,0.000,0.080,0.050,84.556,1.644,1.600,0.147,8.970,9.410,0.953
2023-03-19,95.667,90.000,100.000,0.643,0.000,1.500,4.067,3.000,5.000,6.867,5.500,8.900,700.867,700.100,701.700,0.000,9.000,9.000,0.412,0.250,0.630,0.218,0.300,0.050,0.338,0.145,87.111,2.489,1.600,0.073,9.390,9.390,1.000
2023-03-20,96.222,89.000,100.000,0.571,0.000,1.680,6.067,5.900,6.400,9.300,7.600,10.300,699.678,698.800,700.300,0.000,9.000,9.000,0.503,0.170,0.970,0.138,0.056,0.413,0.439,0.088,83.333,4.122,0.200,0.024,9.360,9.360,1.000
2023-03-21,99.222,97.000,100.000,0.113,0.000,0.440,7.022,6.700,7.500,9.756,8.400,11.000,700.656,699.800,701.400,0.000,9.000,9.000,0.786,0.070,1.000,0.109,0.221,0.766,0.779,0.030,69.000,6.133,0.600,0.002,9.340,9.340,1.000
2023-03-22,54.778,50.000,65.000,8.538,6.130,9.730,6.922,6.700,7.100,7.833,7.400,8.200,701.733,701.200,702.200,0.000,9.000,9.000,0.171,0.000,0.600,0.000,0.012,0.167,0.175,0.000,46.778,5.689,0.000,0.008,9.310,9.310,1.000
2023-03-23,57.667,48.000,92.000,7.947,1.190,10.150,5.167,4.400,5.600,7.389,6.200,8.600,701.967,701.200,702.400,0.000,9.000,9.000,0.719,0.200,1.000,0.082,0.043,0.674,0.686,0.079,20.333,6.278,0.000,0.041,8.900,9.290,0.958
2023-03-24,65.222,50.000,98.000,6.287,0.290,9.680,5.611,5.100,6.300,6.756,5.700,7.700,703.311,702.000,704.100,0.000,9.000,9.000,0.622,0.270,0.940,0.174,0.106,0.486,0.539,0.208,62.444,5.767,0.400,0.096,7.870,9.260,0.850
2023-03-25,100.000,100.000,100.000,0.000,0.000,0.000,4.711,3.000,5.600,6.956,3.300,9.100,701.122,699.800,702.100,20.500,9.000,9.000,0.969,0.890,1.000,0.317,0.932,0.730,0.987,0.966,84.556,2.889,3.800,0.168,6.850,9.240,0.741
2023-03-26,100.000,100.000,100.000,0.000,0.000,0.000,2.333,2.100,2.500,6.944,6.100,8.400,700.356,699.800,700.800,3.000,9.000,9.000,0.997,0.980,1.000,0.906,0.789,0.774,0.906,0.461,99.222,0.533,2.500,0.252,5.830,9.210,0.633
2023-03-27,100.000,100.000,100.000,0.000,0.000,0.000,4.311,3.600,4.700,5.389,3.700,8.400,702.389,701.700,703.100,14.500,9.000,9.000,0.984,0.950,1.000,0.979,0.553,0.000,0.553,0.260,100.000,0.867,6.800,0.345,4.840,9.190,0.527
2023-03-28,100.000,100.000,100.000,0.000,0.000,0.000,3.989,3.700,4.200,5.100,4.300,6.300,702.944,702.000,703.600,0.000,9.000,9.000,0.974,0.890,1.000,0.972,0.071,0.000,0.071,0.040,96.667,1.867,0.200,0.441,3.910,9.160,0.426
2023-03-29,100.000,100.000,100.000,0.000,0.000,0.000,4.600,4.400,5.000,5.878,5.100,6.700,702.044,701.000,702.900,1.000,9.000,9.000,0.247,0.060,0.890,0.124,0.162,0.003,0.165,0.060,91.444,1.844,0.000,0.537,3.040,9.130,0.333
2023-03-30,100.000,100.000,100.000,0.000,0.000,0.000,5.389,5.200,5.600,6.622,5.400,7.900,700.456,699.900,700.800,0.500,9.000,9.000,0.604,0.320,0.940,0.494,0.360,0.004,0.362,0.160,95.000,3.233,1.400,0.630,2.250,9.110,0.247
2023-03-31,100.000,100.000,100.000,0.000,0.000,0.000,4.744,4.500,5.300,5.633,4.200,8.300,700.978,700.200,701.400,0.000,9.000,9.000,0.533,0.230,0.840,0.407,0.294,0.002,0.296,0.040,84.333,3.578,1.500,0.718,1.550,9.080,0.170
2023-04-01,100.000,100.000,100.000,0.000,0.000,0.000,3.778,3.300,4.300,6.500,5.400,7.600,700.067,699.700,700.400,0.500,9.000,9.000,0.822,0.300,1.000,0.822,0.100,0.001,0.101,0.060,97.889,3.544,1.100,0.799,0.910,9.050,0.101
2023-04-02,15.000,4.000,35.000,27.104,14.460,40.210,7.422,6.000,9.200,1.678,0.000,4.100,701.222,700.500,701.900,0.000,9.000,9.000,0.313,0.180,0.590,0.218,0.023,0.096,0.118,0.000,70.556,4.178,0.000,0.870,0.330,9.030,0.037
2023-04-03,75.667,63.000,86.000,4.090,2.180,6.670,7.822,6.200,9.000,2.367,0.500,5.200,702.289,701.100,703.200,0.000,9.000,9.000,0.422,0.260,0.950,0.404,0.012,0.026,0.037,0.000,87.333,4.800,0.000,0.927,0.000,9.000,0.000
2023-04-04,89.111,83.000,98.000,1.683,0.290,2.680,6.244,5.600,6.700,6.678,6.000,7.800,701.544,700.800,702.100,0.000,9.000,9.000,0.199,0.100,0.320,0.142,0.054,0.011,0.065,0.020,91.778,4.689,0.000,0.970,0.000,8.970,0.000
2023-04-05,100.000,100.000,100.000,0.000,0.000,0.000,6.289,6.000,6.600,5.200,4.100,6.000,702.556,701.700,703.100,5.500,9.000,9.000,0.807,0.560,0.940,0.261,0.719,0.196,0.772,0.487,89.667,4.500,0.300,0.994,0.000,8.950,0.000
2023-04-06,100.000,100.000,100.000,0.000,0.000,0.000,6.611,6.100,7.000,5.044,4.000,6.300,702.011,700.900,702.800,1.500,9.000,9.000,0.897,0.580,0.980,0.827,0.572,0.054,0.610,0.040,95.444,3.956,1.800,0.999,0.000,8.920,0.000
2023-04-07,98.000,91.000,100.000,0.291,0.000,1.330,2.833,2.200,3.700,6.144,5.600,7.000,702.311,701.800,702.800,0.000,9.000,9.000,0.630,0.340,1.000,0.629,0.058,0.000,0.058,0.000,90.333,2.756,1.000,0.982,0.000,8.890,0.000
2023-04-08,78.444,65.000,92.000,3.451,1.170,5.930,2.811,2.200,3.400,7.444,6.300,8.800,702.400,701.400,703.200,0.000,9.000,9.000,0.824,0.450,1.000,0.710,0.386,0.000,0.386,0.170,82.778,1.678,0.300,0.944,0.760,8.870,0.086
2023-04-09,47.000,37.000,66.000,10.612,5.790,13.660,5.300,4.100,6.400,1.644,0.600,3.000,701.833,701.400,702.400,0.000,9.000,9.000,0.858,0.670,0.960,0.853,0.001,0.008,0.009,0.000,82.889,2.300,0.100,0.884,1.780,8.840,0.202
2023-04-10,73.667,62.000,81.000,4.460,3.030,6.840,7.044,5.900,7.900,1.678,0.900,2.600,702.289,701.900,702.700,0.000,9.000,9.000,0.236,0.020,0.310,0.233,0.016,0.000,0.016,0.000,85.444,3.678,0.000,0.805,2.840,8.810,0.322
2023-04-11,79.556,74.000,87.000,3.318,2.010,4.320,7.000,6.700,7.300,3.844,3.500,4.600,703.233,702.500,703.900,0.000,9.000,9.000,0.178,0.140,0.200,0.176,0.020,0.000,0.020,0.000,80.889,5.611,0.000,0.710,3.900,8.790,0.444
2023-04-12,83.333,67.000,90.000,2.680,1.520,5.760,6.878,6.100,8.100,2.133,1.200,3.200,703.467,702.700,704.200,0.000,9.000,9.000,0.307,0.170,0.420,0.217,0.047,0.121,0.166,0.040,87.111,5.756,0.300,0.603,4.920,8.760,0.561
2023-04-13,69.667,52.000,79.000,5.289,3.390,9.360,7.556,6.800,9.200,3.889,2.300,6.200,702.822,701.600,703.800,0.000,9.000,9.000,0.453,0.170,0.780,0.157,0.036,0.342,0.373,0.040,80.778,6.300,0.000,0.490,5.850,8.730,0.670
2023-04-14,92.222,82.000,100.000,1.207,0.000,2.850,6.211,5.700,6.700,6.167,5.000,7.100,700.833,699.500,701.900,0.000,9.000,9.000,0.222,0.110,0.330,0.151,0.121,0.000,0.121,0.010,76.000,5.667,0.000,0.376,6.670,8.700,0.766
2023-04-15,49.333,13.000,96.000,12.776,0.590,26.600,6.844,5.800,7.600,3.600,2.200,4.500,699.933,699.300,700.600,0.000,9.000,9.000,0.942,0.610,1.000,0.878,0.062,0.478,0.505,0.177,93.000,5.089,1.100,0.268,7.400,8.680,0.852
2023-04-16,21.333,13.000,57.000,22.344,7.900,27.210,8.344,6.300,9.900,1.967,1.100,2.600,702.489,702.100,703.100,0.000,9.000,9.000,0.071,0.050,0.100,0.071,0.001,0.000,0.001,0.000,75.667,4.589,0.000,0.171,8.050,8.650,0.930
2023-04-17,64.444,50.000,96.000,6.501,0.590,9.850,7.756,6.000,8.800,2.478,1.300,3.200,704.944,703.800,705.800,0.000,9.000,9.000,0.579,0.080,0.940,0.009,0.007,0.576,0.579,0.079,72.444,4.111,0.000,0.093,8.620,8.620,1.000
2023-04-18,94.778,71.000,100.000,0.849,0.000,4.960,7.000,6.500,8.500,9.389,5.900,11.400,701.289,698.700,702.900,0.000,9.000,9.000,0.959,0.880,1.000,0.108,0.127,0.949,0.954,0.885,89.444,5.378,0.000,0.037,8.590,8.590,1.000
2023-04-19,100.000,100.000,100.000,0.000,0.000,0.000,7.278,6.700,8.000,9.389,7.300,12.200,696.867,695.200,697.800,33.000,9.000,9.000,0.907,0.720,0.990,0.859,0.682,0.426,0.784,0.288,96.444,5.233,9.500,0.006,8.570,8.570,1.000
2023-04-20,100.000,100.000,100.000,0.000,0.000,0.000,7.044,6.500,7.600,6.600,5.500,7.800,697.811,697.200,698.600,6.000,9.000,9.000,0.982,0.960,1.000,0.969,0.807,0.070,0.815,0.588,96.444,5.778,17.100,0.001,8.540,8.540,1.000
2023-04-21,100.000,100.000,100.000,0.000,0.000,0.000,7.111,6.600,7.500,6.200,4.200,7.700,701.378,700.000,702.500,0.500,9.000,9.000,0.818,0.500,1.000,0.760,0.142,0.138,0.257,0.059,93.444,5.056,0.700,0.021,8.510,8.510,1.000
2023-04-22,99.556,98.000,100.000,0.064,0.000,0.290,7.100,6.600,7.700,2.844,1.800,4.900,703.233,702.700,703.900,0.000,9.000,9.000,0.440,0.100,0.970,0.436,0.010,0.000,0.010,0.000,90.667,4.344,0.000,0.062,7.620,8.490,0.898
2023-04-23,93.667,84.000,100.000,1.002,0.000,2.570,8.089,7.100,9.300,2.567,0.500,4.300,704.111,703.400,704.800,0.000,9.000,9.000,0.654,0.250,1.000,0.654,0.003,0.003,0.007,0.000,94.889,5.733,0.200,0.122,6.600,8.460,0.780
2023-04-24,91.889,82.000,100.000,1.259,0.000,2.880,7.356,6.500,8.200,1.878,0.900,3.300,703.311,702.300,704.100,0.000,9.000,9.000,0.984,0.860,1.000,0.984,0.070,0.012,0.081,0.000,98.000,5.267,0.800,0.195,5.620,8.430,0.666
2023-04-25,100.000,100.000,100.000,0.000,0.000,0.000,6.756,6.300,7.300,5.111,4.600,5.900,702.122,701.200,702.800,1.500,9.000,9.000,0.937,0.630,1.000,0.934,0.173,0.000,0.173,0.030,95.222,4.567,1.400,0.279,4.700,8.400,0.560
2023-04-26,100.000,100.000,100.000,0.000,0.000,0.000,6.189,5.400,6.700,6.244,4.400,7.900,702.211,701.300,702.800,1.000,9.000,9.000,1.000,1.000,1.000,1.000,0.209,0.000,0.209,0.150,92.111,3.856,1.400,0.369,3.880,8.380,0.463
2023-04-27,43.222,32.000,53.000,12.031,9.000,15.910,9.000,7.900,9.800,2.367,0.600,4.300,704.378,703.700,704.900,0.000,9.000,9.000,0.749,0.530,0.930,0.200,0.160,0.657,0.720,0.514,86.778,5.044,0.600,0.463,3.140,8.350,0.376
2023-04-28,65.333,50.000,92.000,6.396,1.220,9.860,8.267,7.700,8.700,5.300,4.200,5.700,703.856,702.500,704.900,0.000,9.000,9.000,0.380,0.130,0.950,0.156,0.039,0.252,0.281,0.030,86.333,5.789,0.000,0.558,2.480,8.320,0.298
2023-04-29,80.444,67.000,92.000,3.201,1.210,5.710,6.756,6.100,7.100,5.278,4.600,7.000,702.044,700.700,703.100,0.000,9.000,9.000,0.598,0.210,0.940,0.508,0.153,0.112,0.190,0.060,80.889,6.611,0.500,0.651,1.880,8.300,0.227
2023-04-30,100.000,100.000,100.000,0.000,0.000,0.000,6.089,5.400,6.600,5.256,3.700,7.400,702.433,701.600,703.200,0.500,9.000,9.000,0.669,0.310,1.000,0.538,0.076,0.329,0.376,0.040,91.667,4.811,0.600,0.739,1.330,8.270,0.161
2023-05-01,61.222,54.000,75.000,7.090,4.140,8.840,8.067,7.200,9.300,3.478,2.900,4.700,704.844,704.400,705.400,0.000,9.000,9.000,0.211,0.120,0.360,0.186,0.031,0.024,0.055,0.030,81.222,5.189,0.000,0.819,0.810,8.240,0.098
2023-05-02,80.111,64.000,97.000,3.391,0.450,6.460,9.056,8.300,9.300,2.711,1.100,3.800,706.378,705.500,707.100,0.000,9.000,9.000,0.147,0.100,0.240,0.122,0.031,0.017,0.046,0.000,87.222,6.222,0.000,0.889,0.280,8.220,0.035
2023-05-03,90.444,83.000,99.000,1.509,0.150,2.750,9.078,8.500,10.100,4.111,2.600,5.500,705.233,703.800,706.200,0.000,9.000,9.000,0.612,0.070,0.990,0.134,0.038,0.561,0.574,0.000,85.333,7.389,0.000,0.945,0.000,8.190,0.000
2023-05-04,60.667,53.000,80.000,7.326,3.230,9.120,9.322,7.700,9.700,4.978,4.100,5.500,702.000,701.000,702.800,0.000,9.000,9.000,0.651,0.430,0.850,0.152,0.300,0.534,0.660,0.330,82.556,8.567,0.000,0.982,0.000,8.170,0.000
2023-05-05,64.111,55.000,79.000,6.477,3.400,8.540,8.178,7.100,8.800,6.900,5.400,7.700,700.567,699.600,701.400,0.000,9.000,9.000,0.734,0.520,0.890,0.110,0.224,0.658,0.733,0.568,69.556,7.700,0.000,0.999,0.000,8.140,0.000
2023-05-06,100.000,100.000,100.000,0.000,0.000,0.000,7.256,6.000,8.300,6.044,4.700,7.300,700.178,699.200,700.700,43.500,9.000,9.000,0.996,0.980,1.000,0.380,0.849,0.984,0.996,0.969,81.222,5.989,11.900,0.993,0.000,8.120,0.000
2023-05-07,100.000,100.000,100.000,0.000,0.000,0.000,8.022,7.600,8.700,6.844,5.700,8.100,700.200,699.200,701.100,21.000,9.000,9.000,0.999,0.990,1.000,0.982,0.909,0.800,0.989,0.949,99.556,5.856,6.500,0.962,0.380,8.090,0.047
2023-05-08,100.000,100.000,100.000,0.000,0.000,0.000,6.389,6.100,6.800,5.200,4.200,6.000,700.633,700.000,701.200,0.000,9.000,9.000,0.851,0.300,1.000,0.844,0.113,0.162,0.256,0.109,91.667,4.178,1.800,0.907,1.470,8.070,0.182
2023-05-09,82.556,26.000,100.000,3.768,0.000,18.420,6.056,5.000,8.300,4.267,3.000,6.500,701.933,701.600,702.300,0.000,9.000,9.000,0.367,0.220,0.750,0.364,0.000,0.002,0.002,0.000,81.222,4.567,0.000,0.830,2.530,8.040,0.314
2023-05-10,80.333,69.000,93.000,3.263,1.050,5.380,7.822,6.400,8.900,3.133,0.800,6.100,703.122,702.400,703.800,0.000,9.000,9.000,0.298,0.250,0.380,0.280,0.029,0.000,0.029,0.000,84.333,5.022,0.000,0.735,3.490,8.020,0.436
2023-05-11,77.111,62.000,100.000,3.994,0.000,6.930,8.011,6.100,9.500,1.744,0.500,2.800,703.733,703.000,704.500,0.000,9.000,9.000,0.970,0.920,1.000,0.969,0.039,0.048,0.086,0.010,90.778,5.589,0.100,0.628,4.350,7.990,0.544
2023-05-12,100.000,100.000,100.000,0.000,0.000,0.000,8.000,7.500,8.200,6.011,5.500,6.600,703.822,702.600,704.700,0.500,9.000,9.000,0.672,0.310,0.920,0.423,0.404,0.336,0.564,0.182,88.667,5.389,0.000,0.514,5.100,7.970,0.640
2023-05-13,100.000,100.000,100.000,0.000,0.000,0.000,6.833,6.200,7.300,6.678,4.200,7.800,701.933,701.300,702.700,0.000,9.000,9.000,0.918,0.830,1.000,0.442,0.781,0.551,0.889,0.725,91.556,5.244,0.800,0.399,5.750,7.940,0.724
2023-05-14,89.667,65.000,100.000,1.677,0.000,6.120,5.822,5.100,6.700,3.589,1.700,5.600,700.678,700.000,701.500,7.000,9.000,9.000,0.999,0.990,1.000,0.827,0.899,0.966,0.999,0.992,91.556,4.411,10.900,0.291,6.350,7.920,0.802
2023-05-15,58.667,49.000,68.000,7.686,5.510,10.220,8.156,7.000,9.800,3.333,2.500,5.100,701.667,700.900,702.300,0.000,9.000,9.000,0.688,0.460,0.950,0.244,0.382,0.523,0.689,0.462,87.778,4.822,0.000,0.194,6.910,7.900,0.875
2023-05-16,100.000,100.000,100.000,0.000,0.000,0.000,8.744,8.500,9.000,5.700,3.200,7.700,702.478,701.800,703.100,0.000,9.000,9.000,0.936,0.890,0.990,0.872,0.263,0.263,0.455,0.107,89.222,6.600,0.300,0.114,7.470,7.880,0.949
2023-05-17,100.000,100.000,100.000,0.000,0.000,0.000,8.200,7.700,8.700,7.878,6.900,8.800,701.689,700.800,702.400,0.000,9.000,9.000,0.470,0.230,0.720,0.119,0.091,0.387,0.444,0.227,83.222,7.056,0.000,0.053,7.850,7.850,1.000
2023-05-18,100.000,100.000,100.000,0.000,0.000,0.000,8.456,7.600,9.400,6.878,4.500,8.400,701.622,700.700,702.600,7.500,9.000,9.000,0.584,0.160,0.820,0.228,0.084,0.417,0.467,0.136,91.333,8.200,0.500,0.015,7.830,7.830,1.000
2023-05-19,100.000,100.000,100.000,0.000,0.000,0.000,8.733,8.500,9.000,5.867,4.200,6.800,703.000,702.200,703.700,2.000,9.000,9.000,0.500,0.330,0.790,0.351,0.137,0.219,0.331,0.165,84.333,6.178,0.600,0.001,7.810,7.810,1.000
2023-05-20,100.000,100.000,100.000,0.000,0.000,0.000,7.544,6.900,8.000,6.167,4.500,7.400,703.489,702.200,704.500,0.000,9.000,9.000,0.631,0.430,0.830,0.073,0.139,0.559,0.620,0.432,82.778,5.667,0.000,0.008,7.790,7.790,1.000
2023-05-21,100.000,100.000,100.000,0.000,0.000,0.000,7.933,7.600,8.300,7.389,6.000,8.000,702.778,701.900,703.500,0.000,9.000,9.000,0.862,0.490,1.000,0.044,0.049,0.860,0.865,0.500,82.222,6.378,0.000,0.037,7.470,7.770,0.961
2023-05-22,99.889,99.000,100.000,0.017,0.000,0.150,9.078,8.000,9.600,6.244,4.200,9.700,701.367,700.300,702.600,31.500,9.000,9.000,1.000,1.000,1.000,0.907,0.711,1.000,1.000,1.000,96.778,6.833,4.500,0.083,6.530,7.750,0.842
2023-05-23,100.000,100.000,100.000,0.000,0.000,0.000,9.044,8.500,9.800,5.811,4.400,7.400,702.000,701.100,702.600,15.500,9.000,9.000,0.814,0.570,0.980,0.750,0.176,0.174,0.317,0.164,91.556,6.322,0.100,0.145,5.660,7.730,0.733
2023-05-24,100.000,100.000,100.000,0.000,0.000,0.000,8.633,7.800,9.700,4.822,3.300,6.300,703.589,703.000,704.400,17.500,9.000,9.000,0.936,0.560,1.000,0.924,0.104,0.202,0.286,0.010,95.444,5.978,0.300,0.220,4.890,7.710,0.634
2023-05-25,97.889,81.000,100.000,0.341,0.000,3.070,8.189,7.100,9.500,3.144,2.000,5.500,705.589,705.100,706.200,0.000,9.000,9.000,0.618,0.400,0.860,0.343,0.082,0.406,0.450,0.236,89.333,7.456,1.500,0.303,4.210,7.690,0.547
2023-05-26,69.667,32.000,100.000,6.111,0.000,15.990,9.844,8.400,11.400,2.411,0.000,4.900,704.733,703.700,705.400,0.500,9.000,9.000,1.000,1.000,1.000,0.999,0.072,0.783,0.816,0.431,87.667,8.611,0.700,0.394,3.600,7.670,0.469
2023-05-27,20.333,8.000,41.000,23.557,12.710,33.330,10.822,9.400,11.900,3.911,0.900,7.300,703.844,703.300,704.700,0.000,9.000,9.000,0.243,0.010,0.600,0.243,0.000,0.000,0.000,0.000,86.333,7.233,0.000,0.488,3.040,7.660,0.398
2023-05-28,95.222,82.000,100.000,0.754,0.000,2.940,9.033,8.500,10.100,6.322,2.400,9.400,703.000,701.700,704.000,0.000,9.000,9.000,0.247,0.050,0.550,0.127,0.006,0.122,0.127,0.000,78.222,8.367,0.000,0.584,2.530,7.640,0.331
2023-05-29,96.222,85.000,100.000,0.582,0.000,2.360,8.256,7.500,8.600,5.067,2.600,14.000,698.767,696.900,700.600,0.000,9.000,9.000,0.834,0.510,0.930,0.051,0.123,0.794,0.820,0.549,71.556,8.911,0.000,0.678,2.020,7.620,0.265
2023-05-30,100.000,100.000,100.000,0.000,0.000,0.000,9.644,9.200,10.000,10.344,4.900,14.700,695.722,694.100,697.100,9.500,9.000,9.000,0.977,0.870,1.000,0.904,0.372,0.566,0.718,0.437,89.000,9.567,5.800,0.767,1.510,7.610,0.198
2023-05-31,99.889,99.000,100.000,0.017,0.000,0.150,8.500,7.700,9.900,4.956,1.000,12.600,693.811,692.700,694.800,3.000,9.000,9.000,0.957,0.860,1.000,0.256,0.113,0.951,0.953,0.846,91.556,7.311,1.600,0.847,0.970,7.590,0.127
2023-06-01,93.556,83.000,100.000,1.024,0.000,2.730,8.944,8.600,9.200,2.989,1.100,5.200,698.611,698.000,698.900,0.000,9.000,9.000,0.356,0.200,0.490,0.354,0.056,0.000,0.056,0.010,90.000,7.489,0.000,0.915,0.370,7.580,0.049
2023-06-02,95.556,81.000,100.000,0.717,0.000,3.120,10.011,9.600,10.400,2.111,0.800,4.200,703.133,702.700,703.700,0.000,9.000,9.000,0.913,0.830,0.990,0.879,0.019,0.522,0.531,0.406,90.778,8.411,0.000,0.965,0.000,7.560,0.000
2023-06-03,100.000,100.000,100.000,0.000,0.000,0.000,11.267,11.000,11.800,1.422,0.400,3.200,704.489,703.900,705.100,8.500,9.000,9.000,0.640,0.190,0.980,0.391,0.202,0.418,0.531,0.170,89.222,8.211,0.000,0.994,0.000,7.550,0.000
2023-06-04,99.889,99.000,100.000,0.017,0.000,0.150,10.822,9.800,11.400,1.389,0.300,2.200,704.178,703.400,704.700,3.000,9.000,9.000,0.997,0.990,1.000,0.979,0.182,0.872,0.890,0.647,94.444,7.778,0.800,0.997,0.000,7.540,0.000
2023-06-05,98.111,93.000,100.000,0.291,0.000,1.080,10.156,9.200,11.000,2.178,0.300,4.500,704.322,703.500,705.000,13.500,9.000,9.000,0.969,0.920,1.000,0.944,0.089,0.398,0.443,0.185,91.333,8.078,1.000,0.974,0.010,7.530,0.002
2023-06-06,99.667,98.000,100.000,0.050,0.000,0.300,9.789,9.200,10.700,3.022,0.400,5.300,704.900,704.200,705.600,5.500,9.000,9.000,0.632,0.250,0.930,0.499,0.174,0.251,0.388,0.175,90.444,8.611,7.500,0.923,1.050,7.510,0.140
2023-06-07,96.000,77.000,100.000,0.650,0.000,3.870,9.889,8.400,10.700,3.233,0.600,5.500,704.622,703.800,705.200,14.500,9.000,9.000,0.997,0.980,1.000,0.603,0.321,0.962,0.975,0.919,93.333,8.133,0.600,0.849,1.980,7.500,0.264
2023-06-08,99.778,98.000,100.000,0.033,0.000,0.300,9.633,9.400,10.100,4.011,2.500,5.100,702.333,701.000,703.200,0.500,9.000,9.000,0.997,0.990,1.000,0.752,0.542,0.980,0.991,0.979,96.111,7.444,0.300,0.756,2.780,7.490,0.372
2023-06-09,97.333,90.000,100.000,0.410,0.000,1.560,9.333,8.400,9.900,3.033,1.700,4.900,700.233,698.900,701.300,0.000,9.000,9.000,1.000,1.000,1.000,0.758,0.889,0.998,1.000,1.000,94.000,6.833,1.100,0.649,3.480,7.480,0.465
2023-06-10,100.000,100.000,100.000,0.000,0.000,0.000,9.544,9.100,10.200,5.033,4.400,6.200,699.078,698.400,699.500,2.000,9.000,9.000,0.962,0.860,1.000,0.793,0.649,0.799,0.889,0.397,94.667,7.233,5.500,0.536,4.100,7.470,0.549
2023-06-11,100.000,100.000,100.000,0.000,0.000,0.000,10.389,10.200,10.600,4.444,3.500,5.800,699.733,699.100,700.300,1.000,9.000,9.000,1.000,1.000,1.000,0.903,0.324,0.979,0.983,0.919,95.556,7.878,0.000,0.423,4.670,7.470,0.626
2023-06-12,100.000,100.000,100.000,0.000,0.000,0.000,10.933,10.500,11.400,3.011,0.600,4.800,698.622,697.600,699.500,19.500,9.000,9.000,1.000,1.000,1.000,0.922,0.523,0.993,0.998,0.990,94.889,8.467,6.600,0.316,5.230,7.460,0.701
2023-06-13,100.000,100.000,100.000,0.000,0.000,0.000,10.600,10.400,10.800,4.533,3.000,5.600,699.833,699.100,700.300,0.500,9.000,9.000,0.994,0.980,1.000,0.456,0.203,0.993,0.995,0.984,93.667,7.711,0.500,0.220,5.800,7.450,0.778
2023-06-14,100.000,100.000,100.000,0.000,0.000,0.000,9.944,9.700,10.300,4.956,3.900,6.700,701.789,701.200,702.800,2.500,9.000,9.000,0.997,0.980,1.000,0.703,0.661,0.963,0.994,0.965,98.111,6.911,0.800,0.138,6.390,7.450,0.858
2023-06-15,100.000,100.000,100.000,0.000,0.000,0.000,9.833,8.900,10.400,5.767,2.600,11.400,702.978,702.200,703.700,4.000,9.000,9.000,1.000,1.000,1.000,0.876,0.954,0.954,0.998,0.996,97.778,7.544,10.300,0.074,7.040,7.440,0.946
2023-06-16,99.778,98.000,100.000,0.033,0.000,0.300,9.600,8.900,10.200,5.089,3.100,6.400,704.411,703.600,705.200,0.000,9.000,9.000,1.000,1.000,1.000,0.764,0.382,1.000,1.000,1.000,97.000,7.600,3.400,0.030,7.440,7.440,1.000
2023-06-17,99.444,95.000,100.000,0.084,0.000,0.760,9.633,9.200,9.900,5.644,4.800,6.700,705.389,704.200,706.200,0.500,9.000,9.000,0.956,0.800,1.000,0.006,0.364,0.949,0.968,0.855,83.667,7.744,0.000,0.006,7.440,7.440,1.000
2023-06-18,86.333,62.000,100.000,2.403,0.000,6.950,9.478,8.000,10.000,6.033,5.400,6.800,703.944,703.000,705.200,0.500,9.000,9.000,0.906,0.860,0.960,0.116,0.178,0.877,0.904,0.858,73.444,7.822,0.000,0.002,7.430,7.430,1.000
2023-06-19,56.667,35.000,70.000,8.678,5.210,15.020,10.478,9.500,12.100,4.822,3.400,7.100,703.256,702.700,703.900,0.000,9.000,9.000,0.926,0.790,0.970,0.008,0.277,0.904,0.926,0.772,75.778,7.833,0.000,0.019,7.430,7.430,1.000
2023-06-20,88.444,77.000,100.000,1.858,0.000,3.850,9.722,9.200,10.500,5.922,4.700,7.200,703.500,702.700,704.200,0.000,9.000,9.000,0.929,0.820,1.000,0.006,0.000,0.929,0.929,0.820,86.111,8.444,0.000,0.053,6.920,7.430,0.931
2023-06-21,76.000,60.000,100.000,4.267,0.000,7.430,9.589,8.000,10.200,5.011,3.800,5.900,703.589,702.800,704.400,0.000,9.000,9.000,0.999,0.990,1.000,0.003,0.001,0.999,0.999,0.990,79.000,8.444,0.000,0.104,6.210,7.430,0.836
2023-06-22,63.778,53.000,78.000,6.613,3.610,9.150,8.856,8.100,9.900,6.122,4.300,7.600,703.156,702.500,703.900,0.000,9.000,9.000,0.992,0.970,1.000,0.033,0.041,0.991,0.991,0.970,83.778,8.278,0.100,0.168,5.590,7.430,0.752
2023-06-23,96.222,92.000,100.000,0.579,0.000,1.230,9.222,8.700,10.000,4.311,3.000,5.300,703.811,703.200,704.400,0.000,9.000,9.000,0.989,0.920,1.000,0.462,0.079,0.958,0.967,0.835,88.778,7.822,1.000,0.244,5.030,7.430,0.677
2023-06-24,79.667,52.000,100.000,3.751,0.000,9.480,10.100,9.400,10.900,1.911,0.800,4.600,704.844,704.000,705.600,2.500,9.000,9.000,0.974,0.930,1.000,0.469,0.102,0.948,0.951,0.880,88.778,8.033,0.000,0.330,4.520,7.430,0.608
2023-06-25,64.111,57.000,71.000,6.479,5.000,8.110,9.544,9.200,9.800,3.411,1.500,5.200,704.967,704.400,705.700,0.000,9.000,9.000,0.629,0.130,0.900,0.049,0.021,0.608,0.617,0.138,83.667,8.044,0.000,0.422,4.030,7.440,0.541
2023-06-26,68.444,40.000,100.000,6.082,0.000,13.140,10.878,9.800,11.800,1.867,0.700,3.300,705.400,704.500,706.100,0.500,9.000,9.000,0.737,0.590,0.870,0.289,0.011,0.654,0.659,0.573,85.000,8.100,0.000,0.519,3.540,7.440,0.476
2023-06-27,74.111,51.000,84.000,4.589,2.590,9.840,11.256,10.500,12.200,2.511,1.100,3.600,706.522,705.700,707.400,0.000,9.000,9.000,0.932,0.590,1.000,0.037,0.413,0.921,0.937,0.605,79.667,8.800,0.000,0.618,3.030,7.440,0.408
2023-06-28,89.000,78.000,96.000,1.760,0.610,3.690,9.944,9.300,11.100,4.067,3.000,5.300,704.756,703.800,705.600,0.000,9.000,9.000,0.970,0.940,1.000,0.816,0.300,0.763,0.831,0.605,85.444,8.111,0.000,0.714,2.490,7.450,0.334
2023-06-29,88.000,78.000,100.000,1.957,0.000,3.700,10.622,9.700,11.300,4.544,3.700,5.400,703.700,702.400,704.800,3.500,9.000,9.000,1.000,1.000,1.000,0.846,0.874,1.000,1.000,1.000,94.000,8.078,0.800,0.804,1.870,7.450,0.251
2023-06-30,86.444,82.000,100.000,2.204,0.000,2.960,11.156,10.600,11.900,3.156,1.300,4.300,703.767,702.900,704.600,0.000,9.000,9.000,0.999,0.990,1.000,0.881,0.437,0.991,0.994,0.982,93.444,8.578,0.200,0.883,1.150,7.460,0.154
2023-07-01,70.556,56.000,81.000,5.261,3.150,8.650,12.133,11.300,14.000,4.156,3.000,5.500,705.344,704.600,705.800,0.500,9.000,9.000,0.994,0.980,1.000,0.863,0.699,0.887,0.977,0.894,94.556,8.544,0.200,0.945,0.290,7.470,0.039
2023-07-02,87.778,64.000,100.000,2.064,0.000,6.560,10.500,10.000,11.100,3.911,2.500,5.100,706.533,705.200,707.500,0.000,9.000,9.000,0.910,0.690,1.000,0.803,0.032,0.679,0.704,0.237,90.333,7.467,0.900,0.985,0.000,7.480,0.000
2023-07-03,99.111,93.000,100.000,0.136,0.000,1.070,8.933,8.100,9.500,6.622,5.500,8.100,704.611,703.400,705.900,1.000,9.000,9.000,0.918,0.780,0.990,0.020,0.084,0.908,0.915,0.786,72.333,8.033,0.000,0.998,0.000,7.480,0.000
2023-07-04,99.444,96.000,100.000,0.084,0.000,0.610,9.000,8.300,10.100,8.311,7.500,9.700,703.667,702.400,704.600,0.500,9.000,9.000,0.987,0.960,1.000,0.019,0.023,0.986,0.986,0.960,75.111,8.367,0.000,0.983,0.000,7.490,0.000
2023-07-05,98.667,90.000,100.000,0.206,0.000,1.550,8.978,8.300,9.300,7.300,6.700,8.300,704.200,703.600,704.600,0.000,9.000,9.000,0.921,0.790,0.980,0.014,0.002,0.920,0.920,0.790,79.889,8.578,0.000,0.938,0.570,7.500,0.075
2023-07-06,75.000,52.000,100.000,4.507,0.000,9.530,10.078,9.100,11.600,7.211,6.000,8.100,704.900,704.600,705.200,0.000,9.000,9.000,0.198,0.060,0.630,0.011,0.001,0.188,0.188,0.050,77.222,8.522,0.000,0.868,1.340,7.510,0.178
2023-07-07,37.111,22.000,56.000,14.796,8.420,21.390,12.478,10.600,13.800,4.067,1.300,6.800,706.344,705.900,706.800,0.000,9.000,9.000,0.353,0.010,0.900,0.008,0.110,0.296,0.355,0.010,61.000,8.589,0.000,0.778,2.010,7.530,0.268
2023-07-08,70.778,51.000,93.000,5.509,1.090,9.900,12.022,11.600,12.900,3.344,1.300,5.200,706.367,705.500,707.100,0.000,9.000,9.000,0.071,0.000,0.160,0.001,0.070,0.001,0.071,0.000,80.222,8.533,0.000,0.674,2.630,7.540,0.349
2023-07-09,65.667,54.000,86.000,6.376,2.270,9.090,12.222,11.200,13.100,1.467,0.600,2.800,705.622,704.600,706.300,0.000,9.000,9.000,0.456,0.000,0.820,0.350,0.136,0.000,0.136,0.000,88.778,8.889,0.000,0.564,3.210,7.550,0.425
2023-07-10,55.222,44.000,93.000,8.980,1.090,11.920,11.500,11.200,12.300,2.789,0.800,4.600,704.744,703.900,705.600,0.000,9.000,9.000,0.257,0.180,0.350,0.196,0.003,0.087,0.090,0.000,87.222,8.444,0.000,0.454,3.790,7.560,0.501
2023-07-11,67.778,59.000,76.000,5.807,4.060,7.830,11.689,10.700,13.000,2.322,0.700,3.600,704.656,703.800,705.500,0.000,9.000,9.000,0.918,0.780,1.000,0.808,0.004,0.443,0.444,0.020,93.333,6.422,0.000,0.348,4.380,7.580,0.579
2023-07-12,48.667,41.000,76.000,10.689,4.080,12.840,11.756,11.200,12.200,2.256,1.100,4.100,704.244,703.300,705.000,0.000,9.000,9.000,0.464,0.190,0.810,0.399,0.072,0.051,0.122,0.010,92.333,6.756,0.000,0.252,5.020,7.590,0.662
2023-07-13,46.889,32.000,66.000,11.433,6.140,16.250,12.133,11.500,12.800,2.822,0.900,4.800,703.033,702.000,703.900,0.000,9.000,9.000,0.614,0.250,0.920,0.269,0.013,0.536,0.543,0.250,87.111,7.900,0.000,0.169,5.730,7.610,0.753
2023-07-14,83.000,76.000,94.000,2.829,0.930,4.110,11.633,11.100,12.100,3.844,3.000,4.700,701.356,700.100,702.400,0.000,9.000,9.000,0.744,0.140,0.990,0.042,0.033,0.716,0.726,0.069,88.667,9.367,0.000,0.101,6.500,7.620,0.853
2023-07-15,97.667,92.000,100.000,0.359,0.000,1.260,10.722,10.000,11.700,1.800,0.000,3.000,699.833,698.800,700.800,1.000,9.000,9.000,0.312,0.080,0.650,0.050,0.068,0.242,0.289,0.040,90.778,9.400,0.000,0.050,7.340,7.640,0.961
2023-07-16,84.556,79.000,90.000,2.530,1.590,3.540,11.756,11.200,12.400,1.944,1.000,2.700,700.567,700.000,701.500,0.000,9.000,9.000,0.860,0.820,0.940,0.842,0.021,0.164,0.182,0.010,94.000,9.000,0.000,0.017,7.660,7.660,1.000
2023-07-17,76.444,64.000,100.000,4.177,0.000,6.630,11.922,10.800,12.500,2.178,0.800,3.600,703.800,703.400,704.300,0.000,9.000,9.000,0.998,0.990,1.000,0.834,0.160,0.979,0.983,0.953,96.222,6.811,0.400,0.003,7.670,7.670,1.000
2023-07-18,94.111,82.000,100.000,0.946,0.000,2.960,10.922,9.700,11.500,1.233,0.500,2.400,705.056,704.400,705.600,1.500,9.000,9.000,0.978,0.930,1.000,0.844,0.069,0.911,0.918,0.804,98.889,6.722,0.000,0.007,7.690,7.690,1.000
2023-07-19,96.333,92.000,100.000,0.562,0.000,1.240,10.244,9.800,10.900,4.233,1.400,6.200,704.233,703.700,704.700,0.000,9.000,9.000,0.939,0.850,0.990,0.839,0.239,0.710,0.775,0.314,97.889,6.322,0.100,0.029,7.710,7.710,1.000
2023-07-20,90.778,80.000,100.000,1.498,0.000,3.340,11.122,10.500,11.800,2.067,0.300,3.900,704.667,704.300,705.400,26.500,9.000,9.000,0.996,0.990,1.000,0.903,0.114,0.956,0.962,0.855,99.000,7.233,1.300,0.068,7.240,7.730,0.937
2023-07-21,91.556,69.000,100.000,1.438,0.000,5.510,10.889,9.500,11.900,1.844,0.600,3.500,706.200,705.800,706.700,0.000,9.000,9.000,0.969,0.880,1.000,0.866,0.016,0.860,0.864,0.363,95.444,8.289,0.100,0.123,6.720,7.750,0.868
2023-07-22,79.111,65.000,100.000,3.589,0.000,6.390,11.700,10.800,12.400,2.044,1.200,2.900,706.478,705.800,707.200,0.000,9.000,9.000,0.837,0.460,0.940,0.471,0.053,0.596,0.614,0.243,95.889,7.633,0.000,0.192,6.240,7.770,0.803
2023-07-23,60.000,41.000,92.000,8.038,1.240,12.870,11.278,10.300,12.100,3.000,0.000,5.000,704.311,703.200,705.200,0.000,9.000,9.000,0.932,0.820,0.990,0.510,0.019,0.852,0.856,0.703,93.889,6.978,0.000,0.272,5.760,7.790,0.740
2023-07-24,74.444,67.000,85.000,4.390,2.400,5.850,9.922,9.400,10.600,8.033,7.100,9.600,702.578,701.500,703.600,0.000,9.000,9.000,0.788,0.470,0.960,0.034,0.029,0.779,0.782,0.446,83.667,8.589,0.000,0.362,5.280,7.810,0.677
2023-07-25,100.000,100.000,100.000,0.000,0.000,0.000,9.756,9.400,10.100,6.222,3.300,11.100,700.289,698.300,701.300,34.500,9.000,9.000,0.994,0.970,1.000,0.497,0.564,0.994,0.995,0.971,84.667,8.989,7.800,0.459,4.770,7.830,0.610
2023-07-26,100.000,100.000,100.000,0.000,0.000,0.000,10.733,9.800,11.400,4.811,2.800,8.000,698.322,697.200,699.400,104.500,9.000,9.000,1.000,1.000,1.000,0.986,0.457,1.000,1.000,1.000,94.889,8.456,14.000,0.561,4.210,7.850,0.536
2023-07-27,99.667,98.000,100.000,0.050,0.000,0.300,9.978,9.400,10.500,13.356,7.600,18.900,696.122,695.200,697.000,75.000,9.000,9.000,1.000,1.000,1.000,0.860,0.903,1.000,1.000,1.000,91.778,8.322,23.900,0.663,3.560,7.870,0.452
2023-07-28,76.111,67.000,85.000,4.062,2.420,5.860,10.422,9.700,11.100,4.978,2.900,7.200,700.478,699.300,701.100,0.000,9.000,9.000,1.000,1.000,1.000,0.836,0.727,1.000,1.000,1.000,99.111,7.822,11.400,0.761,2.800,7.900,0.354
2023-07-29,90.111,68.000,100.000,1.690,0.000,5.710,11.089,10.300,11.500,2.478,0.900,4.100,703.222,702.300,703.800,1.000,9.000,9.000,0.998,0.990,1.000,0.836,0.197,0.991,0.992,0.972,94.333,8.078,0.000,0.850,1.890,7.920,0.239
2023-07-30,54.333,40.000,84.000,9.299,2.580,13.200,11.144,10.100,12.000,2.778,0.700,6.100,702.956,702.000,703.700,0.000,9.000,9.000,1.000,1.000,1.000,0.769,0.423,0.992,0.995,0.970,95.111,7.889,0.300,0.923,0.840,7.940,0.106
2023-07-31,67.333,54.000,93.000,6.017,1.080,8.930,9.833,9.300,10.500,3.156,0.200,5.200,700.844,699.600,702.000,0.000,9.000,9.000,0.958,0.890,1.000,0.849,0.361,0.401,0.568,0.190,93.333,7.689,0.000,0.974,0.000,7.960,0.000
2023-08-01,90.000,84.000,99.000,1.606,0.150,2.620,11.078,10.200,12.100,1.867,0.400,6.700,699.356,698.300,700.100,0.000,9.000,9.000,0.816,0.310,1.000,0.658,0.160,0.399,0.502,0.217,93.556,8.522,0.000,0.997,0.000,7.990,0.000
2023-08-02,96.667,89.000,100.000,0.517,0.000,1.730,9.944,9.500,10.400,6.344,2.000,11.400,696.367,694.500,697.800,7.000,9.000,9.000,0.994,0.980,1.000,0.510,0.252,0.881,0.911,0.700,87.667,8.411,3.100,0.990,0.000,8.010,0.000
2023-08-03,100.000,100.000,100.000,0.000,0.000,0.000,11.567,11.200,11.800,12.378,7.400,15.300,695.967,695.100,696.900,46.000,9.000,9.000,1.000,1.000,1.000,0.897,0.751,0.999,0.999,0.992,92.667,9.311,57.000,0.953,0.140,8.040,0.017
2023-08-04,100.000,100.000,100.000,0.000,0.000,0.000,10.489,9.500,11.300,11.456,8.900,14.900,698.889,698.200,699.900,46.000,9.000,9.000,0.994,0.980,1.000,0.853,0.417,0.933,0.965,0.832,86.778,10.689,15.300,0.890,0.810,8.060,0.100
2023-08-05,100.000,100.000,100.000,0.000,0.000,0.000,10.000,9.400,10.400,7.533,6.000,9.000,699.511,698.100,700.200,0.500,9.000,9.000,0.869,0.560,1.000,0.756,0.043,0.603,0.616,0.188,94.778,8.989,0.300,0.806,1.430,8.090,0.177
2023-08-06,99.222,93.000,100.000,0.120,0.000,1.080,9.444,8.600,10.100,3.844,2.200,5.300,699.422,698.700,700.100,0.500,9.000,9.000,0.913,0.360,1.000,0.681,0.003,0.819,0.820,0.327,92.667,8.000,0.000,0.707,2.040,8.110,0.251
2023-08-07,100.000,100.000,100.000,0.000,0.000,0.000,10.456,10.000,10.800,4.678,2.100,7.400,699.533,698.500,700.200,1.000,9.000,9.000,0.977,0.900,1.000,0.264,0.010,0.973,0.974,0.881,94.111,9.044,0.000,0.602,2.650,8.140,0.326
2023-08-08,100.000,100.000,100.000,0.000,0.000,0.000,10.756,10.300,11.100,4.056,2.500,5.400,700.544,699.700,701.200,0.500,9.000,9.000,0.868,0.580,0.990,0.407,0.081,0.809,0.829,0.524,93.111,8.644,0.000,0.495,3.300,8.160,0.404
2023-08-09,93.444,83.000,100.000,1.046,0.000,2.780,10.244,8.900,10.900,2.900,0.800,5.300,701.422,700.900,702.000,0.000,9.000,9.000,0.720,0.440,0.950,0.338,0.019,0.608,0.615,0.389,90.333,8.789,0.400,0.391,3.990,8.190,0.488
2023-08-10,90.222,81.000,100.000,1.586,0.000,3.150,10.700,9.000,11.500,2.344,0.300,5.000,701.133,700.100,701.900,0.000,9.000,9.000,0.994,0.990,1.000,0.913,0.437,0.943,0.960,0.882,96.000,8.278,0.300,0.295,4.760,8.210,0.580
2023-08-11,99.889,99.000,100.000,0.017,0.000,0.150,9.589,8.900,10.300,5.300,4.200,6.200,701.500,701.100,701.900,2.000,9.000,9.000,0.951,0.870,1.000,0.664,0.179,0.843,0.891,0.730,95.556,7.089,0.000,0.209,5.590,8.240,0.679
2023-08-12,100.000,100.000,100.000,0.000,0.000,0.000,9.933,9.600,10.200,6.178,5.000,8.000,701.367,700.600,701.800,1.000,9.000,9.000,0.513,0.090,0.950,0.220,0.034,0.423,0.434,0.010,85.778,8.222,0.300,0.136,6.490,8.260,0.785
2023-08-13,100.000,100.000,100.000,0.000,0.000,0.000,10.444,9.500,10.700,5.911,4.400,7.300,701.700,701.200,702.100,1.500,9.000,9.000,0.537,0.230,0.960,0.061,0.031,0.506,0.521,0.214,90.111,7.778,0.000,0.077,7.410,8.290,0.894
2023-08-14,99.667,97.000,100.000,0.050,0.000,0.450,9.600,9.000,10.500,7.467,5.900,8.500,701.822,701.100,702.400,1.000,9.000,9.000,0.258,0.120,0.370,0.023,0.018,0.240,0.253,0.119,87.667,8.056,0.000,0.035,8.320,8.320,1.000
2023-08-15,100.000,100.000,100.000,0.000,0.000,0.000,9.756,9.300,10.200,5.800,3.900,7.100,702.778,702.200,703.300,0.000,9.000,9.000,0.922,0.810,1.000,0.102,0.011,0.906,0.907,0.806,89.222,8.333,0.000,0.009,8.340,8.340,1.000
2023-08-16,96.111,73.000,100.000,0.651,0.000,4.630,9.656,8.600,10.400,2.344,1.000,3.600,701.156,699.300,702.100,1.000,9.000,9.000,0.994,0.990,1.000,0.817,0.020,0.926,0.927,0.882,95.333,6.922,0.000,0.002,8.370,8.370,1.000
2023-08-17,98.889,91.000,100.000,0.172,0.000,1.400,9.433,8.900,10.100,2.667,0.600,4.900,700.833,699.900,701.600,3.500,9.000,9.000,0.852,0.490,1.000,0.504,0.058,0.646,0.661,0.206,93.889,7.444,0.700,0.012,8.400,8.400,1.000
2023-08-18,87.111,80.000,96.000,2.061,0.600,3.290,9.489,8.900,10.000,2.778,1.300,4.400,701.767,701.500,702.100,1.000,9.000,9.000,0.669,0.250,0.940,0.162,0.124,0.557,0.609,0.182,90.556,6.956,0.000,0.040,8.420,8.420,1.000
2023-08-19,98.444,92.000,100.000,0.240,0.000,1.250,10.000,9.100,10.900,3.378,1.400,5.300,703.278,702.700,703.900,0.500,9.000,9.000,0.991,0.970,1.000,0.648,0.139,0.982,0.985,0.955,97.333,7.333,0.400,0.085,8.000,8.450,0.947
2023-08-20,98.111,92.000,100.000,0.293,0.000,1.250,10.278,9.600,10.900,2.933,1.600,4.200,704.311,703.500,704.900,0.000,9.000,9.000,0.914,0.720,1.000,0.367,0.050,0.901,0.902,0.713,93.556,8.111,0.100,0.145,7.530,8.480,0.889
2023-08-21,100.000,100.000,100.000,0.000,0.000,0.000,10.544,9.900,11.200,4.378,3.500,5.400,703.600,702.500,704.300,0.500,9.000,9.000,0.968,0.880,1.000,0.773,0.026,0.784,0.790,0.680,91.778,8.089,0.000,0.220,7.040,8.500,0.828
2023-08-22,92.111,75.000,100.000,1.306,0.000,4.250,10.778,10.500,11.100,4.122,1.800,6.600,702.578,701.700,703.400,0.000,9.000,9.000,0.799,0.410,0.930,0.641,0.039,0.504,0.526,0.232,93.000,6.689,0.100,0.308,6.510,8.530,0.763
2023-08-23,80.778,65.000,99.000,3.350,0.150,6.390,11.267,10.500,12.200,1.978,0.400,3.200,703.256,702.500,703.900,0.000,9.000,9.000,0.987,0.950,1.000,0.286,0.398,0.980,0.986,0.920,95.667,7.356,0.000,0.405,5.910,8.560,0.690
2023-08-24,75.000,67.000,86.000,4.323,2.260,5.940,11.211,10.800,11.900,3.256,1.500,4.900,703.444,702.500,704.200,0.000,9.000,9.000,0.986,0.950,1.000,0.848,0.017,0.860,0.862,0.680,93.667,7.189,0.000,0.509,5.210,8.580,0.607
2023-08-25,70.222,46.000,87.000,5.566,2.070,11.340,11.267,10.200,12.700,4.189,2.000,5.700,702.600,701.500,703.400,0.000,9.000,9.000,0.991,0.960,1.000,0.339,0.019,0.973,0.974,0.880,92.222,8.233,0.000,0.616,4.390,8.610,0.510
2023-08-26,87.000,66.000,100.000,2.206,0.000,6.170,11.044,9.700,12.200,1.789,0.600,4.100,701.533,700.300,702.200,0.000,9.000,9.000,0.903,0.870,0.950,0.787,0.223,0.600,0.696,0.597,92.222,7.522,0.000,0.721,3.430,8.640,0.397
2023-08-27,81.111,57.000,100.000,3.407,0.000,8.270,11.211,10.000,12.300,1.711,0.700,3.800,700.222,699.500,701.000,0.000,9.000,9.000,0.901,0.850,1.000,0.856,0.030,0.620,0.634,0.059,93.222,7.033,0.000,0.817,2.350,8.660,0.271
2023-08-28,83.889,70.000,100.000,2.717,0.000,5.260,10.256,9.900,10.900,2.900,0.200,4.500,700.711,700.200,701.100,0.000,9.000,9.000,0.971,0.950,0.990,0.871,0.080,0.771,0.795,0.663,93.444,7.878,0.700,0.899,1.190,8.690,0.137
2023-08-29,100.000,100.000,100.000,0.000,0.000,0.000,10.189,10.000,10.400,3.356,0.300,7.800,700.467,700.000,701.600,8.000,9.000,9.000,0.969,0.910,1.000,0.087,0.371,0.937,0.971,0.933,83.889,9.933,2.100,0.960,0.010,8.720,0.001
2023-08-30,99.222,93.000,100.000,0.120,0.000,1.080,10.033,9.400,10.500,4.867,2.000,11.300,699.289,698.600,700.100,9.500,9.000,9.000,0.999,0.990,1.000,0.189,0.214,0.999,0.999,0.992,82.667,9.756,0.100,0.993,0.000,8.740,0.000
2023-08-31,84.000,73.000,100.000,2.686,0.000,4.630,9.722,8.700,10.600,3.189,1.100,6.000,699.944,699.700,700.200,0.500,9.000,9.000,0.976,0.870,1.000,0.200,0.094,0.971,0.973,0.856,92.222,8.533,0.000,0.996,0.000,8.770,0.000
2023-09-01,100.000,100.000,100.000,0.000,0.000,0.000,10.800,9.900,11.400,5.322,1.600,8.300,699.622,698.500,700.600,2.500,9.000,9.000,1.000,1.000,1.000,0.372,0.186,0.996,0.996,0.962,92.667,9.367,0.100,0.970,0.000,8.800,0.000
2023-09-02,100.000,100.000,100.000,0.000,0.000,0.000,10.789,9.600,11.600,7.856,3.100,12.100,697.856,696.600,699.000,5.500,9.000,9.000,0.992,0.940,1.000,0.824,0.489,0.973,0.984,0.950,94.111,10.000,8.300,0.916,0.410,8.820,0.047
2023-09-03,100.000,100.000,100.000,0.000,0.000,0.000,11.800,11.500,12.200,4.489,2.200,8.500,693.811,692.400,695.100,157.000,9.000,9.000,1.000,1.000,1.000,0.837,0.650,1.000,1.000,1.000,95.444,8.922,32.700,0.840,1.040,8.850,0.118
2023-09-04,97.333,95.000,100.000,0.412,0.000,0.780,11.756,10.700,12.700,3.544,0.900,6.700,699.856,698.900,700.500,36.500,9.000,9.000,1.000,1.000,1.000,1.000,0.264,0.994,0.996,0.992,97.667,9.022,1.400,0.750,1.700,8.880,0.191
2023-09-05,91.667,83.000,100.000,1.333,0.000,2.790,11.044,10.700,11.500,2.311,1.300,3.600,703.000,702.500,703.400,0.000,9.000,9.000,0.988,0.980,0.990,0.863,0.430,0.969,0.985,0.956,97.778,8.544,14.500,0.651,2.400,8.900,0.269
2023-09-06,96.889,88.000,100.000,0.488,0.000,1.920,10.844,10.400,11.600,2.289,1.100,3.800,703.856,703.100,704.500,11.500,9.000,9.000,1.000,1.000,1.000,0.941,0.963,0.984,0.999,0.998,98.222,7.511,15.900,0.548,3.160,8.930,0.354
2023-09-07,93.111,81.000,100.000,1.120,0.000,3.140,10.722,10.200,11.000,2.744,0.700,7.400,703.433,702.800,704.200,3.000,9.000,9.000,1.000,1.000,1.000,0.970,0.991,0.919,1.000,0.999,98.333,7.878,23.800,0.446,3.990,8.960,0.446
2023-09-08,100.000,100.000,100.000,0.000,0.000,0.000,10.489,10.300,10.600,3.111,1.200,5.300,702.911,702.100,703.500,8.500,9.000,9.000,0.964,0.790,1.000,0.827,0.649,0.312,0.774,0.653,95.444,7.000,7.200,0.350,4.880,8.980,0.543
2023-09-09,98.778,96.000,100.000,0.186,0.000,0.610,10.122,9.600,10.400,1.722,0.400,3.800,702.189,701.200,703.100,0.500,9.000,9.000,0.981,0.940,1.000,0.909,0.649,0.492,0.764,0.282,95.889,6.789,10.500,0.260,5.810,9.010,0.644
2023-09-10,100.000,100.000,100.000,0.000,0.000,0.000,9.311,8.400,10.900,5.411,3.700,7.200,702.211,701.100,703.200,2.000,9.000,9.000,0.983,0.950,1.000,0.928,0.343,0.171,0.448,0.269,96.111,7.956,3.700,0.181,6.750,9.040,0.747
2023-09-11,37.556,9.000,96.000,18.504,0.610,31.950,10.989,10.100,11.900,4.144,3.100,5.600,702.656,701.800,703.400,0.000,9.000,9.000,0.953,0.870,1.000,0.934,0.149,0.406,0.512,0.228,92.889,7.733,0.100,0.115,7.680,9.060,0.847
2023-09-12,49.889,45.000,58.000,10.152,7.960,11.570,11.544,11.100,11.900,1.200,0.800,2.300,702.756,702.200,703.200,0.000,9.000,9.000,0.991,0.960,1.000,0.848,0.929,0.846,0.987,0.945,87.667,8.289,4.700,0.062,8.590,9.090,0.945
2023-09-13,68.444,55.000,85.000,5.692,2.410,8.750,10.878,9.800,11.700,2.022,0.700,3.400,703.222,702.600,703.700,0.000,9.000,9.000,0.989,0.950,1.000,0.917,0.018,0.793,0.796,0.360,91.889,7.556,0.100,0.024,9.110,9.110,1.000
2023-09-14,71.111,62.000,92.000,5.130,1.240,7.010,10.756,10.400,11.200,1.800,0.400,3.700,704.256,703.500,704.900,0.000,9.000,9.000,0.680,0.110,0.990,0.677,0.001,0.049,0.050,0.000,88.333,8.378,0.000,0.004,9.140,9.140,1.000
2023-09-15,91.556,76.000,100.000,1.378,0.000,4.050,9.233,8.400,10.400,2.611,0.600,3.700,705.256,704.700,705.800,0.000,9.000,9.000,0.916,0.730,0.970,0.734,0.076,0.641,0.666,0.550,92.000,6.200,0.000,0.002,9.170,9.170,1.000
2023-09-16,89.556,84.000,100.000,1.667,0.000,2.590,9.967,9.500,10.300,2.811,0.500,4.100,705.456,704.500,706.100,0.000,9.000,9.000,0.797,0.190,0.930,0.733,0.194,0.290,0.405,0.149,90.000,6.722,0.200,0.018,9.190,9.190,1.000
2023-09-17,90.000,80.000,100.000,1.593,0.000,3.330,10.111,9.200,11.200,1.978,0.400,5.000,705.478,704.700,706.100,0.500,9.000,9.000,0.842,0.720,0.890,0.782,0.229,0.068,0.283,0.155,91.444,7.044,0.100,0.053,9.210,9.220,0.999
2023-09-18,84.222,74.000,100.000,2.600,0.000,4.440,9.600,8.900,10.300,3.567,0.000,6.400,705.933,705.000,706.600,0.500,9.000,9.000,0.869,0.820,0.910,0.859,0.077,0.000,0.077,0.000,88.667,7.144,0.000,0.106,8.690,9.240,0.940
2023-09-19,73.333,58.000,100.000,4.872,0.000,7.920,9.767,8.700,10.500,4.456,3.600,6.100,705.544,704.400,706.400,0.000,9.000,9.000,0.294,0.010,0.860,0.290,0.013,0.000,0.013,0.010,86.667,7.522,0.000,0.176,8.110,9.270,0.875
2023-09-20,91.111,82.000,98.000,1.410,0.300,2.940,10.433,10.200,11.000,3.067,0.000,5.000,705.056,704.300,705.700,0.000,9.000,9.000,0.528,0.100,0.850,0.517,0.053,0.010,0.063,0.000,90.889,7.556,0.000,0.260,7.450,9.290,0.802
2023-09-21,92.000,77.000,100.000,1.288,0.000,3.880,10.800,10.600,11.100,2.244,1.100,3.300,705.233,704.200,705.900,0.500,9.000,9.000,0.786,0.460,0.920,0.768,0.036,0.091,0.121,0.000,89.556,8.444,0.000,0.357,6.690,9.320,0.718
2023-09-22,81.333,74.000,99.000,3.116,0.150,4.450,10.156,9.200,10.800,3.333,1.800,5.600,705.389,704.500,706.000,0.000,9.000,9.000,0.553,0.290,0.880,0.256,0.091,0.331,0.390,0.216,87.889,8.756,0.000,0.463,5.810,9.340,0.622
2023-09-23,76.667,50.000,100.000,4.527,0.000,10.060,10.444,9.100,11.300,2.400,0.000,4.300,705.056,704.400,705.600,0.000,9.000,9.000,0.820,0.770,0.840,0.819,0.017,0.053,0.069,0.000,90.444,8.600,0.000,0.573,4.800,9.370,0.513
2023-09-24,76.889,67.000,84.000,3.910,2.570,5.880,10.256,9.500,10.800,4.067,2.000,5.700,704.767,704.100,705.200,0.000,9.000,9.000,0.572,0.200,1.000,0.537,0.007,0.037,0.043,0.000,90.111,8.067,0.000,0.683,3.710,9.390,0.395
2023-09-25,77.667,66.000,97.000,3.816,0.460,6.110,10.089,9.300,10.900,3.833,0.400,8.200,704.911,703.700,705.700,0.000,9.000,9.000,0.542,0.260,0.890,0.540,0.010,0.000,0.010,0.000,89.111,8.567,0.000,0.786,2.570,9.420,0.273
2023-09-26,94.333,85.000,100.000,0.893,0.000,2.390,9.289,8.700,9.800,3.889,1.000,9.800,703.922,702.900,704.500,1.000,9.000,9.000,0.146,0.010,0.300,0.124,0.046,0.014,0.059,0.000,86.111,8.589,0.000,0.875,1.430,9.440,0.151
2023-09-27,78.778,72.000,85.000,3.513,2.370,4.800,8.989,8.000,9.500,5.978,3.900,8.000,704.300,703.700,705.000,0.000,9.000,9.000,0.347,0.100,0.830,0.342,0.019,0.002,0.021,0.000,86.667,7.978,0.000,0.943,0.320,9.470,0.034
2023-09-28,70.444,59.000,100.000,5.301,0.000,7.650,9.933,9.000,10.700,4.478,3.100,6.400,705.478,704.800,706.000,0.000,9.000,9.000,0.290,0.100,0.560,0.161,0.036,0.131,0.162,0.020,89.333,7.856,0.000,0.986,0.000,9.490,0.000
2023-09-29,81.333,54.000,100.000,3.371,0.000,9.050,10.789,9.700,12.300,3.611,0.500,7.100,705.189,704.200,705.900,0.000,9.000,9.000,0.211,0.090,0.370,0.101,0.142,0.021,0.158,0.040,89.667,8.278,0.000,1.000,0.000,9.510,0.000
2023-09-30,53.333,44.000,67.000,9.261,5.810,11.700,10.078,9.200,10.600,5.367,0.400,7.500,703.744,702.900,704.600,0.000,9.000,9.000,0.387,0.080,0.840,0.366,0.059,0.001,0.060,0.020,91.889,8.333,0.000,0.985,0.000,9.540,0.000
2023-10-01,82.000,62.000,100.000,3.066,0.000,6.910,8.867,8.200,9.500,5.522,0.500,8.600,703.600,703.200,704.200,0.000,9.000,9.000,0.119,0.060,0.290,0.103,0.028,0.007,0.034,0.000,85.222,7.978,0.000,0.943,0.070,9.560,0.007
2023-10-02,63.333,55.000,72.000,6.728,4.800,8.680,10.667,9.600,11.800,6.689,2.000,8.800,702.944,701.900,703.800,0.000,9.000,9.000,0.540,0.050,0.880,0.041,0.003,0.517,0.520,0.010,83.222,5.789,0.000,0.879,0.760,9.580,0.080
2023-10-03,100.000,100.000,100.000,0.000,0.000,0.000,10.944,10.300,11.400,4.022,0.300,9.500,701.367,699.300,702.600,1.000,9.000,9.000,0.984,0.960,1.000,0.899,0.097,0.786,0.807,0.392,95.333,9.578,4.700,0.799,1.520,9.610,0.158
2023-10-04,100.000,100.000,100.000,0.000,0.000,0.000,10.878,10.400,11.500,3.833,0.800,11.100,696.856,695.300,697.900,22.500,9.000,9.000,1.000,1.000,1.000,0.997,0.192,1.000,1.000,1.000,94.778,9.200,6.000,0.708,2.340,9.630,0.243
2023-10-05,99.556,98.000,100.000,0.067,0.000,0.300,8.756,7.600,10.200,5.967,1.600,9.400,701.022,700.400,701.500,10.000,9.000,9.000,0.991,0.970,1.000,0.081,0.121,0.983,0.985,0.952,87.000,8.544,1.400,0.612,3.230,9.650,0.334
2023-10-06,99.778,98.000,100.000,0.033,0.000,0.300,9.478,9.300,9.600,3.078,0.400,4.500,703.689,703.100,704.100,0.500,9.000,9.000,0.988,0.970,1.000,0.866,0.803,0.677,0.960,0.934,97.000,6.922,4.500,0.513,4.160,9.680,0.430
2023-10-07,94.889,91.000,100.000,0.787,0.000,1.400,9.544,9.200,10.100,3.000,1.500,5.300,705.033,704.500,705.500,1.500,9.000,9.000,0.992,0.950,1.000,0.862,0.938,0.839,0.984,0.927,99.000,6.367,10.400,0.416,5.100,9.700,0.526
2023-10-08,97.222,85.000,100.000,0.443,0.000,2.420,10.078,9.600,10.400,2.189,1.000,3.800,706.778,705.900,707.500,4.000,9.000,9.000,0.998,0.980,1.000,0.989,0.854,0.793,0.937,0.708,97.000,7.667,6.500,0.324,6.040,9.720,0.622
2023-10-09,94.778,90.000,100.000,0.807,0.000,1.570,9.611,9.200,10.400,1.189,0.500,3.400,707.267,706.400,708.200,6.500,9.000,9.000,0.954,0.920,1.000,0.903,0.060,0.297,0.338,0.126,94.111,7.422,0.000,0.239,6.960,9.740,0.714
2023-10-10,98.556,87.000,100.000,0.229,0.000,2.060,8.833,8.000,9.600,3.467,0.800,7.400,706.533,705.900,707.100,0.000,9.000,9.000,0.994,0.980,1.000,0.961,0.538,0.383,0.719,0.655,93.556,6.400,6.800,0.164,7.850,9.760,0.804
2023-10-11,100.000,100.000,100.000,0.000,0.000,0.000,8.456,8.000,8.800,2.678,1.700,3.900,706.778,706.000,707.300,0.500,9.000,9.000,0.956,0.920,0.980,0.956,0.026,0.000,0.026,0.010,93.000,5.511,0.300,0.100,8.720,9.790,0.891
2023-10-12,89.778,78.000,100.000,1.643,0.000,3.640,8.456,7.600,9.400,2.178,1.100,3.600,705.767,704.600,706.600,0.000,9.000,9.000,0.973,0.930,1.000,0.971,0.097,0.007,0.103,0.080,90.222,6.533,0.500,0.050,9.570,9.810,0.976
2023-10-13,100.000,100.000,100.000,0.000,0.000,0.000,7.056,6.400,7.700,6.644,4.500,9.000,703.333,702.000,704.300,0.000,9.000,9.000,0.582,0.240,0.970,0.574,0.111,0.009,0.119,0.090,91.111,5.778,1.100,0.016,9.830,9.830,1.000
2023-10-14,100.000,100.000,100.000,0.000,0.000,0.000,6.911,6.200,7.400,5.956,4.500,6.900,702.489,701.700,702.900,1.000,9.000,9.000,0.284,0.080,0.720,0.211,0.041,0.100,0.137,0.020,85.111,5.656,0.700,0.001,9.850,9.850,1.000
2023-10-15,99.889,99.000,100.000,0.017,0.000,0.150,7.044,5.800,7.800,5.822,4.600,7.100,703.689,702.400,704.400,1.500,9.000,9.000,0.474,0.190,0.780,0.206,0.193,0.310,0.438,0.158,79.000,5.456,0.800,0.005,9.870,9.870,1.000
2023-10-16,48.444,13.000,100.000,12.664,0.000,26.970,6.967,4.200,8.700,3.800,2.000,5.100,705.411,704.800,705.900,0.000,9.000,9.000,0.749,0.510,0.910,0.401,0.654,0.094,0.683,0.405,84.778,4.922,0.300,0.029,9.890,9.890,1.000
2023-10-17,61.111,38.000,75.000,7.470,4.180,13.680,9.289,8.400,10.200,2.756,1.400,4.500,706.778,706.100,707.400,0.000,9.000,9.000,0.632,0.320,0.950,0.227,0.424,0.303,0.547,0.206,82.778,5.856,0.000,0.074,9.630,9.910,0.972
2023-10-18,92.778,87.000,96.000,1.111,0.600,2.060,8.867,8.500,9.400,2.578,0.500,3.800,707.211,706.600,707.800,0.000,9.000,9.000,0.696,0.360,1.000,0.273,0.130,0.528,0.592,0.208,88.444,5.878,0.000,0.138,8.900,9.930,0.896
2023-10-19,92.889,83.000,100.000,1.117,0.000,2.750,8.689,7.800,9.600,5.067,3.900,7.000,705.944,704.900,706.800,0.000,9.000,9.000,0.990,0.970,1.000,0.816,0.661,0.838,0.941,0.729,87.222,7.789,1.400,0.220,8.060,9.950,0.809
2023-10-20,96.556,90.000,100.000,0.527,0.000,1.550,8.567,7.900,9.100,1.856,0.900,2.900,706.356,705.600,707.000,0.000,9.000,9.000,0.993,0.980,1.000,0.989,0.461,0.596,0.827,0.433,94.778,5.656,0.700,0.316,7.100,9.970,0.712
2023-10-21,99.111,92.000,100.000,0.136,0.000,1.220,7.622,7.300,8.100,3.178,2.400,4.400,707.100,706.200,707.900,0.000,9.000,9.000,0.964,0.910,0.990,0.959,0.240,0.061,0.289,0.149,94.556,4.589,0.600,0.423,6.050,9.990,0.605
2023-10-22,100.000,100.000,100.000,0.000,0.000,0.000,7.222,7.000,7.500,4.289,3.700,5.400,707.233,706.500,707.800,0.500,9.000,9.000,0.314,0.190,0.590,0.191,0.199,0.001,0.200,0.110,88.556,6.022,0.100,0.535,4.950,10.010,0.495
2023-10-23,100.000,100.000,100.000,0.000,0.000,0.000,8.033,7.700,8.200,3.067,1.900,4.000,706.811,706.000,707.500,0.000,9.000,9.000,0.360,0.140,0.720,0.346,0.128,0.001,0.129,0.060,91.222,6.389,0.400,0.648,3.850,10.030,0.384
2023-10-24,99.667,97.000,100.000,0.049,0.000,0.440,7.011,5.800,8.100,5.033,3.000,5.900,705.967,704.800,706.900,0.500,9.000,9.000,0.950,0.830,1.000,0.950,0.033,0.000,0.033,0.000,92.889,6.578,0.100,0.754,2.770,10.050,0.276
2023-10-25,50.444,32.000,68.000,10.031,5.560,15.860,7.967,6.700,9.100,2.833,1.300,3.900,705.089,703.900,706.000,0.000,9.000,9.000,0.882,0.730,0.980,0.324,0.133,0.821,0.846,0.736,88.222,6.422,0.200,0.847,1.720,10.070,0.171
2023-10-26,98.667,89.000,100.000,0.204,0.000,1.690,6.244,6.000,6.800,4.867,4.100,5.700,703.956,703.000,704.700,0.000,9.000,9.000,0.488,0.340,0.800,0.453,0.311,0.016,0.322,0.220,82.222,6.189,1.200,0.922,0.680,10.090,0.067
2023-10-27,100.000,100.000,100.000,0.000,0.000,0.000,7.278,7.000,7.600,4.044,3.100,4.500,703.633,702.400,704.400,0.000,9.000,9.000,0.929,0.780,0.990,0.897,0.479,0.012,0.488,0.208,96.111,5.011,2.800,0.973,0.000,10.110,0.000
2023-10-28,100.000,100.000,100.000,0.000,0.000,0.000,5.700,5.100,6.200,6.056,4.500,7.800,703.456,702.600,704.300,0.000,9.000,9.000,0.966,0.720,1.000,0.964,0.133,0.000,0.133,0.080,95.111,4.189,1.300,0.998,0.000,10.130,0.000
2023-10-29,99.889,99.000,100.000,0.016,0.000,0.140,4.711,4.100,5.300,7.289,6.000,8.800,704.111,703.300,704.700,0.000,9.000,9.000,0.474,0.230,0.860,0.207,0.380,0.000,0.380,0.130,88.889,5.011,0.300,0.995,0.000,10.140,0.000
2023-10-30,73.444,58.000,85.000,4.497,2.320,7.700,6.011,5.100,6.900,1.378,0.400,3.200,705.578,704.800,706.100,0.000,9.000,9.000,0.126,0.080,0.190,0.111,0.036,0.000,0.036,0.000,83.222,4.956,0.300,0.967,0.000,10.160,0.000
2023-10-31,81.444,64.000,100.000,3.086,0.000,6.350,5.878,5.000,7.000,1.589,0.500,3.000,706.222,705.400,706.900,0.000,9.000,9.000,0.534,0.270,1.000,0.459,0.134,0.110,0.229,0.040,85.444,5.044,0.100,0.918,0.510,10.180,0.050
2023-11-01,46.000,23.000,81.000,12.041,3.020,20.090,7.989,6.000,9.100,1.344,0.300,3.500,705.367,704.400,706.100,0.000,9.000,9.000,0.813,0.170,0.970,0.772,0.060,0.101,0.155,0.070,89.111,4.744,0.000,0.851,1.380,10.200,0.135
2023-11-02,6.889,3.000,34.000,38.869,14.900,43.510,8.922,7.700,10.200,2.089,1.000,3.000,704.156,703.400,704.900,0.000,9.000,9.000,0.401,0.100,0.960,0.396,0.033,0.000,0.033,0.020,88.778,4.867,0.000,0.771,2.300,10.210,0.226
2023-11-03,26.444,6.000,51.000,20.187,9.550,35.610,9.300,8.000,11.100,4.633,1.900,6.400,704.222,703.700,704.700,0.000,9.000,9.000,0.498,0.120,0.870,0.492,0.018,0.000,0.018,0.010,86.889,4.689,0.000,0.682,3.260,10.230,0.318
2023-11-04,61.778,54.000,70.000,6.914,5.120,8.730,7.789,7.300,8.200,5.189,4.300,6.000,705.356,704.700,705.900,0.000,9.000,9.000,0.258,0.110,0.960,0.256,0.017,0.000,0.017,0.000,84.889,4.844,0.000,0.589,4.210,10.250,0.411
2023-11-05,99.333,97.000,100.000,0.100,0.000,0.450,8.311,8.100,9.000,6.778,5.800,7.700,706.233,705.500,706.900,0.000,9.000,9.000,0.738,0.510,0.880,0.057,0.009,0.709,0.712,0.366,72.556,3.956,0.000,0.494,5.130,10.260,0.500
2023-11-06,99.667,98.000,100.000,0.050,0.000,0.300,7.778,7.400,8.300,3.400,0.000,5.000,706.711,705.900,707.300,0.500,9.000,9.000,0.509,0.260,0.750,0.406,0.066,0.181,0.233,0.040,91.000,6.933,0.700,0.400,6.030,10.280,0.586
2023-11-07,100.000,100.000,100.000,0.000,0.000,0.000,7.211,7.000,7.600,4.722,3.500,5.900,705.878,705.000,706.700,0.000,9.000,9.000,0.458,0.270,0.800,0.260,0.009,0.228,0.237,0.000,85.889,5.444,0.000,0.310,6.890,10.290,0.669
2023-11-08,86.222,66.000,96.000,2.283,0.600,6.000,8.122,7.700,8.700,3.933,3.000,4.700,706.500,705.900,707.000,0.000,9.000,9.000,0.904,0.800,0.990,0.129,0.079,0.878,0.887,0.798,84.667,6.500,0.000,0.226,7.740,10.310,0.751
2023-11-09,50.000,37.000,63.000,9.961,6.610,13.850,8.356,7.500,9.900,6.556,5.400,7.300,706.633,706.100,707.000,0.000,9.000,9.000,0.216,0.020,0.570,0.212,0.022,0.000,0.022,0.010,82.444,6.622,0.000,0.151,8.590,10.320,0.832
2023-11-10,93.889,90.000,97.000,0.927,0.440,1.540,7.678,7.200,8.000,3.267,2.800,3.900,707.200,706.600,707.600,0.500,9.000,9.000,0.298,0.210,0.360,0.288,0.082,0.000,0.082,0.060,87.778,5.567,0.400,0.088,9.460,10.340,0.915
2023-11-11,100.000,100.000,100.000,0.000,0.000,0.000,7.200,6.700,7.700,4.800,3.300,6.000,707.122,706.200,707.900,0.000,9.000,9.000,0.183,0.100,0.520,0.173,0.032,0.000,0.032,0.010,97.667,4.711,0.000,0.040,10.350,10.350,1.000
2023-11-12,84.556,72.000,99.000,2.466,0.140,4.680,5.422,4.900,6.300,3.211,1.900,5.000,707.022,706.100,707.600,0.000,9.000,9.000,0.971,0.940,1.000,0.966,0.142,0.004,0.146,0.060,90.222,2.944,2.200,0.010,10.370,10.370,1.000
2023-11-13,100.000,100.000,100.000,0.000,0.000,0.000,5.078,4.200,5.600,6.111,4.100,7.800,706.033,704.900,706.900,0.500,9.000,9.000,1.000,1.000,1.000,1.000,0.251,0.000,0.251,0.150,97.222,1.478,2.900,0.000,10.380,10.380,1.000
2023-11-14,95.889,77.000,100.000,0.651,0.000,3.710,4.700,4.000,5.400,3.344,3.000,3.600,706.489,705.600,707.000,0.000,9.000,9.000,0.969,0.940,0.990,0.946,0.709,0.000,0.709,0.570,97.889,2.022,2.200,0.013,10.400,10.400,1.000
2023-11-15,79.778,71.000,88.000,3.249,1.820,4.860,5.578,4.800,6.100,3.433,2.500,4.200,707.189,706.200,707.700,0.000,9.000,9.000,0.870,0.810,0.900,0.857,0.129,0.000,0.129,0.040,93.111,2.522,0.100,0.049,10.360,10.410,0.995
2023-11-16,100.000,100.000,100.000,0.000,0.000,0.000,3.722,3.600,3.900,6.733,5.400,8.500,704.789,703.300,705.800,0.500,9.000,9.000,0.990,0.970,1.000,0.953,0.224,0.819,0.861,0.704,96.111,0.933,2.600,0.107,9.420,10.420,0.904
2023-11-17,8.222,5.000,12.000,31.500,26.600,36.800,3.833,2.400,5.400,4.156,2.800,6.400,703.322,702.600,703.700,0.000,9.000,9.000,0.338,0.180,0.730,0.237,0.061,0.160,0.209,0.050,73.556,-2.689,0.300,0.185,8.390,10.430,0.804
2023-11-18,6.556,1.000,28.000,38.096,16.870,52.960,5.456,3.700,6.900,1.100,0.300,1.600,703.311,702.900,703.700,0.000,9.000,9.000,0.247,0.000,0.520,0.141,0.020,0.119,0.134,0.000,83.000,-3.433,0.000,0.280,7.300,10.450,0.699
2023-11-19,18.333,15.000,31.000,22.793,15.870,25.040,6.822,5.900,7.500,1.411,0.300,4.100,703.444,702.400,704.200,0.000,9.000,9.000,0.247,0.190,0.340,0.243,0.018,0.000,0.018,0.000,79.778,-0.078,0.000,0.386,6.210,10.460,0.593
2023-11-20,31.667,15.000,53.000,16.521,8.770,24.490,4.578,4.100,5.000,3.689,3.000,4.400,703.378,702.400,704.100,0.000,9.000,9.000,0.957,0.800,1.000,0.953,0.154,0.000,0.154,0.090,90.000,1.311,0.300,0.499,5.140,10.470,0.491
2023-11-21,26.222,11.000,46.000,19.372,10.570,28.130,4.333,3.000,5.300,4.089,1.900,6.100,702.322,701.700,702.900,0.000,9.000,9.000,0.289,0.190,0.580,0.289,0.007,0.000,0.007,0.000,84.444,2.044,0.200,0.613,4.110,10.480,0.392
2023-11-22,7.667,2.000,24.000,37.944,19.030,47.250,8.111,5.600,9.900,4.556,1.900,7.100,702.644,702.000,703.100,0.000,9.000,9.000,0.461,0.260,0.800,0.262,0.000,0.241,0.241,0.000,82.444,3.200,0.000,0.721,3.100,10.490,0.296
2023-11-23,9.222,7.000,15.000,31.413,25.320,34.780,9.433,8.400,11.600,1.122,0.000,2.200,704.378,704.000,704.600,0.000,9.000,9.000,0.381,0.270,0.520,0.358,0.050,0.022,0.071,0.030,87.667,2.978,0.100,0.817,2.110,10.500,0.200
2023-11-24,29.889,15.000,39.000,17.189,13.170,25.480,8.278,7.400,9.800,2.111,0.500,3.700,705.267,704.500,706.000,0.000,9.000,9.000,0.488,0.340,0.620,0.487,0.033,0.000,0.033,0.000,81.556,0.056,0.000,0.896,1.100,10.520,0.104
2023-11-25,14.444,9.000,27.000,26.317,17.980,31.460,8.567,7.100,9.700,3.111,0.400,4.500,705.278,704.500,705.800,0.000,9.000,9.000,0.434,0.310,0.520,0.433,0.004,0.000,0.004,0.000,83.111,1.322,0.000,0.954,0.070,10.530,0.006
2023-11-26,21.556,13.000,38.000,21.239,13.040,26.580,5.767,3.800,6.800,5.222,3.100,6.600,703.456,702.500,704.300,0.000,9.000,9.000,0.399,0.220,0.500,0.376,0.029,0.054,0.082,0.010,87.000,2.278,0.200,0.989,0.000,10.540,0.000
2023-11-27,100.000,100.000,100.000,0.000,0.000,0.000,3.311,2.900,3.600,7.133,6.200,7.700,703.889,703.600,704.200,0.000,9.000,9.000,0.230,0.200,0.270,0.230,0.062,0.000,0.062,0.030,80.889,2.678,0.600,0.999,0.000,10.540,0.000
2023-11-28,98.778,95.000,100.000,0.179,0.000,0.740,6.433,6.100,6.900,6.022,5.200,7.100,705.478,705.000,706.100,0.000,9.000,9.000,0.337,0.230,0.400,0.309,0.201,0.000,0.201,0.090,83.556,2.700,0.000,0.986,0.000,10.550,0.000
2023-11-29,100.000,100.000,100.000,0.000,0.000,0.000,6.689,6.100,7.200,4.956,3.500,6.000,706.911,706.100,707.700,2.500,9.000,9.000,0.817,0.580,1.000,0.768,0.162,0.137,0.278,0.000,90.667,3.478,0.000,0.952,0.170,10.560,0.016
2023-11-30,100.000,100.000,100.000,0.000,0.000,0.000,6.700,5.800,7.100,5.344,2.300,7.800,706.278,704.900,707.100,19.500,9.000,9.000,0.998,0.980,1.000,0.997,0.364,0.348,0.578,0.286,97.556,2.711,2.000,0.900,1.120,10.570,0.106
2023-12-01,100.000,100.000,100.000,0.000,0.000,0.000,5.111,4.700,5.400,6.167,4.800,8.100,704.911,704.100,705.400,1.000,9.000,9.000,0.977,0.910,1.000,0.969,0.287,0.237,0.462,0.261,98.889,0.778,1.300,0.833,2.080,10.580,0.197
2023-12-02,98.556,93.000,100.000,0.211,0.000,1.030,3.944,3.300,4.700,5.822,4.500,7.600,705.600,704.700,706.200,0.000,9.000,9.000,0.542,0.220,1.000,0.466,0.221,0.013,0.231,0.040,97.444,1.889,0.600,0.755,3.020,10.590,0.285
2023-12-03,100.000,100.000,100.000,0.000,0.000,0.000,5.944,5.500,6.700,6.044,4.400,7.500,705.500,704.100,706.400,2.000,9.000,9.000,0.916,0.630,1.000,0.771,0.631,0.243,0.753,0.469,97.111,1.811,2.200,0.668,3.920,10.590,0.370
2023-12-04,100.000,100.000,100.000,0.000,0.000,0.000,6.289,5.700,6.800,6.811,5.400,7.900,701.633,700.700,702.600,29.000,9.000,9.000,0.942,0.840,0.990,0.870,0.479,0.318,0.627,0.150,95.111,2.733,2.100,0.577,4.790,10.600,0.452
2023-12-05,97.556,89.000,100.000,0.361,0.000,1.650,3.356,2.700,3.800,8.078,6.300,9.200,700.667,700.200,701.200,0.000,9.000,9.000,0.943,0.850,1.000,0.256,0.079,0.901,0.906,0.741,87.111,3.533,1.500,0.483,5.630,10.610,0.531
2023-12-06,100.000,100.000,100.000,0.000,0.000,0.000,2.144,1.600,2.600,5.578,4.800,6.700,701.478,700.900,701.900,0.500,9.000,9.000,0.964,0.880,1.000,0.754,0.580,0.661,0.885,0.783,94.667,1.189,2.700,0.389,6.460,10.610,0.609
2023-12-07,36.778,15.000,100.000,15.718,0.000,24.020,1.478,0.600,2.100,5.722,3.800,7.400,700.978,699.900,701.600,0.000,9.000,9.000,0.327,0.090,0.570,0.219,0.002,0.168,0.170,0.000,83.222,1.178,0.000,0.299,7.300,10.620,0.687
2023-12-08,10.222,6.000,19.000,29.747,22.110,35.030,6.078,4.200,7.000,6.533,5.200,7.700,703.178,702.800,703.400,0.000,9.000,9.000,0.121,0.060,0.320,0.093,0.039,0.026,0.064,0.030,73.556,1.878,0.000,0.214,8.170,10.630,0.769
2023-12-09,67.667,65.000,71.000,5.607,4.920,6.190,7.511,7.100,8.000,6.456,5.700,6.900,703.889,703.500,704.300,0.000,9.000,9.000,0.179,0.100,0.210,0.177,0.031,0.000,0.031,0.020,83.667,4.756,0.100,0.138,9.090,10.630,0.855
2023-12-10,98.333,93.000,100.000,0.251,0.000,1.060,7.867,7.700,8.100,5.033,4.000,6.300,704.622,704.000,705.300,0.000,9.000,9.000,0.138,0.100,0.200,0.129,0.064,0.000,0.064,0.050,81.333,5.178,0.000,0.075,10.060,10.640,0.946
2023-12-11,99.667,97.000,100.000,0.049,0.000,0.440,6.356,6.000,6.900,6.111,5.600,6.700,705.000,704.200,705.800,0.000,9.000,9.000,0.158,0.100,0.210,0.148,0.052,0.000,0.052,0.010,78.444,4.922,0.000,0.029,10.640,10.640,1.000
2023-12-12,62.667,52.000,84.000,6.734,2.500,9.180,6.500,6.000,6.700,7.444,6.600,8.500,705.633,705.200,706.100,0.000,9.000,9.000,0.467,0.340,0.640,0.453,0.039,0.018,0.056,0.000,91.556,4.300,0.600,0.005,10.640,10.640,1.000
2023-12-13,20.778,12.000,30.000,21.866,16.590,28.450,9.533,8.300,11.300,2.356,1.000,4.900,708.211,707.900,708.500,0.000,9.000,9.000,0.156,0.060,0.230,0.156,0.000,0.000,0.000,0.000,76.000,4.222,0.000,0.004,10.650,10.650,1.000
2023-12-14,28.556,22.000,44.000,17.679,11.640,20.690,9.456,9.100,10.000,4.033,2.600,5.000,707.333,706.100,708.100,0.000,9.000,9.000,0.190,0.120,0.320,0.190,0.000,0.000,0.000,0.000,82.778,4.222,0.000,0.029,10.650,10.650,1.000
2023-12-15,35.222,24.000,58.000,14.928,7.610,19.480,7.244,5.300,8.700,3.889,3.200,4.400,705.044,704.000,706.000,0.000,9.000,9.000,0.181,0.130,0.240,0.173,0.013,0.012,0.026,0.000,72.778,3.800,0.000,0.080,9.740,10.650,0.915
2023-12-16,99.778,98.000,100.000,0.031,0.000,0.280,2.944,2.600,3.300,6.344,5.600,7.500,704.422,703.700,705.000,0.000,9.000,9.000,1.000,1.000,1.000,1.000,0.207,0.126,0.302,0.139,99.889,-1.789,1.100,0.153,8.620,10.660,0.809
2023-12-17,97.556,90.000,100.000,0.358,0.000,1.480,2.222,1.700,2.800,5.178,2.700,7.100,704.889,704.400,705.400,0.000,9.000,9.000,0.753,0.280,1.000,0.743,0.086,0.007,0.091,0.000,97.889,-1.856,0.200,0.245,7.520,10.660,0.706
2023-12-18,100.000,100.000,100.000,0.000,0.000,0.000,3.400,3.300,3.600,7.956,6.400,8.700,704.733,704.300,705.100,0.000,9.000,9.000,0.223,0.110,0.390,0.207,0.101,0.000,0.101,0.040,83.333,1.433,0.000,0.350,6.470,10.660,0.607
2023-12-19,100.000,100.000,100.000,0.000,0.000,0.000,6.067,5.400,6.500,7.156,5.100,9.000,704.267,703.100,705.500,12.500,9.000,9.000,0.744,0.500,1.000,0.702,0.434,0.060,0.468,0.300,92.778,2.033,2.900,0.463,5.460,10.660,0.512
2023-12-20,100.000,100.000,100.000,0.000,0.000,0.000,2.700,2.200,3.800,6.089,5.400,7.300,702.167,701.500,703.400,0.500,9.000,9.000,1.000,1.000,1.000,1.000,0.759,0.006,0.760,0.450,100.000,-3.022,5.400,0.576,4.470,10.660,0.420
2023-12-21,100.000,100.000,100.000,0.000,0.000,0.000,1.089,-0.100,1.900,9.078,7.100,13.000,702.522,701.600,703.100,0.500,9.000,9.000,1.000,1.000,1.000,1.000,0.513,0.000,0.513,0.260,96.333,-5.944,3.300,0.684,3.490,10.660,0.327
2023-12-22,57.333,26.000,100.000,8.914,0.000,17.600,1.667,-0.600,3.400,4.844,2.300,6.200,704.811,704.000,705.300,0.000,9.000,9.000,0.937,0.800,0.990,0.902,0.468,0.001,0.469,0.190,91.778,-6.300,0.600,0.781,2.490,10.660,0.234
2023-12-23,100.000,100.000,100.000,0.000,0.000,0.000,0.922,0.000,1.400,4.686,3.500,6.400,705.356,704.900,705.600,6.500,9.000,9.000,0.973,0.940,1.000,0.953,0.633,0.046,0.654,0.490,98.111,-2.811,2.000,0.864,1.470,10.660,0.138
2023-12-24,22.111,9.000,51.000,21.130,9.010,29.770,1.922,0.800,3.200,2.444,1.200,3.400,704.811,703.800,705.500,0.000,9.000,9.000,0.970,0.810,1.000,0.969,0.094,0.134,0.218,0.090,95.111,-2.878,0.700,0.928,0.440,10.660,0.041
2023-12-25,18.222,11.000,29.000,22.446,16.380,27.660,3.144,2.500,3.800,3.344,0.600,5.600,705.089,704.500,705.600,0.000,9.000,9.000,0.480,0.260,0.750,0.346,0.022,0.251,0.268,0.109,78.000,-2.400,0.000,0.972,0.000,10.660,0.000
2023-12-26,99.111,93.000,100.000,0.129,0.000,1.020,1.944,1.600,2.300,7.433,6.600,8.500,706.100,705.600,706.400,0.000,9.000,9.000,0.169,0.100,0.340,0.142,0.038,0.030,0.066,0.020,86.667,1.078,0.000,0.995,0.000,10.660,0.000
2023-12-27,100.000,100.000,100.000,0.000,0.000,0.000,5.967,5.000,6.500,4.744,3.600,5.600,707.100,705.800,707.800,19.500,9.000,9.000,0.901,0.630,1.000,0.553,0.851,0.444,0.903,0.677,94.667,1.611,3.600,0.996,0.000,10.660,0.000
2023-12-28,88.000,78.000,100.000,1.844,0.000,3.490,4.111,3.500,4.600,6.000,4.800,7.200,705.822,704.900,706.500,0.500,9.000,9.000,0.313,0.170,0.920,0.299,0.119,0.000,0.119,0.050,94.111,0.300,0.700,0.978,0.000,10.650,0.000
2023-12-29,90.222,72.000,100.000,1.567,0.000,4.600,3.200,2.300,4.000,7.867,6.100,10.200,704.756,703.700,705.500,0.000,9.000,9.000,0.286,0.160,0.470,0.151,0.157,0.042,0.188,0.010,83.000,1.033,0.000,0.941,0.650,10.650,0.061
2023-12-30,97.556,95.000,100.000,0.353,0.000,0.730,4.289,4.000,4.500,4.778,3.800,5.200,704.267,703.400,704.800,0.000,9.000,9.000,0.383,0.240,0.460,0.210,0.329,0.044,0.359,0.218,83.222,1.389,4.000,0.888,1.570,10.650,0.148
2023-12-31,100.000,100.000,100.000,0.000,0.000,0.000,3.156,2.700,4.000,5.333,4.500,6.700,703.378,702.500,703.800,0.500,9.000,9.000,0.368,0.280,0.490,0.340,0.231,0.000,0.231,0.150,85.333,1.889,1.200,0.822,2.450,10.640,0.230
2024-01-01,94.889,87.000,100.000,0.738,0.000,1.910,0.367,-0.600,0.800,6.011,5.000,6.900,702.367,701.700,702.800,0.000,9.000,9.000,0.189,0.170,0.240,0.189,0.003,0.000,0.003,0.000,69.222,-0.500,0.500,0.745,3.290,10.640,0.310
2024-01-02,100.000,100.000,100.000,0.000,0.000,0.000,0.744,-0.300,1.600,7.167,6.500,8.000,701.089,699.900,701.700,0.000,9.000,9.000,0.151,0.050,0.190,0.151,0.022,0.000,0.022,0.000,86.222,0.067,0.000,0.659,4.120,10.640,0.387
2024-01-03,100.000,100.000,100.000,0.000,0.000,0.000,-0.978,-1.600,-0.500,5.744,4.600,7.300,699.922,699.100,700.500,0.000,9.000,9.000,0.244,0.190,0.300,0.244,0.100,0.000,0.100,0.070,86.444,-2.911,1.900,0.568,4.930,10.630,0.464
2024-01-04,30.333,14.000,39.000,15.140,10.930,24.460,0.011,-0.500,0.700,5.278,4.100,6.100,701.589,701.100,702.000,0.000,9.000,9.000,0.126,0.070,0.170,0.123,0.034,0.000,0.034,0.010,77.111,-1.422,0.200,0.473,5.770,10.630,0.543
2024-01-05,70.889,62.000,82.000,4.133,2.360,5.630,-1.022,-1.400,-0.600,4.756,4.200,5.400,702.311,701.700,702.800,0.000,9.000,9.000,0.132,0.030,0.210,0.131,0.013,0.000,0.013,0.000,83.556,-2.233,0.000,0.377,6.640,10.620,0.625
2024-01-06,62.778,33.000,75.000,5.934,3.410,14.400,-1.022,-1.800,0.100,5.000,3.700,5.900,702.178,701.500,702.700,0.000,9.000,9.000,0.149,0.110,0.170,0.144,0.052,0.001,0.053,0.010,80.778,-1.322,1.500,0.283,7.560,10.610,0.713
2024-01-07,99.889,99.000,100.000,0.013,0.000,0.120,-0.611,-2.000,-0.200,4.614,3.800,6.200,702.033,701.000,702.600,0.000,9.000,9.000,0.242,0.170,0.350,0.174,0.181,0.000,0.181,0.120,73.222,-1.122,1.600,0.196,8.550,10.610,0.806
2024-01-08,100.000,100.000,100.000,0.000,0.000,0.000,0.844,0.500,1.200,6.156,4.000,8.300,701.611,701.000,702.300,0.000,9.000,9.000,0.241,0.130,0.370,0.134,0.218,0.000,0.218,0.100,85.000,-1.333,0.100,0.119,9.600,10.600,0.905
2024-01-09,100.000,100.000,100.000,0.000,0.000,0.000,-0.078,-0.900,0.800,7.600,6.100,9.200,699.267,698.500,700.000,0.500,9.000,9.000,0.117,0.040,0.220,0.087,0.086,0.000,0.086,0.020,89.556,-1.356,0.000,0.057,10.590,10.590,1.000
2024-01-10,56.667,17.000,100.000,9.917,0.000,20.360,-1.344,-2.700,0.100,4.989,4.200,6.000,699.733,699.300,700.000,0.000,9.000,9.000,0.276,0.180,0.350,0.276,0.069,0.000,0.069,0.000,83.000,-4.556,0.900,0.017,10.590,10.590,1.000
2024-01-11,44.444,39.000,56.000,10.289,6.860,12.370,0.144,-0.200,0.900,5.644,2.700,7.800,699.811,699.400,700.000,0.000,9.000,9.000,0.138,0.050,0.170,0.138,0.036,0.000,0.036,0.000,60.889,-3.744,0.000,0.002,10.580,10.580,1.000
2024-01-12,70.778,14.000,95.000,6.073,0.620,24.810,-0.767,-1.900,2.100,2.189,1.000,3.000,700.744,700.200,701.100,0.000,9.000,9.000,0.130,0.100,0.170,0.127,0.040,0.000,0.040,0.010,87.778,-3.078,0.500,0.015,10.570,10.570,1.000
2024-01-13,13.111,5.000,26.000,27.379,17.540,36.030,2.578,1.900,3.200,3.244,1.300,4.300,702.967,702.500,703.300,0.000,9.000,9.000,0.313,0.170,0.410,0.313,0.046,0.000,0.046,0.010,83.556,-1.911,0.000,0.056,9.930,10.560,0.940
2024-01-14,51.778,42.000,67.000,9.067,5.440,11.580,1.600,0.800,2.100,2.011,1.300,2.800,703.367,702.700,703.700,0.000,9.000,9.000,0.060,0.030,0.100,0.060,0.016,0.000,0.016,0.000,89.889,-2.222,0.000,0.122,8.810,10.550,0.835
2024-01-15,97.778,89.000,100.000,0.278,0.000,1.400,-0.556,-1.300,-0.100,,,,703.200,702.600,703.700,0.000,9.000,9.000,0.392,0.240,0.470,0.384,0.167,0.000,0.167,0.040,80.556,-1.800,0.500,0.210,7.740,10.540,0.734
2024-01-16,37.222,7.000,78.000,15.541,3.420,33.490,3.333,1.500,6.500,2.856,0.500,4.700,703.800,702.900,704.600,0.000,9.000,9.000,0.298,0.240,0.350,0.246,0.149,0.046,0.189,0.160,83.111,-1.844,0.200,0.312,6.720,10.530,0.637
2024-01-17,32.000,8.000,100.000,18.836,0.000,32.000,4.122,-0.100,7.000,4.889,3.000,8.600,702.578,701.500,703.200,0.000,9.000,9.000,0.171,0.110,0.290,0.158,0.087,0.000,0.087,0.040,85.444,0.222,0.000,0.422,5.710,10.520,0.542
2024-01-18,95.444,93.000,98.000,0.650,0.280,1.010,1.422,1.100,1.900,6.544,5.400,8.100,702.444,701.700,703.000,0.000,9.000,9.000,0.191,0.170,0.220,0.189,0.140,0.000,0.140,0.100,91.222,1.544,1.500,0.533,4.700,10.510,0.447
2024-01-19,99.667,98.000,100.000,0.047,0.000,0.280,2.700,2.300,3.000,5.889,4.800,6.900,702.100,701.300,702.600,0.000,9.000,9.000,0.440,0.140,0.940,0.390,0.141,0.000,0.141,0.110,91.444,1.033,0.000,0.640,3.680,10.500,0.351
2024-01-20,93.444,88.000,99.000,0.960,0.140,1.790,2.378,1.900,2.800,6.000,4.600,7.700,701.989,701.300,702.500,0.000,9.000,9.000,0.142,0.090,0.200,0.122,0.089,0.000,0.089,0.040,86.889,1.056,0.600,0.739,2.660,10.490,0.253
2024-01-21,99.444,95.000,100.000,0.079,0.000,0.710,0.511,-0.100,1.100,5.511,4.100,6.700,701.956,701.200,702.400,2.500,9.000,9.000,0.703,0.200,1.000,0.703,0.139,0.000,0.139,0.090,93.000,-1.289,0.900,0.824,1.640,10.480,0.157
2024-01-22,100.000,100.000,100.000,0.000,0.000,0.000,0.622,0.100,1.200,8.822,7.600,10.300,700.756,699.500,701.700,8.500,9.000,9.000,1.000,1.000,1.000,1.000,0.389,0.000,0.389,0.140,100.000,-5.644,7.500,0.895,0.670,10.470,0.064
2024-01-23,99.333,98.000,100.000,0.080,0.000,0.240,-2.967,-3.800,-1.500,,,,699.911,699.200,700.400,0.000,9.000,9.000,1.000,1.000,1.000,1.000,0.352,0.000,0.352,0.100,99.778,-5.533,2.700,0.948,0.000,10.460,0.000
2024-01-24,99.556,98.000,100.000,0.053,0.000,0.240,-1.833,-2.800,-1.300,,,,702.011,700.500,703.200,0.000,9.000,9.000,0.866,0.530,1.000,0.821,0.177,0.458,0.566,0.310,97.556,-4.433,1.800,0.982,0.000,10.450,0.000
2024-01-25,99.778,99.000,100.000,0.027,0.000,0.120,-1.478,-1.800,-1.000,,,,702.967,702.300,703.500,0.000,9.000,9.000,0.996,0.980,1.000,0.996,0.144,0.003,0.147,0.100,98.778,-3.244,2.000,0.997,0.000,10.430,0.000
2024-01-26,100.000,100.000,100.000,0.000,0.000,0.000,-0.200,-0.400,-0.100,7.700,7.200,8.400,704.033,703.600,704.300,0.000,9.000,9.000,0.319,0.250,0.420,0.312,0.144,0.000,0.144,0.120,90.556,-1.967,0.900,0.994,0.000,10.420,0.000
2024-01-27,100.000,100.000,100.000,0.000,0.000,0.000,0.089,0.000,0.200,4.878,3.100,8.300,704.211,703.700,704.600,0.000,9.000,9.000,0.540,0.270,0.960,0.496,0.431,0.001,0.431,0.190,89.333,-1.100,1.500,0.972,0.040,10.410,0.004
2024-01-28,100.000,100.000,100.000,0.000,0.000,0.000,0.950,0.600,1.200,6.162,4.800,7.200,705.138,704.600,705.600,5.000,9.000,8.000,0.786,0.490,1.000,0.727,0.376,0.118,0.455,0.250,94.556,-1.311,0.900,0.934,0.900,10.390,0.087
2024-01-29,95.222,88.000,100.000,0.697,0.000,1.800,2.033,1.300,3.100,4.733,3.200,6.600,705.267,704.600,705.800,0.000,9.000,9.000,0.347,0.170,0.660,0.178,0.220,0.128,0.308,0.130,92.667,-0.144,1.500,0.880,1.730,10.380,0.167
2024-01-30,76.556,74.000,81.000,3.760,2.960,4.250,4.167,3.700,4.900,4.756,3.100,6.900,706.122,705.100,706.600,0.000,9.000,9.000,0.172,0.170,0.180,0.172,0.087,0.000,0.087,0.050,87.778,1.456,0.300,0.813,2.540,10.360,0.246
2024-01-31,72.750,65.000,76.000,4.490,3.850,6.040,4.600,4.000,4.900,6.350,4.400,7.800,705.825,705.100,706.200,0.000,9.000,8.000,0.150,0.090,0.250,0.124,0.037,0.000,0.037,0.010,85.333,2.622,0.000,0.734,3.360,10.350,0.325
2024-02-01,73.333,68.000,78.000,4.436,3.550,5.470,6.200,5.900,6.500,5.933,5.500,6.400,705.378,704.400,706.100,0.000,9.000,9.000,0.559,0.340,0.750,0.120,0.014,0.494,0.502,0.328,81.778,4.267,0.600,0.647,4.210,10.340,0.407
2024-02-02,26.111,11.000,58.000,20.771,7.730,28.840,7.878,7.300,8.400,5.878,4.900,6.800,705.600,705.100,706.200,0.000,9.000,9.000,0.472,0.350,0.600,0.309,0.061,0.220,0.267,0.107,87.000,3.678,0.600,0.552,5.090,10.320,0.493
2024-02-03,60.667,42.000,100.000,7.448,0.000,12.030,5.389,2.900,6.900,4.633,3.100,5.900,704.700,703.900,705.200,0.000,9.000,9.000,0.189,0.170,0.210,0.186,0.090,0.000,0.090,0.070,77.444,3.789,0.000,0.453,6.020,10.310,0.585
2024-02-04,94.167,83.000,100.000,0.900,0.000,2.640,4.367,3.700,4.900,7.100,5.900,8.400,704.533,704.100,704.700,0.000,9.000,6.000,0.627,0.300,0.910,0.107,0.583,0.162,0.625,0.248,73.889,3.389,1.500,0.353,7.020,10.290,0.682
2024-02-05,100.000,100.000,100.000,0.000,0.000,0.000,3.712,3.200,4.000,5.963,5.300,6.600,705.112,704.700,705.400,0.000,9.000,8.000,0.252,0.190,0.330,0.251,0.064,0.000,0.064,0.020,81.111,3.622,0.900,0.255,8.050,10.270,0.784
2024-02-06,100.000,100.000,100.000,0.000,0.000,0.000,3.125,2.400,3.600,6.537,4.900,8.400,703.062,702.000,704.000,0.000,9.000,8.000,0.307,0.210,0.380,0.296,0.092,0.000,0.092,0.030,85.333,1.978,0.900,0.166,9.100,10.260,0.887
2024-02-07,100.000,100.000,100.000,0.000,0.000,0.000,3.378,3.100,3.700,8.511,5.400,11.200,699.089,698.100,700.300,8.000,9.000,9.000,0.954,0.790,1.000,0.947,0.420,0.000,0.420,0.240,99.000,0.300,6.900,0.091,10.090,10.240,0.985
2024-02-08,100.000,100.000,100.000,0.000,0.000,0.000,2.033,1.600,2.500,6.544,5.200,7.800,699.722,699.100,700.300,33.000,9.000,9.000,1.000,1.000,1.000,1.000,0.839,0.000,0.839,0.550,99.889,-1.111,6.400,0.035,10.220,10.220,1.000
2024-02-09,100.000,100.000,100.000,0.000,0.000,0.000,-0.222,-0.300,-0.200,,,,701.444,700.800,701.800,0.000,9.000,9.000,0.719,0.340,1.000,0.718,0.196,0.000,0.196,0.130,93.444,-2.033,2.000,0.005,10.210,10.210,1.000
2024-02-10,99.375,96.000,100.000,0.075,0.000,0.480,-2.612,-4.800,-1.500,8.050,7.500,8.600,701.550,698.800,702.400,0.000,9.000,8.000,0.801,0.210,1.000,0.801,0.138,0.000,0.138,0.120,79.222,-2.778,1.000,0.005,10.190,10.190,1.000
2024-02-11,,,,,,,,,,,,,,,,,0.000,0.000,0.199,0.110,0.260,0.196,0.097,0.000,0.097,0.040,69.000,-4.156,0.000,0.035,9.940,10.170,0.977
2024-02-12,2.333,1.000,5.000,44.703,36.360,51.230,2.700,1.900,3.800,3.667,2.200,5.500,704.978,704.400,705.400,0.000,9.000,9.000,0.223,0.150,0.390,0.222,0.019,0.000,0.019,0.000,82.444,-4.189,0.000,0.093,8.840,10.150,0.871
2024-02-13,42.000,35.000,50.000,11.809,9.370,14.130,3.222,2.300,4.200,6.500,5.000,7.600,704.800,704.200,705.200,0.000,9.000,9.000,0.120,0.000,0.270,0.120,0.006,0.000,0.006,0.000,84.333,-1.933,0.000,0.173,7.780,10.140,0.767
2024-02-14,37.111,33.000,42.000,13.503,11.840,15.010,4.967,4.700,5.300,5.800,4.600,6.900,704.444,703.800,705.000,0.000,9.000,9.000,0.072,0.040,0.140,0.066,0.014,0.002,0.017,0.000,47.889,2.622,0.000,0.270,6.720,10.120,0.664
2024-02-15,64.889,56.000,77.000,6.014,3.610,7.920,2.500,2.000,3.000,5.889,4.800,7.200,703.722,702.500,704.800,0.000,9.000,9.000,0.309,0.080,0.770,0.149,0.083,0.153,0.232,0.080,70.889,2.378,1.500,0.375,5.670,10.100,0.561
2024-02-16,93.000,82.000,97.000,1.024,0.420,2.740,1.422,1.100,2.000,7.744,6.800,8.300,702.211,701.100,703.000,0.000,9.000,9.000,0.161,0.120,0.180,0.160,0.034,0.000,0.034,0.010,72.778,0.600,0.600,0.484,4.610,10.080,0.457
2024-02-17,30.000,28.000,32.000,16.352,15.520,17.250,6.278,5.800,6.600,7.522,6.100,8.500,703.656,703.100,704.200,0.000,9.000,9.000,0.151,0.130,0.170,0.150,0.051,0.000,0.051,0.040,62.556,2.622,0.300,0.590,3.570,10.060,0.355
2024-02-18,23.556,17.000,37.000,19.862,13.720,23.380,6.944,6.600,7.500,8.456,7.700,9.100,704.756,704.100,705.200,0.000,9.000,9.000,0.548,0.400,0.780,0.129,0.128,0.356,0.470,0.280,43.333,6.156,0.000,0.689,2.570,10.040,0.256
2024-02-19,34.125,26.000,52.000,15.179,9.080,18.390,7.125,5.400,8.100,8.562,7.700,9.800,705.188,704.300,705.900,0.000,8.000,8.000,0.946,0.830,1.000,0.096,0.363,0.942,0.953,0.842,45.000,6.567,0.000,0.778,1.640,10.020,0.163
2024-02-20,23.889,17.000,32.000,19.624,15.700,23.680,7.544,6.900,8.300,8.389,7.500,8.900,705.489,704.600,706.100,0.000,9.000,9.000,0.152,0.100,0.190,0.152,0.007,0.000,0.007,0.000,63.000,5.189,0.000,0.854,0.800,10.000,0.080
2024-02-21,22.000,20.000,27.000,20.432,17.930,21.650,7.500,6.500,8.200,8.044,7.200,9.000,705.967,705.200,706.600,0.000,9.000,9.000,0.078,0.040,0.110,0.052,0.000,0.028,0.028,0.000,27.778,6.800,0.000,0.915,0.050,9.980,0.005
2024-02-22,30.250,26.000,36.000,16.346,14.090,18.110,6.713,6.100,7.400,7.688,6.900,8.400,705.487,704.900,706.000,0.000,9.000,8.000,0.207,0.180,0.270,0.207,0.052,0.000,0.052,0.020,74.778,4.867,1.000,0.961,0.000,9.960,0.000
2024-02-23,65.222,60.000,77.000,6.043,3.690,7.160,5.233,4.800,5.500,6.756,5.600,8.300,705.567,704.600,706.100,0.000,9.000,9.000,0.170,0.170,0.170,0.170,0.043,0.000,0.043,0.030,68.222,2.978,0.700,0.989,0.000,9.940,0.000
2024-02-24,87.222,81.000,91.000,1.950,1.340,2.990,4.489,4.100,4.900,7.533,6.200,9.600,704.967,703.500,705.800,0.000,9.000,9.000,0.226,0.170,0.280,0.226,0.006,0.000,0.006,0.000,77.333,2.178,0.700,0.999,0.000,9.920,0.000
2024-02-25,77.778,72.000,85.000,3.560,2.300,4.600,4.356,4.100,4.900,9.800,7.800,11.800,703.611,702.700,704.100,0.000,8.000,9.000,0.314,0.220,0.520,0.297,0.119,0.000,0.119,0.030,81.667,1.789,0.900,0.992,0.000,9.900,0.000
2024-02-26,100.000,100.000,100.000,0.000,0.000,0.000,3.300,3.100,3.600,6.263,4.400,7.400,703.075,702.600,703.700,0.000,8.000,8.000,0.576,0.360,0.890,0.534,0.451,0.000,0.451,0.230,86.444,0.356,1.300,0.967,0.230,9.880,0.024
2024-02-27,100.000,100.000,100.000,0.000,0.000,0.000,1.222,1.100,1.300,5.700,4.500,6.800,702.278,701.900,702.800,0.500,9.000,9.000,0.857,0.450,1.000,0.774,0.194,0.482,0.586,0.278,97.111,-0.022,1.000,0.925,1.050,9.860,0.107
2024-02-28,67.444,64.000,71.000,5.503,4.780,6.240,4.122,3.700,4.700,4.244,2.500,5.500,703.633,703.000,703.900,0.000,9.000,9.000,0.293,0.170,0.400,0.164,0.103,0.137,0.229,0.120,77.667,2.033,0.900,0.868,1.890,9.840,0.192
2024-02-29,100.000,100.000,100.000,0.000,0.000,0.000,3.957,3.300,4.300,5.629,4.800,6.300,702.871,701.900,703.400,0.000,9.000,7.000,0.394,0.270,0.550,0.342,0.204,0.008,0.210,0.030,86.222,3.333,1.200,0.797,2.750,9.820,0.280
2024-03-01,100.000,100.000,100.000,0.000,0.000,0.000,3.125,2.400,3.700,9.662,8.200,12.300,699.625,698.600,700.800,18.000,9.000,8.000,1.000,1.000,1.000,1.000,0.594,0.000,0.594,0.350,97.222,-1.856,14.900,0.714,3.650,9.790,0.373
2024-03-02,100.000,100.000,100.000,0.000,0.000,0.000,0.600,-0.400,1.400,9.478,7.100,10.500,699.267,698.900,699.600,3.500,9.000,9.000,0.997,0.980,1.000,0.997,0.234,0.000,0.234,0.150,96.111,-1.811,2.600,0.620,4.600,9.770,0.471
2024-03-03,94.222,89.000,97.000,0.831,0.420,1.620,1.289,0.900,1.600,9.022,6.600,10.400,700.744,700.300,701.000,0.000,9.000,9.000,0.073,0.030,0.150,0.071,0.021,0.000,0.021,0.000,64.222,0.167,0.000,0.519,5.600,9.750,0.574
2024-03-04,82.111,77.000,100.000,2.824,0.000,3.690,4.178,3.400,4.600,8.056,7.400,8.700,700.744,700.100,701.300,0.000,9.000,9.000,0.277,0.030,0.500,0.204,0.239,0.000,0.239,0.020,69.667,3.056,0.000,0.415,6.610,9.730,0.680
2024-03-05,100.000,100.000,100.000,0.000,0.000,0.000,5.233,4.500,5.800,10.744,9.300,11.600,699.700,698.700,700.300,4.000,9.000,9.000,0.782,0.280,0.920,0.764,0.126,0.000,0.126,0.050,89.222,4.367,1.400,0.310,7.600,9.710,0.783
2024-03-06,100.000,100.000,100.000,0.000,0.000,0.000,5.000,4.400,5.400,10.460,9.600,12.100,699.720,699.200,700.100,2.500,9.000,5.000,0.781,0.240,1.000,0.772,0.367,0.000,0.367,0.120,95.111,2.956,3.300,0.211,8.520,9.680,0.880
2024-03-07,100.000,100.000,100.000,0.000,0.000,0.000,2.560,1.200,4.500,11.360,10.200,11.800,698.840,697.900,699.800,0.500,8.000,5.000,0.971,0.800,1.000,0.966,0.344,0.000,0.344,0.150,91.333,0.411,3.600,0.124,9.350,9.660,0.968
2024-03-08,100.000,100.000,100.000,0.000,0.000,0.000,-0.514,-0.800,-0.100,8.900,8.700,9.100,699.929,699.800,700.200,0.000,5.000,7.000,0.244,0.220,0.280,0.243,0.099,0.000,0.099,0.090,77.556,-1.411,0.900,0.056,9.640,9.640,1.000
2024-03-09,100.000,100.000,100.000,0.000,0.000,0.000,1.850,1.700,2.000,4.200,3.900,4.500,702.400,702.100,702.700,0.000,2.000,2.000,0.622,0.420,0.970,0.337,0.514,0.000,0.514,0.290,88.667,-1.900,0.900,0.014,9.610,9.610,1.000
2024-03-10,100.000,100.000,100.000,0.000,0.000,0.000,3.229,3.100,3.400,3.329,1.900,4.600,704.271,703.300,704.800,1.000,8.000,7.000,0.992,0.960,1.000,0.958,0.953,0.028,0.954,0.850,95.111,-0.111,1.100,0.000,9.590,9.590,1.000
2024-03-11,100.000,100.000,100.000,0.000,0.000,0.000,2.467,1.000,3.600,10.150,9.500,10.700,699.567,698.000,700.300,31.000,9.000,6.000,0.953,0.830,1.000,0.923,0.586,0.002,0.586,0.050,98.333,0.144,10.100,0.018,9.570,9.570,1.000
2024-03-12,3.111,2.000,4.000,41.521,38.500,46.000,4.078,3.300,5.500,3.022,1.400,4.400,702.389,702.000,702.900,0.000,9.000,9.000,0.168,0.070,0.300,0.162,0.033,0.000,0.033,0.000,64.111,-2.922,0.000,0.065,8.670,9.540,0.908
2024-03-13,45.889,39.000,67.000,10.603,5.510,12.490,1.567,0.800,2.400,4.956,2.800,6.700,701.733,701.200,702.100,0.000,9.000,9.000,0.709,0.420,0.980,0.359,0.599,0.000,0.599,0.380,81.222,-0.022,0.000,0.136,7.560,9.520,0.795
2024-03-14,89.889,69.000,100.000,1.596,0.000,5.200,2.733,1.600,4.400,4.822,3.200,7.100,702.489,702.000,702.900,0.000,9.000,9.000,0.409,0.180,0.750,0.181,0.297,0.000,0.297,0.010,88.778,0.922,0.300,0.225,6.460,9.490,0.680
2024-03-15,95.000,67.000,100.000,0.831,0.000,5.670,3.811,2.300,5.900,4.244,2.200,6.200,704.556,703.600,705.000,0.000,9.000,9.000,0.319,0.060,1.000,0.251,0.076,0.000,0.076,0.000,94.000,0.667,0.000,0.324,5.360,9.470,0.566
2024-03-16,97.444,92.000,100.000,0.376,0.000,1.190,3.967,3.600,4.600,3.400,2.600,4.000,704.689,703.700,705.300,0.000,9.000,9.000,0.184,0.100,0.310,0.172,0.081,0.000,0.081,0.030,77.000,3.289,0.000,0.428,4.300,9.450,0.456
2024-03-17,71.778,31.000,100.000,5.510,0.000,15.960,4.967,3.000,6.800,1.533,0.900,2.800,703.267,702.500,704.000,0.000,9.000,9.000,0.184,0.170,0.230,0.184,0.166,0.000,0.166,0.140,89.444,4.022,3.300,0.532,3.320,9.420,0.352
2024-03-18,92.667,79.000,100.000,1.152,0.000,3.350,4.567,3.900,5.200,7.900,6.200,10.100,702.911,702.300,703.400,0.500,9.000,9.000,0.378,0.180,0.720,0.366,0.100,0.001,0.101,0.000,86.111,2.156,0.000,0.631,2.430,9.400,0.259
2024-03-19,99.889,99.000,100.000,0.016,0.000,0.140,2.622,1.800,3.300,8.178,7.000,9.000,702.767,701.900,703.400,0.000,9.000,9.000,0.288,0.230,0.370,0.268,0.134,0.000,0.134,0.080,85.778,0.444,1.400,0.723,1.650,9.370,0.176
2024-03-20,42.556,31.000,55.000,11.669,8.170,15.330,2.144,1.100,3.100,5.944,4.100,6.900,701.822,700.500,702.900,0.000,9.000,9.000,0.493,0.240,0.930,0.337,0.090,0.199,0.274,0.100,77.222,-0.256,0.000,0.805,0.970,9.350,0.103
2024-03-21,94.333,88.000,100.000,0.837,0.000,1.800,3.722,3.100,4.500,7.256,4.900,10.400,700.544,699.600,701.400,0.000,9.000,9.000,0.938,0.900,0.970,0.931,0.153,0.068,0.217,0.040,89.556,0.644,0.300,0.875,0.360,9.320,0.039
2024-03-22,99.222,94.000,100.000,0.114,0.000,0.890,4.933,4.500,5.200,8.433,7.800,9.300,702.122,701.600,702.700,0.000,9.000,9.000,0.814,0.550,0.990,0.197,0.002,0.761,0.761,0.440,85.222,2.900,0.000,0.930,0.000,9.300,0.000
2024-03-23,74.667,41.000,100.000,5.000,0.000,12.480,6.089,3.400,8.100,7.678,6.600,8.600,704.867,704.200,705.300,0.000,9.000,9.000,0.949,0.890,1.000,0.380,0.038,0.929,0.932,0.875,77.222,6.033,0.000,0.970,0.000,9.270,0.000
2024-03-24,93.333,86.000,100.000,1.018,0.000,2.170,6.289,6.000,6.700,8.511,7.500,9.700,705.578,704.200,706.500,0.000,9.000,9.000,0.826,0.380,0.960,0.124,0.012,0.804,0.806,0.340,64.667,6.322,0.000,0.994,0.000,9.240,0.000
2024-03-25,63.222,53.000,73.000,6.553,4.470,8.930,6.233,5.700,7.200,6.467,4.700,8.700,705.967,705.500,706.300,0.000,9.000,9.000,0.018,0.000,0.140,0.018,0.000,0.000,0.000,0.000,63.000,6.544,0.000,1.000,0.000,9.220,0.000
2024-03-26,99.889,99.000,100.000,0.017,0.000,0.150,6.578,5.000,7.300,7.456,5.900,8.300,706.567,705.400,707.400,0.000,9.000,9.000,0.717,0.210,0.990,0.193,0.008,0.652,0.657,0.020,70.444,6.011,0.000,0.987,0.000,9.190,0.000
2024-03-27,54.444,32.000,77.000,9.020,3.740,15.630,7.244,6.500,8.200,5.956,4.900,7.100,705.111,702.700,706.600,0.000,9.000,9.000,0.287,0.030,0.950,0.128,0.000,0.163,0.163,0.000,66.333,5.700,0.000,0.957,0.470,9.170,0.051
2024-03-28,81.444,73.000,91.000,2.976,1.350,4.520,5.756,5.000,7.100,5.656,4.700,6.600,703.100,702.200,703.800,0.000,9.000,9.000,0.909,0.700,1.000,0.062,0.082,0.893,0.903,0.693,69.333,5.344,0.400,0.909,1.360,9.140,0.149
2024-03-29,99.667,99.000,100.000,0.047,0.000,0.140,5.444,5.300,5.700,6.367,5.800,7.100,704.011,703.400,704.500,0.000,9.000,9.000,0.993,0.980,1.000,0.079,0.163,0.991,0.991,0.980,75.889,5.167,0.000,0.845,2.300,9.110,0.252
2024-03-30,95.778,87.000,100.000,0.641,0.000,1.990,5.544,4.900,6.500,7.156,6.000,8.100,703.522,702.500,704.300,0.000,9.000,9.000,0.531,0.240,0.880,0.112,0.012,0.447,0.454,0.157,86.333,3.833,0.000,0.766,3.270,9.090,0.360
2024-03-31,100.000,100.000,100.000,0.000,0.000,0.000,7.011,6.500,7.600,9.333,7.400,11.400,702.222,700.800,703.200,29.500,9.000,9.000,0.997,0.980,1.000,0.254,0.177,0.996,0.996,0.972,95.778,3.978,0.600,0.674,4.260,9.060,0.470
2024-04-01,100.000,100.000,100.000,0.000,0.000,0.000,7.378,6.600,8.100,7.633,5.400,9.000,703.100,701.400,704.500,0.500,9.000,9.000,0.547,0.060,0.830,0.173,0.074,0.468,0.494,0.010,93.333,5.233,0.000,0.572,5.230,9.030,0.579
2024-04-02,69.000,49.000,87.000,5.503,2.020,10.060,7.533,6.600,8.800,8.289,7.100,9.800,703.156,702.500,703.600,0.000,9.000,9.000,0.154,0.020,0.400,0.018,0.022,0.142,0.159,0.020,78.444,5.767,0.000,0.464,6.150,9.010,0.683
2024-04-03,45.000,28.000,57.000,11.701,8.050,17.880,9.956,8.700,11.300,5.278,4.600,6.300,704.067,702.900,704.700,0.000,9.000,9.000,0.317,0.020,0.830,0.048,0.002,0.269,0.269,0.000,68.556,6.622,0.000,0.354,6.980,8.980,0.778
2024-04-04,90.778,65.000,100.000,1.552,0.000,6.050,5.633,3.800,8.400,6.144,4.300,6.800,703.933,703.100,705.000,0.000,9.000,9.000,0.999,0.990,1.000,0.131,0.172,0.989,0.990,0.908,70.000,6.467,0.000,0.249,7.730,8.950,0.864
2024-04-05,97.889,92.000,100.000,0.316,0.000,1.200,5.700,5.400,5.900,6.156,2.900,9.400,703.600,702.600,704.300,0.500,9.000,9.000,0.942,0.870,1.000,0.316,0.632,0.644,0.918,0.828,78.778,6.022,0.900,0.154,8.420,8.930,0.943
2024-04-06,86.556,64.000,100.000,2.252,0.000,6.320,5.289,4.300,6.300,6.567,4.900,7.700,702.633,701.500,703.700,1.500,9.000,9.000,0.978,0.940,1.000,0.286,0.701,0.924,0.978,0.947,94.111,5.167,8.200,0.077,8.900,8.900,1.000
2024-04-07,100.000,100.000,100.000,0.000,0.000,0.000,4.967,4.500,5.800,6.689,5.400,9.900,702.333,701.200,702.900,2.000,9.000,9.000,0.926,0.880,0.960,0.589,0.634,0.312,0.760,0.420,86.667,4.856,3.300,0.025,8.870,8.870,1.000
2024-04-08,100.000,100.000,100.000,0.000,0.000,0.000,7.100,6.800,7.500,6.067,5.400,7.400,703.189,702.800,703.600,0.000,9.000,9.000,0.892,0.790,1.000,0.877,0.229,0.012,0.238,0.090,96.889,4.533,0.400,0.001,8.850,8.850,1.000
2024-04-09,100.000,100.000,100.000,0.000,0.000,0.000,6.256,5.800,6.600,5.800,3.200,8.200,703.844,703.100,704.300,1.500,9.000,9.000,0.991,0.960,1.000,0.982,0.192,0.000,0.192,0.110,96.556,3.844,1.100,0.008,8.820,8.820,1.000
2024-04-10,73.333,57.000,90.000,4.693,1.540,8.050,7.967,6.600,8.800,4.667,3.300,6.400,704.789,703.400,705.600,0.000,9.000,9.000,0.918,0.640,1.000,0.914,0.006,0.020,0.026,0.000,90.556,4.933,0.100,0.043,8.330,8.790,0.948
2024-04-11,97.889,92.000,100.000,0.316,0.000,1.210,6.978,6.600,7.500,4.022,2.900,5.800,705.367,704.200,706.200,0.000,9.000,9.000,0.359,0.100,0.680,0.112,0.007,0.279,0.283,0.000,82.889,6.400,0.000,0.102,7.190,8.760,0.821
2024-04-12,97.778,92.000,100.000,0.334,0.000,1.220,7.267,6.800,7.900,5.078,2.100,7.200,704.222,703.000,705.200,0.000,9.000,9.000,0.307,0.050,0.880,0.231,0.041,0.170,0.206,0.020,84.556,6.244,0.000,0.181,6.080,8.740,0.695
2024-04-13,95.333,92.000,100.000,0.702,0.000,1.210,7.089,6.700,7.500,6.211,5.300,7.400,704.289,703.700,704.900,0.000,9.000,9.000,0.558,0.060,0.900,0.502,0.006,0.176,0.181,0.000,90.111,5.356,0.000,0.271,5.020,8.710,0.576
2024-04-14,78.222,75.000,86.000,3.591,2.210,4.180,8.400,8.000,8.700,7.167,5.500,8.500,704.967,704.100,705.800,0.000,9.000,9.000,0.169,0.060,0.250,0.034,0.016,0.140,0.154,0.059,72.111,6.689,0.000,0.369,4.070,8.680,0.468
2024-04-15,100.000,100.000,100.000,0.000,0.000,0.000,8.722,8.500,9.200,5.833,4.500,7.300,705.711,704.800,706.500,0.000,9.000,9.000,0.838,0.640,1.000,0.812,0.074,0.071,0.139,0.020,85.333,6.933,0.100,0.469,3.230,8.660,0.373
2024-04-16,44.667,36.000,54.000,11.442,8.670,14.230,7.667,6.700,8.900,5.511,4.700,6.100,703.878,702.500,705.000,0.000,9.000,9.000,0.219,0.100,0.490,0.094,0.012,0.116,0.128,0.000,55.889,7.011,0.000,0.568,2.500,8.630,0.290
2024-04-17,97.444,91.000,100.000,0.378,0.000,1.350,5.800,5.000,6.300,7.011,4.600,9.600,701.144,700.200,701.800,0.500,9.000,9.000,0.911,0.740,0.990,0.376,0.299,0.861,0.917,0.760,70.111,5.922,0.900,0.662,1.860,8.600,0.217
2024-04-18,100.000,100.000,100.000,0.000,0.000,0.000,7.656,7.400,8.200,4.189,2.700,5.900,702.333,702.000,702.700,1.500,9.000,9.000,0.880,0.460,1.000,0.690,0.329,0.640,0.753,0.182,94.000,6.233,0.300,0.749,1.300,8.570,0.151
2024-04-19,55.556,30.000,100.000,9.403,0.000,16.480,6.656,5.700,7.400,6.833,5.700,8.200,701.789,701.100,702.600,0.000,9.000,9.000,0.984,0.940,1.000,0.121,0.292,0.969,0.986,0.954,78.556,6.489,1.100,0.826,0.780,8.550,0.091
2024-04-20,76.556,61.000,100.000,4.010,0.000,6.910,5.233,4.400,7.800,7.789,5.100,8.800,702.456,701.900,702.900,0.000,9.000,9.000,0.912,0.610,1.000,0.003,0.011,0.912,0.913,0.614,69.000,5.811,0.000,0.891,0.280,8.520,0.033
2024-04-21,79.444,38.000,100.000,4.186,0.000,13.450,6.589,5.200,7.700,6.756,5.200,7.700,702.767,701.500,704.000,0.000,9.000,9.000,0.888,0.600,1.000,0.061,0.760,0.667,0.898,0.641,64.778,6.811,0.000,0.943,0.000,8.490,0.000
2024-04-22,88.444,66.000,100.000,1.919,0.000,5.810,4.656,4.200,5.400,7.700,6.400,8.900,700.800,700.000,701.300,4.000,9.000,9.000,0.902,0.790,1.000,0.320,0.621,0.798,0.916,0.815,61.667,5.478,1.800,0.979,0.000,8.460,0.000
2024-04-23,100.000,100.000,100.000,0.000,0.000,0.000,6.700,6.200,7.400,7.833,6.100,10.400,701.867,700.700,702.800,4.000,9.000,9.000,0.969,0.870,1.000,0.481,0.681,0.869,0.972,0.901,81.889,6.011,6.500,0.997,0.000,8.440,0.000
2024-04-24,100.000,100.000,100.000,0.000,0.000,0.000,7.411,6.700,7.900,6.022,5.000,8.100,701.544,700.500,702.300,1.500,9.000,9.000,0.977,0.790,1.000,0.520,0.031,0.960,0.962,0.770,98.333,5.089,0.000,0.997,0.000,8.410,0.000
2024-04-25,100.000,100.000,100.000,0.000,0.000,0.000,6.589,5.600,7.700,6.333,3.300,8.400,700.833,700.300,701.300,36.500,9.000,9.000,0.991,0.940,1.000,0.896,0.808,0.916,0.965,0.741,99.111,4.978,18.500,0.978,0.000,8.380,0.000
2024-04-26,100.000,100.000,100.000,0.000,0.000,0.000,6.667,6.000,7.200,8.267,6.800,9.500,699.911,699.400,700.400,0.500,9.000,9.000,0.906,0.720,1.000,0.520,0.157,0.800,0.810,0.411,86.333,5.344,2.000,0.938,0.920,8.360,0.110
2024-04-27,99.778,98.000,100.000,0.032,0.000,0.290,6.656,5.800,7.500,6.944,2.300,9.900,702.900,702.200,703.800,0.000,9.000,9.000,0.997,0.980,1.000,0.237,0.823,0.991,0.998,0.988,77.444,6.300,4.400,0.880,1.910,8.330,0.229
2024-04-28,100.000,100.000,100.000,0.000,0.000,0.000,6.756,6.300,7.200,9.522,8.800,10.900,703.111,702.200,703.600,0.000,9.000,9.000,0.663,0.270,0.930,0.067,0.282,0.559,0.675,0.253,73.667,5.800,3.200,0.804,2.880,8.300,0.347
2024-04-29,69.667,61.000,85.000,5.256,2.360,7.070,7.467,7.100,7.900,6.178,5.500,6.900,702.322,701.000,703.200,0.000,9.000,9.000,0.890,0.550,0.980,0.162,0.273,0.862,0.892,0.579,64.444,7.600,0.000,0.713,3.810,8.280,0.460
2024-04-30,100.000,100.000,100.000,0.000,0.000,0.000,7.133,5.800,8.100,5.544,3.700,6.500,701.133,699.900,702.600,10.500,9.000,9.000,0.977,0.910,1.000,0.498,0.367,0.942,0.958,0.840,67.111,6.944,0.800,0.610,4.650,8.250,0.564
2024-05-01,100.000,100.000,100.000,0.000,0.000,0.000,6.822,6.500,7.100,8.000,5.100,11.400,701.467,700.300,701.900,22.000,9.000,9.000,0.967,0.900,1.000,0.596,0.874,0.589,0.954,0.831,82.556,4.889,3.000,0.500,5.400,8.220,0.657
2024-05-02,100.000,100.000,100.000,0.000,0.000,0.000,6.944,6.500,7.400,3.900,3.300,4.700,703.444,703.000,703.700,0.000,9.000,9.000,0.582,0.120,0.980,0.196,0.474,0.361,0.563,0.050,88.111,5.356,0.100,0.387,6.080,8.200,0.742
2024-05-03,100.000,100.000,100.000,0.000,0.000,0.000,8.033,7.600,8.200,3.733,2.400,4.900,703.878,702.900,704.700,0.000,9.000,9.000,0.881,0.610,0.990,0.776,0.114,0.519,0.578,0.120,91.222,6.344,0.200,0.278,6.700,8.170,0.820
2024-05-04,95.111,79.000,100.000,0.776,0.000,3.430,8.389,7.600,9.100,3.844,2.500,5.000,702.889,701.700,703.800,0.000,9.000,9.000,0.564,0.190,0.950,0.333,0.084,0.296,0.365,0.117,91.444,6.700,0.000,0.179,7.300,8.150,0.896
2024-05-05,99.778,98.000,100.000,0.032,0.000,0.290,6.989,6.300,7.900,5.578,5.000,6.900,703.622,702.600,704.200,0.000,9.000,9.000,0.154,0.010,0.440,0.067,0.064,0.063,0.123,0.000,87.222,6.333,0.000,0.097,7.890,8.120,0.972
2024-05-06,30.667,20.000,43.000,16.639,11.840,21.750,8.411,8.000,8.700,4.833,4.200,5.700,704.878,704.000,705.600,0.000,9.000,9.000,0.963,0.900,1.000,0.170,0.036,0.949,0.951,0.874,70.000,7.911,1.200,0.038,8.100,8.100,1.000
2024-05-07,95.444,83.000,100.000,0.692,0.000,2.690,6.144,4.600,7.000,3.622,2.100,4.800,704.322,703.300,705.100,0.000,9.000,9.000,0.552,0.340,0.860,0.127,0.398,0.226,0.511,0.269,69.556,6.700,0.900,0.006,8.070,8.070,1.000
2024-05-08,100.000,100.000,100.000,0.000,0.000,0.000,6.522,6.400,6.900,3.022,1.700,5.000,703.811,703.000,704.500,0.000,9.000,9.000,0.897,0.650,1.000,0.749,0.043,0.692,0.711,0.436,79.778,5.011,1.400,0.003,8.050,8.050,1.000
2024-05-09,89.333,74.000,100.000,1.660,0.000,4.260,5.067,4.200,6.100,4.622,3.600,5.700,704.522,703.900,705.200,0.000,9.000,9.000,0.726,0.330,1.000,0.192,0.319,0.374,0.600,0.200,74.333,4.622,0.000,0.026,8.000,8.020,0.997
2024-05-10,84.889,80.000,96.000,2.408,0.600,3.250,7.878,7.200,8.400,4.933,3.800,6.100,705.700,704.800,706.600,0.000,9.000,9.000,0.633,0.120,0.930,0.173,0.199,0.474,0.509,0.010,84.111,5.856,0.000,0.073,6.890,8.000,0.862
2024-05-11,69.889,43.000,99.000,5.528,0.150,11.970,8.389,7.700,9.400,6.144,5.100,7.000,705.100,704.300,706.000,0.000,9.000,9.000,0.846,0.530,0.950,0.041,0.447,0.794,0.872,0.546,74.444,6.967,0.000,0.140,5.870,7.970,0.736
2024-05-12,99.556,96.000,100.000,0.066,0.000,0.590,6.800,6.200,7.700,5.867,5.000,6.800,702.600,701.400,703.500,3.000,9.000,9.000,0.966,0.900,0.990,0.178,0.272,0.953,0.966,0.915,85.111,5.833,1.600,0.220,4.960,7.950,0.624
2024-05-13,100.000,100.000,100.000,0.000,0.000,0.000,7.822,7.600,8.000,4.522,2.800,5.900,702.144,701.300,702.900,8.000,9.000,9.000,1.000,1.000,1.000,1.000,0.534,0.931,0.959,0.864,95.889,4.233,1.800,0.310,4.180,7.930,0.527
2024-05-14,99.556,96.000,100.000,0.064,0.000,0.580,4.889,3.700,6.000,6.956,5.000,8.100,702.378,701.100,703.600,0.000,9.000,9.000,0.721,0.000,1.000,0.721,0.006,0.000,0.006,0.000,88.444,2.989,0.100,0.405,3.500,7.900,0.443
2024-05-15,84.778,69.000,100.000,2.436,0.000,5.260,5.500,4.200,6.100,2.589,0.300,5.200,704.044,703.100,704.900,0.000,9.000,9.000,0.690,0.280,1.000,0.548,0.124,0.167,0.271,0.100,79.556,5.500,1.400,0.502,2.910,7.880,0.369
2024-05-16,98.556,94.000,100.000,0.212,0.000,0.890,5.200,4.600,5.700,5.356,3.900,6.500,702.822,701.900,703.700,0.000,9.000,9.000,0.793,0.460,0.930,0.214,0.661,0.477,0.812,0.473,76.444,5.200,1.000,0.597,2.380,7.860,0.303
2024-05-17,100.000,100.000,100.000,0.000,0.000,0.000,6.356,5.300,7.000,6.122,4.900,7.600,702.111,701.100,702.800,0.500,9.000,9.000,0.859,0.470,1.000,0.636,0.036,0.771,0.772,0.260,87.778,4.056,0.000,0.687,1.880,7.840,0.240
2024-05-18,97.778,91.000,100.000,0.337,0.000,1.380,7.111,6.800,7.700,3.744,0.400,6.200,700.978,700.000,701.800,0.000,9.000,9.000,0.951,0.780,1.000,0.044,0.130,0.947,0.952,0.782,82.667,6.311,0.100,0.771,1.400,7.820,0.179
2024-05-19,98.556,94.000,100.000,0.218,0.000,0.910,8.344,7.900,8.700,4.378,2.900,6.200,701.744,701.100,702.400,0.000,9.000,9.000,0.986,0.970,1.000,0.222,0.397,0.976,0.985,0.953,87.333,6.589,0.000,0.846,0.910,7.790,0.117
2024-05-20,99.778,98.000,100.000,0.033,0.000,0.300,9.178,8.500,9.600,3.822,0.900,5.500,703.133,702.500,703.800,0.000,9.000,9.000,1.000,1.000,1.000,0.968,0.518,0.998,0.999,0.994,94.222,7.411,10.100,0.908,0.400,7.770,0.052
2024-05-21,100.000,100.000,100.000,0.000,0.000,0.000,9.233,9.000,9.800,6.933,5.900,8.600,703.000,702.300,703.500,23.000,9.000,9.000,0.998,0.990,1.000,0.781,0.736,0.944,0.991,0.968,94.111,6.811,1.100,0.956,0.000,7.750,0.000
2024-05-22,100.000,100.000,100.000,0.000,0.000,0.000,9.233,8.900,9.500,5.900,4.500,8.000,702.922,702.200,704.000,3.000,9.000,9.000,0.994,0.970,1.000,0.486,0.360,0.990,0.993,0.979,95.889,6.278,1.300,0.987,0.000,7.730,0.000
2024-05-23,100.000,100.000,100.000,0.000,0.000,0.000,9.400,9.000,9.800,4.900,4.000,5.400,703.833,703.200,704.400,0.000,9.000,9.000,0.976,0.930,1.000,0.113,0.716,0.854,0.978,0.926,91.111,6.811,1.200,0.999,0.000,7.720,0.000
2024-05-24,100.000,100.000,100.000,0.000,0.000,0.000,9.222,9.100,9.400,6.089,4.800,7.300,704.711,704.000,705.300,3.000,9.000,9.000,0.984,0.940,1.000,0.210,0.900,0.871,0.991,0.960,90.556,6.844,1.700,0.989,0.000,7.700,0.000
2024-05-25,97.889,88.000,100.000,0.328,0.000,1.900,9.222,8.400,10.400,5.389,3.700,7.300,704.122,703.100,705.100,0.000,9.000,9.000,0.971,0.920,1.000,0.833,0.708,0.711,0.913,0.840,93.000,8.044,2.100,0.958,0.460,7.680,0.061
2024-05-26,94.111,85.000,100.000,0.916,0.000,2.380,8.722,8.100,9.500,5.911,3.500,9.400,701.444,700.100,702.700,0.000,9.000,9.000,0.962,0.820,1.000,0.850,0.343,0.640,0.746,0.563,95.778,6.111,2.000,0.905,1.420,7.660,0.186
2024-05-27,100.000,100.000,100.000,0.000,0.000,0.000,9.622,9.400,9.900,9.211,7.900,10.600,698.767,698.200,699.300,29.000,9.000,9.000,1.000,1.000,1.000,0.826,0.246,0.994,0.996,0.987,97.000,7.122,4.000,0.832,2.300,7.640,0.301
2024-05-28,99.333,94.000,100.000,0.103,0.000,0.930,10.544,9.900,11.000,2.800,0.800,4.100,700.178,699.900,700.700,1.500,9.000,9.000,1.000,1.000,1.000,1.000,0.170,0.816,0.871,0.480,98.556,7.067,1.500,0.741,3.080,7.630,0.404
2024-05-29,100.000,100.000,100.000,0.000,0.000,0.000,10.989,10.900,11.200,3.533,2.800,5.000,702.056,700.400,702.700,3.500,9.000,9.000,0.954,0.860,1.000,0.899,0.636,0.002,0.637,0.080,92.778,8.244,3.700,0.638,3.770,7.610,0.496
2024-05-30,100.000,100.000,100.000,0.000,0.000,0.000,10.167,9.200,11.600,5.678,4.900,6.800,704.822,704.100,705.600,2.000,9.000,9.000,0.736,0.410,1.000,0.401,0.514,0.554,0.715,0.400,92.889,8.589,0.100,0.526,4.400,7.600,0.579
2024-05-31,100.000,100.000,100.000,0.000,0.000,0.000,10.411,10.000,10.800,7.344,5.900,8.800,705.967,705.200,706.400,0.500,9.000,9.000,0.801,0.580,0.970,0.172,0.508,0.564,0.798,0.592,85.889,9.033,0.500,0.411,4.990,7.580,0.658
2024-06-01,100.000,100.000,100.000,0.000,0.000,0.000,9.844,9.300,10.200,7.789,6.300,8.800,703.922,702.400,705.100,1.500,9.000,9.000,0.988,0.950,1.000,0.106,0.470,0.980,0.989,0.957,87.111,8.033,2.600,0.301,5.560,7.570,0.735
2024-06-02,100.000,100.000,100.000,0.000,0.000,0.000,11.067,10.800,11.200,5.300,3.600,7.000,700.367,699.600,701.100,36.000,9.000,9.000,0.997,0.990,1.000,0.959,0.692,0.544,0.800,0.343,100.000,6.456,29.400,0.200,6.150,7.550,0.814
2024-06-03,100.000,100.000,100.000,0.000,0.000,0.000,9.978,9.900,10.100,4.556,3.300,5.600,701.633,700.900,702.200,1.500,9.000,9.000,1.000,1.000,1.000,1.000,0.808,0.083,0.814,0.481,94.444,6.733,1.600,0.116,6.780,7.540,0.899
2024-06-04,100.000,100.000,100.000,0.000,0.000,0.000,10.233,10.200,10.300,3.367,2.500,4.500,703.422,702.600,704.000,18.000,9.000,9.000,0.966,0.920,1.000,0.933,0.582,0.390,0.794,0.509,96.556,5.067,3.800,0.053,7.480,7.530,0.994
2024-06-05,100.000,100.000,100.000,0.000,0.000,0.000,10.711,10.500,10.800,5.933,4.800,7.100,703.533,702.900,704.100,17.500,9.000,9.000,0.997,0.980,1.000,0.996,0.534,0.128,0.592,0.376,98.667,6.833,4.100,0.014,7.520,7.520,1.000
2024-06-06,99.333,94.000,100.000,0.103,0.000,0.930,10.511,10.100,11.300,3.778,2.200,5.100,702.789,702.200,703.100,8.500,9.000,9.000,0.974,0.810,1.000,0.940,0.433,0.064,0.469,0.310,99.111,7.378,6.200,0.002,7.510,7.510,1.000
2024-06-07,100.000,100.000,100.000,0.000,0.000,0.000,9.900,9.400,10.600,5.556,3.800,7.500,702.367,701.700,703.200,3.000,9.000,9.000,0.848,0.370,1.000,0.793,0.156,0.056,0.200,0.050,93.556,7.467,0.000,0.014,7.500,7.500,1.000
2024-06-08,100.000,100.000,100.000,0.000,0.000,0.000,10.333,9.500,11.200,4.789,4.000,5.700,703.167,702.800,703.700,3.500,9.000,9.000,0.876,0.390,0.990,0.722,0.186,0.382,0.493,0.257,92.000,7.511,0.200,0.048,6.980,7.490,0.933
2024-06-09,100.000,100.000,100.000,0.000,0.000,0.000,10.100,9.700,10.900,5.811,4.600,6.600,704.467,703.900,704.900,5.500,9.000,9.000,0.990,0.960,1.000,0.670,0.218,0.980,0.984,0.952,94.111,7.356,0.000,0.102,6.140,7.480,0.822
2024-06-10,100.000,100.000,100.000,0.000,0.000,0.000,9.922,9.700,10.100,8.244,7.700,8.500,703.856,703.200,704.500,9.000,9.000,9.000,0.974,0.890,1.000,0.386,0.779,0.877,0.974,0.897,79.444,9.067,0.900,0.172,5.420,7.470,0.726
2024-06-11,100.000,100.000,100.000,0.000,0.000,0.000,10.356,9.700,10.800,8.411,7.700,9.400,702.400,701.300,703.000,7.000,9.000,9.000,0.989,0.960,1.000,0.076,0.144,0.989,0.990,0.961,84.333,8.922,0.000,0.252,4.800,7.460,0.644
2024-06-12,100.000,100.000,100.000,0.000,0.000,0.000,9.522,9.200,9.900,8.833,6.700,10.200,701.867,701.400,702.700,0.000,9.000,9.000,0.991,0.960,1.000,0.034,0.149,0.989,0.991,0.964,85.111,9.033,0.000,0.341,4.250,7.450,0.571
2024-06-13,100.000,100.000,100.000,0.000,0.000,0.000,10.689,10.100,11.100,7.333,6.500,8.500,701.189,700.000,702.100,11.000,9.000,9.000,0.996,0.960,1.000,0.232,0.393,0.994,0.996,0.970,89.111,8.067,0.000,0.434,3.750,7.450,0.504
2024-06-14,100.000,100.000,100.000,0.000,0.000,0.000,9.311,9.000,9.800,9.033,8.100,10.100,701.222,700.200,701.600,0.500,9.000,9.000,0.982,0.970,1.000,0.028,0.246,0.980,0.987,0.974,81.667,8.633,0.100,0.528,3.280,7.440,0.440
2024-06-15,89.667,71.000,100.000,1.701,0.000,5.010,9.356,8.800,9.900,6.533,6.000,7.300,703.500,703.100,704.200,0.000,9.000,9.000,1.000,1.000,1.000,0.007,0.007,1.000,1.000,1.000,77.111,9.056,0.000,0.622,2.810,7.440,0.377
2024-06-16,100.000,100.000,100.000,0.000,0.000,0.000,10.078,9.900,10.300,6.522,4.800,8.000,704.033,703.300,704.700,0.500,9.000,9.000,0.999,0.990,1.000,0.041,0.347,0.999,0.999,0.991,89.111,7.822,3.100,0.712,2.320,7.440,0.312
2024-06-17,99.111,96.000,100.000,0.134,0.000,0.610,9.489,8.900,10.200,7.600,5.900,8.600,703.189,702.500,704.000,1.000,9.000,9.000,0.979,0.900,1.000,0.027,0.239,0.977,0.984,0.924,78.778,8.500,0.000,0.795,1.800,7.430,0.242
2024-06-18,87.111,70.000,100.000,2.124,0.000,5.250,10.111,9.600,10.700,5.056,4.400,5.600,703.622,702.800,704.400,0.000,9.000,9.000,0.994,0.960,1.000,0.053,0.184,0.994,0.997,0.981,90.000,8.011,0.000,0.868,1.210,7.430,0.162
2024-06-19,82.889,67.000,100.000,2.887,0.000,5.860,10.900,10.000,12.500,4.333,1.100,7.000,703.056,702.100,703.900,0.000,9.000,9.000,0.954,0.880,1.000,0.424,0.052,0.917,0.922,0.860,91.333,8.400,0.000,0.928,0.530,7.430,0.071
2024-06-20,96.000,93.000,100.000,0.622,0.000,1.090,11.544,11.200,11.800,3.589,1.900,4.800,703.778,703.100,704.500,0.500,9.000,9.000,0.997,0.980,1.000,0.621,0.030,0.990,0.990,0.970,91.333,9.067,0.000,0.971,0.000,7.430,0.000
2024-06-21,52.889,34.000,73.000,9.844,4.650,15.510,11.789,10.800,12.900,5.467,4.100,7.200,704.189,703.400,705.000,0.000,9.000,9.000,0.996,0.980,1.000,0.290,0.012,0.988,0.988,0.931,92.444,8.589,0.000,0.995,0.000,7.430,0.000
2024-06-22,88.444,72.000,100.000,1.941,0.000,4.900,11.356,10.400,12.600,5.100,4.300,5.900,705.144,704.500,705.800,0.000,9.000,9.000,0.998,0.990,1.000,0.918,0.007,0.962,0.962,0.930,90.333,10.400,0.000,0.996,0.000,7.430,0.000
2024-06-23,99.556,97.000,100.000,0.067,0.000,0.450,10.944,9.800,11.600,3.911,2.200,5.600,705.078,704.700,705.500,0.000,9.000,9.000,0.919,0.870,0.970,0.864,0.063,0.682,0.702,0.516,91.889,8.722,0.000,0.972,0.000,7.430,0.000
2024-06-24,85.444,56.000,100.000,2.542,0.000,8.520,10.700,10.000,12.000,2.389,0.000,4.500,705.844,705.400,706.700,2.500,9.000,9.000,0.803,0.560,0.970,0.563,0.187,0.660,0.727,0.521,93.667,7.389,0.300,0.924,0.840,7.430,0.113
2024-06-25,85.000,68.000,100.000,2.559,0.000,5.670,10.522,10.200,10.800,3.000,1.300,4.100,707.067,706.600,707.700,0.000,9.000,9.000,0.937,0.820,0.990,0.138,0.077,0.924,0.931,0.820,89.778,7.978,0.000,0.853,1.580,7.440,0.213
2024-06-26,58.333,38.000,72.000,8.098,4.850,14.070,11.744,10.700,13.600,2.744,1.100,4.400,707.622,707.200,707.900,0.000,9.000,9.000,0.957,0.900,1.000,0.762,0.004,0.727,0.728,0.535,89.222,7.622,0.000,0.764,2.240,7.440,0.301
2024-06-27,80.556,74.000,95.000,3.257,0.770,4.470,10.978,10.300,11.300,3.889,1.600,6.100,706.722,705.800,707.400,0.000,9.000,9.000,0.986,0.950,1.000,0.384,0.039,0.982,0.983,0.951,87.333,8.811,0.000,0.660,2.850,7.450,0.383
2024-06-28,92.000,85.000,98.000,1.262,0.300,2.420,10.711,10.400,11.000,4.000,2.800,4.600,705.511,704.600,706.500,0.000,9.000,9.000,0.996,0.990,1.000,0.839,0.060,0.978,0.980,0.945,93.778,7.367,0.000,0.547,3.430,7.450,0.460
2024-06-29,99.000,96.000,100.000,0.151,0.000,0.610,10.289,9.500,11.400,6.656,4.900,9.200,704.633,703.100,705.700,0.000,9.000,9.000,0.977,0.920,1.000,0.236,0.082,0.959,0.965,0.901,91.444,7.789,0.000,0.433,4.020,7.460,0.538
2024-06-30,89.222,77.000,100.000,1.747,0.000,3.860,10.022,9.400,10.800,5.889,5.100,6.800,704.100,703.500,704.900,0.000,9.000,9.000,0.973,0.920,1.000,0.228,0.020,0.961,0.962,0.919,84.333,8.022,0.000,0.322,4.630,7.470,0.620
2024-07-01,97.889,93.000,100.000,0.324,0.000,1.080,10.800,9.400,11.300,3.167,1.900,5.100,703.800,703.000,704.500,0.000,9.000,9.000,0.790,0.230,0.990,0.572,0.127,0.642,0.683,0.154,93.778,8.800,0.000,0.222,5.300,7.470,0.709
2024-07-02,74.444,60.000,97.000,4.540,0.460,7.520,11.222,10.300,11.800,2.844,0.400,4.400,706.589,706.100,707.200,1.000,9.000,9.000,0.842,0.780,0.870,0.811,0.039,0.171,0.204,0.030,93.000,7.089,0.200,0.137,6.050,7.480,0.809
2024-07-03,63.000,57.000,72.000,6.897,4.910,8.370,12.456,11.900,13.600,1.478,0.800,3.200,708.822,708.200,709.400,0.000,9.000,9.000,0.173,0.030,0.810,0.168,0.009,0.000,0.009,0.000,88.667,8.867,0.000,0.070,6.900,7.490,0.921
2024-07-04,46.889,30.000,95.000,12.007,0.780,17.240,12.456,10.900,13.500,2.778,0.600,5.500,706.711,705.300,707.700,0.000,9.000,9.000,0.214,0.000,0.690,0.213,0.001,0.000,0.001,0.000,88.222,8.733,0.000,0.026,7.500,7.500,1.000
2024-07-05,72.000,46.000,85.000,5.092,2.430,11.300,11.278,10.700,12.300,2.878,1.800,3.800,705.022,704.600,705.500,0.000,9.000,9.000,0.080,0.000,0.440,0.062,0.000,0.018,0.018,0.000,86.556,7.989,0.000,0.004,7.510,7.510,1.000
2024-07-06,62.222,51.000,100.000,7.362,0.000,9.880,12.322,10.900,13.400,2.189,1.100,4.400,706.011,705.300,706.600,0.000,9.000,9.000,0.262,0.040,0.620,0.250,0.009,0.008,0.016,0.000,90.778,6.767,0.000,0.005,7.520,7.520,1.000
2024-07-07,54.778,46.000,63.000,8.879,6.720,11.270,11.122,9.900,11.900,2.478,1.400,3.500,705.422,704.400,706.300,0.000,9.000,9.000,0.251,0.040,0.820,0.233,0.008,0.016,0.023,0.000,91.000,6.289,0.000,0.028,7.530,7.530,1.000
2024-07-08,56.556,44.000,75.000,8.424,4.190,11.890,10.511,8.900,12.000,3.733,0.900,6.700,703.978,702.800,705.200,0.000,9.000,9.000,0.779,0.650,0.850,0.779,0.003,0.000,0.003,0.000,92.556,4.289,0.000,0.069,6.990,7.550,0.927
2024-07-09,74.444,66.000,88.000,4.416,1.910,6.160,11.244,10.800,11.900,2.833,0.600,4.300,705.078,704.600,705.500,0.000,9.000,9.000,0.782,0.640,0.870,0.777,0.037,0.016,0.051,0.000,97.111,7.200,0.900,0.126,6.430,7.560,0.850
2024-07-10,90.111,83.000,98.000,1.563,0.300,2.750,9.744,9.200,10.200,6.033,5.100,7.100,704.578,703.800,705.300,0.000,9.000,9.000,0.933,0.600,1.000,0.096,0.087,0.884,0.917,0.598,90.778,6.867,0.000,0.197,5.910,7.570,0.781
2024-07-11,77.222,72.000,85.000,3.863,2.440,4.880,11.367,10.900,12.200,3.978,2.800,5.100,703.244,702.100,704.100,0.000,9.000,9.000,0.859,0.540,1.000,0.412,0.133,0.718,0.793,0.399,92.889,7.533,0.000,0.278,5.440,7.590,0.717
2024-07-12,81.556,72.000,86.000,3.066,2.240,4.880,11.067,10.400,11.600,3.778,1.900,5.100,702.700,701.900,703.500,0.000,9.000,9.000,0.946,0.780,1.000,0.036,0.008,0.928,0.929,0.733,87.333,8.711,0.000,0.366,4.980,7.600,0.655
2024-07-13,50.333,43.000,58.000,10.142,8.050,12.210,12.656,11.600,13.500,1.911,0.800,4.300,704.789,704.400,705.400,0.000,9.000,9.000,0.886,0.370,1.000,0.744,0.007,0.822,0.825,0.302,91.889,6.756,0.000,0.459,4.510,7.620,0.592
2024-07-14,67.111,49.000,79.000,6.028,3.460,10.380,10.933,9.400,11.800,2.189,0.400,4.800,705.867,705.300,706.300,0.000,9.000,9.000,0.952,0.850,1.000,0.437,0.011,0.936,0.936,0.850,85.333,8.189,0.000,0.555,4.020,7.640,0.526
2024-07-15,56.111,43.000,93.000,8.778,1.080,12.140,10.767,9.600,11.800,1.978,1.100,3.500,705.644,704.600,706.600,0.000,9.000,9.000,0.421,0.110,0.670,0.009,0.001,0.417,0.417,0.110,82.111,7.167,0.000,0.649,3.470,7.650,0.454
2024-07-16,66.000,45.000,100.000,6.578,0.000,11.680,11.678,10.100,13.100,2.256,1.100,3.900,706.344,705.400,707.100,0.000,9.000,9.000,0.080,0.000,0.230,0.002,0.074,0.006,0.079,0.000,82.778,7.389,0.000,0.740,2.850,7.670,0.371
2024-07-17,66.000,55.000,96.000,6.331,0.610,8.830,11.911,10.100,12.900,3.533,2.400,4.900,706.467,705.500,707.300,0.000,9.000,9.000,0.780,0.280,0.960,0.351,0.037,0.713,0.736,0.260,94.667,6.978,0.000,0.823,2.120,7.690,0.276
2024-07-18,65.667,54.000,100.000,6.563,0.000,9.110,12.400,11.300,13.200,2.278,0.500,4.200,706.456,705.100,707.400,0.000,9.000,9.000,0.887,0.750,0.970,0.222,0.007,0.860,0.862,0.696,92.444,8.044,0.000,0.895,1.270,7.710,0.165
2024-07-19,67.333,58.000,74.000,5.926,4.490,8.060,12.400,11.900,13.000,1.789,0.400,3.400,705.856,705.100,706.600,0.000,9.000,9.000,0.062,0.010,0.180,0.051,0.011,0.003,0.014,0.000,84.556,8.644,0.000,0.951,0.300,7.720,0.038
2024-07-20,53.111,19.000,98.000,10.342,0.300,23.290,11.478,10.300,13.900,2.556,0.700,5.000,705.489,704.400,706.300,0.000,9.000,9.000,0.279,0.050,0.830,0.222,0.007,0.058,0.064,0.000,90.111,8.244,0.000,0.987,0.000,7.740,0.000
2024-07-21,77.111,70.000,90.000,3.917,1.590,5.280,11.811,11.300,12.200,2.533,0.400,5.600,704.689,703.600,705.700,0.000,9.000,9.000,0.774,0.570,0.950,0.010,0.027,0.772,0.775,0.564,85.444,9.022,0.000,0.998,0.000,7.760,0.000
2024-07-22,84.556,59.000,100.000,2.714,0.000,7.820,11.144,10.200,12.800,8.789,3.800,11.600,700.644,699.300,702.000,0.000,9.000,9.000,0.259,0.060,0.490,0.038,0.011,0.227,0.235,0.040,86.889,9.956,0.000,0.983,0.000,7.780,0.000
2024-07-23,100.000,100.000,100.000,0.000,0.000,0.000,11.156,10.500,11.700,3.911,1.900,7.400,694.111,691.800,696.100,21.000,9.000,9.000,1.000,1.000,1.000,0.928,0.900,0.998,1.000,0.999,91.889,9.411,37.900,0.941,0.320,7.800,0.041
2024-07-24,100.000,100.000,100.000,0.000,0.000,0.000,12.622,12.000,13.200,5.044,1.300,8.500,682.111,681.100,683.200,149.500,9.000,9.000,1.000,1.000,1.000,0.974,0.996,1.000,1.000,1.000,98.667,9.922,107.000,0.873,0.970,7.830,0.124
2024-07-25,100.000,100.000,100.000,0.000,0.000,0.000,11.100,10.600,11.800,9.889,8.600,10.600,689.922,688.000,691.200,21.000,9.000,9.000,1.000,1.000,1.000,0.516,0.929,1.000,1.000,1.000,90.222,8.678,25.900,0.786,1.580,7.850,0.202
2024-07-26,98.222,90.000,100.000,0.279,0.000,1.590,11.278,10.700,11.800,4.800,3.200,6.400,700.878,698.800,702.400,1.000,9.000,9.000,1.000,1.000,1.000,0.909,0.641,0.999,0.999,0.991,99.000,8.811,1.200,0.683,2.190,7.870,0.278
2024-07-27,82.111,69.000,97.000,3.052,0.460,5.540,11.700,10.700,12.800,2.444,1.000,4.700,705.389,705.000,705.900,0.000,9.000,9.000,0.942,0.810,1.000,0.802,0.154,0.753,0.788,0.136,92.778,8.533,0.900,0.571,2.800,7.890,0.355
2024-07-28,79.889,74.000,92.000,3.343,1.230,4.410,10.011,8.900,10.600,2.644,0.700,5.300,704.433,702.700,705.500,0.000,9.000,9.000,0.388,0.020,0.960,0.029,0.150,0.356,0.378,0.000,84.111,9.022,0.000,0.458,3.470,7.910,0.438
2024-07-29,98.778,96.000,100.000,0.188,0.000,0.620,11.389,11.100,11.700,2.344,1.000,3.600,703.022,702.400,703.800,0.500,9.000,9.000,0.840,0.500,1.000,0.798,0.063,0.160,0.211,0.030,93.556,8.678,0.000,0.349,4.200,7.940,0.529
2024-07-30,91.889,83.000,98.000,1.303,0.310,2.790,11.656,11.000,12.100,2.889,1.300,4.400,704.689,704.200,705.200,0.500,9.000,9.000,0.738,0.340,0.860,0.733,0.047,0.000,0.047,0.020,95.667,8.622,0.000,0.249,5.010,7.960,0.630
2024-07-31,100.000,100.000,100.000,0.000,0.000,0.000,11.433,10.600,12.200,3.644,1.500,5.900,705.289,704.600,705.900,11.500,9.000,9.000,0.898,0.810,0.990,0.832,0.289,0.311,0.477,0.088,94.778,8.544,0.500,0.162,5.920,7.980,0.742
2024-08-01,89.778,64.000,100.000,1.729,0.000,6.670,12.356,11.600,13.200,1.600,0.400,3.300,704.867,704.200,705.400,0.000,9.000,9.000,0.563,0.020,0.790,0.556,0.002,0.010,0.012,0.000,90.000,9.500,0.000,0.092,6.890,8.010,0.861
2024-08-02,86.000,73.000,100.000,2.329,0.000,4.670,11.122,10.200,12.500,1.722,0.300,4.700,704.989,704.500,705.500,0.000,9.000,9.000,0.838,0.690,0.940,0.836,0.017,0.016,0.031,0.000,86.778,10.511,0.000,0.042,7.900,8.030,0.984
2024-08-03,69.222,61.000,91.000,5.550,1.420,7.280,11.811,11.200,12.400,4.567,0.200,7.700,704.700,704.000,705.400,0.000,9.000,9.000,0.593,0.090,0.840,0.592,0.007,0.002,0.009,0.000,88.778,9.511,0.000,0.011,8.050,8.050,1.000
2024-08-04,56.556,24.000,92.000,9.846,1.250,19.950,11.156,10.500,11.900,4.189,0.400,6.800,703.467,702.200,704.500,0.000,9.000,9.000,0.637,0.100,0.880,0.636,0.000,0.000,0.000,0.000,89.667,9.811,0.000,0.001,8.080,8.080,1.000
2024-08-05,71.444,63.000,90.000,5.009,1.580,6.740,10.433,9.800,11.200,3.589,0.900,6.700,701.878,700.900,702.800,0.000,9.000,9.000,0.720,0.210,0.990,0.616,0.060,0.258,0.308,0.020,88.556,8.467,0.000,0.011,8.100,8.100,1.000
2024-08-06,97.000,93.000,100.000,0.458,0.000,1.080,9.900,9.600,10.400,2.267,0.500,5.200,702.044,701.300,702.600,0.000,9.000,9.000,0.991,0.980,1.000,0.863,0.696,0.906,0.974,0.944,93.778,7.333,0.000,0.040,8.130,8.130,1.000
2024-08-07,92.333,81.000,97.000,1.217,0.460,3.150,11.000,10.700,11.600,3.011,1.500,4.400,702.289,701.600,703.000,0.000,9.000,9.000,0.997,0.990,1.000,0.833,0.313,0.989,0.991,0.982,90.000,8.578,0.100,0.085,7.710,8.150,0.946
2024-08-08,94.000,87.000,100.000,0.940,0.000,2.080,10.989,10.400,11.700,1.856,0.900,2.600,702.100,701.100,703.000,0.000,9.000,9.000,0.886,0.610,1.000,0.780,0.081,0.429,0.457,0.069,90.778,8.244,0.000,0.146,7.250,8.180,0.886
2024-08-09,92.889,81.000,100.000,1.133,0.000,3.140,10.744,10.400,11.400,3.133,1.700,5.000,701.067,700.200,701.800,0.000,9.000,9.000,0.911,0.820,0.990,0.674,0.083,0.574,0.614,0.260,91.111,7.589,0.000,0.218,6.790,8.210,0.828
2024-08-10,92.556,79.000,100.000,1.209,0.000,3.520,10.622,10.000,11.500,4.156,2.000,6.900,700.433,699.700,701.200,1.000,9.000,9.000,0.801,0.570,0.990,0.763,0.110,0.083,0.185,0.060,94.111,7.511,0.000,0.301,6.310,8.230,0.767
2024-08-11,91.556,77.000,100.000,1.370,0.000,3.910,11.089,10.200,11.900,1.811,0.400,2.800,700.800,700.200,701.400,0.000,9.000,9.000,0.869,0.850,0.900,0.784,0.221,0.133,0.335,0.178,90.111,8.378,0.100,0.391,5.800,8.260,0.702
2024-08-12,95.444,84.000,100.000,0.730,0.000,2.620,11.078,10.500,11.900,1.278,0.000,3.300,702.167,701.500,703.100,11.000,9.000,9.000,0.938,0.760,1.000,0.268,0.184,0.914,0.938,0.789,89.000,8.600,0.000,0.487,5.220,8.280,0.630
2024-08-13,99.667,97.000,100.000,0.051,0.000,0.460,10.833,10.400,11.200,3.178,1.800,5.400,702.722,701.800,703.400,2.000,9.000,9.000,0.979,0.930,1.000,0.517,0.077,0.970,0.972,0.919,93.889,8.644,0.000,0.586,4.550,8.310,0.548
2024-08-14,95.556,85.000,100.000,0.702,0.000,2.430,10.656,10.200,11.200,2.478,0.900,3.500,702.033,701.000,702.900,5.500,9.000,9.000,0.989,0.950,1.000,0.741,0.412,0.917,0.954,0.850,95.333,7.511,2.300,0.683,3.780,8.340,0.453
2024-08-15,99.556,98.000,100.000,0.067,0.000,0.300,10.267,9.800,10.800,1.233,0.700,2.900,701.178,700.600,701.800,7.000,9.000,9.000,0.998,0.990,1.000,0.822,0.454,0.993,0.996,0.990,96.556,7.422,1.700,0.776,2.870,8.360,0.343
2024-08-16,100.000,100.000,100.000,0.000,0.000,0.000,11.522,11.400,11.600,2.056,0.600,4.800,702.433,702.000,702.900,0.000,9.000,9.000,1.000,1.000,1.000,0.862,0.827,0.991,0.998,0.990,96.667,8.400,5.900,0.859,1.850,8.390,0.221
2024-08-17,100.000,100.000,100.000,0.000,0.000,0.000,10.544,10.100,10.800,6.344,5.800,7.000,703.233,702.200,703.900,0.000,9.000,9.000,1.000,1.000,1.000,0.807,0.729,0.997,0.999,0.995,94.000,8.411,6.000,0.927,0.750,8.420,0.090
2024-08-18,100.000,100.000,100.000,0.000,0.000,0.000,10.889,10.700,11.300,5.422,3.000,8.100,702.233,701.100,703.000,0.000,9.000,9.000,1.000,1.000,1.000,0.653,0.681,1.000,1.000,1.000,91.556,8.111,0.300,0.975,0.000,8.440,0.000
2024-08-19,100.000,100.000,100.000,0.000,0.000,0.000,10.522,10.000,11.000,5.567,3.600,6.700,702.900,702.300,703.400,0.000,9.000,9.000,1.000,1.000,1.000,0.766,0.917,1.000,1.000,1.000,97.556,7.367,2.200,0.998,0.000,8.470,0.000
2024-08-20,94.778,87.000,100.000,0.801,0.000,2.040,8.633,8.200,9.900,8.478,7.300,9.100,704.800,704.200,705.400,0.000,9.000,9.000,0.897,0.800,1.000,0.024,0.704,0.634,0.910,0.825,86.333,7.100,0.000,0.992,0.000,8.500,0.000
2024-08-21,97.333,93.000,100.000,0.403,0.000,1.060,8.178,7.700,9.200,7.078,6.000,8.000,705.289,704.200,705.900,0.000,9.000,9.000,0.667,0.270,0.920,0.033,0.116,0.599,0.659,0.305,88.222,7.311,0.000,0.957,0.000,8.520,0.000
2024-08-22,91.556,79.000,98.000,1.336,0.300,3.490,10.056,9.700,10.600,3.956,3.300,4.600,705.400,704.900,706.000,0.000,9.000,9.000,0.040,0.010,0.070,0.017,0.026,0.008,0.033,0.010,89.333,8.111,0.000,0.895,0.550,8.550,0.064
2024-08-23,82.111,67.000,98.000,3.011,0.300,5.930,10.967,9.700,12.000,2.167,0.900,4.000,705.178,704.500,705.700,0.000,9.000,9.000,0.566,0.100,0.840,0.510,0.054,0.040,0.092,0.030,90.444,7.356,0.000,0.811,1.190,8.580,0.138
2024-08-24,78.667,64.000,100.000,3.671,0.000,6.570,10.889,9.900,11.800,2.289,0.900,4.800,703.822,703.200,704.400,0.000,9.000,9.000,0.932,0.870,1.000,0.879,0.011,0.583,0.589,0.100,92.222,6.867,5.900,0.711,1.860,8.600,0.216
2024-08-25,82.111,69.000,98.000,3.023,0.300,5.450,10.067,9.300,10.900,3.511,0.700,5.300,702.578,701.400,703.500,0.000,9.000,9.000,0.871,0.840,0.930,0.836,0.038,0.133,0.164,0.040,91.778,7.778,0.300,0.602,2.590,8.630,0.300
2024-08-26,80.889,63.000,100.000,3.331,0.000,6.820,11.022,9.400,11.800,2.056,0.900,3.500,702.078,701.200,702.800,0.000,9.000,9.000,0.996,0.990,1.000,0.898,0.023,0.929,0.929,0.730,90.778,8.767,0.100,0.491,3.390,8.660,0.392
2024-08-27,64.222,51.000,97.000,6.882,0.460,9.880,11.944,11.200,12.600,4.033,2.100,6.000,701.211,700.300,702.000,0.000,9.000,9.000,0.307,0.000,0.780,0.303,0.000,0.004,0.004,0.000,88.556,8.567,0.000,0.384,4.280,8.680,0.493
2024-08-28,82.667,74.000,98.000,2.899,0.300,4.480,11.378,10.800,12.100,1.344,0.500,2.700,701.656,701.100,702.200,0.500,9.000,9.000,0.832,0.450,0.990,0.604,0.132,0.481,0.554,0.316,90.667,8.967,0.200,0.284,5.240,8.710,0.602
2024-08-29,81.667,48.000,100.000,3.561,0.000,10.700,11.144,10.600,12.200,1.800,0.300,3.900,703.467,703.000,703.900,0.000,9.000,9.000,0.906,0.820,0.980,0.796,0.037,0.602,0.607,0.020,93.667,7.989,0.000,0.196,6.240,8.740,0.714
2024-08-30,80.222,63.000,100.000,3.488,0.000,6.850,12.000,11.300,12.600,2.767,0.800,4.500,704.789,704.200,705.300,0.000,9.000,9.000,0.666,0.300,0.820,0.494,0.032,0.368,0.388,0.180,89.556,8.344,0.000,0.122,7.240,8.760,0.826
2024-08-31,83.444,71.000,100.000,2.750,0.000,5.070,10.456,10.000,11.200,3.167,0.400,7.000,704.600,703.400,705.600,1.000,9.000,9.000,0.738,0.360,0.930,0.698,0.003,0.194,0.198,0.000,88.889,8.156,0.000,0.064,8.220,8.790,0.935
2024-09-01,53.000,18.000,83.000,11.024,2.760,23.710,10.378,9.300,12.400,5.711,0.700,8.500,703.200,702.400,703.700,0.000,9.000,9.000,0.520,0.090,0.930,0.457,0.012,0.107,0.118,0.010,88.778,8.556,0.000,0.025,8.820,8.820,1.000
2024-09-02,24.333,13.000,41.000,20.861,12.790,27.910,12.533,11.200,14.200,4.167,0.900,7.800,703.556,702.800,704.300,0.000,9.000,9.000,0.492,0.260,0.690,0.224,0.000,0.320,0.320,0.030,87.333,8.611,0.000,0.004,8.840,8.840,1.000
2024-09-03,87.222,69.000,100.000,2.203,0.000,5.540,11.489,10.300,12.600,3.556,1.500,6.600,701.589,700.600,702.300,0.000,9.000,9.000,0.272,0.030,0.720,0.046,0.054,0.228,0.264,0.020,80.111,10.033,0.000,0.002,8.870,8.870,1.000
2024-09-04,100.000,100.000,100.000,0.000,0.000,0.000,10.833,10.600,11.100,2.056,0.600,4.200,700.444,699.900,700.700,0.000,9.000,9.000,0.590,0.180,0.890,0.096,0.048,0.540,0.556,0.109,84.111,9.678,0.000,0.018,8.900,8.900,1.000
2024-09-05,94.333,84.000,100.000,0.900,0.000,2.610,10.744,10.200,11.200,2.822,0.000,7.000,701.878,701.500,702.400,0.000,9.000,9.000,0.543,0.420,0.690,0.022,0.022,0.533,0.544,0.406,85.889,9.311,0.000,0.051,8.920,8.920,1.000
2024-09-06,86.333,71.000,98.000,2.251,0.300,5.120,10.789,9.900,12.400,2.533,1.100,4.900,704.644,704.100,705.100,0.000,9.000,9.000,0.291,0.020,0.820,0.193,0.034,0.102,0.134,0.020,90.222,7.756,0.000,0.100,8.530,8.950,0.953
2024-09-07,95.889,88.000,100.000,0.644,0.000,1.900,10.056,9.600,10.700,2.867,0.000,5.300,705.311,704.000,706.100,0.000,9.000,9.000,0.976,0.890,1.000,0.841,0.057,0.817,0.830,0.535,97.667,7.656,0.200,0.164,8.030,8.980,0.894
2024-09-08,94.333,84.000,100.000,0.888,0.000,2.580,9.344,9.000,10.000,5.556,2.800,6.800,702.711,701.600,703.900,0.000,9.000,9.000,0.869,0.820,0.960,0.848,0.047,0.092,0.132,0.010,94.889,6.956,0.000,0.241,7.480,9.000,0.831
2024-09-09,84.111,69.000,89.000,2.579,1.720,5.400,9.200,8.900,9.500,4.822,0.900,9.100,701.644,700.600,702.300,0.000,9.000,9.000,0.831,0.600,0.950,0.746,0.000,0.581,0.581,0.030,90.000,7.378,0.000,0.328,6.860,9.030,0.759
2024-09-10,98.111,91.000,100.000,0.296,0.000,1.410,10.333,9.900,10.600,2.867,1.300,4.400,702.822,702.600,703.200,0.000,9.000,9.000,0.616,0.040,0.870,0.611,0.012,0.001,0.013,0.000,92.444,7.767,0.000,0.423,6.140,9.060,0.678
2024-09-11,82.222,71.000,94.000,3.004,0.920,5.090,10.711,9.200,11.800,2.833,0.600,5.400,703.833,702.800,704.700,0.000,9.000,9.000,0.999,0.990,1.000,0.894,0.032,0.977,0.977,0.920,90.222,8.644,0.400,0.524,5.310,9.080,0.584
2024-09-12,84.000,68.000,100.000,2.688,0.000,5.590,8.822,8.300,10.000,7.533,6.600,8.700,700.944,700.400,701.600,0.500,9.000,9.000,0.446,0.060,0.840,0.433,0.016,0.046,0.061,0.020,90.667,8.356,0.000,0.626,4.360,9.110,0.479
2024-09-13,93.778,85.000,100.000,0.960,0.000,2.360,7.733,6.800,8.500,3.744,0.600,5.900,698.400,696.500,700.000,7.000,9.000,9.000,0.979,0.920,1.000,0.429,0.536,0.894,0.978,0.910,85.222,7.467,1.500,0.727,3.320,9.130,0.364
2024-09-14,83.556,68.000,100.000,2.809,0.000,5.670,9.522,8.300,10.600,2.844,1.200,5.700,697.122,696.800,697.600,0.000,9.000,9.000,0.959,0.860,1.000,0.856,0.022,0.647,0.667,0.110,96.222,6.033,0.000,0.820,2.220,9.160,0.243
2024-09-15,49.889,37.000,62.000,10.278,7.010,14.390,11.889,11.000,13.200,5.567,3.200,7.200,700.211,699.600,700.700,0.000,9.000,9.000,0.971,0.900,1.000,0.412,0.000,0.968,0.968,0.900,88.778,8.789,0.000,0.900,1.110,9.190,0.121
2024-09-16,100.000,100.000,100.000,0.000,0.000,0.000,11.178,10.500,12.000,4.900,1.100,9.300,701.989,701.300,702.400,17.500,9.000,9.000,0.410,0.140,0.770,0.093,0.072,0.337,0.383,0.117,83.444,10.600,0.200,0.959,0.000,9.210,0.000
2024-09-17,85.222,39.000,100.000,2.848,0.000,13.300,8.756,6.800,9.600,4.578,1.800,8.200,700.200,699.400,700.700,0.500,9.000,9.000,0.082,0.010,0.210,0.034,0.051,0.022,0.071,0.000,68.222,9.056,0.000,0.993,0.000,9.240,0.000
2024-09-18,92.889,85.000,100.000,1.129,0.000,2.430,10.433,9.500,11.100,3.700,0.400,8.600,700.033,699.300,700.400,0.500,9.000,9.000,0.801,0.450,0.900,0.776,0.022,0.357,0.371,0.146,94.000,8.444,0.000,0.998,0.000,9.260,0.000
2024-09-19,82.778,71.000,98.000,2.887,0.310,5.080,11.422,10.800,12.100,2.611,0.600,4.400,701.644,701.000,702.300,0.000,9.000,9.000,0.799,0.330,0.910,0.737,0.041,0.300,0.335,0.000,97.111,7.922,0.000,0.972,0.000,9.290,0.000
2024-09-20,81.333,74.000,99.000,3.142,0.150,4.490,11.767,11.400,12.200,2.833,0.900,4.100,701.700,700.600,702.700,0.000,9.000,9.000,0.974,0.900,1.000,0.472,0.009,0.966,0.966,0.900,93.444,8.800,0.000,0.918,0.260,9.310,0.028
2024-09-21,100.000,100.000,100.000,0.000,0.000,0.000,11.833,11.100,12.500,2.967,1.800,4.000,701.433,701.000,702.000,3.500,9.000,9.000,1.000,1.000,1.000,0.857,0.814,1.000,1.000,1.000,98.667,8.200,6.000,0.841,0.990,9.340,0.106
2024-09-22,100.000,100.000,100.000,0.000,0.000,0.000,9.811,9.200,10.800,6.378,4.400,7.500,705.122,704.700,705.800,7.000,9.000,9.000,0.989,0.960,1.000,0.786,0.858,0.943,0.984,0.935,99.111,7.278,9.600,0.747,1.790,9.360,0.191
2024-09-23,100.000,100.000,100.000,0.000,0.000,0.000,9.744,9.300,10.600,7.667,7.100,8.800,705.711,705.200,706.200,2.000,9.000,9.000,1.000,1.000,1.000,0.567,0.794,1.000,1.000,1.000,97.889,7.500,1.000,0.643,2.680,9.390,0.285
2024-09-24,100.000,100.000,100.000,0.000,0.000,0.000,9.556,9.000,10.200,6.044,4.000,7.800,705.267,704.700,705.800,11.000,9.000,9.000,0.999,0.990,1.000,0.481,0.683,0.996,0.999,0.996,93.000,7.967,6.500,0.536,3.640,9.410,0.387
2024-09-25,100.000,100.000,100.000,0.000,0.000,0.000,8.811,8.600,9.100,5.011,2.600,6.300,704.522,703.800,705.100,0.000,9.000,9.000,0.877,0.660,0.990,0.159,0.290,0.816,0.875,0.633,88.667,8.256,0.000,0.430,4.640,9.440,0.492
2024-09-26,99.444,96.000,100.000,0.084,0.000,0.610,9.322,9.100,9.700,2.556,1.600,3.200,704.033,703.100,704.900,0.000,9.000,9.000,0.984,0.970,1.000,0.876,0.048,0.866,0.872,0.784,95.333,7.922,0.300,0.331,5.650,9.460,0.597
2024-09-27,96.778,89.000,100.000,0.499,0.000,1.730,9.889,9.300,10.700,3.267,0.600,6.000,702.922,701.700,703.900,1.000,9.000,9.000,0.941,0.910,0.990,0.892,0.057,0.192,0.241,0.117,95.222,7.822,0.600,0.240,6.630,9.480,0.700
2024-09-28,100.000,100.000,100.000,0.000,0.000,0.000,9.167,8.300,10.100,3.667,0.300,5.500,701.811,700.800,702.900,3.000,9.000,9.000,0.711,0.560,0.850,0.279,0.133,0.557,0.613,0.469,89.667,8.678,0.000,0.162,7.580,9.510,0.797
2024-09-29,100.000,100.000,100.000,0.000,0.000,0.000,9.367,9.000,9.700,3.367,0.900,7.100,700.400,698.200,702.300,24.500,9.000,9.000,0.976,0.880,1.000,0.091,0.103,0.972,0.974,0.878,88.333,9.133,1.300,0.097,8.480,9.530,0.889
2024-09-30,98.111,93.000,100.000,0.290,0.000,1.080,9.767,9.300,10.400,4.433,0.600,10.800,699.800,698.900,700.600,28.500,9.000,9.000,1.000,1.000,1.000,0.802,0.436,0.994,0.996,0.985,90.222,8.944,1.500,0.048,9.340,9.550,0.978
2024-10-01,98.111,93.000,100.000,0.288,0.000,1.080,9.289,8.800,9.800,4.922,0.000,8.700,700.389,699.600,701.200,15.500,9.000,9.000,0.990,0.970,1.000,0.090,0.809,0.972,0.993,0.974,93.000,7.278,3.600,0.016,9.580,9.580,1.000
2024-10-02,99.000,95.000,100.000,0.151,0.000,0.760,8.456,7.900,9.300,9.411,6.900,12.200,701.156,700.500,701.900,33.000,9.000,9.000,1.000,1.000,1.000,0.927,0.963,0.994,1.000,0.999,99.333,5.856,17.400,0.001,9.600,9.600,1.000
2024-10-03,99.667,97.000,100.000,0.050,0.000,0.450,9.089,8.900,9.400,2.911,0.700,4.800,702.689,702.200,703.100,6.500,9.000,9.000,0.997,0.980,1.000,0.749,0.850,0.956,0.995,0.988,94.444,6.800,17.100,0.004,9.620,9.620,1.000
2024-10-04,93.667,81.000,100.000,1.006,0.000,3.100,9.167,8.800,9.500,1.900,0.400,3.700,704.989,704.300,705.500,0.000,9.000,9.000,0.998,0.990,1.000,0.863,0.866,0.951,0.993,0.984,98.889,6.344,2.200,0.025,9.650,9.650,1.000
2024-10-05,85.222,74.000,95.000,2.407,0.760,4.450,9.600,8.800,10.800,2.400,1.000,4.300,706.067,705.400,706.600,0.000,9.000,9.000,0.984,0.970,0.990,0.817,0.086,0.938,0.944,0.932,93.111,7.011,0.000,0.063,9.640,9.670,0.997
2024-10-06,85.556,79.000,97.000,2.337,0.450,3.480,9.733,9.200,10.200,3.522,2.900,5.000,706.078,705.200,706.800,0.000,9.000,9.000,0.992,0.970,1.000,0.582,0.069,0.967,0.969,0.931,92.556,7.589,0.000,0.118,9.040,9.690,0.933
2024-10-07,97.444,88.000,100.000,0.396,0.000,1.900,9.433,8.800,9.900,1.811,0.600,2.800,705.489,704.400,706.200,1.000,9.000,9.000,0.774,0.270,0.960,0.676,0.111,0.370,0.447,0.178,95.778,7.233,0.100,0.187,8.360,9.720,0.861
2024-10-08,99.667,97.000,100.000,0.050,0.000,0.450,9.067,8.800,9.300,2.400,0.900,3.400,704.478,703.300,705.200,0.500,9.000,9.000,0.950,0.930,0.980,0.929,0.343,0.001,0.344,0.080,95.111,6.367,1.200,0.270,7.580,9.740,0.779
2024-10-09,100.000,100.000,100.000,0.000,0.000,0.000,7.700,6.900,8.200,5.022,4.000,5.800,703.011,702.200,703.700,0.500,9.000,9.000,0.481,0.270,0.710,0.480,0.022,0.003,0.026,0.010,91.667,6.233,0.000,0.364,6.700,9.760,0.686
2024-10-10,100.000,100.000,100.000,0.000,0.000,0.000,7.944,7.800,8.200,4.733,4.100,5.800,703.356,702.800,703.800,0.000,9.000,9.000,0.610,0.420,0.890,0.610,0.032,0.000,0.032,0.010,90.667,5.856,0.200,0.466,5.720,9.780,0.585
2024-10-11,94.778,89.000,100.000,0.799,0.000,1.700,8.133,7.800,8.800,1.889,0.500,3.500,704.833,704.400,705.300,0.000,9.000,9.000,0.696,0.390,1.000,0.693,0.150,0.000,0.150,0.080,88.889,6.167,0.000,0.572,4.680,9.800,0.477
2024-10-12,89.556,80.000,100.000,1.667,0.000,3.270,8.344,7.700,9.100,0.933,0.400,1.600,705.944,705.200,706.600,0.000,9.000,9.000,0.937,0.790,1.000,0.509,0.190,0.663,0.718,0.252,91.222,6.811,0.000,0.678,3.610,9.820,0.367
2024-10-13,80.222,65.000,100.000,3.344,0.000,6.280,9.467,8.800,9.900,1.656,0.800,2.400,705.811,704.700,706.500,1.000,9.000,9.000,0.538,0.160,0.850,0.340,0.121,0.239,0.327,0.117,89.444,6.656,0.000,0.779,2.530,9.850,0.257
2024-10-14,77.556,51.000,100.000,3.987,0.000,9.750,9.467,8.800,10.800,1.389,0.500,3.500,706.044,704.900,706.800,0.000,9.000,9.000,0.702,0.190,1.000,0.643,0.039,0.044,0.080,0.010,89.778,6.322,0.000,0.868,1.460,9.870,0.148
2024-10-15,77.778,69.000,100.000,3.806,0.000,5.440,9.733,8.700,10.200,2.844,1.500,3.800,706.456,705.700,707.100,0.500,9.000,9.000,0.953,0.930,0.990,0.689,0.461,0.542,0.852,0.723,92.111,7.589,0.000,0.939,0.390,9.890,0.040
2024-10-16,93.889,81.000,100.000,0.974,0.000,3.110,9.333,8.500,10.600,4.244,2.000,7.300,706.633,706.000,707.200,0.000,9.000,9.000,0.884,0.660,1.000,0.650,0.121,0.688,0.754,0.496,92.778,7.911,0.000,0.984,0.000,9.910,0.000
2024-10-17,73.778,50.000,98.000,4.932,0.300,10.110,10.989,9.600,11.900,1.600,0.300,2.500,706.533,705.800,707.000,0.000,9.000,9.000,0.841,0.570,0.900,0.837,0.023,0.029,0.050,0.000,93.111,7.600,0.000,1.000,0.000,9.930,0.000
2024-10-18,50.556,31.000,96.000,11.097,0.610,16.660,11.422,10.400,12.400,2.167,0.000,3.500,706.922,706.300,707.500,0.000,9.000,9.000,0.570,0.180,0.840,0.570,0.000,0.000,0.000,0.000,91.111,6.778,0.000,0.985,0.000,9.950,0.000
2024-10-19,91.778,72.000,100.000,1.361,0.000,4.830,9.478,9.000,10.200,6.700,4.100,9.400,707.756,707.100,708.300,0.500,9.000,9.000,0.381,0.190,0.530,0.357,0.079,0.016,0.093,0.059,87.000,8.178,0.300,0.942,0.030,9.970,0.003
2024-10-20,96.222,70.000,100.000,0.652,0.000,5.270,9.722,9.300,11.100,4.567,2.000,9.500,707.389,705.400,708.800,1.000,9.000,9.000,0.261,0.170,0.390,0.247,0.047,0.012,0.059,0.020,89.778,7.256,0.000,0.875,0.900,9.990,0.090
2024-10-21,32.111,23.000,45.000,16.467,11.450,20.580,11.256,10.100,12.400,5.989,4.700,7.300,706.178,705.500,706.700,0.000,9.000,9.000,0.130,0.040,0.270,0.100,0.011,0.030,0.041,0.000,87.667,6.767,0.000,0.790,1.860,10.010,0.186
2024-10-22,76.778,57.000,100.000,4.160,0.000,8.040,8.089,7.300,8.800,11.656,9.400,13.600,702.989,701.400,704.200,0.500,9.000,9.000,0.724,0.380,0.960,0.150,0.016,0.700,0.703,0.363,82.111,7.211,0.000,0.694,2.880,10.030,0.287
2024-10-23,100.000,100.000,100.000,0.000,0.000,0.000,7.778,5.200,9.500,6.411,1.600,13.300,700.044,698.700,701.600,6.500,9.000,9.000,0.998,0.990,1.000,0.486,0.134,0.997,0.997,0.981,87.444,5.600,1.000,0.593,3.910,10.050,0.389
2024-10-24,100.000,100.000,100.000,0.000,0.000,0.000,10.756,10.100,11.100,2.667,1.000,4.300,700.089,699.500,701.000,31.000,9.000,9.000,0.999,0.990,1.000,0.946,0.382,0.874,0.909,0.726,95.111,7.378,7.000,0.490,4.920,10.070,0.489
2024-10-25,99.444,97.000,100.000,0.084,0.000,0.460,10.678,10.300,11.100,2.978,1.200,4.400,702.911,702.000,703.300,1.500,9.000,9.000,0.983,0.930,1.000,0.539,0.587,0.884,0.930,0.795,89.889,10.222,2.900,0.391,5.880,10.080,0.583
2024-10-26,92.111,82.000,100.000,1.261,0.000,2.950,10.856,10.100,11.300,1.889,0.000,4.500,703.711,702.900,704.200,2.000,9.000,9.000,1.000,1.000,1.000,0.883,0.852,0.692,0.962,0.896,91.778,8.822,9.900,0.299,6.790,10.100,0.672
2024-10-27,96.333,83.000,100.000,0.577,0.000,2.760,9.344,8.900,10.000,5.156,1.200,8.100,701.989,700.900,702.800,0.500,9.000,9.000,0.971,0.910,1.000,0.888,0.462,0.479,0.688,0.272,94.222,7.967,12.100,0.215,7.660,10.120,0.757
2024-10-28,85.111,74.000,100.000,2.472,0.000,4.440,10.000,8.600,11.300,3.156,1.200,4.400,702.133,701.400,702.700,0.000,9.000,9.000,0.931,0.750,0.990,0.846,0.178,0.496,0.641,0.360,95.778,6.000,2.600,0.143,8.500,10.140,0.838
2024-10-29,98.778,90.000,100.000,0.191,0.000,1.570,9.022,8.300,10.000,10.233,7.600,12.000,701.478,699.800,702.400,1.000,9.000,9.000,0.996,0.980,1.000,0.154,0.124,0.994,0.995,0.981,86.000,6.278,0.000,0.084,9.330,10.160,0.919
2024-10-30,100.000,100.000,100.000,0.000,0.000,0.000,9.956,9.000,10.600,4.811,1.800,9.100,695.467,690.200,697.700,33.500,9.000,9.000,1.000,1.000,1.000,0.983,0.619,1.000,1.000,1.000,93.556,8.900,14.400,0.039,10.170,10.170,1.000
2024-10-31,99.778,98.000,100.000,0.034,0.000,0.310,10.956,9.600,11.800,8.867,5.100,17.500,692.444,690.300,693.400,99.000,9.000,9.000,1.000,1.000,1.000,0.997,0.996,0.999,1.000,1.000,99.778,7.689,62.200,0.011,10.190,10.190,1.000
2024-11-01,92.444,84.000,100.000,1.191,0.000,2.580,9.356,9.100,10.000,6.700,5.900,7.900,703.989,702.500,704.800,0.500,9.000,9.000,0.648,0.220,0.990,0.058,0.028,0.628,0.637,0.187,88.333,6.944,0.000,0.001,10.210,10.210,1.000
2024-11-02,95.556,77.000,100.000,0.718,0.000,3.860,9.044,8.100,10.300,2.689,1.100,3.800,707.900,707.000,708.500,0.000,9.000,9.000,0.939,0.680,1.000,0.937,0.056,0.000,0.056,0.020,93.889,7.378,0.200,0.009,10.230,10.230,1.000
2024-11-03,68.222,61.000,75.000,5.622,4.210,7.190,10.011,9.500,10.500,2.367,0.000,4.500,707.311,706.700,707.800,0.000,9.000,9.000,0.476,0.380,0.540,0.457,0.028,0.024,0.052,0.010,90.000,7.389,0.200,0.035,10.240,10.240,1.000
2024-11-04,73.222,62.000,86.000,4.660,2.220,6.930,9.278,8.500,9.900,1.400,0.500,2.400,706.222,705.600,706.700,0.000,9.000,9.000,0.727,0.390,0.890,0.607,0.088,0.271,0.332,0.108,85.889,6.356,0.100,0.080,9.820,10.260,0.957
2024-11-05,70.500,50.000,100.000,5.570,0.000,9.880,8.050,6.000,9.200,1.933,0.700,2.600,705.300,703.900,706.400,0.500,9.000,6.000,0.500,0.220,0.880,0.489,0.091,0.009,0.100,0.000,84.556,4.189,0.100,0.142,8.970,10.270,0.873
2024-11-06,54.625,39.000,61.000,8.695,7.040,13.330,7.875,7.200,9.900,3.540,2.600,4.600,705.089,704.500,705.700,0.000,9.000,8.000,0.397,0.310,0.540,0.247,0.006,0.177,0.181,0.000,78.222,1.444,0.000,0.220,8.030,10.290,0.780
2024-11-07,95.833,91.000,100.000,0.637,0.000,1.400,8.683,7.900,9.400,,,,706.522,705.900,706.900,0.500,9.000,6.000,0.929,0.650,0.980,0.254,0.412,0.886,0.926,0.620,85.556,3.333,2.900,0.312,7.030,10.310,0.682
2024-11-08,85.000,82.000,92.000,2.414,1.230,2.930,9.740,9.000,10.000,,,,706.712,706.100,707.200,0.000,9.000,5.000,0.994,0.970,1.000,0.488,0.013,0.993,0.993,0.970,94.000,5.200,0.000,0.414,5.990,10.320,0.581
2024-11-09,67.000,53.000,94.000,6.168,0.910,9.220,10.240,8.700,11.000,,,,706.878,706.000,707.500,0.000,9.000,5.000,0.321,0.100,0.870,0.193,0.020,0.156,0.173,0.030,90.889,6.578,0.000,0.522,4.960,10.340,0.480
2024-11-10,57.889,36.000,72.000,8.276,4.790,14.590,10.056,9.100,11.600,1.825,1.100,2.800,706.478,705.400,707.300,0.000,9.000,9.000,0.626,0.400,0.810,0.297,0.248,0.329,0.464,0.170,86.778,7.189,0.000,0.633,3.930,10.350,0.380
2024-11-11,77.375,62.000,89.000,3.857,1.720,7.030,10.088,9.200,11.500,3.380,1.700,5.300,705.511,704.800,706.300,0.500,9.000,8.000,0.916,0.480,1.000,0.070,0.697,0.909,0.921,0.467,83.333,7.489,0.500,0.739,2.910,10.360,0.281
2024-11-12,99.250,94.000,100.000,0.115,0.000,0.920,8.925,8.500,9.900,5.300,2.900,8.900,704.744,703.900,705.700,9.500,9.000,8.000,0.978,0.910,1.000,0.638,0.766,0.718,0.946,0.792,93.333,6.578,0.600,0.835,1.870,10.380,0.180
2024-11-13,59.889,30.000,100.000,8.341,0.000,16.860,10.056,8.200,12.300,2.743,1.800,4.700,705.656,704.900,706.100,0.000,9.000,9.000,0.911,0.570,1.000,0.878,0.140,0.357,0.462,0.275,90.333,7.311,6.700,0.913,0.800,10.390,0.077
2024-11-14,95.333,89.000,100.000,0.714,0.000,1.710,8.900,8.400,9.300,2.544,0.300,6.100,705.022,704.000,705.600,0.500,9.000,9.000,0.940,0.800,0.990,0.827,0.321,0.388,0.570,0.355,94.111,7.867,1.000,0.968,0.000,10.410,0.000
2024-11-15,98.556,95.000,100.000,0.218,0.000,0.760,8.478,7.600,9.100,4.867,1.300,6.800,702.167,701.400,702.900,2.500,9.000,9.000,1.000,1.000,1.000,0.486,0.857,0.989,1.000,0.996,87.222,7.389,18.000,0.996,0.000,10.420,0.000
2024-11-16,77.333,63.000,92.000,3.882,1.220,6.700,8.956,7.900,10.100,3.511,1.600,4.800,703.278,703.100,703.600,0.000,9.000,9.000,0.999,0.990,1.000,0.999,0.403,0.030,0.418,0.139,96.889,7.567,2.500,0.994,0.000,10.430,0.000
2024-11-17,100.000,100.000,100.000,0.000,0.000,0.000,7.675,6.800,9.100,3.780,3.100,5.100,706.289,705.900,706.700,0.500,9.000,8.000,0.948,0.860,0.990,0.937,0.236,0.017,0.248,0.157,90.444,6.022,0.400,0.965,0.000,10.440,0.000
2024-11-18,91.111,84.000,100.000,1.380,0.000,2.520,7.489,7.000,8.100,3.125,1.900,4.400,706.556,706.000,706.900,2.500,9.000,9.000,0.999,0.990,1.000,0.612,0.967,0.906,0.998,0.994,95.222,2.078,3.800,0.911,0.780,10.460,0.075
2024-11-19,98.444,96.000,100.000,0.233,0.000,0.600,8.011,7.600,8.300,3.044,2.500,4.000,705.856,705.100,706.400,0.500,9.000,9.000,0.970,0.930,1.000,0.814,0.501,0.638,0.766,0.227,97.556,3.167,1.400,0.839,1.840,10.470,0.176
2024-11-20,99.222,96.000,100.000,0.116,0.000,0.590,6.711,6.400,7.100,2.422,1.800,3.200,704.989,703.900,705.800,0.000,9.000,9.000,0.840,0.470,0.980,0.773,0.284,0.004,0.287,0.160,96.111,4.267,2.800,0.753,2.890,10.480,0.275
2024-11-21,100.000,100.000,100.000,0.000,0.000,0.000,6.700,6.600,6.800,2.922,2.300,3.800,704.289,703.400,704.900,0.000,9.000,9.000,0.978,0.930,1.000,0.978,0.117,0.000,0.117,0.030,98.000,3.400,0.700,0.660,3.880,10.490,0.370
2024-11-22,100.000,100.000,100.000,0.000,0.000,0.000,4.889,4.500,5.400,5.278,3.900,6.400,704.033,703.600,704.500,0.000,9.000,9.000,0.974,0.940,1.000,0.970,0.350,0.000,0.350,0.200,97.000,2.500,5.300,0.562,4.820,10.500,0.459
2024-11-23,100.000,100.000,100.000,0.000,0.000,0.000,4.478,4.100,4.800,5.022,3.600,5.900,705.000,704.400,705.600,0.000,9.000,9.000,0.850,0.340,1.000,0.677,0.780,0.176,0.793,0.099,95.000,1.778,1.200,0.465,5.700,10.510,0.543
2024-11-24,82.111,71.000,100.000,2.920,0.000,4.860,5.067,3.600,5.900,2.000,0.200,3.100,705.489,704.500,706.300,0.000,9.000,9.000,0.184,0.110,0.300,0.162,0.033,0.000,0.033,0.000,91.444,1.244,0.000,0.371,6.550,10.520,0.622
2024-11-25,78.500,66.000,84.000,3.454,2.470,5.750,4.675,3.100,6.300,6.662,5.700,7.500,704.550,703.700,705.400,0.000,9.000,8.000,0.352,0.050,0.850,0.340,0.100,0.000,0.100,0.040,92.667,3.233,0.000,0.283,7.370,10.530,0.700
2024-11-26,100.000,100.000,100.000,0.000,0.000,0.000,3.322,2.100,4.100,8.656,7.700,9.800,702.367,701.200,703.000,0.000,9.000,9.000,0.518,0.200,0.870,0.514,0.082,0.009,0.090,0.069,89.222,1.967,1.100,0.202,8.200,10.540,0.778
2024-11-27,80.500,71.000,89.000,3.036,1.610,4.720,1.575,1.000,2.300,7.263,6.500,8.100,702.337,701.600,703.200,0.000,9.000,8.000,0.268,0.230,0.330,0.268,0.059,0.001,0.060,0.000,78.667,0.411,0.600,0.132,9.040,10.550,0.857
2024-11-28,56.778,41.000,71.000,7.713,4.090,11.720,0.867,-0.100,1.900,6.978,5.900,9.400,701.900,700.900,702.600,0.000,9.000,9.000,0.219,0.200,0.230,0.219,0.084,0.000,0.084,0.050,69.889,-1.011,1.800,0.075,9.920,10.560,0.939
2024-11-29,19.556,14.000,30.000,21.278,15.720,24.850,2.244,1.400,3.400,7.044,6.500,7.800,700.844,700.200,701.300,0.000,9.000,9.000,0.193,0.150,0.260,0.190,0.033,0.003,0.036,0.000,73.667,-1.133,0.100,0.033,10.570,10.570,1.000
2024-11-30,45.556,39.000,60.000,10.764,7.050,12.580,2.989,2.400,3.600,4.311,3.600,5.200,700.089,699.600,700.600,0.000,9.000,9.000,0.260,0.160,0.350,0.233,0.033,0.033,0.066,0.030,84.111,0.400,0.300,0.008,10.580,10.580,1.000
2024-12-01,43.778,35.000,54.000,11.333,8.420,14.220,3.722,2.900,5.000,5.667,0.700,9.800,700.533,700.100,700.900,0.000,9.000,9.000,0.802,0.170,0.970,0.262,0.009,0.719,0.723,0.049,87.556,0.289,0.000,0.002,10.590,10.590,1.000
2024-12-02,72.750,67.000,83.000,4.464,2.600,5.580,3.400,2.600,4.000,5.375,4.800,6.600,702.050,701.600,702.500,0.000,9.000,8.000,0.182,0.120,0.300,0.179,0.038,0.000,0.038,0.020,87.333,1.500,0.000,0.016,10.590,10.590,1.000
2024-12-03,81.750,74.000,90.000,2.843,1.470,4.200,2.913,2.400,3.400,3.812,2.900,5.500,701.862,701.500,702.200,0.000,8.000,8.000,0.247,0.180,0.410,0.219,0.102,0.000,0.102,0.010,85.333,1.800,0.000,0.050,10.380,10.600,0.979
2024-12-04,99.111,92.000,100.000,0.129,0.000,1.160,1.100,0.500,1.800,5.656,4.300,8.300,700.867,700.200,701.600,0.000,9.000,9.000,0.521,0.210,0.810,0.521,0.029,0.000,0.029,0.000,86.667,2.767,0.700,0.105,9.380,10.610,0.884
2024-12-05,93.778,88.000,99.000,0.907,0.140,1.780,2.211,1.900,2.600,8.233,7.100,9.100,701.000,700.500,701.400,0.000,9.000,9.000,0.302,0.210,0.450,0.292,0.080,0.000,0.080,0.050,81.111,1.244,0.400,0.178,8.350,10.610,0.787
2024-12-06,63.750,39.000,100.000,6.987,0.000,12.770,3.475,2.600,4.600,4.662,3.100,6.100,702.850,702.600,703.000,0.000,9.000,8.000,0.083,0.020,0.220,0.083,0.002,0.000,0.002,0.000,82.000,0.711,0.000,0.267,7.330,10.620,0.690
2024-12-07,99.889,99.000,100.000,0.016,0.000,0.140,3.133,2.400,3.700,5.689,4.500,6.500,703.022,702.400,703.700,0.000,9.000,9.000,0.307,0.140,0.480,0.293,0.074,0.000,0.074,0.060,88.111,1.822,0.100,0.368,6.320,10.620,0.595
2024-12-08,98.222,91.000,100.000,0.257,0.000,1.310,1.700,1.300,2.000,7.667,6.000,9.600,701.733,701.200,702.400,0.000,9.000,9.000,0.997,0.970,1.000,0.997,0.119,0.001,0.120,0.100,97.222,-0.267,1.400,0.478,5.330,10.630,0.501
2024-12-09,40.333,10.000,79.000,14.253,3.250,29.440,3.844,1.400,6.100,6.344,5.400,7.100,701.767,701.300,702.100,0.000,8.000,9.000,0.629,0.410,1.000,0.548,0.067,0.197,0.250,0.050,92.889,0.667,0.400,0.591,4.330,10.630,0.407
2024-12-10,33.375,24.000,43.000,15.210,11.560,19.210,6.025,5.000,7.200,6.912,5.900,7.800,701.975,701.500,702.500,0.000,9.000,8.000,0.606,0.220,0.950,0.500,0.069,0.216,0.271,0.089,93.889,2.022,0.100,0.700,3.320,10.640,0.312
2024-12-11,71.222,64.000,77.000,4.730,3.630,6.200,3.011,2.400,4.000,5.389,3.800,6.600,701.711,700.900,702.400,0.000,9.000,9.000,0.442,0.280,0.680,0.278,0.092,0.266,0.332,0.191,86.889,2.467,1.700,0.800,2.270,10.640,0.213
2024-12-12,99.667,97.000,100.000,0.048,0.000,0.430,2.833,2.400,3.100,8.944,6.400,13.900,701.856,701.400,702.400,0.000,9.000,9.000,0.573,0.290,0.720,0.292,0.091,0.442,0.494,0.200,89.556,1.456,0.700,0.885,1.170,10.650,0.110
2024-12-13,88.333,77.000,100.000,1.807,0.000,3.630,2.322,1.300,2.900,8.522,7.500,9.500,702.367,701.700,702.900,0.000,9.000,9.000,0.296,0.230,0.360,0.293,0.187,0.000,0.187,0.150,82.444,-0.122,2.100,0.948,0.030,10.650,0.003
2024-12-14,91.222,84.000,98.000,1.112,0.240,2.060,-1.933,-2.700,-0.900,10.122,8.600,12.200,700.889,700.400,702.200,0.000,9.000,9.000,0.464,0.170,1.000,0.463,0.087,0.000,0.087,0.070,89.778,-2.322,1.200,0.987,0.000,10.650,0.000
2024-12-15,79.556,56.000,100.000,3.133,0.000,7.780,-0.856,-2.100,0.500,6.967,6.500,7.600,701.200,700.300,702.000,0.500,9.000,9.000,0.858,0.570,1.000,0.482,0.756,0.000,0.756,0.310,88.000,-2.089,1.200,0.998,0.000,10.660,0.000
2024-12-16,88.222,82.000,93.000,1.503,0.860,2.360,-2.011,-2.300,-1.500,5.889,4.800,6.600,701.956,701.600,702.400,0.000,9.000,9.000,0.181,0.150,0.210,0.176,0.071,0.000,0.071,0.020,87.778,-2.433,0.600,0.984,0.000,10.660,0.000
2024-12-17,63.667,35.000,100.000,7.266,0.000,13.770,0.122,-1.200,0.900,5.789,5.100,7.000,702.022,701.200,702.700,0.000,9.000,9.000,0.274,0.180,0.370,0.264,0.080,0.000,0.080,0.070,82.889,-1.267,0.000,0.946,0.490,10.660,0.046
2024-12-18,100.000,100.000,100.000,0.000,0.000,0.000,0.733,-0.100,1.400,6.567,4.400,9.900,700.333,699.100,701.400,4.500,9.000,9.000,0.728,0.370,1.000,0.710,0.468,0.000,0.468,0.240,82.444,-3.267,1.000,0.888,1.530,10.660,0.143
2024-12-19,100.000,100.000,100.000,0.000,0.000,0.000,-2.233,-2.700,-1.800,,,,697.544,696.700,698.100,0.000,9.000,9.000,0.990,0.970,1.000,0.990,0.219,0.027,0.236,0.060,97.444,-3.522,1.600,0.815,2.510,10.660,0.235
2024-12-20,75.444,32.000,100.000,4.961,0.000,15.270,0.522,-1.500,4.200,5.100,2.700,9.000,700.267,699.600,700.600,0.000,9.000,9.000,0.304,0.150,0.390,0.299,0.058,0.000,0.058,0.030,87.333,-1.233,0.300,0.732,3.420,10.660,0.321
2024-12-21,100.000,100.000,100.000,0.000,0.000,0.000,0.956,0.600,1.300,10.633,8.200,12.000,700.489,700.100,700.900,0.000,9.000,9.000,0.699,0.400,1.000,0.697,0.138,0.013,0.149,0.099,90.667,-1.189,0.900,0.641,4.290,10.660,0.402
2024-12-22,84.222,57.000,100.000,2.556,0.000,7.640,0.744,-0.100,2.100,7.456,6.400,8.200,701.000,700.400,701.600,0.000,9.000,9.000,0.797,0.230,1.000,0.521,0.090,0.599,0.650,0.098,96.667,-2.300,0.700,0.548,5.120,10.660,0.480
2024-12-23,100.000,100.000,100.000,0.000,0.000,0.000,4.900,4.300,5.500,3.444,1.100,5.800,702.856,702.100,703.400,30.000,9.000,9.000,1.000,1.000,1.000,0.951,0.939,0.573,0.976,0.918,100.000,-1.356,8.000,0.453,5.940,10.660,0.557
2024-12-24,89.778,81.000,98.000,1.553,0.290,2.970,4.033,3.500,5.000,1.922,0.500,3.300,703.911,703.600,704.200,0.000,8.000,9.000,0.931,0.860,0.990,0.583,0.610,0.682,0.880,0.845,94.000,-0.756,0.000,0.361,6.760,10.660,0.635
2024-12-25,100.000,100.000,100.000,0.000,0.000,0.000,4.800,3.700,5.600,7.189,5.900,8.200,706.011,705.500,706.500,0.000,9.000,9.000,0.206,0.150,0.270,0.187,0.079,0.017,0.095,0.069,94.333,0.422,0.000,0.273,7.620,10.660,0.715
2024-12-26,100.000,100.000,100.000,0.000,0.000,0.000,4.922,3.700,5.900,7.022,5.600,8.500,705.367,705.000,705.600,0.500,9.000,9.000,0.488,0.380,0.640,0.473,0.157,0.000,0.157,0.070,91.333,2.589,0.700,0.193,8.510,10.660,0.798
2024-12-27,100.000,100.000,100.000,0.000,0.000,0.000,1.644,0.100,3.900,5.567,4.400,6.800,703.100,702.000,704.100,0.500,9.000,9.000,1.000,1.000,1.000,1.000,0.329,0.006,0.333,0.228,98.000,0.133,2.000,0.123,9.440,10.650,0.886
2024-12-28,41.778,11.000,99.000,14.411,0.120,28.020,0.778,-3.400,4.500,7.400,6.000,8.100,701.067,698.300,705.700,0.000,9.000,9.000,0.971,0.760,1.000,0.971,0.081,0.000,0.081,0.050,94.778,-3.333,0.800,0.067,10.400,10.650,0.977
2024-12-29,11.889,8.000,18.000,27.969,22.350,32.190,6.167,4.600,7.200,7.689,6.000,10.100,703.022,702.300,703.700,0.000,9.000,9.000,0.250,0.190,0.310,0.249,0.009,0.000,0.009,0.000,82.000,0.067,0.000,0.026,10.650,10.650,1.000
2024-12-30,61.889,58.000,69.000,6.611,5.150,7.470,2.878,2.400,3.400,10.189,8.700,11.300,703.056,702.400,703.700,0.000,9.000,9.000,0.192,0.110,0.350,0.192,0.012,0.000,0.012,0.000,83.222,0.522,0.000,0.005,10.640,10.640,1.000
2024-12-31,100.000,100.000,100.000,0.000,0.000,0.000,3.089,2.300,4.600,6.589,4.700,8.600,702.033,701.500,702.500,3.000,9.000,9.000,0.737,0.520,1.000,0.691,0.497,0.000,0.497,0.290,84.000,1.911,0.800,0.005,10.640,10.640,1.000
2025-01-01,100.000,100.000,100.000,0.000,0.000,0.000,4.900,4.500,5.200,4.044,2.900,6.000,701.944,701.500,702.400,17.000,9.000,9.000,1.000,1.000,1.000,1.000,0.943,0.013,0.944,0.860,99.111,2.067,5.500,0.028,10.640,10.640,1.000
2025-01-02,100.000,100.000,100.000,0.000,0.000,0.000,3.867,3.200,4.600,4.578,3.100,5.400,701.611,700.700,702.300,1.000,9.000,9.000,0.981,0.970,0.990,0.962,0.426,0.021,0.439,0.285,98.667,1.489,0.800,0.074,9.670,10.630,0.910
2025-01-03,30.222,5.000,94.000,19.654,0.860,36.330,1.600,0.100,3.700,2.544,1.000,4.700,700.144,699.300,700.700,0.000,9.000,9.000,0.387,0.230,0.540,0.381,0.038,0.000,0.038,0.000,87.444,-2.189,0.200,0.141,8.630,10.630,0.813
2025-01-04,47.222,9.000,99.000,15.060,0.120,30.320,1.478,-2.500,4.800,3.722,0.500,7.100,701.311,699.900,702.100,0.000,9.000,9.000,0.666,0.290,0.970,0.661,0.174,0.000,0.174,0.040,81.222,-0.689,0.400,0.228,7.620,10.620,0.718
2025-01-05,100.000,100.000,100.000,0.000,0.000,0.000,-1.200,-1.400,-0.600,5.250,4.800,5.700,700.011,699.300,700.500,0.000,9.000,9.000,0.442,0.310,0.510,0.353,0.338,0.000,0.338,0.270,86.889,-1.189,1.100,0.328,6.630,10.620,0.624
2025-01-06,4.778,3.000,7.000,36.636,32.250,40.990,2.000,1.200,3.600,5.511,4.700,6.100,700.467,699.700,701.400,0.000,9.000,9.000,0.232,0.170,0.300,0.232,0.053,0.000,0.053,0.000,73.111,-3.178,0.200,0.439,5.630,10.610,0.530
2025-01-07,99.889,99.000,100.000,0.013,0.000,0.120,-1.967,-2.200,-1.800,,,,699.367,698.600,700.000,0.000,9.000,9.000,0.207,0.170,0.280,0.207,0.086,0.000,0.086,0.050,71.444,-1.333,0.600,0.552,4.610,10.600,0.435
2025-01-08,100.000,100.000,100.000,0.000,0.000,0.000,-1.711,-2.000,-1.400,,,,700.778,700.200,701.100,0.000,9.000,9.000,0.201,0.090,0.380,0.198,0.056,0.000,0.056,0.030,90.667,-3.056,0.300,0.663,3.550,10.600,0.335
2025-01-09,99.444,99.000,100.000,0.067,0.000,0.120,-2.122,-2.800,-1.500,,,,700.944,700.100,701.800,0.000,9.000,9.000,0.956,0.830,1.000,0.947,0.653,0.000,0.653,0.540,95.000,-3.956,3.300,0.766,2.460,10.590,0.232
2025-01-10,99.429,99.000,100.000,0.069,0.000,0.120,-2.043,-2.300,-1.700,,,,702.257,701.700,702.900,0.000,9.000,7.000,1.000,1.000,1.000,1.000,0.698,0.000,0.698,0.510,98.778,-5.611,4.100,0.854,1.340,10.580,0.127
2025-01-11,97.286,96.000,98.000,0.326,0.240,0.480,-4.271,-4.900,-3.800,,,,700.814,699.900,701.900,0.000,9.000,7.000,0.992,0.970,1.000,0.992,0.274,0.000,0.274,0.070,96.778,-4.733,1.800,0.924,0.260,10.570,0.025
2025-01-12,3.444,2.000,8.000,39.337,27.480,44.770,0.600,-1.100,1.900,3.756,0.800,7.300,702.256,701.900,702.600,0.000,9.000,9.000,0.322,0.160,0.480,0.322,0.066,0.000,0.066,0.000,72.111,-5.122,0.100,0.972,0.000,10.560,0.000
2025-01-13,34.778,31.000,37.000,13.893,13.060,15.350,1.144,0.600,1.600,6.511,5.800,7.300,703.089,702.800,703.400,0.000,9.000,9.000,0.153,0.090,0.200,0.152,0.012,0.001,0.013,0.000,80.667,-2.611,0.100,0.995,0.000,10.560,0.000
2025-01-14,99.444,95.000,100.000,0.079,0.000,0.710,2.689,1.600,3.500,4.300,3.100,6.300,703.678,702.900,704.300,9.000,9.000,9.000,0.957,0.850,1.000,0.716,0.887,0.000,0.887,0.650,92.556,-1.089,4.100,0.996,0.000,10.550,0.000
2025-01-15,66.444,56.000,87.000,5.273,1.650,7.750,-0.689,-2.700,0.500,5.978,4.900,6.800,701.833,700.800,702.400,0.000,9.000,9.000,1.000,1.000,1.000,1.000,0.113,0.000,0.113,0.080,96.333,-3.811,1.100,0.973,0.000,10.540,0.000
2025-01-16,66.444,42.000,81.000,4.952,2.460,10.040,-3.389,-4.500,-1.300,5.667,4.700,6.300,700.411,699.900,701.000,0.000,9.000,9.000,0.493,0.180,1.000,0.493,0.116,0.000,0.116,0.090,95.778,-4.478,1.700,0.931,0.940,10.530,0.089
2025-01-17,25.111,7.000,100.000,24.469,0.000,33.140,3.056,-2.900,5.100,3.411,1.100,9.400,700.078,698.600,701.100,0.000,9.000,9.000,0.732,0.530,1.000,0.732,0.057,0.000,0.057,0.020,88.667,-3.944,0.200,0.873,1.840,10.520,0.175
2025-01-18,100.000,100.000,100.000,0.000,0.000,0.000,0.444,0.100,0.800,9.989,8.000,11.200,698.067,697.200,698.900,3.000,9.000,9.000,0.996,0.980,1.000,0.996,0.599,0.000,0.599,0.450,93.111,-1.256,3.100,0.802,2.690,10.510,0.256
2025-01-19,78.333,21.000,100.000,4.816,0.000,20.330,-0.189,-1.700,3.500,4.789,3.200,6.900,696.700,695.100,698.000,0.000,9.000,9.000,0.213,0.180,0.260,0.213,0.070,0.000,0.070,0.010,93.667,-2.367,0.800,0.720,3.520,10.500,0.335
2025-01-20,96.111,90.000,100.000,0.477,0.000,1.240,-2.622,-3.500,-0.700,8.100,8.100,8.100,697.889,697.500,698.200,0.000,9.000,9.000,0.211,0.170,0.270,0.211,0.104,0.000,0.104,0.070,77.444,-1.822,0.900,0.632,4.340,10.480,0.414
2025-01-21,99.889,99.000,100.000,0.013,0.000,0.120,-0.856,-1.400,0.100,6.656,3.200,8.900,699.589,698.900,700.100,0.000,9.000,9.000,0.949,0.880,1.000,0.944,0.098,0.000,0.098,0.040,88.111,-0.767,0.800,0.539,5.180,10.470,0.495
2025-01-22,100.000,100.000,100.000,0.000,0.000,0.000,-0.089,-0.300,0.200,5.867,4.200,6.900,699.967,699.200,700.600,0.500,9.000,9.000,0.344,0.270,0.480,0.239,0.303,0.000,0.303,0.200,90.000,-1.211,0.500,0.445,6.050,10.460,0.578
2025-01-23,83.444,78.000,89.000,2.422,1.610,3.380,0.311,-0.100,1.100,7.311,6.700,8.700,699.178,698.600,699.800,0.500,9.000,9.000,0.180,0.130,0.260,0.147,0.084,0.000,0.084,0.010,76.556,-0.811,0.600,0.352,6.950,10.450,0.666
2025-01-24,87.778,78.000,100.000,1.644,0.000,3.390,-0.244,-0.500,0.200,3.978,3.100,5.000,699.178,698.500,699.800,0.000,9.000,9.000,0.107,0.020,0.170,0.102,0.033,0.000,0.033,0.000,84.667,0.100,0.200,0.263,7.900,10.440,0.757
2025-01-25,97.889,92.000,100.000,0.261,0.000,1.000,-0.811,-1.300,0.000,3.611,2.700,4.900,699.067,698.500,699.400,0.000,9.000,9.000,0.388,0.250,0.570,0.380,0.092,0.000,0.092,0.060,85.444,-0.100,0.700,0.181,8.860,10.420,0.850
2025-01-26,100.000,100.000,100.000,0.000,0.000,0.000,-0.622,-0.900,-0.300,4.800,4.800,4.800,697.022,695.500,698.100,0.000,9.000,9.000,1.000,1.000,1.000,1.000,0.546,0.000,0.546,0.220,93.222,-3.278,3.900,0.109,9.810,10.410,0.942
2025-01-27,78.778,51.000,98.000,2.876,0.230,7.470,-8.678,-9.600,-6.300,,,,697.800,697.300,698.300,0.000,9.000,9.000,0.523,0.290,0.960,0.520,0.086,0.000,0.086,0.010,98.222,-9.178,0.800,0.053,10.400,10.400,1.000
2025-01-28,89.556,70.000,98.000,1.373,0.240,4.130,-4.422,-4.600,-4.100,6.789,5.500,7.700,700.400,699.900,700.800,0.000,5.000,9.000,0.376,0.280,0.490,0.343,0.204,0.000,0.204,0.170,71.222,-7.233,0.900,0.016,10.380,10.380,1.000
2025-01-29,82.667,67.000,94.000,2.332,0.730,4.660,-3.700,-3.900,-3.300,4.733,4.100,5.200,700.644,700.300,700.800,0.000,9.000,9.000,0.217,0.150,0.300,0.203,0.107,0.000,0.107,0.040,84.222,-5.411,0.400,0.001,10.370,10.370,1.000
2025-01-30,97.667,90.000,100.000,0.292,0.000,1.270,-0.678,-1.200,-0.100,6.656,5.300,8.000,700.233,699.600,700.600,0.000,9.000,9.000,0.347,0.140,0.560,0.263,0.201,0.000,0.201,0.070,89.889,-2.478,0.000,0.012,10.350,10.350,1.000
2025-01-31,100.000,100.000,100.000,0.000,0.000,0.000,4.711,4.500,4.900,6.378,5.100,7.600,700.811,700.300,701.200,22.000,9.000,9.000,0.993,0.980,1.000,0.990,0.758,0.002,0.759,0.550,99.667,0.089,8.000,0.049,9.790,10.340,0.947
2025-02-01,100.000,100.000,100.000,0.000,0.000,0.000,4.411,3.600,4.800,8.644,7.400,10.200,698.478,697.200,699.200,6.500,9.000,9.000,0.951,0.580,1.000,0.951,0.132,0.071,0.195,0.090,99.667,2.644,1.800,0.110,8.750,10.320,0.847
2025-02-02,100.000,100.000,100.000,0.000,0.000,0.000,-0.222,-0.900,0.400,7.300,4.800,10.100,697.178,696.200,698.400,0.000,9.000,9.000,0.286,0.200,0.460,0.273,0.149,0.000,0.149,0.070,92.333,-0.544,2.100,0.193,7.720,10.310,0.749
2025-02-03,100.000,100.000,100.000,0.000,0.000,0.000,-0.456,-0.600,-0.200,8.900,8.200,10.200,698.022,697.600,698.600,0.000,9.000,9.000,1.000,1.000,1.000,1.000,0.619,0.057,0.641,0.564,99.778,-4.378,4.200,0.292,6.680,10.290,0.649
2025-02-04,100.000,100.000,100.000,0.000,0.000,0.000,-2.133,-2.500,-1.800,,,,696.678,695.900,697.300,0.000,9.000,9.000,1.000,1.000,1.000,1.000,0.166,0.000,0.166,0.140,93.111,-4.778,1.800,0.402,5.610,10.280,0.546
2025-02-05,100.000,100.000,100.000,0.000,0.000,0.000,-1.922,-2.400,-1.400,,,,697.567,695.700,698.400,0.000,9.000,9.000,0.844,0.710,0.980,0.823,0.451,0.056,0.482,0.206,92.000,-3.144,1.500,0.515,4.520,10.260,0.441
2025-02-06,100.000,100.000,100.000,0.000,0.000,0.000,0.011,-0.100,0.200,5.375,4.200,6.900,700.111,698.900,700.800,4.500,9.000,9.000,0.760,0.490,1.000,0.730,0.402,0.008,0.407,0.320,99.333,-1.478,0.400,0.627,3.420,10.250,0.334
2025-02-07,100.000,100.000,100.000,0.000,0.000,0.000,0.956,0.500,1.400,8.922,7.300,9.900,700.522,699.700,701.400,0.500,9.000,9.000,1.000,1.000,1.000,1.000,0.383,0.083,0.436,0.267,99.889,-3.344,1.600,0.730,2.330,10.230,0.228
2025-02-08,100.000,100.000,100.000,0.000,0.000,0.000,-0.422,-1.100,0.200,8.771,7.800,10.500,698.956,698.400,699.600,0.000,9.000,9.000,1.000,1.000,1.000,1.000,0.142,0.437,0.525,0.208,99.333,-5.511,1.100,0.821,1.310,10.210,0.129
2025-02-09,64.125,35.000,86.000,5.862,1.790,13.860,-1.188,-2.400,1.700,7.700,3.000,9.600,700.238,699.700,700.700,0.000,9.000,8.000,0.751,0.210,1.000,0.751,0.059,0.000,0.059,0.020,91.333,-4.378,0.500,0.896,0.400,10.190,0.039
2025-02-10,81.000,67.000,91.000,2.949,1.300,5.520,1.200,0.400,2.600,6.944,6.000,7.700,702.189,701.800,702.400,0.000,9.000,9.000,0.456,0.240,0.960,0.398,0.029,0.179,0.206,0.040,92.222,-1.889,0.100,0.951,0.000,10.180,0.000
2025-02-11,100.000,100.000,100.000,0.000,0.000,0.000,5.062,4.200,5.600,5.925,5.100,6.700,704.025,703.500,704.400,0.500,9.000,8.000,0.672,0.410,1.000,0.272,0.626,0.092,0.643,0.350,90.667,1.467,1.000,0.986,0.000,10.160,0.000
2025-02-12,100.000,100.000,100.000,0.000,0.000,0.000,6.467,5.700,7.000,4.600,4.000,5.100,703.700,701.900,704.600,23.500,9.000,9.000,1.000,1.000,1.000,1.000,0.994,0.249,0.996,0.979,100.000,2.189,31.700,0.999,0.000,10.140,0.000
2025-02-13,95.111,64.000,100.000,0.819,0.000,6.190,4.011,3.500,4.300,6.289,5.000,7.500,702.656,701.600,703.600,0.000,9.000,9.000,0.907,0.790,1.000,0.673,0.761,0.059,0.775,0.615,96.000,1.111,0.100,0.992,0.000,10.120,0.000
2025-02-14,99.889,99.000,100.000,0.016,0.000,0.140,3.044,2.400,3.800,6.378,4.500,7.500,701.333,701.000,701.700,0.500,9.000,9.000,0.472,0.210,1.000,0.471,0.056,0.000,0.056,0.020,96.111,2.567,0.100,0.965,0.270,10.100,0.027
2025-02-15,58.125,23.000,100.000,9.639,0.000,19.280,3.038,2.000,3.800,5.963,5.400,6.700,701.725,701.400,701.900,0.000,9.000,8.000,0.037,0.010,0.090,0.036,0.002,0.000,0.002,0.000,69.000,1.456,0.000,0.921,1.120,10.090,0.111
2025-02-16,59.778,37.000,86.000,7.408,2.100,13.310,2.222,0.700,3.400,7.700,7.300,8.500,703.111,702.500,703.600,0.000,9.000,9.000,0.172,0.170,0.180,0.172,0.000,0.000,0.000,0.000,63.667,2.167,0.800,0.862,1.950,10.070,0.194
2025-02-17,74.444,48.000,100.000,4.529,0.000,9.930,0.944,-0.300,2.700,6.556,5.400,7.100,702.433,701.800,703.000,0.000,9.000,9.000,0.286,0.170,0.450,0.282,0.078,0.000,0.078,0.000,80.000,1.422,0.900,0.791,2.780,10.050,0.277
2025-02-18,99.222,94.000,100.000,0.111,0.000,0.860,0.478,0.100,0.900,5.289,4.500,6.400,702.311,701.800,702.700,0.000,9.000,9.000,0.596,0.310,1.000,0.594,0.149,0.000,0.149,0.040,95.556,-1.144,1.200,0.710,3.640,10.030,0.363
2025-02-19,96.444,88.000,100.000,0.469,0.000,1.760,-0.267,-0.700,0.500,5.011,4.600,5.300,702.800,702.200,703.300,0.000,9.000,9.000,0.701,0.580,0.840,0.689,0.299,0.000,0.299,0.210,93.333,0.000,1.500,0.621,4.530,10.010,0.452
2025-02-20,97.857,92.000,100.000,0.309,0.000,1.160,1.043,0.700,1.400,4.943,3.900,5.900,703.086,702.700,703.500,0.000,9.000,7.000,0.373,0.200,0.490,0.333,0.239,0.000,0.239,0.090,94.000,-0.089,0.300,0.527,5.440,9.990,0.545
2025-02-21,99.500,97.000,100.000,0.070,0.000,0.420,1.400,1.100,1.900,5.450,4.400,6.600,704.237,703.500,704.600,0.000,9.000,8.000,0.374,0.270,0.540,0.373,0.108,0.000,0.108,0.030,97.667,-1.000,1.500,0.430,6.390,9.970,0.641
2025-02-22,100.000,100.000,100.000,0.000,0.000,0.000,2.025,1.800,2.200,6.000,5.100,6.700,704.725,704.300,705.100,0.500,9.000,8.000,0.889,0.450,1.000,0.888,0.378,0.000,0.378,0.220,97.333,0.622,1.000,0.334,7.330,9.950,0.737
2025-02-23,100.000,100.000,100.000,0.000,0.000,0.000,1.333,0.300,1.800,7.133,6.100,8.600,704.733,703.300,705.500,0.500,9.000,9.000,1.000,1.000,1.000,1.000,0.257,0.000,0.257,0.170,99.556,-2.111,1.600,0.242,8.240,9.930,0.830
2025-02-24,53.444,40.000,89.000,8.998,1.600,12.510,3.467,0.000,5.100,3.944,2.000,7.200,705.222,703.900,706.200,0.000,9.000,9.000,1.000,1.000,1.000,1.000,0.064,0.000,0.064,0.000,96.556,-2.567,0.700,0.158,9.090,9.910,0.917
2025-02-25,68.889,58.000,85.000,5.263,2.280,7.560,3.233,2.300,4.500,4.889,3.600,6.100,705.656,704.500,706.200,0.000,9.000,9.000,0.666,0.280,0.900,0.253,0.534,0.017,0.539,0.070,90.444,0.356,0.800,0.087,9.860,9.890,0.997
2025-02-26,94.833,89.000,100.000,0.758,0.000,1.640,2.800,2.500,3.500,5.967,5.100,6.500,704.050,703.100,704.600,0.000,9.000,6.000,0.728,0.410,1.000,0.536,0.488,0.184,0.559,0.190,94.333,1.456,0.000,0.034,9.870,9.870,1.000
2025-02-27,81.889,18.000,100.000,3.868,0.000,22.210,2.511,1.700,3.800,5.444,3.000,6.500,703.489,702.600,704.100,0.000,9.000,9.000,0.163,0.100,0.240,0.153,0.010,0.002,0.012,0.000,88.889,1.444,0.000,0.005,9.840,9.840,1.000
2025-02-28,4.778,3.000,9.000,38.598,30.900,42.790,7.522,7.100,7.900,7.678,6.400,8.500,704.122,703.300,704.500,0.000,9.000,9.000,0.262,0.070,0.410,0.134,0.152,0.030,0.175,0.000,86.667,2.133,0.000,0.003,9.820,9.820,1.000
2025-03-01,15.444,8.000,38.000,26.627,13.600,32.820,9.244,8.700,10.000,8.122,7.100,8.900,704.278,703.800,704.800,0.000,9.000,9.000,0.586,0.180,0.950,0.188,0.101,0.438,0.450,0.000,79.222,4.367,0.000,0.029,9.680,9.800,0.988
2025-03-02,44.333,43.000,46.000,11.541,10.980,11.980,9.178,8.600,9.500,4.867,4.200,5.500,704.500,703.600,705.200,0.000,9.000,9.000,0.470,0.270,0.720,0.088,0.330,0.203,0.457,0.220,50.667,8.000,0.000,0.084,8.600,9.780,0.880
2025-03-03,93.556,69.000,100.000,1.046,0.000,5.270,5.944,5.500,6.300,6.911,6.300,8.000,702.422,701.600,703.100,0.000,9.000,9.000,0.907,0.740,0.990,0.108,0.553,0.883,0.925,0.762,75.556,4.878,4.000,0.162,7.500,9.760,0.769
2025-03-04,100.000,100.000,100.000,0.000,0.000,0.000,4.611,4.100,5.200,6.056,4.700,7.300,700.656,700.400,700.900,28.500,9.000,9.000,0.854,0.560,1.000,0.630,0.719,0.249,0.753,0.278,89.778,4.300,10.300,0.258,6.370,9.730,0.655
2025-03-05,100.000,100.000,100.000,0.000,0.000,0.000,4.711,4.300,5.300,6.867,4.700,8.600,700.689,700.300,701.300,0.500,9.000,9.000,0.964,0.800,1.000,0.962,0.324,0.000,0.324,0.080,97.333,2.978,2.100,0.365,5.240,9.710,0.539
2025-03-06,100.000,100.000,100.000,0.000,0.000,0.000,2.833,2.400,3.100,6.067,3.400,8.000,701.589,700.400,702.300,0.000,9.000,9.000,1.000,1.000,1.000,1.000,0.606,0.000,0.606,0.180,99.889,-1.556,1.100,0.477,4.120,9.690,0.425
2025-03-07,100.000,100.000,100.000,0.000,0.000,0.000,3.156,2.800,3.500,5.844,4.500,7.200,701.822,701.400,702.100,1.000,9.000,9.000,0.997,0.970,1.000,0.997,0.609,0.000,0.609,0.460,97.111,0.433,1.700,0.587,3.060,9.670,0.317
2025-03-08,97.111,79.000,100.000,0.446,0.000,3.300,2.278,1.700,3.600,7.078,5.400,8.600,703.689,703.300,704.100,0.000,9.000,9.000,0.234,0.190,0.360,0.232,0.080,0.000,0.080,0.030,88.222,0.478,0.900,0.691,2.110,9.640,0.219
2025-03-09,86.125,78.000,91.000,2.127,1.330,3.510,3.862,3.200,4.500,5.513,3.200,7.200,706.388,705.700,707.000,0.000,9.000,8.000,0.203,0.160,0.350,0.158,0.030,0.049,0.073,0.000,67.000,3.056,0.100,0.783,1.280,9.620,0.133
2025-03-10,77.222,75.000,79.000,3.673,3.340,4.100,5.344,5.000,5.900,4.956,4.000,6.300,705.856,704.600,706.800,0.000,9.000,9.000,0.161,0.120,0.230,0.140,0.020,0.000,0.020,0.000,64.333,4.778,0.200,0.862,0.560,9.600,0.059
2025-03-11,68.889,64.000,76.000,5.311,3.900,6.320,6.122,5.600,6.800,5.078,3.000,6.300,704.556,703.100,705.400,0.000,9.000,9.000,0.453,0.170,0.780,0.054,0.046,0.407,0.438,0.145,55.667,5.144,0.000,0.924,0.000,9.570,0.000
2025-03-12,95.000,89.000,100.000,0.751,0.000,1.680,5.588,4.300,6.300,6.213,5.300,7.200,703.600,702.500,704.300,3.000,9.000,8.000,0.461,0.300,0.680,0.171,0.236,0.220,0.410,0.292,69.000,5.933,1.400,0.968,0.000,9.550,0.000
2025-03-13,100.000,100.000,100.000,0.000,0.000,0.000,5.833,5.100,6.400,6.344,5.500,6.800,704.322,703.600,705.400,3.000,9.000,9.000,0.877,0.630,0.990,0.232,0.246,0.810,0.867,0.606,75.111,5.589,0.100,0.994,0.000,9.520,0.000
2025-03-14,99.778,98.000,100.000,0.032,0.000,0.290,5.133,4.600,5.900,6.800,6.300,7.500,703.211,702.600,703.800,0.000,9.000,9.000,0.298,0.140,0.520,0.112,0.178,0.089,0.251,0.079,70.444,4.756,0.100,1.000,0.000,9.500,0.000
2025-03-15,100.000,100.000,100.000,0.000,0.000,0.000,4.400,2.900,5.200,6.678,3.300,11.100,699.722,697.600,701.000,33.500,9.000,9.000,0.906,0.610,1.000,0.678,0.780,0.031,0.784,0.357,94.556,3.144,7.800,0.987,0.000,9.480,0.000
2025-03-16,100.000,100.000,100.000,0.000,0.000,0.000,1.044,0.500,1.800,6.411,5.900,6.900,697.967,697.200,698.600,4.500,9.000,9.000,1.000,1.000,1.000,1.000,0.256,0.000,0.256,0.170,89.778,-3.167,2.800,0.957,0.460,9.450,0.049
2025-03-17,100.000,100.000,100.000,0.000,0.000,0.000,-1.322,-2.700,-0.700,,,,697.333,695.700,698.400,0.000,9.000,9.000,1.000,1.000,1.000,1.000,0.897,0.000,0.897,0.700,94.444,-4.556,8.900,0.911,1.310,9.430,0.139
2025-03-18,100.000,100.000,100.000,0.000,0.000,0.000,-2.111,-2.500,-1.000,,,,696.256,695.000,697.500,0.000,9.000,9.000,1.000,1.000,1.000,1.000,0.532,0.000,0.532,0.380,97.333,-7.044,4.200,0.850,2.190,9.400,0.233
2025-03-19,98.778,97.000,100.000,0.147,0.000,0.360,-3.878,-5.200,-3.400,,,,700.656,698.000,703.000,0.000,9.000,9.000,0.991,0.940,1.000,0.991,0.121,0.000,0.121,0.080,95.000,-5.056,1.500,0.776,3.090,9.380,0.329
2025-03-20,92.333,83.000,99.000,0.936,0.120,2.110,-6.133,-8.000,-3.500,,,,699.743,698.700,700.900,0.000,9.000,9.000,0.158,0.110,0.180,0.154,0.027,0.007,0.033,0.000,76.000,-4.278,0.000,0.692,4.010,9.350,0.429
2025-03-21,26.222,11.000,39.000,16.077,10.800,27.510,-0.911,-2.200,2.100,,,,701.489,700.600,702.100,0.000,9.000,9.000,0.027,0.000,0.090,0.027,0.000,0.000,0.000,0.000,69.889,-3.789,0.000,0.600,4.940,9.330,0.530
2025-03-22,30.778,23.000,43.000,15.861,11.450,19.130,3.356,2.300,4.200,1.656,0.700,2.500,703.000,702.200,703.500,0.000,9.000,9.000,0.146,0.000,0.290,0.144,0.013,0.000,0.013,0.000,74.000,-0.789,0.000,0.502,5.850,9.300,0.629
2025-03-23,60.889,54.000,67.000,6.906,5.590,8.500,4.189,3.400,5.100,5.367,3.200,6.700,701.800,700.700,702.600,0.000,9.000,9.000,0.086,0.000,0.170,0.086,0.003,0.000,0.003,0.000,70.444,1.900,0.000,0.401,6.700,9.280,0.722
2025-03-24,74.556,62.000,84.000,4.216,2.470,6.700,4.911,4.300,5.300,8.300,7.400,9.300,700.800,699.700,701.600,0.000,9.000,9.000,0.027,0.010,0.080,0.027,0.002,0.000,0.002,0.000,61.889,5.033,0.000,0.301,7.490,9.250,0.809
2025-03-25,46.750,40.000,53.000,10.662,8.930,12.640,6.725,6.400,7.100,6.138,5.500,6.800,701.450,700.700,701.900,0.000,9.000,8.000,0.136,0.060,0.380,0.052,0.079,0.018,0.093,0.000,31.556,7.211,0.000,0.206,8.200,9.220,0.889
2025-03-26,28.667,18.000,41.000,17.670,12.410,23.040,8.289,7.300,9.400,6.756,5.700,8.700,701.111,700.000,701.900,0.000,9.000,9.000,0.081,0.000,0.170,0.000,0.081,0.000,0.081,0.000,47.556,5.922,0.000,0.123,8.860,9.200,0.963
2025-03-27,80.000,75.000,88.000,3.212,1.840,4.110,6.200,5.800,6.400,7.044,6.600,7.400,701.589,701.000,702.100,0.000,9.000,9.000,0.372,0.000,0.700,0.000,0.287,0.120,0.378,0.000,58.000,5.778,0.000,0.057,9.170,9.170,1.000
2025-03-28,72.667,65.000,85.000,4.572,2.330,6.080,5.111,4.500,5.900,7.200,5.700,8.800,701.922,701.100,702.400,0.000,9.000,9.000,0.273,0.170,0.510,0.268,0.089,0.000,0.089,0.000,80.222,2.967,0.900,0.014,9.150,9.150,1.000
2025-03-29,95.889,79.000,100.000,0.648,0.000,3.350,5.067,4.400,5.400,6.956,4.900,8.400,702.456,702.200,702.800,0.000,9.000,9.000,0.999,0.990,1.000,0.994,0.377,0.034,0.388,0.070,99.333,0.089,4.000,0.000,9.120,9.120,1.000
2025-03-30,100.000,100.000,100.000,0.000,0.000,0.000,5.733,5.600,5.800,6.700,5.000,8.100,701.822,701.200,702.200,18.500,9.000,9.000,0.996,0.990,1.000,0.976,0.723,0.008,0.725,0.550,99.778,-1.656,7.500,0.016,9.090,9.090,1.000
2025-03-31,100.000,100.000,100.000,0.000,0.000,0.000,5.511,4.800,5.800,7.778,6.100,10.700,699.544,698.400,700.200,46.000,9.000,9.000,1.000,1.000,1.000,1.000,0.920,0.013,0.920,0.690,99.889,0.211,18.800,0.062,8.220,9.070,0.907
2025-04-01,100.000,100.000,100.000,0.000,0.000,0.000,3.411,3.200,3.600,5.244,4.000,7.200,698.922,698.400,699.300,1.000,9.000,9.000,1.000,1.000,1.000,1.000,0.207,0.000,0.207,0.180,97.889,0.067,2.500,0.133,7.040,9.040,0.778
2025-04-02,100.000,100.000,100.000,0.000,0.000,0.000,2.122,1.900,2.300,5.711,4.700,6.600,700.467,699.900,700.900,0.000,8.000,9.000,0.971,0.760,1.000,0.971,0.239,0.000,0.239,0.120,90.222,0.800,1.400,0.223,5.860,9.010,0.650
2025-04-03,92.667,65.000,100.000,1.206,0.000,5.840,0.633,-0.100,1.800,4.511,3.400,6.600,700.278,697.600,701.400,0.000,9.000,9.000,0.998,0.990,1.000,0.998,0.097,0.000,0.097,0.060,93.333,-0.378,0.600,0.326,4.740,8.990,0.527
2025-04-04,100.000,100.000,100.000,0.000,0.000,0.000,3.011,2.800,3.400,7.167,5.200,9.000,701.122,700.800,701.500,0.500,9.000,9.000,0.996,0.970,1.000,0.996,0.387,0.000,0.387,0.130,87.333,2.022,1.000,0.434,3.720,8.960,0.416
2025-04-05,100.000,100.000,100.000,0.000,0.000,0.000,5.778,5.700,5.900,5.756,4.600,7.800,700.600,699.700,701.400,25.000,9.000,9.000,1.000,1.000,1.000,1.000,0.967,0.327,0.970,0.833,98.444,2.400,13.100,0.542,2.840,8.930,0.318
2025-04-06,89.667,66.000,100.000,1.732,0.000,5.820,4.333,3.200,4.800,4.689,3.600,5.800,701.844,700.600,702.400,0.000,9.000,9.000,0.987,0.940,1.000,0.987,0.202,0.008,0.208,0.110,95.111,2.389,0.700,0.645,2.080,8.910,0.234
2025-04-07,100.000,100.000,100.000,0.000,0.000,0.000,4.944,4.700,5.500,5.622,4.100,6.800,704.100,703.700,704.600,0.000,9.000,9.000,0.804,0.490,1.000,0.721,0.118,0.511,0.544,0.050,87.556,4.556,0.300,0.739,1.430,8.880,0.161
2025-04-08,100.000,100.000,100.000,0.000,0.000,0.000,5.722,5.000,6.300,4.922,3.500,5.900,702.956,701.800,703.900,0.000,9.000,9.000,0.423,0.250,0.810,0.201,0.203,0.158,0.338,0.163,84.444,5.256,0.700,0.822,0.850,8.850,0.096
2025-04-09,100.000,100.000,100.000,0.000,0.000,0.000,6.067,5.800,6.400,5.878,2.700,7.400,700.189,698.900,701.200,1.500,9.000,9.000,0.959,0.860,1.000,0.674,0.750,0.802,0.948,0.762,91.444,4.778,1.900,0.890,0.330,8.830,0.037
2025-04-10,90.444,79.000,100.000,1.490,0.000,3.380,5.578,4.700,6.300,8.978,7.500,9.900,699.600,698.800,700.200,0.000,9.000,9.000,0.201,0.000,0.530,0.024,0.010,0.184,0.190,0.000,86.333,2.556,0.000,0.943,0.000,8.800,0.000
2025-04-11,100.000,100.000,100.000,0.000,0.000,0.000,7.522,6.200,8.200,7.178,5.200,9.200,701.144,699.600,702.300,0.000,9.000,9.000,0.743,0.460,0.940,0.074,0.510,0.550,0.751,0.441,85.111,5.889,4.100,0.979,0.000,8.770,0.000
2025-04-12,100.000,100.000,100.000,0.000,0.000,0.000,7.867,6.900,8.700,7.578,4.500,10.200,700.344,699.600,701.000,75.000,9.000,9.000,0.999,0.990,1.000,0.874,0.856,0.773,0.965,0.871,92.111,5.833,23.700,0.997,0.000,8.740,0.000
2025-04-13,48.778,23.000,79.000,10.826,3.240,19.150,1.833,1.100,2.900,7.500,6.000,10.000,697.278,696.400,697.600,0.000,9.000,9.000,0.789,0.620,0.980,0.164,0.669,0.060,0.692,0.487,76.444,1.767,0.100,0.998,0.000,8.720,0.000
2025-04-14,41.333,20.000,61.000,12.469,5.860,20.650,0.700,-0.300,1.900,6.378,4.700,7.900,699.167,698.300,699.800,0.000,9.000,9.000,0.279,0.010,0.640,0.012,0.002,0.264,0.267,0.010,30.333,2.700,0.000,0.980,0.000,8.690,0.000
2025-04-15,5.000,2.000,11.000,38.560,28.250,46.680,6.389,5.500,7.500,1.378,0.000,2.900,701.444,700.600,702.100,0.000,9.000,9.000,0.297,0.120,0.770,0.138,0.003,0.171,0.174,0.000,71.778,2.067,0.000,0.945,0.760,8.660,0.087
2025-04-16,6.778,4.000,8.000,34.057,31.950,39.540,6.378,6.100,6.900,6.789,5.100,8.700,701.067,700.300,701.900,0.000,9.000,9.000,0.684,0.180,0.990,0.119,0.091,0.634,0.651,0.098,84.889,2.467,0.000,0.895,1.670,8.630,0.194
2025-04-17,48.556,22.000,92.000,11.844,1.200,20.300,6.489,6.000,6.900,8.967,8.400,9.800,700.967,700.400,701.600,0.000,9.000,9.000,0.538,0.180,0.950,0.056,0.241,0.461,0.542,0.174,63.000,5.656,0.000,0.829,2.590,8.610,0.301
2025-04-18,99.889,99.000,100.000,0.017,0.000,0.150,8.122,7.700,8.500,7.122,5.900,8.300,702.833,702.400,703.200,0.000,9.000,9.000,0.862,0.500,0.980,0.050,0.370,0.851,0.876,0.522,79.333,6.878,0.100,0.750,3.490,8.580,0.407
2025-04-19,99.667,99.000,100.000,0.050,0.000,0.150,7.989,7.200,8.800,9.044,8.200,10.400,702.800,702.100,703.400,0.500,9.000,9.000,0.873,0.610,0.990,0.284,0.212,0.740,0.808,0.433,79.000,6.567,0.200,0.660,4.350,8.550,0.509
2025-04-20,100.000,100.000,100.000,0.000,0.000,0.000,8.800,8.200,9.200,4.589,3.300,5.600,704.822,703.800,705.400,0.000,9.000,9.000,0.947,0.890,0.980,0.208,0.100,0.929,0.935,0.861,81.444,7.500,0.900,0.562,5.140,8.530,0.603
2025-04-21,51.778,34.000,64.000,9.570,6.440,14.810,8.322,6.900,9.000,6.922,6.100,8.100,704.733,703.400,705.900,0.000,9.000,9.000,0.409,0.190,0.610,0.068,0.016,0.357,0.368,0.170,53.222,7.667,0.000,0.457,5.850,8.500,0.689
2025-04-22,76.778,43.000,100.000,4.342,0.000,11.930,7.967,7.400,9.000,9.678,8.400,10.900,702.478,701.200,703.300,0.000,9.000,9.000,0.179,0.030,0.550,0.006,0.000,0.179,0.179,0.030,59.000,6.600,0.000,0.352,6.510,8.470,0.768
2025-04-23,100.000,100.000,100.000,0.000,0.000,0.000,8.422,7.700,8.800,7.111,5.400,8.900,702.189,701.000,703.000,4.500,9.000,9.000,0.781,0.670,0.930,0.369,0.333,0.588,0.704,0.484,88.889,5.700,0.100,0.249,7.120,8.440,0.843
2025-04-24,82.889,73.000,96.000,2.714,0.590,4.480,5.222,4.500,6.100,8.044,6.900,8.700,700.689,699.900,701.300,0.000,9.000,9.000,0.962,0.880,1.000,0.140,0.296,0.903,0.949,0.871,62.778,4.522,0.000,0.157,7.710,8.420,0.916
2025-04-25,100.000,100.000,100.000,0.000,0.000,0.000,6.733,4.800,7.700,6.867,5.600,8.000,702.867,701.300,703.900,2.000,9.000,9.000,0.950,0.860,1.000,0.937,0.343,0.064,0.390,0.246,97.778,4.644,1.700,0.081,8.300,8.390,0.990
2025-04-26,98.889,90.000,100.000,0.169,0.000,1.520,5.711,5.300,6.100,4.711,3.100,6.300,703.900,703.400,704.500,0.500,9.000,9.000,0.486,0.050,0.990,0.479,0.172,0.000,0.172,0.000,95.556,3.122,0.100,0.027,8.360,8.360,1.000
2025-04-27,99.889,99.000,100.000,0.017,0.000,0.150,6.911,6.000,7.500,6.133,4.400,7.300,702.178,701.200,703.100,2.000,9.000,9.000,0.777,0.590,0.930,0.538,0.346,0.213,0.529,0.411,83.556,4.144,0.000,0.002,8.340,8.340,1.000
2025-04-28,99.556,98.000,100.000,0.064,0.000,0.290,5.633,5.200,6.100,3.933,1.700,4.900,701.122,700.400,702.100,0.000,9.000,9.000,0.628,0.260,0.970,0.611,0.143,0.024,0.164,0.110,93.889,3.067,1.100,0.008,8.310,8.310,1.000
2025-04-29,67.333,24.000,100.000,7.549,0.000,19.190,5.244,3.700,6.700,2.378,0.400,4.500,702.722,702.100,703.400,0.000,9.000,9.000,0.372,0.170,0.740,0.182,0.002,0.232,0.234,0.000,82.778,3.967,0.000,0.044,7.760,8.280,0.937
2025-04-30,63.333,38.000,100.000,7.000,0.000,13.240,5.622,5.200,6.100,7.300,5.800,8.100,702.344,701.800,702.800,0.000,9.000,9.000,0.793,0.580,0.940,0.370,0.093,0.602,0.656,0.407,80.889,5.011,0.000,0.107,6.570,8.260,0.796
2025-05-01,80.778,65.000,96.000,3.188,0.590,6.150,7.078,6.400,7.900,1.967,0.900,2.900,703.267,702.200,704.300,0.000,9.000,9.000,0.968,0.920,1.000,0.040,0.226,0.958,0.966,0.914,84.889,4.211,0.000,0.189,5.470,8.230,0.665
2025-05-02,98.556,94.000,100.000,0.216,0.000,0.900,6.922,6.700,7.200,6.400,4.700,7.400,702.078,701.200,703.000,0.000,9.000,9.000,0.546,0.200,0.980,0.359,0.023,0.312,0.335,0.060,86.222,6.144,0.000,0.285,4.500,8.200,0.549
2025-05-03,100.000,100.000,100.000,0.000,0.000,0.000,7.567,7.200,7.800,3.422,2.500,4.300,702.311,701.500,703.000,2.500,9.000,9.000,0.940,0.890,1.000,0.829,0.392,0.449,0.646,0.294,87.778,6.522,0.000,0.388,3.680,8.180,0.450
2025-05-04,100.000,100.000,100.000,0.000,0.000,0.000,8.356,7.900,8.800,4.456,0.800,6.500,702.478,701.500,703.200,4.500,9.000,9.000,0.858,0.240,1.000,0.310,0.442,0.791,0.828,0.214,90.778,5.856,0.600,0.492,2.980,8.150,0.366
2025-05-05,100.000,100.000,100.000,0.000,0.000,0.000,7.856,7.400,8.200,8.033,6.900,9.100,701.311,700.300,701.900,0.000,9.000,9.000,0.852,0.600,0.980,0.564,0.370,0.573,0.731,0.369,76.222,6.989,0.000,0.594,2.380,8.130,0.293
2025-05-06,100.000,100.000,100.000,0.000,0.000,0.000,8.233,7.700,8.800,4.856,3.000,6.700,701.856,700.400,702.900,9.500,9.000,9.000,0.944,0.820,1.000,0.341,0.679,0.809,0.949,0.881,91.000,6.967,3.200,0.689,1.840,8.100,0.227
2025-05-07,100.000,100.000,100.000,0.000,0.000,0.000,7.456,6.600,7.900,5.111,3.700,6.300,702.600,700.800,703.500,0.000,9.000,9.000,0.950,0.810,1.000,0.703,0.408,0.698,0.895,0.660,96.111,6.400,0.700,0.775,1.340,8.080,0.166
2025-05-08,91.889,71.000,100.000,1.331,0.000,4.940,8.400,7.700,9.700,7.122,6.000,8.800,703.056,702.500,703.800,0.000,9.000,9.000,0.911,0.730,1.000,0.543,0.019,0.533,0.550,0.116,89.222,7.389,0.000,0.849,0.850,8.050,0.106
2025-05-09,100.000,100.000,100.000,0.000,0.000,0.000,9.378,8.800,9.700,7.211,5.300,8.300,703.378,702.700,703.800,12.500,9.000,9.000,0.990,0.940,1.000,0.221,0.598,0.987,0.991,0.954,89.222,8.022,1.200,0.910,0.360,8.030,0.045
2025-05-10,100.000,100.000,100.000,0.000,0.000,0.000,9.289,8.900,9.700,6.889,5.500,9.800,700.967,699.000,702.700,15.500,9.000,9.000,0.997,0.990,1.000,0.982,0.311,0.651,0.762,0.628,97.889,7.022,6.700,0.956,0.000,8.000,0.000
2025-05-11,100.000,100.000,100.000,0.000,0.000,0.000,7.211,7.100,7.300,5.211,4.400,6.400,698.233,697.600,698.800,9.500,9.000,9.000,1.000,1.000,1.000,0.999,0.839,0.931,0.982,0.931,100.000,3.489,6.100,0.986,0.000,7.980,0.000
2025-05-12,66.222,13.000,100.000,8.738,0.000,26.260,5.122,4.100,6.100,4.000,0.500,6.900,700.244,699.400,701.200,0.000,9.000,9.000,0.921,0.800,1.000,0.817,0.070,0.518,0.533,0.010,91.778,4.600,0.000,0.998,0.000,7.960,0.000
2025-05-13,40.889,18.000,97.000,14.774,0.440,22.920,7.044,5.900,7.900,1.389,0.400,3.300,703.867,703.400,704.300,0.000,9.000,9.000,0.772,0.180,0.950,0.766,0.068,0.000,0.068,0.020,83.778,5.889,0.100,0.993,0.000,7.930,0.000
2025-05-14,83.556,37.000,100.000,3.094,0.000,13.880,7.900,7.100,8.900,1.800,0.300,2.900,704.822,704.200,705.300,0.000,9.000,9.000,0.398,0.130,0.880,0.384,0.054,0.000,0.054,0.020,84.000,6.811,0.000,0.969,0.210,7.910,0.026
2025-05-15,91.778,71.000,100.000,1.362,0.000,4.970,8.289,6.900,9.200,2.511,0.200,4.100,705.456,704.700,706.300,0.000,9.000,9.000,0.439,0.130,0.870,0.408,0.061,0.056,0.113,0.030,85.556,7.344,0.000,0.927,1.120,7.890,0.142
2025-05-16,92.889,86.000,100.000,1.104,0.000,2.200,8.278,7.900,9.000,5.456,3.600,6.500,705.133,704.600,705.800,0.500,9.000,9.000,0.714,0.240,0.930,0.618,0.058,0.283,0.327,0.205,88.222,6.933,0.000,0.869,1.980,7.860,0.252
2025-05-17,94.111,84.000,100.000,0.919,0.000,2.550,8.911,8.200,9.600,4.744,2.400,6.800,705.400,704.300,706.200,0.000,9.000,9.000,0.679,0.200,0.890,0.054,0.038,0.652,0.662,0.157,92.667,7.100,0.000,0.795,2.790,7.840,0.355
2025-05-18,99.889,99.000,100.000,0.017,0.000,0.150,7.756,6.100,9.000,5.600,5.000,6.300,704.067,703.300,704.900,0.000,9.000,9.000,0.997,0.980,1.000,0.034,0.007,0.997,0.997,0.980,90.222,5.967,0.000,0.707,3.510,7.820,0.449
2025-05-19,83.444,66.000,100.000,2.827,0.000,6.000,8.456,7.900,9.100,5.778,4.700,7.500,703.889,703.500,704.600,0.000,9.000,9.000,0.823,0.390,1.000,0.461,0.082,0.723,0.754,0.372,86.778,7.000,0.000,0.608,4.170,7.800,0.534
2025-05-20,88.000,68.000,100.000,2.002,0.000,5.570,8.678,8.100,9.400,5.722,4.400,6.900,704.311,703.300,705.000,0.000,9.000,9.000,0.844,0.450,1.000,0.138,0.011,0.823,0.826,0.461,85.222,7.389,0.100,0.501,4.770,7.780,0.613
2025-05-21,55.000,34.000,77.000,9.156,3.840,15.370,10.311,9.400,11.700,4.067,2.800,5.600,704.178,703.200,705.300,0.000,9.000,9.000,0.994,0.980,1.000,0.002,0.391,0.986,0.994,0.978,73.444,8.044,2.700,0.392,5.340,7.760,0.689
2025-05-22,81.778,53.000,100.000,3.297,0.000,9.190,9.067,7.900,10.500,5.667,4.500,6.500,702.333,701.300,703.300,0.000,9.000,9.000,0.960,0.740,1.000,0.028,0.049,0.956,0.960,0.736,82.000,6.733,0.000,0.284,5.910,7.740,0.764
2025-05-23,79.111,55.000,100.000,3.682,0.000,8.540,7.322,6.400,8.600,7.044,5.100,7.900,702.200,701.400,703.100,0.000,9.000,9.000,0.959,0.890,1.000,0.023,0.064,0.959,0.960,0.891,62.333,8.544,0.000,0.185,6.500,7.720,0.842
2025-05-24,100.000,100.000,100.000,0.000,0.000,0.000,9.644,9.400,9.800,4.944,3.900,6.100,703.867,703.200,704.600,11.500,9.000,9.000,0.993,0.950,1.000,0.819,0.757,0.914,0.980,0.964,94.778,6.389,2.900,0.102,7.140,7.700,0.928
2025-05-25,100.000,100.000,100.000,0.000,0.000,0.000,8.444,7.600,9.500,7.244,6.200,8.900,702.733,702.000,703.500,13.000,9.000,9.000,0.999,0.990,1.000,0.997,0.348,0.563,0.735,0.483,91.333,6.000,6.300,0.041,7.680,7.680,1.000
2025-05-26,100.000,100.000,100.000,0.000,0.000,0.000,7.556,6.700,8.200,4.000,3.200,4.600,702.678,701.800,703.600,3.000,9.000,9.000,0.994,0.970,1.000,0.976,0.221,0.958,0.968,0.892,96.111,4.622,1.000,0.007,7.660,7.660,1.000
2025-05-27,99.556,96.000,100.000,0.067,0.000,0.600,7.889,7.200,8.400,,,,704.133,703.000,705.000,2.000,9.000,9.000,0.998,0.990,1.000,0.794,0.841,0.936,0.978,0.891,94.222,6.433,3.100,0.004,7.650,7.650,1.000
2025-05-28,100.000,100.000,100.000,0.000,0.000,0.000,9.067,8.900,9.200,,,,701.978,700.700,702.900,40.000,9.000,9.000,1.000,1.000,1.000,0.909,0.866,0.996,1.000,0.997,97.667,5.967,14.200,0.030,7.520,7.630,0.985
2025-05-29,99.889,99.000,100.000,0.017,0.000,0.150,6.889,6.500,7.900,,,,700.889,700.100,702.100,1.000,9.000,9.000,0.996,0.970,1.000,0.788,0.836,0.944,0.978,0.815,100.000,4.611,5.300,0.082,6.470,7.610,0.849
2025-05-30,100.000,100.000,100.000,0.000,0.000,0.000,7.611,7.100,8.300,,,,702.011,701.400,702.500,0.000,9.000,9.000,0.820,0.310,1.000,0.622,0.004,0.657,0.657,0.000,88.222,6.833,0.200,0.154,5.560,7.600,0.732
2025-05-31,96.222,92.000,100.000,0.581,0.000,1.240,9.578,8.900,10.400,,,,701.444,700.500,702.300,0.000,9.000,9.000,0.619,0.290,0.990,0.232,0.081,0.467,0.510,0.119,88.000,7.500,0.000,0.241,4.800,7.580,0.633
2025-06-01,100.000,100.000,100.000,0.000,0.000,0.000,11.656,11.300,11.900,,,,700.633,699.800,701.200,0.000,9.000,9.000,0.999,0.990,1.000,0.800,0.134,0.989,0.990,0.957,91.778,9.100,0.000,0.337,4.150,7.570,0.549
2025-06-02,100.000,100.000,100.000,0.000,0.000,0.000,10.867,10.200,11.300,,,,700.656,699.900,701.700,0.000,9.000,9.000,0.994,0.970,1.000,0.713,0.032,0.990,0.990,0.961,93.000,9.267,0.000,0.436,3.590,7.560,0.475
2025-06-03,100.000,100.000,100.000,0.000,0.000,0.000,11.144,10.700,11.500,,,,701.500,700.800,702.000,3.500,9.000,9.000,1.000,1.000,1.000,0.947,0.526,0.983,0.991,0.962,98.000,8.156,1.700,0.536,3.080,7.540,0.408
2025-06-04,100.000,100.000,100.000,0.000,0.000,0.000,10.933,10.500,11.500,,,,703.333,702.600,704.100,0.000,9.000,9.000,1.000,1.000,1.000,0.998,0.499,0.907,0.947,0.755,96.667,8.800,9.700,0.631,2.590,7.530,0.344
2025-06-05,100.000,100.000,100.000,0.000,0.000,0.000,10.244,9.800,10.800,,,,703.889,703.400,704.300,0.000,9.000,9.000,0.999,0.990,1.000,0.881,0.308,0.830,0.890,0.745,94.556,7.522,1.200,0.721,2.110,7.520,0.281
2025-06-06,98.556,93.000,100.000,0.222,0.000,1.080,11.044,9.900,11.800,,,,703.722,702.800,704.300,0.000,9.000,9.000,0.992,0.970,1.000,0.940,0.353,0.440,0.642,0.525,92.667,9.089,2.300,0.801,1.610,7.510,0.215
2025-06-07,98.333,91.000,100.000,0.259,0.000,1.420,10.744,8.900,11.900,,,,703.522,702.300,704.200,0.000,9.000,9.000,0.998,0.990,1.000,0.921,0.117,0.903,0.920,0.727,93.111,9.222,0.000,0.870,1.080,7.500,0.144
2025-06-08,96.333,87.000,100.000,0.582,0.000,2.110,11.089,9.800,12.400,,,,703.278,702.500,703.900,0.000,9.000,9.000,1.000,1.000,1.000,0.577,0.069,1.000,1.000,1.000,91.889,9.156,0.000,0.927,0.490,7.490,0.065
2025-06-09,64.333,57.000,75.000,6.531,4.260,8.230,11.033,10.400,11.400,,,,702.811,702.300,703.500,0.000,9.000,9.000,0.991,0.970,1.000,0.739,0.193,0.943,0.957,0.913,89.333,8.522,0.100,0.968,0.000,7.480,0.000
2025-06-10,92.444,82.000,100.000,1.209,0.000,2.950,10.433,9.000,11.300,,,,703.300,702.600,704.000,0.000,9.000,9.000,0.871,0.770,0.910,0.611,0.042,0.720,0.731,0.593,86.222,9.689,0.100,0.992,0.000,7.470,0.000
2025-06-11,98.889,95.000,100.000,0.168,0.000,0.760,9.033,8.700,9.600,,,,703.311,702.800,703.900,7.500,9.000,9.000,0.830,0.640,0.940,0.022,0.073,0.820,0.829,0.641,82.111,9.467,0.000,0.998,0.000,7.460,0.000
2025-06-12,100.000,100.000,100.000,0.000,0.000,0.000,10.533,10.000,10.900,,,,701.378,700.700,701.900,30.000,9.000,9.000,1.000,1.000,1.000,1.000,0.928,1.000,1.000,1.000,94.667,8.667,18.700,0.984,0.000,7.460,0.000
2025-06-13,100.000,100.000,100.000,0.000,0.000,0.000,9.622,9.200,10.000,,,,703.167,702.200,704.200,25.500,9.000,9.000,0.962,0.810,1.000,0.698,0.762,0.926,0.965,0.835,96.778,6.778,6.400,0.951,0.480,7.450,0.065
2025-06-14,91.778,85.000,97.000,1.276,0.450,2.390,8.756,8.400,9.300,,,,703.522,703.000,703.900,0.000,9.000,9.000,0.900,0.820,0.970,0.001,0.033,0.899,0.901,0.820,71.556,7.822,0.000,0.899,1.240,7.450,0.167
2025-06-15,83.000,75.000,92.000,2.769,1.240,4.200,9.633,9.100,10.400,,,,703.367,702.600,704.100,0.000,9.000,9.000,0.843,0.640,1.000,0.013,0.100,0.841,0.871,0.712,58.889,9.678,0.000,0.829,1.920,7.440,0.258
2025-06-16,100.000,100.000,100.000,0.000,0.000,0.000,9.422,8.800,9.800,,,,705.156,704.700,705.300,0.500,9.000,9.000,0.863,0.600,1.000,0.056,0.169,0.836,0.865,0.621,84.222,8.800,0.000,0.742,2.540,7.440,0.341
2025-06-17,78.333,64.000,100.000,3.723,0.000,6.520,9.611,8.200,10.500,,,,705.589,705.000,706.000,0.000,9.000,9.000,0.999,0.990,1.000,0.078,0.288,0.998,0.999,0.993,80.889,7.956,0.000,0.643,3.110,7.430,0.419
2025-06-18,73.778,57.000,89.000,4.542,1.710,8.110,9.289,8.500,9.600,,,,705.667,704.900,706.500,0.000,9.000,9.000,0.981,0.930,1.000,0.831,0.156,0.869,0.890,0.603,88.667,6.700,0.000,0.535,3.670,7.430,0.494
2025-06-19,72.444,60.000,83.000,4.828,2.750,7.540,10.344,9.500,12.100,,,,705.711,704.700,706.500,0.000,9.000,9.000,1.000,1.000,1.000,0.073,0.344,1.000,1.000,1.000,85.111,7.967,0.000,0.422,4.240,7.430,0.571
2025-06-20,82.778,69.000,97.000,2.892,0.450,5.500,10.044,8.400,11.700,,,,705.489,704.700,706.200,2.500,9.000,9.000,0.963,0.940,0.990,0.873,0.280,0.560,0.685,0.328,91.333,8.956,0.300,0.311,4.850,7.430,0.652
2025-06-21,99.222,93.000,100.000,0.120,0.000,1.080,9.778,9.200,10.400,,,,704.722,704.000,705.500,0.000,9.000,9.000,0.987,0.940,1.000,0.896,0.037,0.921,0.925,0.779,90.778,8.500,0.000,0.208,5.520,7.430,0.743
2025-06-22,93.222,80.000,100.000,1.091,0.000,3.330,10.444,9.800,11.400,,,,703.867,702.800,704.700,0.500,9.000,9.000,0.880,0.740,0.950,0.463,0.018,0.772,0.776,0.641,88.333,8.678,0.000,0.121,6.290,7.430,0.847
2025-06-23,84.444,69.000,98.000,2.590,0.300,5.470,10.856,9.800,11.700,,,,703.467,702.800,704.200,0.000,9.000,9.000,0.864,0.570,0.990,0.328,0.099,0.808,0.835,0.563,89.889,8.656,0.000,0.055,7.190,7.430,0.967
2025-06-24,89.111,74.000,100.000,1.821,0.000,4.460,10.311,9.000,11.000,,,,705.111,704.700,705.700,0.500,9.000,9.000,0.969,0.850,1.000,0.921,0.063,0.749,0.760,0.288,88.111,8.333,0.000,0.014,7.430,7.430,1.000
2025-06-25,66.333,43.000,100.000,6.746,0.000,12.140,10.244,7.300,11.400,,,,705.833,704.900,706.500,0.000,9.000,9.000,0.924,0.810,1.000,0.640,0.148,0.703,0.753,0.478,90.000,7.989,0.000,0.002,7.440,7.440,1.000
2025-06-26,84.000,62.000,100.000,2.769,0.000,6.970,8.700,7.000,10.300,,,,704.922,703.800,706.000,0.000,9.000,9.000,0.627,0.160,1.000,0.526,0.030,0.136,0.163,0.020,89.333,6.844,0.000,0.017,7.440,7.440,1.000
2025-06-27,66.222,61.000,70.000,6.022,5.170,7.230,9.578,8.600,10.900,,,,703.778,702.900,704.500,0.000,9.000,9.000,0.762,0.560,0.840,0.762,0.001,0.000,0.001,0.000,90.778,4.889,0.000,0.057,6.980,7.450,0.937
2025-06-28,80.444,63.000,100.000,3.384,0.000,6.760,9.544,7.100,11.400,,,,702.156,701.600,702.700,0.000,9.000,9.000,0.677,0.490,0.970,0.424,0.018,0.412,0.424,0.253,88.000,8.144,0.000,0.118,6.280,7.450,0.843
2025-06-29,81.222,72.000,90.000,3.128,1.560,4.880,10.444,9.500,11.500,,,,702.900,702.600,703.200,0.000,9.000,9.000,0.964,0.890,0.990,0.782,0.058,0.920,0.921,0.790,89.778,7.844,0.000,0.195,5.680,7.460,0.762
2025-06-30,62.111,55.000,76.000,7.004,4.050,8.720,10.444,9.800,11.300,,,,704.622,704.300,704.900,0.000,9.000,9.000,0.106,0.030,0.210,0.019,0.034,0.062,0.095,0.010,84.333,9.044,0.000,0.282,5.150,7.460,0.690
2025-07-01,69.778,57.000,76.000,5.334,4.030,8.170,10.322,9.800,11.000,,,,705.233,704.000,705.900,0.000,9.000,9.000,0.507,0.140,0.830,0.396,0.011,0.313,0.322,0.049,86.000,9.200,0.000,0.376,4.650,7.470,0.623
2025-07-02,91.222,83.000,100.000,1.389,0.000,2.730,9.400,8.900,10.000,,,,703.344,702.300,704.000,0.000,9.000,9.000,0.811,0.500,1.000,0.290,0.030,0.686,0.697,0.292,85.889,9.556,0.000,0.472,4.180,7.480,0.558
2025-07-03,80.444,64.000,98.000,3.370,0.300,6.630,10.367,8.500,12.400,,,,702.989,702.100,703.600,0.000,9.000,9.000,0.132,0.030,0.370,0.050,0.023,0.079,0.100,0.000,79.333,9.378,0.000,0.568,3.690,7.490,0.493
2025-07-04,89.556,81.000,97.000,1.663,0.450,3.110,9.789,9.000,10.800,,,,702.056,700.900,703.100,0.000,9.000,9.000,0.157,0.010,0.440,0.123,0.002,0.034,0.037,0.000,89.778,7.900,0.000,0.660,3.180,7.500,0.424
2025-07-05,90.667,74.000,99.000,1.513,0.150,4.420,8.978,8.400,10.000,,,,700.844,699.700,701.800,0.000,9.000,9.000,0.944,0.740,1.000,0.027,0.008,0.941,0.943,0.728,87.556,7.656,0.000,0.746,2.620,7.510,0.349
2025-07-06,96.444,85.000,100.000,0.558,0.000,2.430,10.178,9.300,11.400,,,,695.933,693.300,698.200,13.000,9.000,9.000,1.000,1.000,1.000,0.997,0.952,1.000,1.000,1.000,93.222,8.767,42.600,0.824,1.990,7.520,0.265
2025-07-07,100.000,100.000,100.000,0.000,0.000,0.000,9.011,8.600,9.400,,,,699.089,698.300,700.000,0.000,9.000,9.000,1.000,1.000,1.000,0.476,0.070,1.000,1.000,1.000,93.000,7.433,0.300,0.890,1.280,7.530,0.170
2025-07-08,100.000,100.000,100.000,0.000,0.000,0.000,9.200,8.800,9.600,,,,697.756,697.200,698.500,0.000,9.000,9.000,1.000,1.000,1.000,0.074,0.550,1.000,1.000,1.000,83.444,8.056,0.200,0.943,0.460,7.540,0.061
2025-07-09,98.667,88.000,100.000,0.212,0.000,1.910,9.489,9.100,10.500,,,,697.322,696.500,698.000,2.000,9.000,9.000,1.000,1.000,1.000,0.863,0.520,1.000,1.000,1.000,98.333,6.456,2.300,0.979,0.000,7.560,0.000
2025-07-10,99.889,99.000,100.000,0.017,0.000,0.150,9.422,9.100,10.000,,,,697.300,696.700,698.300,2.000,9.000,9.000,1.000,1.000,1.000,0.892,0.964,0.942,0.996,0.964,99.667,6.678,9.600,0.997,0.000,7.570,0.000
2025-07-11,98.667,88.000,100.000,0.213,0.000,1.920,9.900,8.800,11.500,,,,702.122,701.600,702.600,0.500,9.000,9.000,0.999,0.990,1.000,0.483,0.052,0.998,0.998,0.990,96.111,7.289,0.000,0.994,0.000,7.590,0.000
2025-07-12,100.000,100.000,100.000,0.000,0.000,0.000,10.278,9.600,11.300,,,,703.511,702.600,704.300,0.000,9.000,9.000,0.998,0.990,1.000,0.229,0.018,0.998,0.998,0.990,94.111,8.478,0.000,0.970,0.000,7.600,0.000
2025-07-13,100.000,100.000,100.000,0.000,0.000,0.000,9.133,8.700,10.100,,,,701.689,700.600,702.600,0.000,9.000,9.000,0.831,0.650,0.940,0.034,0.007,0.828,0.829,0.630,83.444,8.511,0.000,0.923,0.550,7.620,0.073
2025-07-14,100.000,100.000,100.000,0.000,0.000,0.000,9.878,9.300,10.500,,,,700.511,699.800,701.000,0.500,9.000,9.000,0.994,0.970,1.000,0.129,0.337,0.988,0.993,0.970,82.333,9.178,0.000,0.856,1.160,7.630,0.152
2025-07-15,95.111,83.000,100.000,0.777,0.000,2.790,10.633,10.300,11.400,,,,701.467,700.900,702.100,0.000,9.000,9.000,0.966,0.870,1.000,0.720,0.139,0.761,0.792,0.390,91.889,9.167,0.100,0.771,1.730,7.650,0.226
2025-07-16,92.444,84.000,100.000,1.213,0.000,2.620,11.489,11.000,12.100,,,,701.900,701.300,702.500,0.000,9.000,9.000,0.981,0.920,1.000,0.841,0.027,0.920,0.922,0.832,94.111,8.400,0.000,0.671,2.300,7.670,0.300
2025-07-17,91.778,75.000,100.000,1.371,0.000,4.290,11.000,9.800,11.900,,,,700.356,699.000,701.600,0.000,9.000,9.000,0.999,0.990,1.000,0.816,0.130,0.996,0.996,0.963,93.000,8.367,1.400,0.561,2.890,7.680,0.377
2025-07-18,100.000,100.000,100.000,0.000,0.000,0.000,10.733,10.500,11.100,,,,695.922,694.300,697.100,80.000,9.000,9.000,1.000,1.000,1.000,0.940,0.839,0.991,0.996,0.980,90.000,9.722,11.400,0.446,3.540,7.700,0.459
2025-07-19,99.111,97.000,100.000,0.136,0.000,0.460,10.922,10.500,11.600,,,,696.533,695.500,697.400,42.000,9.000,9.000,1.000,1.000,1.000,0.969,0.867,1.000,1.000,1.000,94.444,8.956,19.200,0.334,4.260,7.720,0.552
2025-07-20,100.000,100.000,100.000,0.000,0.000,0.000,10.556,9.600,11.300,,,,699.211,698.800,699.500,7.000,9.000,9.000,1.000,1.000,1.000,0.941,0.992,0.999,1.000,1.000,98.111,8.167,40.200,0.229,5.100,7.740,0.659
2025-07-21,98.667,96.000,100.000,0.202,0.000,0.610,9.933,9.500,10.300,,,,701.556,700.600,702.200,1.000,9.000,9.000,1.000,1.000,1.000,0.813,0.912,0.999,1.000,0.997,95.556,8.078,3.500,0.140,6.050,7.760,0.780
2025-07-22,100.000,100.000,100.000,0.000,0.000,0.000,9.156,8.700,9.600,,,,700.267,699.300,701.100,2.000,9.000,9.000,0.776,0.570,0.980,0.176,0.201,0.664,0.740,0.575,89.667,8.622,0.000,0.070,7.110,7.780,0.915
2025-07-23,98.444,88.000,100.000,0.243,0.000,1.890,9.178,8.600,9.600,,,,698.467,697.400,699.200,1.500,9.000,9.000,0.492,0.120,0.790,0.044,0.058,0.443,0.469,0.080,85.556,9.044,0.000,0.023,7.800,7.800,1.000
2025-07-24,96.222,83.000,100.000,0.613,0.000,2.770,9.922,9.100,11.100,,,,695.867,695.200,696.600,0.000,9.000,9.000,0.888,0.720,0.950,0.611,0.236,0.570,0.671,0.270,90.889,9.256,0.600,0.002,7.820,7.820,1.000
2025-07-25,100.000,100.000,100.000,0.000,0.000,0.000,12.178,11.500,12.800,,,,695.922,695.300,696.600,0.500,9.000,9.000,0.974,0.940,1.000,0.896,0.152,0.836,0.857,0.690,97.667,9.544,1.000,0.007,7.840,7.840,1.000
2025-07-26,100.000,100.000,100.000,0.000,0.000,0.000,10.278,9.500,10.900,,,,698.056,697.200,699.000,0.500,9.000,9.000,0.996,0.980,1.000,0.786,0.124,0.963,0.969,0.938,93.333,8.956,1.400,0.035,7.860,7.860,1.000
2025-07-27,99.889,99.000,100.000,0.017,0.000,0.150,10.800,10.100,11.400,,,,696.978,695.500,697.800,25.000,9.000,9.000,0.997,0.990,1.000,0.607,0.464,0.996,0.997,0.990,89.222,8.833,8.100,0.083,7.450,7.890,0.945
2025-07-28,100.000,100.000,100.000,0.000,0.000,0.000,10.556,10.400,10.800,,,,694.589,693.800,695.300,19.000,9.000,9.000,0.996,0.990,1.000,0.882,0.816,0.714,0.944,0.756,99.556,7.422,36.500,0.148,6.940,7.910,0.878
2025-07-29,100.000,100.000,100.000,0.000,0.000,0.000,10.867,10.400,11.100,,,,695.000,693.800,695.700,46.000,9.000,9.000,0.998,0.990,1.000,0.821,0.186,0.931,0.939,0.827,94.222,8.778,0.500,0.226,6.460,7.930,0.814
2025-07-30,99.889,99.000,100.000,0.017,0.000,0.150,11.211,10.200,12.000,,,,696.422,695.400,697.200,23.000,9.000,9.000,0.999,0.990,1.000,0.841,0.116,0.999,0.999,0.991,90.889,10.067,4.100,0.312,5.970,7.950,0.751
2025-07-31,100.000,100.000,100.000,0.000,0.000,0.000,10.478,10.000,10.900,,,,697.800,697.200,698.700,0.500,9.000,9.000,0.866,0.550,1.000,0.266,0.051,0.832,0.843,0.464,92.889,8.611,0.000,0.404,5.480,7.980,0.686
2025-08-01,100.000,100.000,100.000,0.000,0.000,0.000,11.156,10.800,11.400,,,,700.289,699.700,701.000,1.000,9.000,9.000,0.983,0.950,1.000,0.612,0.176,0.962,0.967,0.928,95.889,8.356,0.300,0.499,4.940,8.000,0.617
2025-08-02,100.000,100.000,100.000,0.000,0.000,0.000,10.644,10.300,10.900,,,,701.267,700.800,701.800,1.000,9.000,9.000,0.977,0.950,1.000,0.832,0.404,0.786,0.889,0.837,96.667,8.489,3.100,0.593,4.340,8.020,0.541
2025-08-03,100.000,100.000,100.000,0.000,0.000,0.000,9.811,9.100,10.300,,,,701.633,700.100,702.600,6.000,9.000,9.000,0.991,0.960,1.000,0.217,0.740,0.981,0.994,0.978,89.333,8.233,6.100,0.684,3.670,8.050,0.456
2025-08-04,100.000,100.000,100.000,0.000,0.000,0.000,10.467,9.900,11.000,,,,702.967,702.200,703.600,12.000,9.000,9.000,0.999,0.990,1.000,0.802,0.624,0.966,0.979,0.910,95.556,7.811,3.000,0.770,2.900,8.070,0.359
2025-08-05,99.667,97.000,100.000,0.050,0.000,0.450,9.567,8.900,10.300,,,,704.667,704.100,705.300,0.000,9.000,9.000,0.870,0.630,1.000,0.532,0.287,0.758,0.820,0.635,92.000,7.678,0.000,0.847,2.030,8.100,0.251
2025-08-06,51.556,26.000,71.000,10.499,5.060,19.180,12.033,10.900,13.600,,,,705.689,704.800,706.500,0.000,9.000,9.000,0.493,0.000,0.890,0.481,0.061,0.088,0.121,0.000,83.778,7.711,0.000,0.912,1.080,8.120,0.133
2025-08-07,,,,,,,,,,,,,,,,0.000,9.000,0.000,0.653,0.140,0.950,0.473,0.000,0.436,0.436,0.060,90.889,7.922,0.000,0.961,0.080,8.150,0.010
2025-08-08,50.667,47.000,59.000,10.083,7.810,11.210,13.556,12.600,14.700,,,,705.389,704.600,706.000,0.000,9.000,9.000,0.994,0.980,1.000,0.907,0.014,0.938,0.938,0.900,88.444,9.911,0.000,0.991,0.000,8.170,0.000
2025-08-09,64.889,60.000,78.000,6.459,3.710,7.560,12.022,11.300,12.400,,,,704.367,703.300,705.200,0.000,9.000,9.000,0.749,0.120,0.980,0.729,0.000,0.229,0.229,0.000,88.667,10.089,0.000,0.999,0.000,8.200,0.000
2025-08-10,,,,,,,,,,,,,,,,0.000,9.000,0.000,0.988,0.970,1.000,0.683,0.001,0.946,0.946,0.870,91.778,8.633,0.000,0.983,0.000,8.230,0.000
2025-08-11,95.000,95.000,95.000,,,,,,,,,,703.000,703.000,703.000,0.000,9.000,1.000,0.951,0.860,0.990,0.638,0.024,0.876,0.879,0.840,94.667,8.400,0.000,0.943,0.060,8.250,0.007
2025-08-12,92.444,69.000,100.000,1.243,0.000,5.410,9.178,8.400,9.900,,,,702.489,700.400,703.800,1.500,9.000,9.000,0.499,0.070,0.940,0.142,0.046,0.428,0.443,0.030,87.556,8.856,0.100,0.879,0.640,8.280,0.078
2025-08-13,95.222,89.000,100.000,0.738,0.000,1.720,9.267,8.600,10.300,,,,702.189,700.300,703.100,31.000,9.000,9.000,0.934,0.840,1.000,0.811,0.177,0.723,0.772,0.376,90.333,8.689,3.100,0.795,1.250,8.300,0.150
2025-08-14,99.667,98.000,100.000,0.050,0.000,0.300,8.467,7.700,9.800,,,,704.878,703.800,705.700,0.000,9.000,9.000,0.437,0.050,0.840,0.409,0.053,0.002,0.056,0.030,84.000,8.489,0.000,0.695,1.880,8.330,0.226
2025-08-15,84.889,59.000,99.000,2.507,0.150,7.550,7.089,6.400,8.300,,,,703.633,703.100,704.400,0.000,9.000,9.000,0.188,0.030,0.750,0.017,0.037,0.153,0.183,0.010,74.000,8.778,0.000,0.584,2.590,8.360,0.310
2025-08-16,,,,,,,,,,,,,,,,0.000,9.000,0.000,0.134,0.050,0.330,0.033,0.067,0.058,0.121,0.030,75.889,8.522,0.000,0.470,3.390,8.380,0.404
2025-08-17,,,,,,,,,,,,,,,,0.000,9.000,0.000,0.413,0.010,0.900,0.326,0.011,0.126,0.134,0.000,84.778,8.000,0.000,0.357,4.300,8.410,0.511
2025-08-18,,,,,,,,,,,,,,,,4.000,9.000,0.000,0.860,0.820,0.910,0.833,0.116,0.068,0.172,0.050,91.778,7.322,0.300,0.252,5.310,8.440,0.630
2025-08-19,,,,,,,,,,,,,,,,0.000,9.000,0.000,0.958,0.910,0.990,0.771,0.588,0.584,0.920,0.795,87.000,7.244,0.100,0.161,6.400,8.460,0.756
2025-08-20,,,,,,,,,,,,,,,,1.000,9.000,0.000,0.709,0.290,1.000,0.558,0.009,0.209,0.216,0.000,88.000,5.489,0.000,0.088,7.490,8.490,0.883
2025-08-21,,,,,,,,,,,,,,,,0.000,9.000,0.000,0.899,0.830,1.000,0.899,0.020,0.002,0.022,0.000,92.000,6.789,0.000,0.036,8.520,8.520,1.000
2025-08-22,,,,,,,,,,,,,,,,0.000,9.000,0.000,0.449,0.110,0.730,0.072,0.016,0.409,0.419,0.098,84.556,8.444,0.000,0.007,8.540,8.540,1.000
2025-08-23,,,,,,,,,,,,,,,,0.000,9.000,0.000,0.403,0.030,0.840,0.306,0.011,0.182,0.189,0.000,84.111,8.511,0.000,0.001,8.570,8.570,1.000
2025-08-24,,,,,,,,,,,,,,,,0.000,9.000,0.000,0.739,0.420,0.900,0.536,0.017,0.423,0.431,0.140,83.333,8.556,0.000,0.016,8.600,8.600,1.000
2025-08-25,,,,,,,,,,,,,,,,0.000,9.000,0.000,0.640,0.390,0.890,0.134,0.009,0.617,0.621,0.389,86.778,8.656,0.000,0.052,8.620,8.620,1.000
2025-08-26,,,,,,,,,,,,,,,,0.000,9.000,0.000,0.743,0.500,0.960,0.136,0.243,0.640,0.718,0.500,83.111,7.800,1.100,0.104,8.250,8.650,0.954
2025-08-27,,,,,,,,,,,,,,,,1.000,9.000,0.000,0.951,0.820,0.990,0.634,0.163,0.871,0.890,0.789,86.222,7.689,0.000,0.171,7.760,8.680,0.894
2025-08-28,,,,,,,,,,,,,,,,0.500,9.000,0.000,0.787,0.680,0.840,0.787,0.002,0.004,0.007,0.000,86.222,7.811,0.000,0.248,7.240,8.700,0.831
2025-08-29,,,,,,,,,,,,,,,,0.000,9.000,0.000,0.678,0.310,0.970,0.513,0.001,0.380,0.381,0.190,87.889,8.711,0.000,0.335,6.660,8.730,0.763
2025-08-30,,,,,,,,,,,,,,,,0.000,9.000,0.000,0.740,0.290,0.960,0.624,0.154,0.313,0.401,0.088,90.000,8.344,0.100,0.427,6.020,8.760,0.688
2025-08-31,,,,,,,,,,,,,,,,0.500,9.000,0.000,0.996,0.980,1.000,0.693,0.463,0.988,0.994,0.984,91.778,8.478,0.000,0.522,5.300,8.790,0.603
2025-09-01,,,,,,,,,,,,,,,,0.000,9.000,0.000,0.964,0.860,1.000,0.007,0.844,0.944,0.979,0.917,81.889,8.211,0.300,0.617,4.480,8.810,0.508
2025-09-02,,,,,,,,,,,,,,,,0.000,9.000,0.000,0.949,0.890,1.000,0.884,0.256,0.242,0.451,0.107,94.556,7.444,0.000,0.710,3.570,8.840,0.404
2025-09-03,,,,,,,,,,,,,,,,0.000,9.000,0.000,0.853,0.810,0.940,0.838,0.073,0.032,0.102,0.000,89.778,7.211,1.300,0.796,2.600,8.870,0.293
2025-09-04,,,,,,,,,,,,,,,,0.500,9.000,0.000,0.876,0.740,0.930,0.808,0.040,0.364,0.391,0.270,92.333,7.233,0.000,0.873,1.580,8.890,0.178
2025-09-05,,,,,,,,,,,,,,,,0.000,9.000,0.000,0.642,0.290,0.920,0.023,0.051,0.610,0.632,0.280,83.889,8.944,0.000,0.935,0.560,8.920,0.063
2025-09-06,,,,,,,,,,,,,,,,0.000,9.000,0.000,0.760,0.230,0.890,0.700,0.028,0.142,0.164,0.020,88.000,9.322,0.000,0.979,0.000,8.950,0.000
2025-09-07,,,,,,,,,,,,,,,,0.000,9.000,0.000,0.919,0.610,0.990,0.812,0.404,0.297,0.555,0.170,95.778,7.444,0.000,0.999,0.000,8.970,0.000
2025-09-08,,,,,,,,,,,,,,,,0.000,9.000,0.000,0.644,0.240,0.940,0.082,0.561,0.104,0.630,0.230,92.889,8.233,1.600,0.993,0.000,9.000,0.000
2025-09-09,,,,,,,,,,,,,,,,,0.000,0.000,0.971,0.930,0.990,0.804,0.216,0.934,0.951,0.898,90.778,7.500,0.300,0.960,0.000,9.020,0.000
2025-09-10,,,,,,,,,,,,,,,,,0.000,0.000,0.997,0.990,1.000,0.752,0.027,0.976,0.976,0.960,94.111,6.244,0.000,0.901,0.350,9.050,0.038
2025-09-11,,,,,,,,,,,,,,,,,0.000,0.000,0.720,0.250,0.830,0.546,0.008,0.184,0.188,0.000,89.667,7.533,0.000,0.819,1.050,9.080,0.115
2025-09-12,,,,,,,,,,,,,,,,,0.000,0.000,0.704,0.500,0.810,0.702,0.011,0.004,0.016,0.000,90.222,6.600,0.000,0.721,1.830,9.100,0.202
2025-09-13,,,,,,,,,,,,,,,,,0.000,0.000,0.549,0.110,0.960,0.414,0.029,0.337,0.363,0.040,88.111,7.200,0.900,0.611,2.720,9.130,0.298
2025-09-14,,,,,,,,,,,,,,,,,0.000,0.000,0.891,0.840,0.980,0.831,0.214,0.588,0.646,0.070,89.556,7.789,1.600,0.498,3.710,9.150,0.406
2025-09-15,,,,,,,,,,,,,,,,,0.000,0.000,0.374,0.000,0.810,0.002,0.000,0.373,0.373,0.000,79.667,8.067,0.000,0.386,4.780,9.180,0.520
2025-09-16,87.111,78.000,100.000,2.082,0.000,3.670,9.222,8.300,10.400,4.933,1.700,8.600,705.656,704.800,706.300,0.000,9.000,9.000,0.949,0.820,1.000,0.062,0.046,0.946,0.948,0.827,85.556,8.578,0.000,0.282,5.860,9.210,0.637
2025-09-17,96.000,91.000,100.000,0.613,0.000,1.400,8.644,8.300,9.400,5.167,3.600,7.100,705.089,704.200,705.600,1.500,9.000,9.000,0.961,0.790,1.000,0.283,0.082,0.950,0.953,0.784,86.556,8.500,0.000,0.191,6.930,9.230,0.750
2025-09-18,99.000,96.000,100.000,0.150,0.000,0.600,8.978,8.600,9.200,4.500,2.600,8.500,705.289,704.100,706.000,4.500,9.000,9.000,1.000,1.000,1.000,0.810,0.841,0.996,0.999,0.995,89.333,8.056,1.300,0.114,7.950,9.260,0.858
2025-09-19,86.222,77.000,92.000,2.222,1.230,3.880,9.967,9.200,10.900,2.767,1.700,4.500,704.889,703.700,705.800,0.000,9.000,9.000,1.000,1.000,1.000,0.856,0.312,0.984,0.988,0.892,94.111,7.733,1.000,0.057,8.910,9.280,0.960
2025-09-20,74.889,55.000,100.000,4.658,0.000,8.680,9.633,8.400,10.700,4.233,1.800,6.800,704.200,703.400,704.900,0.000,9.000,9.000,0.966,0.930,0.990,0.800,0.141,0.861,0.885,0.782,91.000,8.022,1.800,0.019,9.310,9.310,1.000
2025-09-21,100.000,100.000,100.000,0.000,0.000,0.000,8.900,8.800,9.000,5.078,3.900,6.400,702.011,700.500,702.900,6.500,9.000,9.000,0.850,0.310,0.960,0.094,0.142,0.834,0.847,0.292,82.222,8.822,0.300,0.001,9.330,9.330,1.000
2025-09-22,99.889,99.000,100.000,0.017,0.000,0.150,10.278,9.600,11.000,7.000,4.600,12.100,699.000,697.800,700.300,109.500,9.000,9.000,1.000,1.000,1.000,0.954,0.374,1.000,1.000,1.000,91.556,9.278,9.700,0.004,9.360,9.360,1.000
2025-09-23,96.667,94.000,99.000,0.508,0.150,0.930,10.267,9.600,11.100,8.911,5.300,12.900,701.178,700.400,702.100,119.000,9.000,9.000,1.000,1.000,1.000,0.987,0.694,1.000,1.000,1.000,93.889,8.200,8.800,0.026,9.380,9.380,1.000
2025-09-24,92.111,80.000,100.000,1.248,0.000,3.260,8.567,8.200,9.300,3.656,2.200,5.300,703.544,702.000,704.300,0.500,9.000,9.000,0.947,0.860,1.000,0.030,0.024,0.944,0.946,0.851,88.778,7.533,0.000,0.065,9.410,9.410,1.000
2025-09-25,97.000,87.000,100.000,0.466,0.000,2.060,9.033,8.400,9.800,3.522,2.300,5.300,707.178,706.600,707.500,0.000,9.000,9.000,0.561,0.230,0.830,0.022,0.169,0.474,0.573,0.236,78.000,8.144,0.000,0.120,8.880,9.430,0.942
2025-09-26,67.222,51.000,82.000,5.967,2.900,9.740,9.578,8.500,10.700,4.600,2.200,7.900,708.222,707.800,708.800,0.000,9.000,9.000,0.641,0.250,0.880,0.013,0.010,0.638,0.641,0.250,80.556,7.667,0.000,0.188,8.270,9.450,0.875
2025-09-27,40.778,36.000,53.000,13.079,9.300,14.760,12.600,12.100,13.100,1.667,0.500,2.800,707.967,707.300,708.600,0.000,9.000,9.000,0.537,0.160,0.870,0.469,0.004,0.078,0.081,0.000,86.889,7.856,0.000,0.267,7.580,9.480,0.800
2025-09-28,67.889,56.000,92.000,5.924,1.250,8.460,10.800,10.500,11.200,4.111,1.900,6.500,707.633,706.400,708.400,0.000,9.000,9.000,0.909,0.840,0.970,0.906,0.059,0.147,0.197,0.040,90.889,8.811,0.100,0.355,6.810,9.500,0.716
2025-09-29,46.444,38.000,54.000,11.076,8.930,13.800,10.633,10.100,11.200,5.744,4.000,6.900,706.700,705.600,707.600,0.000,9.000,9.000,0.570,0.200,0.840,0.546,0.003,0.030,0.033,0.000,90.444,7.278,0.000,0.449,5.950,9.530,0.624
2025-09-30,67.111,34.000,99.000,6.663,0.150,15.250,9.878,9.300,11.200,4.644,0.700,6.800,706.333,705.400,707.100,0.000,9.000,9.000,0.622,0.130,1.000,0.584,0.029,0.379,0.405,0.069,91.889,7.856,0.000,0.547,5.020,9.550,0.525
2025-10-01,36.000,24.000,43.000,14.708,12.120,20.040,11.544,10.800,12.400,2.322,1.300,3.900,706.833,706.000,707.400,0.000,9.000,9.000,0.796,0.490,1.000,0.660,0.020,0.302,0.317,0.155,86.333,7.822,0.000,0.645,4.040,9.570,0.422
2025-10-02,18.667,12.000,24.000,23.504,19.880,28.750,12.122,11.300,12.700,2.533,1.500,4.000,706.622,705.500,707.600,0.000,9.000,9.000,0.133,0.000,0.580,0.104,0.003,0.031,0.034,0.000,85.556,6.933,0.000,0.740,3.040,9.600,0.317
2025-10-03,78.778,70.000,83.000,3.534,2.740,5.250,9.989,9.200,10.700,3.078,2.000,4.400,707.333,706.700,707.900,0.000,9.000,9.000,0.244,0.100,0.420,0.019,0.037,0.204,0.231,0.109,84.111,7.411,0.000,0.828,2.030,9.620,0.211
2025-10-04,58.222,44.000,74.000,8.046,4.430,11.860,10.967,10.100,11.600,2.044,0.500,3.900,707.922,707.200,708.400,0.000,9.000,9.000,0.480,0.130,0.790,0.441,0.012,0.068,0.079,0.000,92.222,6.422,0.000,0.903,1.020,9.640,0.106
2025-10-05,85.222,72.000,100.000,2.462,0.000,4.820,9.411,8.300,10.000,4.744,1.800,8.500,706.978,705.900,707.800,0.000,9.000,9.000,0.531,0.020,0.830,0.513,0.041,0.000,0.041,0.000,91.444,7.333,0.000,0.960,0.000,9.660,0.000
2025-10-06,53.222,39.000,66.000,9.289,6.030,13.340,10.044,9.300,10.700,6.767,2.500,9.300,706.556,705.800,707.100,0.000,9.000,9.000,0.260,0.050,0.520,0.246,0.000,0.013,0.013,0.000,89.778,8.233,0.000,0.993,0.000,9.690,0.000
2025-10-07,94.333,80.000,100.000,0.892,0.000,3.230,7.622,7.100,8.300,4.511,3.400,5.600,705.422,704.600,706.200,0.000,9.000,9.000,0.043,0.030,0.070,0.040,0.010,0.004,0.014,0.000,69.556,8.411,0.000,0.998,0.000,9.710,0.000
2025-10-08,59.000,52.000,81.000,7.724,3.080,9.420,9.333,8.600,10.000,5.067,2.500,9.800,705.422,704.700,706.000,0.000,9.000,9.000,0.029,0.000,0.100,0.026,0.002,0.002,0.004,0.000,83.778,7.656,0.000,0.974,0.000,9.730,0.000
2025-10-09,33.111,26.000,40.000,15.722,13.060,18.850,11.089,10.600,11.400,5.122,1.800,7.000,705.544,704.700,706.200,0.000,9.000,9.000,0.214,0.040,0.580,0.166,0.000,0.060,0.060,0.000,87.667,8.444,0.000,0.922,0.190,9.750,0.019
2025-10-10,30.333,21.000,70.000,17.664,5.210,21.630,10.911,9.700,11.600,2.822,1.100,5.000,705.133,704.600,705.700,0.000,9.000,9.000,0.624,0.220,0.880,0.574,0.000,0.116,0.116,0.020,88.333,8.644,0.000,0.846,1.060,9.780,0.109
2025-10-11,71.556,42.000,98.000,5.356,0.300,12.380,9.544,9.000,10.500,2.444,0.600,4.900,705.878,705.400,706.200,0.000,9.000,9.000,0.994,0.990,1.000,0.792,0.012,0.950,0.951,0.898,90.111,7.389,0.300,0.752,2.050,9.800,0.209
2025-10-12,84.778,69.000,95.000,2.511,0.760,5.440,9.378,9.000,10.200,2.200,0.400,3.000,707.089,706.500,707.500,0.000,9.000,9.000,0.838,0.610,1.000,0.784,0.052,0.157,0.195,0.020,90.778,7.167,0.000,0.646,3.110,9.820,0.317
2025-10-13,89.667,78.000,100.000,1.684,0.000,3.660,9.267,8.600,9.800,1.600,0.400,2.900,707.044,706.100,707.700,0.000,9.000,9.000,0.744,0.190,0.890,0.700,0.130,0.014,0.142,0.050,90.444,6.933,0.100,0.536,4.210,9.840,0.428
2025-10-14,78.444,58.000,100.000,3.711,0.000,7.850,9.111,8.800,9.500,5.022,2.000,7.000,706.389,705.400,707.200,0.000,9.000,9.000,0.527,0.180,0.870,0.521,0.017,0.001,0.018,0.000,87.667,7.467,0.000,0.426,5.280,9.860,0.536
2025-10-15,70.333,55.000,97.000,5.452,0.450,8.730,10.300,9.400,11.400,1.889,0.800,3.000,706.900,706.200,707.400,0.000,9.000,9.000,0.687,0.210,0.930,0.641,0.029,0.177,0.203,0.059,91.000,6.489,0.000,0.323,6.310,9.880,0.639
2025-10-16,63.000,45.000,86.000,6.924,2.200,11.420,9.544,8.200,10.700,2.700,1.700,4.900,707.378,706.500,707.800,0.000,9.000,9.000,0.042,0.020,0.080,0.026,0.026,0.000,0.026,0.000,80.778,7.200,0.000,0.230,7.280,9.900,0.735
2025-10-17,59.000,46.000,67.000,7.736,5.810,11.100,9.544,8.900,10.800,3.944,1.900,4.900,706.678,705.400,707.700,0.000,9.000,9.000,0.506,0.150,0.850,0.048,0.037,0.466,0.482,0.147,87.778,6.744,0.000,0.151,8.200,9.920,0.826
2025-10-18,88.889,65.000,100.000,1.901,0.000,6.210,8.022,7.100,9.200,9.011,4.900,10.600,705.067,703.600,706.000,0.500,9.000,9.000,0.616,0.210,0.980,0.064,0.032,0.584,0.596,0.185,76.444,7.589,0.000,0.087,9.080,9.940,0.913
2025-10-19,99.889,99.000,100.000,0.017,0.000,0.150,8.256,7.900,8.400,4.133,1.000,7.000,704.967,703.700,705.800,0.500,9.000,9.000,1.000,1.000,1.000,0.906,0.963,1.000,1.000,1.000,93.111,6.556,13.000,0.040,9.950,9.960,0.999
2025-10-20,100.000,100.000,100.000,0.000,0.000,0.000,9.056,8.300,9.700,4.000,1.700,8.600,704.622,703.500,705.300,16.000,9.000,9.000,0.997,0.990,1.000,0.934,0.982,0.930,0.997,0.983,95.889,7.078,9.200,0.011,9.980,9.980,1.000
2025-10-21,100.000,100.000,100.000,0.000,0.000,0.000,7.956,7.800,8.200,11.333,9.900,12.000,703.367,702.400,704.100,0.000,9.000,9.000,0.970,0.890,1.000,0.782,0.518,0.774,0.876,0.530,95.778,5.711,24.200,0.001,10.000,10.000,1.000
2025-10-22,100.000,100.000,100.000,0.000,0.000,0.000,8.111,7.900,8.500,5.056,3.500,10.500,703.711,702.600,704.500,2.000,9.000,9.000,0.999,0.990,1.000,0.938,0.902,0.830,0.995,0.987,96.000,5.544,3.900,0.009,10.020,10.020,1.000
2025-10-23,100.000,100.000,100.000,0.000,0.000,0.000,7.367,7.000,7.700,10.278,6.900,13.600,704.900,704.300,705.500,2.500,9.000,9.000,0.980,0.970,0.990,0.836,0.734,0.347,0.826,0.684,90.778,5.844,4.400,0.035,10.040,10.040,1.000
2025-10-24,100.000,100.000,100.000,0.000,0.000,0.000,7.867,7.500,8.200,6.489,5.300,8.400,704.944,704.200,705.500,2.000,9.000,9.000,0.950,0.890,0.990,0.879,0.426,0.047,0.450,0.258,94.444,5.889,2.400,0.077,9.800,10.060,0.974
2025-10-25,99.333,97.000,100.000,0.100,0.000,0.450,8.700,8.300,9.000,2.111,0.600,4.000,705.611,704.900,706.100,0.500,9.000,9.000,0.888,0.870,0.910,0.874,0.099,0.007,0.104,0.000,93.444,6.356,0.100,0.135,9.060,10.080,0.899
2025-10-26,100.000,100.000,100.000,0.000,0.000,0.000,8.422,8.100,8.900,3.478,1.600,5.200,706.244,705.600,706.700,0.000,9.000,9.000,0.720,0.380,1.000,0.716,0.178,0.009,0.185,0.050,92.111,5.744,1.300,0.205,8.240,10.100,0.816
2025-10-27,100.000,100.000,100.000,0.000,0.000,0.000,8.267,7.300,8.900,2.278,1.400,3.100,705.711,705.100,706.300,10.000,9.000,9.000,0.968,0.880,1.000,0.934,0.662,0.148,0.696,0.353,99.222,4.522,3.000,0.287,7.350,10.120,0.726
2025-10-28,99.667,99.000,100.000,0.050,0.000,0.150,7.889,7.400,8.200,2.267,0.900,3.200,706.311,705.300,707.000,0.000,9.000,9.000,0.930,0.890,0.980,0.862,0.646,0.052,0.662,0.310,96.889,3.856,0.400,0.379,6.410,10.130,0.632
2025-10-29,97.000,86.000,100.000,0.460,0.000,2.200,7.067,6.400,7.700,3.044,0.600,4.300,706.311,705.600,706.900,0.000,9.000,9.000,0.298,0.200,0.460,0.187,0.129,0.081,0.199,0.059,87.222,5.189,0.000,0.477,5.450,10.150,0.536
2025-10-30,99.889,99.000,100.000,0.017,0.000,0.150,7.756,7.400,8.000,5.222,4.400,6.200,705.367,704.500,706.000,0.500,9.000,9.000,0.632,0.190,0.950,0.577,0.086,0.148,0.221,0.126,90.889,6.600,0.000,0.579,4.480,10.170,0.440
2025-10-31,100.000,100.000,100.000,0.000,0.000,0.000,6.678,6.600,6.800,6.789,6.000,7.800,704.444,703.700,705.000,0.000,9.000,9.000,0.932,0.850,1.000,0.811,0.092,0.587,0.629,0.432,92.444,5.722,2.400,0.681,3.500,10.190,0.344
2025-11-01,100.000,100.000,100.000,0.000,0.000,0.000,7.644,7.400,7.900,5.456,4.600,6.000,704.833,704.400,705.300,18.500,9.000,9.000,0.999,0.990,1.000,0.998,0.743,0.000,0.743,0.470,95.222,4.633,4.100,0.778,2.520,10.200,0.247
2025-11-02,99.889,99.000,100.000,0.017,0.000,0.150,6.433,6.200,6.800,3.122,2.100,3.900,705.644,704.800,706.500,1.500,9.000,9.000,0.956,0.840,1.000,0.929,0.553,0.000,0.553,0.280,92.889,2.222,5.000,0.864,1.510,10.220,0.148
2025-11-03,99.667,98.000,100.000,0.049,0.000,0.290,6.133,5.600,6.500,2.133,0.700,4.200,705.322,704.200,706.300,0.500,9.000,9.000,0.906,0.670,1.000,0.756,0.403,0.177,0.552,0.269,95.778,2.489,6.100,0.934,0.460,10.240,0.045
2025-11-04,90.778,88.000,94.000,1.416,0.910,1.870,7.744,7.100,8.300,5.411,2.500,7.200,704.200,703.000,705.400,0.000,9.000,9.000,0.869,0.500,1.000,0.806,0.409,0.118,0.483,0.158,95.000,3.867,4.700,0.980,0.000,10.250,0.000
2025-11-05,81.000,76.000,86.000,3.106,2.210,4.010,9.278,8.800,9.900,4.622,2.400,5.900,704.700,704.300,705.000,0.000,9.000,9.000,0.309,0.250,0.410,0.308,0.049,0.000,0.049,0.010,91.667,6.433,0.100,0.998,0.000,10.270,0.000
2025-11-06,73.667,64.000,89.000,4.519,1.710,6.450,8.444,7.900,8.900,2.856,2.200,3.700,706.100,705.800,706.300,0.000,9.000,9.000,0.283,0.160,0.360,0.283,0.008,0.000,0.008,0.000,88.333,6.744,0.000,0.986,0.000,10.290,0.000
2025-11-07,70.333,65.000,75.000,5.147,4.220,6.290,9.544,8.800,10.400,4.044,1.800,5.500,706.844,706.100,707.500,0.000,9.000,9.000,0.701,0.310,1.000,0.496,0.061,0.406,0.448,0.182,91.000,7.556,0.100,0.944,0.080,10.300,0.008
2025-11-08,74.667,67.000,93.000,4.356,1.070,5.810,9.322,8.600,10.200,6.900,5.800,8.200,705.711,704.300,706.700,0.000,9.000,9.000,0.411,0.050,0.960,0.411,0.000,0.000,0.000,0.000,91.111,7.022,0.000,0.877,1.150,10.320,0.112
2025-11-09,56.200,41.000,79.000,8.790,3.500,12.800,11.380,10.800,11.700,3.700,1.500,4.900,704.300,703.700,704.600,0.000,5.000,5.000,0.983,0.950,1.000,0.201,0.074,0.977,0.978,0.940,70.444,6.422,0.000,0.790,2.280,10.330,0.220
2025-11-10,,,,,,,,,,,,,,,,,0.000,0.000,0.999,0.990,1.000,0.990,0.871,0.966,0.991,0.950,97.778,6.656,31.800,0.691,3.390,10.350,0.328
2025-11-11,,,,,,,,,,,,,,,,,0.000,0.000,1.000,1.000,1.000,0.767,0.311,0.998,0.999,0.989,95.778,7.222,1.700,0.585,4.460,10.360,0.430
2025-11-12,,,,,,,,,,,,,,,,,0.000,0.000,0.974,0.840,1.000,0.782,0.911,0.789,0.952,0.800,95.222,7.667,2.100,0.479,5.450,10.380,0.525
2025-11-13,,,,,,,,,,,,,,,,,0.000,0.000,0.889,0.820,0.950,0.666,0.090,0.583,0.626,0.156,89.778,4.322,0.900,0.377,6.380,10.390,0.614
2025-11-14,,,,,,,,,,,,,,,,,0.000,0.000,0.972,0.920,1.000,0.972,0.058,0.000,0.058,0.000,91.222,4.000,0.300,0.283,7.270,10.400,0.698
2025-11-15,,,,,,,,,,,,,,,,,0.000,0.000,0.242,0.190,0.330,0.156,0.004,0.089,0.093,0.000,82.889,3.811,0.000,0.200,8.120,10.420,0.780
2025-11-16,,,,,,,,,,,,,,,,,0.000,0.000,0.270,0.220,0.350,0.267,0.049,0.000,0.049,0.030,91.667,4.978,0.000,0.129,8.980,10.430,0.861
2025-11-17,,,,,,,,,,,,,,,,,0.000,0.000,0.949,0.820,1.000,0.940,0.101,0.079,0.174,0.059,90.889,4.622,0.100,0.072,9.840,10.440,0.942
2025-11-18,,,,,,,,,,,,,,,,,0.000,0.000,0.964,0.950,0.990,0.936,0.498,0.027,0.507,0.300,98.556,-0.444,2.500,0.032,10.450,10.450,1.000
2025-11-19,,,,,,,,,,,,,,,,,0.000,0.000,0.998,0.980,1.000,0.997,0.096,0.027,0.120,0.050,97.889,0.133,0.700,0.008,10.470,10.470,1.000
2025-11-20,,,,,,,,,,,,,,,,,0.000,0.000,0.643,0.560,0.730,0.271,0.529,0.042,0.547,0.420,88.667,1.811,0.600,0.002,10.480,10.480,1.000
2025-11-21,,,,,,,,,,,,,,,,,0.000,0.000,0.441,0.250,0.560,0.441,0.030,0.000,0.030,0.000,91.778,1.322,0.500,0.014,10.490,10.490,1.000
2025-11-22,,,,,,,,,,,,,,,,,0.000,0.000,0.128,0.090,0.180,0.124,0.014,0.000,0.014,0.000,82.556,0.922,0.000,0.043,10.500,10.500,1.000
2025-11-23,,,,,,,,,,,,,,,,,0.000,0.000,0.187,0.170,0.240,0.187,0.041,0.000,0.041,0.010,78.778,2.478,0.000,0.089,9.670,10.510,0.920
2025-11-24,,,,,,,,,,,,,,,,,0.000,0.000,0.237,0.180,0.340,0.204,0.079,0.016,0.093,0.010,86.000,3.956,0.600,0.151,8.750,10.520,0.832
2025-11-25,,,,,,,,,,,,,,,,,0.000,0.000,0.991,0.980,1.000,0.460,0.026,0.980,0.981,0.970,88.111,0.344,0.100,0.227,7.810,10.530,0.742
2025-11-26,,,,,,,,,,,,,,,,,0.000,0.000,0.543,0.220,1.000,0.409,0.037,0.393,0.407,0.040,86.000,1.033,0.100,0.315,6.860,10.540,0.651
2025-11-27,,,,,,,,,,,,,,,,,0.000,0.000,0.996,0.990,1.000,0.908,0.908,0.821,0.995,0.980,93.222,-0.022,5.100,0.412,5.920,10.550,0.562
2025-11-28,,,,,,,,,,,,,,,,,0.000,0.000,0.702,0.370,1.000,0.659,0.467,0.059,0.494,0.208,90.778,1.367,0.200,0.517,4.990,10.560,0.472
2025-11-29,,,,,,,,,,,,,,,,,0.000,0.000,0.193,0.150,0.220,0.188,0.032,0.000,0.032,0.000,78.556,0.967,0.000,0.623,4.030,10.570,0.382
2025-11-30,,,,,,,,,,,,,,,,,0.000,0.000,0.573,0.410,0.790,0.439,0.423,0.003,0.425,0.170,83.333,3.067,0.000,0.728,3.050,10.580,0.288
2025-12-01,,,,,,,,,,,,,,,,,0.000,0.000,0.253,0.030,0.910,0.252,0.037,0.000,0.037,0.010,82.222,3.111,0.000,0.823,2.000,10.580,0.189
2025-12-02,,,,,,,,,,,,,,,,,0.000,0.000,0.393,0.180,0.700,0.331,0.272,0.000,0.272,0.070,77.333,3.644,2.000,0.904,0.890,10.590,0.084
2025-12-03,,,,,,,,,,,,,,,,,0.000,0.000,0.936,0.480,1.000,0.932,0.220,0.000,0.220,0.170,92.556,-0.689,0.600,0.963,0.000,10.600,0.000
2025-12-04,,,,,,,,,,,,,,,,,0.000,0.000,0.999,0.990,1.000,0.999,0.107,0.000,0.107,0.070,95.667,-0.767,0.900,0.994,0.000,10.610,0.000
2025-12-05,,,,,,,,,,,,,,,,,0.000,0.000,0.963,0.890,0.990,0.952,0.387,0.000,0.387,0.150,89.889,-0.700,1.100,0.995,0.000,10.610,0.000
2025-12-06,,,,,,,,,,,,,,,,,0.000,0.000,0.144,0.090,0.220,0.140,0.021,0.001,0.022,0.000,89.778,-0.633,0.000,0.966,0.000,10.620,0.000
2025-12-07,,,,,,,,,,,,,,,,,0.000,0.000,0.173,0.080,0.330,0.171,0.043,0.000,0.043,0.010,89.111,1.489,0.000,0.911,1.080,10.620,0.102
2025-12-08,,,,,,,,,,,,,,,,,0.000,0.000,0.497,0.270,0.870,0.337,0.030,0.271,0.296,0.040,87.111,1.278,0.100,0.835,2.200,10.630,0.207
2025-12-09,,,,,,,,,,,,,,,,,0.000,0.000,0.482,0.230,0.970,0.471,0.071,0.043,0.112,0.050,89.667,1.911,0.000,0.745,3.250,10.630,0.306
2025-12-10,,,,,,,,,,,,,,,,,0.000,0.000,0.097,0.000,0.170,0.096,0.008,0.000,0.008,0.000,65.556,0.389,0.000,0.646,4.230,10.640,0.397
2025-12-11,27.000,27.000,27.000,17.570,17.570,17.570,6.622,5.500,8.600,5.811,5.100,6.800,703.044,702.400,703.700,0.000,9.000,1.000,0.401,0.270,0.530,0.367,0.117,0.008,0.123,0.050,85.444,2.111,0.400,0.545,5.140,10.640,0.483
2025-12-12,38.750,24.000,86.000,14.036,2.120,19.060,5.278,3.100,6.100,2.378,0.800,4.800,703.911,703.100,704.500,0.000,9.000,8.000,0.461,0.110,0.860,0.427,0.156,0.000,0.156,0.000,91.889,0.622,0.000,0.445,6.010,10.650,0.564
2025-12-13,92.333,81.000,100.000,1.166,0.000,2.970,3.433,2.300,4.400,6.167,2.800,8.000,702.944,702.000,703.700,0.000,9.000,9.000,0.933,0.630,1.000,0.896,0.490,0.002,0.490,0.240,93.111,1.389,2.100,0.349,6.860,10.650,0.644
2025-12-14,,,,,,,5.978,4.600,7.000,3.289,1.900,4.600,703.322,702.700,703.700,0.000,9.000,0.000,0.451,0.160,0.680,0.346,0.203,0.003,0.205,0.080,81.556,-1.122,0.000,0.261,7.710,10.650,0.724
2025-12-15,79.222,64.000,89.000,3.311,1.620,6.170,2.700,1.600,3.400,7.522,7.000,8.500,703.189,702.400,703.600,0.000,9.000,9.000,0.163,0.060,0.240,0.163,0.002,0.000,0.002,0.000,84.889,-0.100,0.000,0.183,8.570,10.650,0.805
2025-12-16,44.444,40.000,57.000,10.954,7.610,12.290,2.233,1.500,3.100,6.444,4.800,7.500,703.767,703.400,704.000,0.000,9.000,9.000,0.123,0.070,0.170,0.119,0.016,0.000,0.016,0.000,55.556,1.000,0.000,0.116,9.460,10.660,0.888
2025-12-17,78.222,74.000,81.000,3.441,2.940,4.210,3.233,2.600,3.600,2.233,1.500,3.600,704.489,703.800,705.100,0.000,9.000,9.000,0.314,0.230,0.390,0.292,0.113,0.000,0.113,0.070,90.667,0.800,0.000,0.064,10.360,10.660,0.972
2025-12-18,99.000,95.000,100.000,0.143,0.000,0.730,3.911,3.600,4.100,2.589,1.700,4.000,703.911,703.100,704.400,3.000,9.000,9.000,0.511,0.330,0.660,0.282,0.477,0.071,0.511,0.324,89.444,1.289,0.500,0.026,10.660,10.660,1.000
2025-12-19,100.000,100.000,100.000,0.000,0.000,0.000,4.978,4.600,5.100,2.989,0.900,4.100,703.300,702.700,703.800,7.000,9.000,9.000,0.952,0.790,1.000,0.754,0.879,0.129,0.892,0.736,95.111,3.067,4.000,0.006,10.660,10.660,1.000
2025-12-20,69.556,64.000,82.000,5.099,2.790,6.200,3.922,3.200,4.800,2.100,1.000,3.500,703.844,703.400,704.300,0.000,9.000,9.000,0.791,0.200,0.940,0.762,0.053,0.139,0.185,0.040,95.333,1.700,0.000,0.003,10.660,10.660,1.000
2025-12-21,99.556,98.000,100.000,0.062,0.000,0.280,1.122,-0.100,1.900,3.278,1.700,6.300,703.022,702.300,703.500,0.000,9.000,9.000,0.466,0.380,0.560,0.337,0.138,0.190,0.301,0.199,77.000,0.144,0.400,0.019,10.660,10.660,1.000
2025-12-22,91.778,88.000,100.000,1.212,0.000,1.790,2.222,1.500,2.900,5.544,4.400,6.800,702.522,701.900,703.000,0.000,9.000,9.000,0.268,0.140,0.470,0.257,0.084,0.000,0.084,0.050,84.778,0.056,0.000,0.053,10.150,10.660,0.952
2025-12-23,91.000,84.000,98.000,1.329,0.280,2.420,1.133,0.600,1.800,6.267,3.500,9.500,701.567,700.500,702.400,0.000,9.000,9.000,0.074,0.040,0.110,0.054,0.042,0.000,0.042,0.010,87.667,0.378,0.000,0.106,9.200,10.660,0.863
2025-12-24,100.000,100.000,100.000,0.000,0.000,0.000,2.500,1.100,3.500,6.544,5.900,7.300,699.889,699.100,700.600,0.000,9.000,9.000,0.352,0.240,0.500,0.312,0.227,0.000,0.227,0.160,76.000,1.522,0.700,0.175,8.260,10.660,0.775
2025-12-25,100.000,100.000,100.000,0.000,0.000,0.000,0.722,0.200,1.000,5.400,3.900,6.300,698.922,698.400,699.300,0.000,9.000,9.000,1.000,1.000,1.000,1.000,0.586,0.000,0.586,0.420,96.444,-3.933,7.700,0.260,7.330,10.660,0.688
2025-12-26,99.889,99.000,100.000,0.013,0.000,0.120,-0.822,-1.200,-0.500,,,,698.756,698.500,699.100,0.000,9.000,9.000,0.974,0.940,1.000,0.964,0.420,0.000,0.420,0.240,97.222,-3.333,3.200,0.357,6.410,10.660,0.601
2025-12-27,100.000,100.000,100.000,0.000,0.000,0.000,-0.400,-1.100,-0.100,,,,701.067,700.300,702.000,0.000,9.000,9.000,0.292,0.200,0.480,0.213,0.222,0.000,0.222,0.140,99.444,-4.189,0.500,0.462,5.460,10.650,0.513
2025-12-28,99.889,99.000,100.000,0.016,0.000,0.140,0.356,-0.400,0.700,8.611,6.200,10.100,700.322,699.500,701.000,1.500,9.000,9.000,0.122,0.080,0.230,0.108,0.062,0.000,0.062,0.020,88.444,-2.289,0.000,0.572,4.480,10.650,0.420
2025-12-29,98.889,96.000,100.000,0.157,0.000,0.570,1.167,0.600,1.800,7.289,5.900,7.900,700.067,699.500,700.500,0.000,9.000,9.000,0.120,0.030,0.240,0.113,0.037,0.000,0.037,0.010,90.889,-2.233,0.000,0.682,3.440,10.650,0.323
2025-12-30,22.875,20.000,28.000,19.584,17.010,21.220,4.911,4.300,5.400,7.511,5.900,8.400,699.111,698.500,699.800,0.000,9.000,8.000,0.328,0.240,0.500,0.327,0.018,0.000,0.018,0.010,91.778,-0.167,0.000,0.784,2.330,10.650,0.219
2025-12-31,47.667,27.000,88.000,11.090,1.750,17.410,2.744,0.200,4.400,4.044,1.200,5.200,698.656,697.600,699.300,0.000,9.000,9.000,0.512,0.450,0.570,0.345,0.170,0.227,0.354,0.165,89.000,0.575,0.000,0.873,1.160,10.640,0.109
2026-01-01,98.778,90.000,100.000,0.154,0.000,1.270,-0.833,-1.400,-0.200,5.000,3.200,6.800,698.956,698.000,699.600,0.000,9.000,9.000,,,,,,,,,,,,0.941,0.000,10.640,0.000
2026-01-02,71.444,63.000,92.000,3.946,0.960,5.290,-5.589,-7.000,-4.900,6.533,5.900,6.900,699.978,699.700,700.200,0.000,9.000,9.000,,,,,,,,,,,,0.984,0.000,10.630,0.000
2026-01-03,31.375,22.000,36.000,13.419,11.750,17.140,-0.667,-1.300,-0.100,1.656,0.800,2.700,701.378,701.100,701.600,0.000,9.000,8.000,,,,,,,,,,,,0.999,0.000,10.630,0.000
2026-01-04,36.778,28.000,44.000,12.951,10.620,16.470,0.333,-0.800,1.400,3.844,2.700,4.700,701.267,700.300,701.900,0.000,9.000,9.000,,,,,,,,,,,,0.984,0.000,10.620,0.000
2026-01-05,97.333,92.000,100.000,0.324,0.000,0.990,-2.833,-4.000,-1.700,7.067,6.000,8.200,699.767,698.700,700.500,0.000,9.000,9.000,,,,,,,,,,,,0.944,0.700,10.620,0.066
2026-01-06,91.000,80.000,98.000,1.129,0.240,2.600,-4.544,-5.100,-3.400,10.567,9.800,11.300,697.900,697.300,698.600,0.000,9.000,9.000,,,,,,,,,,,,0.882,1.740,10.610,0.164
2026-01-07,98.889,98.000,100.000,0.133,0.000,0.240,-2.711,-3.400,-1.800,,,,699.067,697.800,700.000,0.000,9.000,9.000,,,,,,,,,,,,0.803,2.700,10.600,0.255
2026-01-08,78.778,73.000,91.000,2.808,1.080,3.660,-4.378,-7.100,-2.800,9.850,8.600,10.700,698.433,697.600,699.100,0.000,9.000,9.000,,,,,,,,,,,,0.714,3.610,10.600,0.341
2026-01-09,93.889,89.000,97.000,0.751,0.360,1.380,-2.922,-3.400,-2.200,11.378,10.200,12.300,699.378,698.500,700.200,0.000,9.000,9.000,,,,,,,,,,,,0.619,4.480,10.590,0.423
2026-01-10,98.333,97.000,99.000,0.200,0.120,0.360,-2.767,-3.500,-2.400,,,,700.533,700.100,700.800,0.000,9.000,9.000,,,,,,,,,,,,0.522,5.340,10.580,0.505
2026-01-11,99.111,98.000,100.000,0.107,0.000,0.240,-1.744,-2.400,-1.000,8.100,7.300,9.200,700.544,699.500,701.600,0.000,9.000,9.000,,,,,,,,,,,,0.426,6.210,10.570,0.587
2026-01-12,99.889,99.000,100.000,0.013,0.000,0.120,-1.267,-2.900,-0.300,,,,699.589,698.900,700.100,0.000,9.000,9.000,,,,,,,,,,,,0.334,7.090,10.570,0.671
2026-01-13,91.333,66.000,100.000,1.126,0.000,4.740,-4.644,-7.000,-1.700,4.800,4.600,5.000,700.511,700.100,700.700,0.000,9.000,9.000,,,,,,,,,,,,0.249,7.980,10.560,0.756
2026-01-14,56.778,24.000,100.000,8.926,0.000,18.670,0.989,-1.600,3.600,8.967,4.400,12.300,700.400,699.100,701.700,0.000,9.000,9.000,,,,,,,,,,,,0.172,8.890,10.550,0.843
2026-01-15,93.333,89.000,97.000,0.967,0.430,1.620,1.967,1.900,2.100,8.322,6.200,10.800,699.200,698.100,699.900,0.000,9.000,9.000,,,,,,,,,,,,0.107,9.790,10.540,0.928
2026-01-16,100.000,100.000,100.000,0.000,0.000,0.000,4.011,3.700,4.300,5.711,4.400,6.300,699.911,698.800,700.800,2.000,9.000,9.000,,,,,,,,,,,,0.056,10.530,10.530,1.000
2026-01-17,92.333,84.000,100.000,1.140,0.000,2.410,1.889,1.300,2.400,3.733,2.700,4.200,698.756,698.200,699.200,0.000,9.000,9.000,,,,,,,,,,,,0.020,10.520,10.520,1.000
2026-01-18,92.000,71.000,100.000,1.097,0.000,4.080,0.100,-1.000,1.300,3.622,2.100,4.700,698.744,698.200,699.200,0.000,9.000,9.000,,,,,,,,,,,,0.002,10.510,10.510,1.000
2026-01-19,66.333,41.000,100.000,5.992,0.000,11.820,0.256,-1.000,1.200,1.889,0.700,3.300,698.656,698.100,698.900,0.000,9.000,9.000,,,,,,,,,,,,0.005,10.500,10.500,1.000
2026-01-20,97.889,94.000,100.000,0.256,0.000,0.740,-2.744,-3.300,-2.100,5.722,4.300,6.600,698.611,698.200,699.000,0.000,9.000,9.000,,,,,,,,,,,,0.027,10.450,10.490,0.997
2026-01-21,100.000,100.000,100.000,0.000,0.000,0.000,-1.478,-1.700,-1.200,,,,699.456,699.100,699.800,0.000,9.000,9.000,,,,,,,,,,,,0.071,9.500,10.480,0.907
2026-01-22,100.000,100.000,100.000,0.000,0.000,0.000,-1.867,-2.000,-1.700,,,,700.189,699.800,700.600,0.000,9.000,9.000,,,,,,,,,,,,0.134,8.560,10.460,0.818
2026-01-23,99.556,98.000,100.000,0.053,0.000,0.240,-1.433,-2.600,-0.800,3.156,1.200,4.200,702.311,701.600,702.700,0.000,9.000,9.000,,,,,,,,,,,,0.215,7.610,10.450,0.728
2026-01-24,83.667,72.000,94.000,2.416,0.740,4.480,0.067,-0.800,0.900,5.000,1.600,6.900,702.633,702.300,703.100,0.000,9.000,9.000,,,,,,,,,,,,0.311,6.640,10.440,0.636
2026-01-25,96.222,93.000,100.000,0.536,0.000,1.000,0.511,0.000,0.900,5.000,4.500,5.800,703.411,702.500,703.900,0.000,9.000,9.000,,,,,,,,,,,,0.418,5.630,10.430,0.540
2026-01-26,91.667,90.000,97.000,1.202,0.420,1.460,0.267,0.000,0.900,3.956,3.200,4.300,702.711,701.800,703.300,0.000,9.000,9.000,,,,,,,,,,,,0.530,4.570,10.410,0.439
2026-01-27,99.889,99.000,100.000,0.016,0.000,0.140,-0.089,-0.600,0.300,5.525,4.000,7.700,701.344,700.400,702.200,0.000,9.000,9.000,,,,,,,,,,,,0.643,3.450,10.400,0.332
2026-01-28,82.889,53.000,100.000,2.556,0.000,8.460,-1.611,-2.800,0.000,6.200,2.000,9.400,701.767,701.100,702.400,0.000,9.000,9.000,,,,,,,,,,,,0.749,2.310,10.390,0.223
2026-01-29,98.889,96.000,100.000,0.156,0.000,0.560,0.822,0.300,1.800,8.900,7.400,10.100,702.889,702.500,703.300,0.500,9.000,9.000,,,,,,,,,,,,0.843,1.200,10.370,0.116
2026-01-30,99.111,93.000,100.000,0.127,0.000,1.000,0.656,0.300,1.000,7.211,6.100,9.200,703.167,701.800,703.900,0.000,9.000,9.000,,,,,,,,,,,,0.918,0.180,10.360,0.017
2026-01-31,100.000,100.000,100.000,0.000,0.000,0.000,1.600,1.400,1.900,5.556,4.900,6.200,703.033,702.300,703.700,0.000,9.000,9.000,,,,,,,,,,,,0.970,0.000,10.340,0.000
2026-02-01,100.000,100.000,100.000,0.000,0.000,0.000,1.833,1.700,1.900,4.756,3.500,6.100,703.622,703.000,704.100,10.500,9.000,9.000,,,,,,,,,,,,0.997,0.000,10.330,0.000
2026-02-02,100.000,100.000,100.000,0.000,0.000,0.000,-0.289,-0.500,-0.100,6.022,5.500,7.200,703.778,702.900,704.700,0.000,9.000,9.000,,,,,,,,,,,,0.996,0.000,10.310,0.000
2026-02-03,99.778,99.000,100.000,0.027,0.000,0.120,-0.444,-0.900,0.200,11.289,9.600,12.200,702.322,701.500,703.200,0.000,9.000,9.000,,,,,,,,,,,,0.971,0.140,10.300,0.014
2026-02-04,98.556,88.000,100.000,0.212,0.000,1.770,1.233,0.800,1.600,10.178,9.400,11.200,702.122,701.600,702.600,0.000,9.000,9.000,,,,,,,,,,,,0.924,1.090,10.280,0.106
2026-02-05,22.333,20.000,26.000,20.000,18.100,21.190,5.333,4.800,6.000,7.211,6.100,8.100,702.844,702.100,703.300,0.000,9.000,3.000,,,,,,,,,,,,0.859,2.000,10.270,0.195
2026-02-06,100.000,100.000,100.000,0.000,0.000,0.000,2.578,2.000,3.100,6.033,4.900,7.000,701.489,701.200,701.800,0.000,9.000,9.000,,,,,,,,,,,,0.781,2.890,10.250,0.282
2026-02-07,100.000,100.000,100.000,0.000,0.000,0.000,0.089,-0.600,0.600,8.400,7.000,9.300,700.411,699.500,701.100,0.000,9.000,9.000,,,,,,,,,,,,0.695,3.770,10.230,0.368
2026-02-08,77.778,58.000,99.000,3.520,0.120,7.360,-0.811,-3.400,1.600,6.340,4.700,8.300,701.133,700.100,701.700,0.000,9.000,9.000,,,,,,,,,,,,0.602,4.660,10.220,0.456
2026-02-09,95.111,86.000,99.000,0.612,0.120,1.810,-1.022,-1.500,-0.400,5.389,3.800,6.700,701.211,701.000,701.400,0.000,9.000,9.000,,,,,,,,,,,,0.508,5.560,10.200,0.545
2026-02-10,90.889,82.000,100.000,1.361,0.000,2.740,1.000,0.300,1.500,7.400,6.200,8.100,702.733,702.100,703.200,0.000,9.000,9.000,,,,,,,,,,,,0.414,6.460,10.180,0.635
2026-02-11,99.889,99.000,100.000,0.013,0.000,0.120,-0.744,-1.000,-0.500,6.050,4.900,6.700,702.122,701.100,702.800,0.000,9.000,9.000,,,,,,,,,,,,0.323,7.370,10.160,0.725
2026-02-12,95.111,85.000,100.000,0.622,0.000,1.950,-0.944,-1.600,-0.300,8.378,6.500,10.200,701.656,700.700,702.200,0.000,9.000,9.000,,,,,,,,,,,,0.238,8.240,10.150,0.812
2026-02-13,97.667,95.000,100.000,0.329,0.000,0.710,1.022,0.500,1.700,7.711,6.800,8.900,702.278,701.500,702.900,0.000,9.000,9.000,,,,,,,,,,,,0.161,9.060,10.130,0.895
2026-02-14,33.889,21.000,67.000,15.293,5.550,20.570,4.222,2.300,5.400,6.044,2.700,9.300,702.644,702.000,703.000,0.000,9.000,9.000,,,,,,,,,,,,0.096,9.820,10.110,0.971
2026-02-15,39.667,23.000,95.000,13.572,0.720,19.280,3.689,2.000,4.500,7.167,5.000,8.200,702.289,701.600,703.000,0.000,9.000,9.000,,,,,,,,,,,,0.045,10.090,10.090,1.000
2026-02-16,82.889,70.000,96.000,2.671,0.570,4.910,1.700,1.300,2.100,6.244,4.600,7.200,702.100,701.500,702.500,0.000,9.000,9.000,,,,,,,,,,,,0.012,10.070,10.070,1.000
2026-02-17,100.000,100.000,100.000,0.000,0.000,0.000,1.556,1.400,1.700,6.233,5.200,6.900,702.322,701.700,702.900,0.000,9.000,9.000,,,,,,,,,,,,0.000,10.050,10.050,1.000
2026-02-18,82.556,51.000,100.000,2.876,0.000,8.970,0.056,-0.900,1.200,3.511,2.000,4.900,703.089,702.300,703.700,0.000,9.000,9.000,,,,,,,,,,,,0.011,10.030,10.030,1.000
2026-02-19,99.333,98.000,100.000,0.080,0.000,0.240,-1.089,-1.500,-0.600,4.233,3.500,5.400,702.100,700.900,702.900,0.000,9.000,9.000,,,,,,,,,,,,0.045,9.540,10.010,0.953
2026-02-20,64.556,45.000,90.000,6.226,1.270,10.600,0.444,-0.400,0.900,5.967,5.400,7.200,699.967,698.900,700.700,0.000,8.000,9.000,,,,,,,,,,,,0.102,8.550,9.990,0.856
2026-02-21,31.500,21.000,60.000,16.183,7.000,20.330,2.978,1.700,3.500,5.878,4.800,6.300,698.989,698.600,699.300,0.000,9.000,6.000,,,,,,,,,,,,0.180,7.530,9.970,0.755
2026-02-22,85.222,58.000,95.000,2.351,0.720,7.490,2.689,1.900,3.300,3.711,2.700,4.500,700.667,700.000,701.100,0.000,9.000,9.000,,,,,,,,,,,,0.275,6.460,9.950,0.649
2026-02-23,74.667,26.000,94.000,4.892,0.870,18.220,3.989,3.200,6.900,6.056,4.600,7.100,701.522,700.800,702.200,0.000,9.000,9.000,,,,,,,,,,,,0.382,5.350,9.930,0.539
2026-02-24,99.667,97.000,100.000,0.048,0.000,0.430,4.133,3.500,4.700,5.056,3.500,6.200,702.500,701.700,703.300,0.000,9.000,9.000,,,,,,,,,,,,0.495,4.220,9.910,0.426
2026-02-25,98.444,96.000,100.000,0.223,0.000,0.580,3.300,2.500,4.100,8.211,6.900,10.300,701.500,700.600,702.000,0.000,9.000,9.000,,,,,,,,,,,,0.609,3.110,9.890,0.315
2026-02-26,97.556,79.000,100.000,0.387,0.000,3.340,5.100,4.500,5.400,6.600,5.400,7.800,699.078,698.200,699.700,5.000,9.000,9.000,,,,,,,,,,,,0.717,2.080,9.870,0.211
2026-02-27,98.667,94.000,100.000,0.194,0.000,0.880,4.011,3.600,4.400,5.989,4.100,7.200,699.078,698.000,699.800,5.000,9.000,9.000,,,,,,,,,,,,0.813,1.160,9.850,0.117
2026-02-28,99.889,99.000,100.000,0.017,0.000,0.150,5.822,4.800,6.400,4.433,2.700,6.200,700.411,699.300,701.100,14.500,9.000,9.000,,,,,,,,,,,,0.893,0.350,9.830,0.036
2026-03-01,99.889,99.000,100.000,0.016,0.000,0.140,6.456,4.800,7.500,9.622,7.500,12.000,699.778,698.200,701.100,2.500,9.000,9.000,,,,,,,,,,,,0.952,0.000,9.810,0.000
2026-03-02,99.778,99.000,100.000,0.031,0.000,0.140,5.022,4.600,5.400,7.233,6.300,8.000,701.122,700.000,701.800,0.000,9.000,9.000,,,,,,,,,,,,0.988,0.000,9.780,0.000
2026-03-03,99.778,98.000,100.000,0.032,0.000,0.290,3.900,3.500,5.600,4.633,1.800,6.700,701.033,700.300,701.700,17.000,9.000,9.000,,,,,,,,,,,,1.000,0.000,9.760,0.000
2026-03-04,98.222,89.000,100.000,0.261,0.000,1.640,2.433,1.800,3.000,3.589,1.400,5.000,700.611,699.800,701.200,11.000,9.000,9.000,,,,,,,,,,,,0.989,0.000,9.740,0.000
2026-03-05,87.111,66.000,93.000,1.999,1.020,5.790,3.078,2.200,4.100,2.722,1.800,3.900,701.200,700.400,701.900,0.500,9.000,9.000,,,,,,,,,,,,0.957,0.460,9.720,0.047
2026-03-06,96.778,80.000,100.000,0.489,0.000,3.090,1.922,1.100,2.600,4.456,2.900,9.100,701.956,701.100,702.500,0.000,9.000,9.000,,,,,,,,,,,,0.907,1.350,9.690,0.139
2026-03-07,67.333,62.000,81.000,5.493,2.930,6.560,2.711,1.800,3.400,5.022,4.400,6.500,703.233,702.500,703.700,0.000,9.000,9.000,,,,,,,,,,,,0.842,2.250,9.670,0.232
2026-03-08,69.000,32.000,94.000,5.526,0.860,15.060,1.467,1.000,2.500,5.044,4.700,5.800,703.633,702.900,704.100,0.000,9.000,9.000,,,,,,,,,,,,0.765,3.150,9.650,0.327
2026-03-09,100.000,100.000,100.000,0.000,0.000,0.000,1.244,0.700,2.100,4.800,2.700,6.400,702.489,700.900,703.500,4.500,9.000,9.000,,,,,,,,,,,,0.680,4.070,9.620,0.423
2026-03-10,99.889,99.000,100.000,0.013,0.000,0.120,-0.289,-1.100,0.200,6.789,5.000,7.700,700.278,698.500,701.000,1.000,9.000,9.000,,,,,,,,,,,,0.589,4.980,9.600,0.519
2026-03-11,30.750,21.000,36.000,14.738,12.810,19.910,1.156,-0.200,3.100,4.056,2.700,5.700,700.800,699.500,701.600,0.000,9.000,4.000,,,,,,,,,,,,0.495,5.870,9.580,0.612
2026-03-12,73.500,64.000,83.000,3.715,2.190,5.240,-0.667,-3.200,1.100,8.667,3.500,12.400,699.978,699.300,700.700,0.000,9.000,2.000,,,,,,,,,,,,0.400,6.700,9.550,0.702
2026-03-13,,,,,,,0.700,-0.100,1.500,6.100,2.000,9.000,703.378,702.600,704.100,0.000,9.000,0.000,,,,,,,,,,,,0.308,7.480,9.530,0.785
2026-03-14,33.500,26.000,41.000,15.020,12.110,17.930,4.589,4.100,5.300,4.144,1.200,7.900,704.733,703.800,705.300,0.000,9.000,2.000,,,,,,,,,,,,0.221,8.190,9.510,0.862
2026-03-15,50.111,34.000,64.000,9.789,6.170,14.490,4.100,3.400,4.600,2.578,1.600,3.400,703.511,702.300,704.400,0.000,9.000,9.000,,,,,,,,,,,,0.143,8.840,9.480,0.932
2026-03-16,29.000,22.000,36.000,16.880,13.790,19.970,4.822,4.000,6.200,2.678,1.200,3.800,702.367,701.300,703.000,0.000,9.000,2.000,,,,,,,,,,,,0.078,9.430,9.460,0.997
2026-03-17,33.222,22.000,38.000,14.798,12.880,19.800,2.978,2.200,3.700,5.333,5.000,5.700,702.356,701.300,703.200,0.000,9.000,9.000,,,,,,,,,,,,0.031,9.430,9.430,1.000
2026-03-18,67.111,60.000,74.000,5.546,4.200,7.070,3.233,2.000,4.000,6.211,5.900,6.500,702.278,701.100,703.200,0.000,9.000,9.000,,,,,,,,,,,,0.004,9.410,9.410,1.000
2026-03-19,92.222,72.000,100.000,1.200,0.000,4.530,2.356,1.800,3.200,6.167,5.200,6.800,701.822,700.900,702.500,0.000,9.000,9.000,,,,,,,,,,,,0.003,9.380,9.380,1.000
2026-03-20,81.778,67.000,96.000,2.911,0.570,5.560,2.678,2.100,3.500,4.567,3.500,5.600,703.033,702.500,703.400,0.000,9.000,9.000,,,,,,,,,,,,0.027,9.310,9.360,0.995
2026-03-21,93.667,89.000,99.000,0.942,0.140,1.650,3.667,3.000,3.900,4.900,3.800,5.500,702.911,702.300,703.400,0.000,9.000,9.000,,,,,,,,,,,,0.078,8.230,9.330,0.882
2026-03-22,59.444,55.000,71.000,7.347,4.860,8.420,6.044,5.300,6.700,1.711,0.500,3.500,703.878,702.700,704.500,0.000,9.000,9.000,,,,,,,,,,,,0.152,7.100,9.310,0.763
2026-03-23,76.333,66.000,100.000,3.966,0.000,5.870,5.667,5.100,6.200,4.222,2.300,5.300,703.056,701.900,703.800,0.000,9.000,9.000,,,,,,,,,,,,0.245,5.940,9.280,0.640
2026-03-24,97.556,81.000,100.000,0.386,0.000,3.030,5.333,4.800,6.400,7.922,6.500,8.900,701.722,700.900,702.400,0.000,9.000,9.000,,,,,,,,,,,,0.351,4.800,9.260,0.518
2026-03-25,97.889,96.000,99.000,0.303,0.140,0.580,3.811,3.200,4.700,9.967,9.100,10.700,701.111,700.200,701.900,0.000,9.000,9.000,,,,,,,,,,,,0.464,3.730,9.230,0.404
2026-03-26,100.000,100.000,100.000,0.000,0.000,0.000,5.000,4.000,5.900,8.344,6.400,9.400,700.844,699.700,701.500,2.000,9.000,9.000,,,,,,,,,,,,0.577,2.770,9.200,0.301
2026-03-27,92.889,87.000,100.000,1.067,0.000,1.970,4.033,3.800,4.300,7.989,4.800,9.200,700.367,699.900,700.800,0.000,9.000,9.000,,,,,,,,,,,,0.685,1.940,9.180,0.212
2026-03-28,100.000,100.000,100.000,0.000,0.000,0.000,4.911,4.100,5.300,5.700,4.300,6.900,700.711,699.800,701.300,0.000,9.000,9.000,,,,,,,,,,,,0.782,1.220,9.150,0.134
2026-03-29,96.333,92.000,100.000,0.536,0.000,1.190,4.622,4.300,5.300,7.067,5.300,8.200,701.767,701.300,702.200,0.000,9.000,9.000,,,,,,,,,,,,0.864,0.590,9.130,0.065
2026-03-30,77.556,71.000,87.000,3.629,1.980,4.850,5.133,4.800,5.500,8.389,7.400,9.800,702.567,701.700,703.200,0.000,9.000,9.000,,,,,,,,,,,,0.929,0.010,9.100,0.001
2026-03-31,91.222,76.000,100.000,1.366,0.000,3.840,3.022,2.300,3.500,10.133,8.600,12.400,699.900,699.000,700.600,0.000,9.000,9.000,,,,,,,,,,,,0.973,0.000,9.070,0.000
2026-04-01,54.333,28.000,68.000,9.293,5.320,17.020,6.444,2.700,8.500,4.367,2.800,6.700,702.778,700.200,703.900,0.000,9.000,3.000,,,,,,,,,,,,0.996,0.000,9.050,0.000
2026-04-02,97.111,85.000,100.000,0.444,0.000,2.330,6.233,5.600,6.800,6.433,3.600,8.700,701.789,700.100,703.500,11.500,9.000,9.000,,,,,,,,,,,,0.998,0.000,9.020,0.000
2026-04-03,100.000,100.000,100.000,0.000,0.000,0.000,4.033,2.600,5.700,11.733,10.500,14.000,696.722,695.300,697.900,10.500,9.000,9.000,,,,,,,,,,,,0.980,0.000,8.990,0.000
2026-04-04,100.000,100.000,100.000,0.000,0.000,0.000,4.633,4.200,5.300,6.433,5.200,8.800,698.722,697.500,699.800,24.500,9.000,9.000,,,,,,,,,,,,0.944,0.770,8.970,0.086
2026-04-05,100.000,100.000,100.000,0.000,0.000,0.000,6.278,5.800,6.900,7.378,5.600,9.600,700.889,699.100,702.000,7.500,9.000,9.000,,,,,,,,,,,,0.891,1.680,8.940,0.188
2026-04-06,88.444,70.000,100.000,1.842,0.000,4.970,4.567,3.700,5.600,10.167,9.200,11.700,699.689,699.300,700.600,0.500,9.000,9.000,,,,,,,,,,,,0.826,2.600,8.910,0.292
2026-04-07,100.000,100.000,100.000,0.000,0.000,0.000,8.256,7.900,8.700,6.367,5.700,7.400,703.200,702.700,703.800,16.000,9.000,9.000,,,,,,,,,,,,0.749,3.500,8.890,0.393
2026-04-08,100.000,100.000,100.000,0.000,0.000,0.000,8.544,7.800,9.100,4.489,4.000,5.200,704.822,703.800,705.400,0.000,9.000,9.000,,,,,,,,,,,,0.663,4.350,8.860,0.491
2026-04-09,58.667,48.000,63.000,7.634,6.580,10.330,7.711,7.100,8.500,10.356,9.500,11.000,702.911,701.900,703.600,0.000,9.000,9.000,,,,,,,,,,,,0.571,5.140,8.830,0.582
2026-04-10,93.556,92.000,95.000,0.971,0.750,1.210,7.089,6.700,7.300,7.011,5.400,8.500,703.444,702.800,704.000,0.000,9.000,9.000,,,,,,,,,,,,0.474,5.860,8.810,0.666
2026-04-11,56.111,29.000,75.000,8.916,4.150,16.860,7.244,6.800,7.700,6.567,5.600,7.300,703.233,702.300,704.100,0.000,9.000,9.000,,,,,,,,,,,,0.377,6.520,8.780,0.743
2026-04-12,40.333,30.000,49.000,12.886,10.060,16.640,8.600,7.800,9.000,5.189,4.000,5.900,703.811,703.200,704.300,0.000,9.000,9.000,,,,,,,,,,,,0.282,7.130,8.750,0.814
2026-04-13,49.200,21.000,62.000,10.938,6.850,21.190,8.756,8.000,9.300,4.222,3.500,4.700,704.533,703.600,705.400,0.000,9.000,5.000,,,,,,,,,,,,0.194,7.690,8.720,0.882
2026-04-14,53.667,48.000,66.000,8.894,5.920,10.410,7.867,6.800,8.700,6.344,5.400,7.300,703.100,702.200,703.900,0.000,9.000,9.000,,,,,,,,,,,,0.116,8.250,8.700,0.949
2026-04-15,93.111,70.000,100.000,1.137,0.000,5.160,7.767,7.200,8.300,5.211,4.300,6.300,703.244,702.500,703.800,0.000,9.000,9.000,,,,,,,,,,,,0.055,8.670,8.670,1.000
2026-04-16,70.222,51.000,94.000,5.300,0.910,9.470,7.422,7.000,7.900,4.622,3.400,6.200,703.489,702.500,704.100,0.000,9.000,9.000,,,,,,,,,,,,0.015,8.640,8.640,1.000
2026-04-17,88.444,74.000,98.000,1.823,0.290,4.360,6.367,5.100,8.000,5.156,4.500,5.800,702.344,701.100,703.200,0.000,9.000,9.000,,,,,,,,,,,,0.001,8.610,8.610,1.000
2026-04-18,99.667,98.000,100.000,0.048,0.000,0.290,4.900,4.100,5.500,6.600,6.000,7.400,701.278,700.100,702.100,0.000,9.000,9.000,,,,,,,,,,,,0.016,8.590,8.590,1.000
2026-04-19,72.222,40.000,100.000,5.104,0.000,12.440,3.889,2.700,6.000,6.144,4.100,8.800,702.000,701.200,702.800,0.000,9.000,9.000,,,,,,,,,,,,0.059,7.720,8.560,0.902
2026-04-20,84.333,60.000,100.000,2.607,0.000,7.120,4.433,4.100,4.900,5.011,4.400,5.700,703.122,702.200,703.900,0.000,9.000,9.000,,,,,,,,,,,,0.128,6.530,8.530,0.766
2026-04-21,95.889,88.000,100.000,0.622,0.000,1.830,6.033,5.500,6.500,6.533,4.900,8.400,702.167,700.900,703.100,0.000,9.000,9.000,,,,,,,,,,,,0.218,5.400,8.500,0.635
2026-04-22,67.556,60.000,80.000,5.542,3.160,7.150,4.856,4.400,5.400,9.456,8.200,12.400,700.156,698.600,700.900,0.000,9.000,9.000,,,,,,,,,,,,0.321,4.380,8.480,0.516
2026-04-23,99.667,97.000,100.000,0.048,0.000,0.430,3.178,2.500,3.700,9.589,8.700,10.900,699.711,699.200,700.400,0.500,9.000,9.000,,,,,,,,,,,,0.432,3.500,8.450,0.414
2026-04-24,100.000,100.000,100.000,0.000,0.000,0.000,5.178,4.600,5.800,8.233,7.000,9.400,701.856,701.000,702.700,29.500,9.000,9.000,,,,,,,,,,,,0.543,2.740,8.420,0.326
2026-04-25,100.000,100.000,100.000,0.000,0.000,0.000,4.167,2.800,5.200,7.333,6.000,8.800,700.878,698.900,702.100,0.000,9.000,9.000,,,,,,,,,,,,0.650,2.090,8.400,0.249
2026-04-26,16.000,11.000,21.000,24.260,20.440,28.080,7.600,4.200,10.500,3.056,1.500,7.100,702.200,701.600,702.700,0.000,9.000,2.000,,,,,,,,,,,,0.747,1.500,8.370,0.180
2026-04-27,17.000,15.000,19.000,23.670,22.230,25.110,8.867,7.700,9.900,4.900,4.100,6.100,702.922,702.100,703.700,0.000,9.000,2.000,,,,,,,,,,,,0.832,0.960,8.340,0.115
2026-04-28,86.444,76.000,95.000,2.132,0.740,3.930,6.322,5.600,6.900,6.578,4.900,7.500,702.578,701.400,703.500,0.000,9.000,9.000,,,,,,,,,,,,0.900,0.430,8.320,0.052
2026-04-29,100.000,100.000,100.000,0.000,0.000,0.000,5.689,4.700,6.400,8.600,6.100,11.500,702.244,701.700,702.600,0.500,9.000,9.000,,,,,,,,,,,,0.952,0.000,8.290,0.000
2026-04-30,100.000,100.000,100.000,0.000,0.000,0.000,6.233,5.400,6.900,7.167,6.400,7.800,702.222,701.400,702.900,0.500,9.000,9.000,,,,,,,,,,,,0.984,0.000,8.260,0.000
2026-05-01,100.000,100.000,100.000,0.000,0.000,0.000,6.367,6.100,6.600,8.444,7.100,9.600,702.933,702.100,703.600,0.000,9.000,9.000,,,,,,,,,,,,0.998,0.000,8.240,0.000
2026-05-02,85.333,77.000,99.000,2.338,0.150,3.770,7.256,6.800,7.800,5.889,4.400,7.800,703.033,701.900,703.900,0.000,9.000,9.000,,,,,,,,,,,,0.993,0.000,8.210,0.000
2026-05-03,100.000,100.000,100.000,0.000,0.000,0.000,6.833,6.500,7.200,6.478,5.300,8.600,703.556,702.800,704.300,0.000,9.000,9.000,,,,,,,,,,,,0.970,0.190,8.190,0.023
2026-05-04,100.000,100.000,100.000,0.000,0.000,0.000,7.144,7.000,7.400,7.456,5.300,9.400,703.056,702.000,703.800,29.500,9.000,9.000,,,,,,,,,,,,0.930,1.090,8.160,0.134
2026-05-05,100.000,100.000,100.000,0.000,0.000,0.000,6.356,5.700,7.100,5.367,3.400,7.600,702.467,701.300,703.500,25.000,9.000,9.000,,,,,,,,,,,,0.874,1.960,8.130,0.241
2026-05-06,100.000,100.000,100.000,0.000,0.000,0.000,6.278,5.600,6.900,5.178,3.800,6.200,703.022,702.300,703.800,0.000,9.000,9.000,,,,,,,,,,,,0.806,2.770,8.110,0.341
2026-05-07,88.889,83.000,100.000,1.736,0.000,2.710,7.300,6.800,7.800,4.900,4.100,5.900,703.578,702.900,704.200,0.000,9.000,9.000,,,,,,,,,,,,0.726,3.510,8.080,0.434
2026-05-08,99.444,96.000,100.000,0.083,0.000,0.600,7.822,7.600,8.200,4.533,3.300,6.200,704.189,703.300,704.800,1.000,9.000,9.000,,,,,,,,,,,,0.636,4.170,8.060,0.518
2026-05-09,100.000,100.000,100.000,0.000,0.000,0.000,8.344,8.100,8.700,5.700,4.400,7.300,703.744,703.000,704.600,2.000,9.000,9.000,,,,,,,,,,,,0.540,4.780,8.030,0.595
2026-05-10,100.000,100.000,100.000,0.000,0.000,0.000,7.978,7.800,8.300,5.622,5.100,6.000,703.667,702.600,704.400,0.000,9.000,9.000,,,,,,,,,,,,0.440,5.340,8.010,0.667
2026-05-11,99.778,99.000,100.000,0.033,0.000,0.150,6.856,6.600,7.200,6.311,5.800,6.900,701.844,700.500,703.000,0.000,9.000,9.000,,,,,,,,,,,,0.339,5.890,7.990,0.737
2026-05-12,94.556,82.000,100.000,0.866,0.000,2.910,7.456,6.800,8.800,3.056,1.800,4.400,701.011,700.200,701.800,0.000,9.000,9.000,,,,,,,,,,,,0.241,6.430,7.960,0.807
2026-05-13,100.000,100.000,100.000,0.000,0.000,0.000,8.222,7.100,9.100,6.556,4.900,8.500,700.011,698.600,701.300,0.000,9.000,9.000,,,,,,,,,,,,0.153,6.990,7.940,0.881
2026-05-14,100.000,100.000,100.000,0.000,0.000,0.000,7.078,6.800,7.200,5.478,3.300,7.500,701.078,700.700,701.400,1.000,9.000,9.000,,,,,,,,,,,,0.080,7.610,7.920,0.961
2026-05-15,96.222,88.000,100.000,0.581,0.000,1.870,7.489,7.000,8.100,2.144,0.400,4.200,702.589,702.100,703.000,4.000,9.000,9.000,,,,,,,,,,,,0.028,7.890,7.890,1.000
2026-05-16,92.333,86.000,100.000,1.191,0.000,2.200,7.678,7.100,8.000,2.844,1.100,4.300,703.667,702.700,704.400,0.000,9.000,9.000,,,,,,,,,,,,0.004,7.870,7.870,1.000
2026-05-17,72.250,41.000,99.000,5.264,0.150,12.620,8.556,7.500,10.300,1.922,1.000,3.000,702.911,702.100,703.600,0.000,9.000,8.000,,,,,,,,,,,,0.009,7.850,7.850,1.000
2026-05-18,81.667,37.000,100.000,3.481,0.000,13.930,7.656,6.800,8.900,2.778,1.300,5.300,702.500,701.500,703.300,0.000,9.000,9.000,,,,,,,,,,,,0.044,7.330,7.830,0.936
2026-05-19,90.333,60.000,100.000,1.682,0.000,7.310,8.833,7.900,9.600,4.333,2.900,6.300,702.522,701.600,703.200,0.500,9.000,9.000,,,,,,,,,,,,0.107,6.220,7.800,0.797
2026-05-20,100.000,100.000,100.000,0.000,0.000,0.000,8.789,8.400,9.200,5.856,5.200,6.400,704.189,703.700,704.700,0.000,9.000,9.000,,,,,,,,,,,,0.191,5.260,7.780,0.676
2026-05-21,100.000,100.000,100.000,0.000,0.000,0.000,8.356,7.700,8.800,6.411,5.100,8.100,704.811,704.200,705.400,0.500,9.000,9.000,,,,,,,,,,,,0.290,4.440,7.760,0.572
2026-05-22,100.000,100.000,100.000,0.000,0.000,0.000,9.322,8.800,9.900,6.600,5.100,7.500,704.400,703.700,705.100,0.000,9.000,9.000,,,,,,,,,,,,0.396,3.750,7.740,0.484
2026-05-23,70.444,55.000,77.000,5.214,3.830,8.670,9.889,9.400,10.500,5.400,4.500,6.400,705.222,704.600,705.900,0.000,9.000,9.000,,,,,,,,,,,,0.505,3.140,7.720,0.407
2026-05-24,66.667,63.000,72.000,5.938,4.820,6.750,9.989,9.500,10.400,6.111,4.600,7.600,704.833,703.900,705.700,0.000,9.000,9.000,,,,,,,,,,,,0.610,2.590,7.710,0.336
2026-05-25,61.111,55.000,81.000,7.256,3.100,8.660,10.189,9.200,10.900,6.233,5.400,7.300,703.811,703.000,704.500,0.000,9.000,9.000,,,,,,,,,,,,0.707,2.060,7.690,0.269
2026-05-26,70.667,53.000,96.000,5.439,0.610,9.250,10.489,9.400,11.700,5.222,3.500,7.300,704.411,704.000,705.000,0.000,9.000,9.000,,,,,,,,,,,,0.794,1.540,7.670,0.201
2026-05-27,56.778,28.000,76.000,8.983,4.050,18.290,11.667,9.900,14.300,2.678,1.000,4.700,705.611,704.700,706.300,0.000,9.000,9.000,,,,,,,,,,,,0.867,1.010,7.650,0.132
2026-05-28,80.444,69.000,100.000,3.299,0.000,5.460,10.411,9.500,11.500,3.333,0.700,4.500,705.122,704.400,706.000,0.000,9.000,9.000,,,,,,,,,,,,0.925,0.430,7.630,0.057
2026-05-29,99.556,96.000,100.000,0.068,0.000,0.610,10.411,9.500,11.000,1.778,0.500,2.600,703.922,702.900,704.800,0.000,9.000,9.000,,,,,,,,,,,,0.967,0.000,7.620,0.000
2026-05-30,94.222,81.000,100.000,0.931,0.000,3.130,10.278,9.500,10.700,1.411,0.300,2.300,702.656,701.700,703.600,0.000,9.000,9.000,,,,,,,,,,,,0.991,0.000,7.600,0.000
2026-05-31,81.222,61.000,100.000,3.192,0.000,7.280,10.256,9.400,11.800,2.656,1.100,5.100,702.156,701.500,702.900,0.000,9.000,9.000,,,,,,,,,,,,0.998,0.000,7.590,0.000
2026-06-01,91.444,73.000,99.000,1.396,0.150,4.640,9.289,8.100,10.500,2.356,1.000,4.200,702.144,701.200,703.100,0.000,9.000,9.000,,,,,,,,,,,,0.987,0.000,7.570,0.000
2026-06-02,93.000,85.000,100.000,1.109,0.000,2.410,9.811,9.400,10.300,4.378,2.700,6.000,702.289,701.600,703.100,0.000,9.000,9.000,,,,,,,,,,,,0.958,0.410,7.560,0.054
2026-06-03,94.667,80.000,100.000,0.854,0.000,3.290,9.989,9.100,10.900,4.967,3.200,6.700,701.867,700.900,702.800,0.000,9.000,9.000,,,,,,,,,,,,0.913,1.170,7.550,0.155
2026-06-04,88.111,73.000,99.000,1.951,0.150,4.750,11.278,10.400,13.500,1.933,0.700,3.300,701.178,699.900,702.100,1.500,9.000,9.000,,,,,,,,,,,,0.852,1.850,7.530,0.246
2026-06-05,98.111,91.000,100.000,0.292,0.000,1.410,10.744,10.200,11.200,2.967,1.000,6.100,700.233,699.800,700.800,0.500,9.000,9.000,,,,,,,,,,,,0.778,2.470,7.520,0.329
2026-06-06,100.000,100.000,100.000,0.000,0.000,0.000,9.589,9.100,10.100,5.256,2.900,6.100,702.933,702.300,703.500,0.000,9.000,9.000,,,,,,,,,,,,0.691,3.040,7.510,0.405
2026-06-07,98.556,94.000,100.000,0.221,0.000,0.930,10.611,10.100,10.900,3.800,1.000,6.400,701.800,700.600,702.600,2.000,9.000,9.000,,,,,,,,,,,,0.595,3.580,7.500,0.477
2026-06-08,100.000,100.000,100.000,0.000,0.000,0.000,11.078,10.600,11.400,4.022,0.800,6.600,699.389,698.100,700.500,21.000,9.000,9.000,,,,,,,,,,,,0.492,4.110,7.490,0.548
2026-06-09,100.000,100.000,100.000,0.000,0.000,0.000,10.044,9.500,10.500,8.478,7.100,10.100,699.433,699.000,700.100,34.500,9.000,9.000,,,,,,,,,,,,0.386,4.640,7.480,0.621
2026-06-10,100.000,100.000,100.000,0.000,0.000,0.000,10.800,10.700,10.900,6.100,5.200,7.000,703.122,702.600,703.600,11.000,9.000,9.000,,,,,,,,,,,,0.282,5.220,7.470,0.698
2026-06-11,100.000,100.000,100.000,0.000,0.000,0.000,9.578,8.900,10.300,5.256,3.900,8.500,704.833,704.200,705.500,4.500,9.000,9.000,,,,,,,,,,,,0.185,5.860,7.470,0.786
2026-06-12,100.000,100.000,100.000,0.000,0.000,0.000,10.433,10.200,10.600,6.800,4.700,8.800,704.067,703.000,705.300,16.000,9.000,9.000,,,,,,,,,,,,0.103,6.620,7.460,0.887
2026-06-13,100.000,100.000,100.000,0.000,0.000,0.000,9.667,9.400,9.800,7.378,6.600,8.600,701.811,700.600,702.600,6.500,9.000,9.000,,,,,,,,,,,,0.042,7.450,7.450,1.000
2026-06-14,100.000,100.000,100.000,0.000,0.000,0.000,9.056,8.700,9.300,9.700,8.900,10.500,701.044,700.300,701.800,21.500,9.000,9.000,,,,,,,,,,,,0.008,7.450,7.450,1.000
2026-06-15,100.000,100.000,100.000,0.000,0.000,0.000,9.267,9.000,9.600,9.389,8.000,12.000,702.489,702.000,703.300,15.500,9.000,9.000,,,,,,,,,,,,0.004,7.440,7.440,1.000
2026-06-16,100.000,100.000,100.000,0.000,0.000,0.000,9.000,8.700,9.200,8.044,6.500,9.000,704.189,703.500,704.600,0.500,9.000,9.000,,,,,,,,,,,,0.031,7.420,7.440,0.997
2026-06-17,100.000,100.000,100.000,0.000,0.000,0.000,8.889,8.400,9.700,6.467,5.500,7.500,705.078,704.600,705.400,0.000,9.000,9.000,,,,,,,,,,,,0.085,6.520,7.430,0.877
2026-06-18,79.222,62.000,100.000,3.592,0.000,6.880,8.400,6.900,9.800,6.678,4.900,7.900,705.533,704.700,706.500,0.000,9.000,9.000,,,,,,,,,,,,0.162,5.760,7.430,0.775
2026-06-19,64.000,48.000,99.000,6.752,0.150,10.460,9.078,8.000,9.600,7.644,7.200,8.100,705.578,704.800,706.300,0.000,9.000,9.000,,,,,,,,,,,,0.254,5.110,7.430,0.688
2026-06-20,45.444,40.000,50.000,11.429,10.030,13.170,11.489,10.900,12.200,3.756,2.600,4.600,706.644,706.000,707.500,0.000,9.000,9.000,,,,,,,,,,,,0.355,4.530,7.430,0.610
2026-06-21,58.444,45.000,76.000,8.254,4.140,11.710,12.800,11.700,13.500,1.878,0.800,2.700,705.067,703.900,706.000,0.000,9.000,9.000,,,,,,,,,,,,0.459,4.000,7.430,0.538
2026-06-22,60.778,39.000,88.000,7.969,1.920,13.660,12.500,11.500,13.400,2.189,0.600,4.200,702.478,701.500,703.400,0.000,9.000,9.000,,,,,,,,,,,,0.562,3.480,7.430,0.469
2026-06-23,53.556,39.000,92.000,9.808,1.250,13.500,11.567,11.100,12.100,6.100,2.400,7.500,701.189,699.900,702.200,0.000,9.000,9.000,,,,,,,,,,,,0.659,2.960,7.430,0.398
2026-06-24,85.444,35.000,100.000,2.884,0.000,15.030,9.833,8.200,12.200,4.944,2.400,7.800,700.011,699.200,700.700,0.000,9.000,9.000,,,,,,,,,,,,0.748,2.410,7.430,0.324
2026-06-25,100.000,100.000,100.000,0.000,0.000,0.000,10.944,10.800,11.300,5.356,3.900,6.900,700.456,699.900,701.200,9.500,9.000,9.000,,,,,,,,,,,,0.827,1.800,7.440,0.243
2026-06-26,100.000,100.000,100.000,0.000,0.000,0.000,10.656,9.800,11.100,5.556,4.000,7.500,700.989,700.200,701.800,13.000,9.000,9.000,,,,,,,,,,,,0.892,1.140,7.440,0.153
2026-06-27,100.000,100.000,100.000,0.000,0.000,0.000,9.456,8.900,10.200,7.233,5.800,8.400,701.778,700.800,702.800,3.500,9.000,9.000,,,,,,,,,,,,0.943,0.400,7.440,0.054
2026-06-28,82.444,66.000,100.000,2.992,0.000,6.140,11.011,10.400,11.600,3.256,1.000,5.100,704.311,703.700,704.900,0.000,9.000,9.000,,,,,,,,,,,,0.978,0.000,7.450,0.000
2026-06-29,65.000,58.000,87.000,6.419,2.090,7.950,10.811,10.400,11.300,4.567,1.400,6.700,705.633,705.100,706.000,0.000,9.000,9.000,,,,,,,,,,,,0.996,0.000,7.460,0.000
2026-06-30,59.778,45.000,99.000,8.080,0.150,11.620,11.978,11.000,12.700,2.811,1.200,4.900,705.556,705.100,706.200,0.000,9.000,9.000,,,,,,,,,,,,0.997,0.000,7.460,0.000
2026-07-01,71.333,43.000,100.000,5.660,0.000,12.270,11.222,10.100,12.700,2.267,1.200,4.500,706.278,705.800,706.700,0.000,9.000,9.000,,,,,,,,,,,,0.979,0.000,7.470,0.000
2026-07-02,54.556,36.000,100.000,9.776,0.000,14.630,11.589,10.000,12.300,1.500,0.500,2.500,707.689,707.200,708.200,0.000,9.000,9.000,,,,,,,,,,,,0.942,0.370,7.480,0.049
2026-07-03,86.778,53.000,100.000,2.441,0.000,9.320,11.267,10.300,12.400,2.311,1.000,3.500,707.478,706.800,708.100,0.000,9.000,9.000,,,,,,,,,,,,0.889,0.960,7.490,0.128
2026-07-04,73.778,36.000,98.000,5.453,0.300,14.570,10.956,9.900,11.800,3.067,1.700,4.500,706.522,705.800,707.400,0.000,9.000,9.000,,,,,,,,,,,,0.819,1.510,7.500,0.202
2026-07-05,69.333,22.000,100.000,7.156,0.000,21.200,11.356,10.100,12.600,2.333,0.900,4.100,705.733,705.000,706.400,0.000,9.000,9.000,,,,,,,,,,,,0.735,2.040,7.510,0.272
2026-07-06,42.111,37.000,59.000,12.651,7.780,14.400,12.367,11.600,13.300,2.733,0.500,4.400,705.156,704.600,705.700,0.000,9.000,9.000,,,,,,,,,,,,0.639,2.570,7.520,0.342
2026-07-07,74.667,64.000,99.000,4.512,0.150,6.650,12.244,11.000,12.900,1.189,0.300,2.800,704.544,704.100,705.000,0.000,9.000,9.000,,,,,,,,,,,,0.534,3.120,7.530,0.415
2026-07-08,33.333,12.000,90.000,18.468,1.580,28.480,11.444,10.900,12.200,6.211,3.300,7.300,703.122,702.200,703.800,0.000,9.000,9.000,,,,,,,,,,,,0.425,3.730,7.540,0.494
2026-07-09,68.667,46.000,98.000,5.750,0.300,11.040,9.211,8.000,9.800,3.756,1.800,7.500,700.089,698.300,701.500,0.000,9.000,9.000,,,,,,,,,,,,0.315,4.420,7.550,0.585
2026-07-10,100.000,100.000,100.000,0.000,0.000,0.000,10.400,9.100,11.300,7.378,3.200,12.000,691.378,687.600,693.700,11.500,9.000,9.000,,,,,,,,,,,,0.213,5.220,7.570,0.690
2026-07-11,100.000,100.000,100.000,0.000,0.000,0.000,10.467,10.100,10.800,11.089,9.100,12.400,692.978,690.300,695.400,62.500,9.000,9.000,,,,,,,,,,,,0.124,6.170,7.580,0.814
2026-07-12,89.222,75.000,100.000,1.773,0.000,4.290,11.378,11.000,11.800,3.100,2.000,4.100,702.233,701.800,702.800,0.000,9.000,9.000,,,,,,,,,,,,0.056,7.260,7.600,0.956
2026-07-13,81.222,71.000,89.000,3.136,1.740,5.120,11.578,10.900,12.400,4.611,2.300,5.900,703.878,703.500,704.500,0.000,9.000,9.000,,,,,,,,,,,,0.013,7.610,7.610,1.000
2026-07-14,73.556,67.000,79.000,4.596,3.540,5.950,12.033,11.500,12.500,4.667,3.400,6.000,705.211,704.500,705.800,0.000,9.000,9.000,,,,,,,,,,,,0.001,7.630,7.630,1.000
2026-07-15,100.000,100.000,100.000,0.000,0.000,0.000,10.600,9.100,11.600,4.444,3.600,6.000,704.844,703.800,705.700,1.000,9.000,9.000,,,,,,,,,,,,0.018,7.640,7.640,1.000
2026-07-16,100.000,100.000,100.000,0.000,0.000,0.000,10.033,9.300,10.600,7.111,6.400,7.600,703.678,702.500,704.700,0.500,9.000,9.000,,,,,,,,,,,,0.063,7.420,7.660,0.968
2026-07-17,100.000,100.000,100.000,0.000,0.000,0.000,10.078,9.500,10.500,6.811,5.500,8.600,702.756,701.600,703.500,1.000,9.000,9.000,,,,,,,,,,,,0.130,6.800,7.680,0.886
2026-07-18,98.333,93.000,100.000,0.256,0.000,1.080,10.056,9.500,10.300,3.956,1.700,5.600,702.489,702.000,703.000,0.500,9.000,9.000,,,,,,,,,,,,0.213,6.240,7.700,0.811
2026-07-19,100.000,100.000,100.000,0.000,0.000,0.000,9.956,9.400,10.400,4.900,3.700,5.700,702.722,702.200,703.400,6.000,9.000,9.000,,,,,,,,,,,,0.307,5.710,7.720,0.740
2026-07-20,99.444,96.000,100.000,0.083,0.000,0.600,9.056,8.500,10.200,5.278,3.600,6.100,703.644,703.100,704.300,0.500,9.000,9.000,,,,,,,,,,,,0.406,5.190,7.730,0.671
2026-07-21,68.889,63.000,75.000,5.547,4.260,6.840,11.711,10.800,12.300,2.189,1.000,3.800,705.000,704.500,705.400,0.000,9.000,9.000,,,,,,,,,,,,0.506,4.640,7.750,0.599
2026-07-22,83.778,71.000,99.000,2.718,0.150,5.090,11.111,10.300,12.000,1.989,0.200,3.500,704.522,703.400,705.300,0.000,9.000,9.000,,,,,,,,,,,,0.603,4.060,7.770,0.522
2026-07-23,67.778,50.000,100.000,5.999,0.000,10.140,11.156,9.800,12.300,4.433,3.000,6.500,703.778,703.000,704.400,0.000,9.000,9.000,,,,,,,,,,,,0.694,3.420,7.790,0.438
2026-07-24,99.111,94.000,100.000,0.136,0.000,0.920,9.989,9.200,10.900,8.389,6.700,12.000,702.222,700.800,703.200,6.000,9.000,9.000,,,,,,,,,,,,0.778,2.710,7.820,0.346
2026-07-25,96.667,93.000,100.000,0.509,0.000,1.080,9.789,9.300,10.300,9.044,5.700,11.600,703.800,702.900,704.300,1.000,9.000,9.000,,,,,,,,,,,,0.851,1.920,7.840,0.245
2026-07-26,95.500,91.000,100.000,0.695,0.000,1.410,9.650,9.100,10.300,3.962,1.800,7.000,703.438,702.900,703.800,0.500,9.000,8.000,,,,,,,,,,,,0.912,1.070,7.860,0.136
2026-07-27,85.625,78.000,94.000,2.330,0.920,3.670,10.188,9.800,10.600,2.725,1.300,4.900,705.312,705.000,705.800,0.000,9.000,8.000,,,,,,,,,,,,0.958,0.170,7.880,0.021
2026-07-28,64.111,51.000,99.000,6.791,0.150,9.850,10.678,8.500,12.200,3.189,1.300,5.800,706.389,705.800,707.000,0.000,9.000,9.000,,,,,,,,,,,,0.988,0.000,7.900,0.000
2026-07-29,82.333,64.000,100.000,3.079,0.000,6.610,11.378,9.900,12.400,2.033,0.700,3.800,706.289,705.900,706.800,0.000,9.000,9.000,,,,,,,,,,,,1.000,0.000,7.930,0.000
2026-07-30,65.556,62.000,69.000,6.228,5.450,7.040,11.167,10.400,11.600,2.233,1.100,4.200,706.011,705.500,706.500,0.500,9.000,9.000,,,,,,,,,,,,0.992,0.000,7.950,0.000
2026-07-31,62.556,58.000,69.000,6.936,5.460,8.040,11.622,10.800,12.400,1.656,0.900,2.900,705.344,704.700,705.900,0.000,9.000,9.000,,,,,,,,,,,,0.965,0.000,7.970,0.000
2026-08-01,58.889,53.000,80.000,7.842,3.310,9.250,11.078,10.600,11.700,4.933,2.500,6.800,704.722,703.800,705.500,0.000,9.000,9.000,,,,,,,,,,,,0.919,0.300,8.000,0.037
2026-08-02,48.333,41.000,62.000,10.712,7.020,13.000,12.367,11.300,13.400,4.878,2.200,7.800,704.033,703.600,704.400,0.000,9.000,9.000,,,,,,,,,,,,0.853,0.840,8.020,0.104
2026-08-03,53.889,33.000,100.000,10.112,0.000,16.040,12.367,10.900,14.000,3.322,0.500,6.300,703.178,702.200,703.900,0.000,9.000,9.000,,,,,,,,,,,,0.771,1.390,8.040,0.173
2026-08-04,50.889,25.000,99.000,11.164,0.150,19.310,10.133,9.500,11.000,3.400,1.300,5.800,700.956,700.100,701.500,0.000,9.000,9.000,,,,,,,,,,,,0.675,1.980,8.070,0.245
2026-08-05,94.111,72.000,100.000,0.977,0.000,4.840,10.267,9.500,10.700,2.467,0.600,4.500,700.400,699.400,701.200,0.000,9.000,9.000,,,,,,,,,,,,0.568,2.630,8.090,0.325
2026-08-06,91.111,76.000,100.000,1.449,0.000,4.020,10.233,8.700,12.100,1.789,0.900,3.800,698.600,697.400,699.600,0.000,9.000,9.000,,,,,,,,,,,,0.456,3.380,8.120,0.416
2026-08-07,91.333,86.000,98.000,1.354,0.300,2.230,9.633,8.500,10.400,3.433,1.800,6.800,695.822,694.700,696.900,1.000,9.000,9.000,,,,,,,,,,,,0.344,4.250,8.140,0.522
2026-08-08,98.889,93.000,100.000,0.170,0.000,1.080,10.011,9.600,10.300,7.689,4.500,12.400,690.800,688.600,692.400,19.000,9.000,9.000,,,,,,,,,,,,0.237,5.260,8.170,0.644
2026-08-09,100.000,100.000,100.000,0.000,0.000,0.000,10.562,10.200,10.800,9.113,7.100,11.500,690.613,689.700,691.200,11.000,9.000,8.000,,,,,,,,,,,,0.144,6.380,8.190,0.779
2026-08-10,100.000,100.000,100.000,0.000,0.000,0.000,11.311,11.100,11.400,6.956,3.800,9.800,695.633,694.700,696.200,7.000,9.000,9.000,,,,,,,,,,,,0.071,7.560,8.220,0.920
2026-08-11,95.556,87.000,100.000,0.696,0.000,2.040,9.056,8.500,9.900,5.278,4.100,6.500,698.678,698.100,699.200,0.500,9.000,9.000,,,,,,,,,,,,0.022,8.240,8.240,1.000
2026-08-12,100.000,100.000,100.000,0.000,0.000,0.000,9.678,9.300,10.300,3.178,1.400,5.300,699.289,698.900,699.600,0.000,9.000,9.000,,,,,,,,,,,,0.001,8.270,8.270,1.000
2026-08-13,96.778,85.000,100.000,0.507,0.000,2.410,9.533,9.200,9.900,4.211,2.800,5.700,700.444,699.900,701.100,0.500,9.000,9.000,,,,,,,,,,,,0.008,8.300,8.300,1.000
2026-08-14,100.000,100.000,100.000,0.000,0.000,0.000,10.222,9.600,10.600,5.300,3.800,6.400,701.567,701.000,702.200,1.000,9.000,9.000,,,,,,,,,,,,0.041,8.320,8.320,1.000
2026-08-15,100.000,100.000,100.000,0.000,0.000,0.000,10.189,9.700,10.400,4.600,3.200,5.200,700.967,700.200,701.700,0.000,9.000,9.000,,,,,,,,,,,,0.096,8.060,8.350,0.965
2026-08-16,86.375,78.000,99.000,2.239,0.150,3.730,11.463,10.500,12.200,2.087,0.900,3.300,700.825,700.400,701.400,0.500,9.000,8.000,,,,,,,,,,,,0.168,7.520,8.380,0.897
2026-08-17,98.889,93.000,100.000,0.170,0.000,1.080,10.867,9.500,11.700,6.144,2.600,11.000,700.967,700.700,701.200,3.000,9.000,9.000,,,,,,,,,,,,0.253,6.970,8.400,0.829
2026-08-18,80.889,51.000,100.000,3.512,0.000,9.790,9.589,8.400,11.400,8.533,5.700,10.600,701.500,700.700,702.000,0.500,9.000,9.000,,,,,,,,,,,,0.345,6.390,8.430,0.758
2026-08-19,96.778,90.000,100.000,0.504,0.000,1.580,10.011,9.500,10.800,3.411,1.200,6.600,700.933,700.200,701.700,0.000,9.000,9.000,,,,,,,,,,,,0.441,5.760,8.460,0.681
2026-08-20,100.000,100.000,100.000,0.000,0.000,0.000,10.289,9.900,10.500,5.422,4.600,6.200,700.878,700.100,701.500,3.000,9.000,9.000,,,,,,,,,,,,0.537,5.070,8.480,0.598
2026-08-21,100.000,100.000,100.000,0.000,0.000,0.000,11.156,10.900,11.300,4.467,2.300,6.800,699.956,699.100,700.800,21.000,9.000,9.000,,,,,,,,,,,,0.631,4.310,8.510,0.506
2026-08-22,100.000,100.000,100.000,0.000,0.000,0.000,11.011,10.300,11.400,3.411,1.100,5.100,699.500,698.000,700.200,2.000,9.000,9.000,,,,,,,,,,,,0.719,3.470,8.540,0.407
2026-08-23,97.556,95.000,100.000,0.374,0.000,0.770,11.233,10.700,11.800,5.322,1.600,8.400,699.089,698.400,699.800,52.000,9.000,9.000,,,,,,,,,,,,0.800,2.590,8.560,0.302
2026-08-24,99.556,97.000,100.000,0.068,0.000,0.460,10.367,10.000,10.900,2.811,1.200,5.000,700.589,700.200,701.100,6.500,9.000,9.000,,,,,,,,,,,,0.871,1.670,8.590,0.194
2026-08-25,99.444,97.000,100.000,0.083,0.000,0.450,9.922,9.600,10.200,3.544,2.400,4.600,702.533,701.700,703.100,1.500,9.000,9.000,,,,,,,,,,,,0.929,0.740,8.620,0.085
2026-08-26,99.444,95.000,100.000,0.086,0.000,0.770,10.411,10.100,11.000,5.489,4.400,6.400,701.111,700.000,702.000,0.500,9.000,9.000,,,,,,,,,,,,0.971,0.000,8.640,0.000
2026-08-27,100.000,100.000,100.000,0.000,0.000,0.000,9.500,8.900,9.900,6.622,4.600,7.500,699.144,698.000,699.800,0.500,9.000,9.000,,,,,,,,,,,,0.995,0.000,8.670,0.000
2026-08-28,90.444,83.000,100.000,1.526,0.000,2.800,11.300,10.200,12.000,2.100,1.100,3.100,699.644,698.800,700.400,0.000,9.000,9.000,,,,,,,,,,,,0.999,0.000,8.700,0.000
2026-08-29,94.444,79.000,100.000,0.917,0.000,3.520,11.622,11.100,12.000,2.511,0.900,6.000,700.211,699.400,700.800,6.500,9.000,9.000,,,,,,,,,,,,0.981,0.000,8.720,0.000
2026-08-30,97.778,94.000,100.000,0.341,0.000,0.930,10.611,10.200,11.400,5.078,3.700,6.700,699.300,698.500,700.000,2.000,9.000,9.000,,,,,,,,,,,,0.942,0.000,8.750,0.000
2026-08-31,96.400,88.000,100.000,0.566,0.000,1.920,10.680,10.300,11.800,3.060,2.300,4.500,699.080,698.700,699.300,1.000,5.000,5.000,,,,,,,,,,,,0.881,0.460,8.780,0.052
